Date,Site ID,POC,Daily Max SO2 Concentration,Units,Daily AQI Value,Local Site Name,Daily Obs Count,Percent Complete,AQS Parameter Code,AQS Parameter Description,Method Code,Method Description,CBSA Code,CBSA Name,Site Latitude,Site Longitude,Dominant Source,Elevation (m),Measurement Scale,Measurement Scale Definition,Monitor Type,Monitoring Agency,Monitoring Objective,NAAQS Primary Monitor?,Networks,Probe Height (m),QA Primary Monitor?
2022-01-01,010730023,2,-0.1,Parts per billion,0,North Birmingham,24,100,42401,Sulfur dioxide,100,INSTRUMENTAL - ULTRAVIOLET FLUORESCENCE,13820,"Birmingham-Hoover, AL",33.553056,-86.815,POINT,177,NEIGHBORHOOD,500 M TO 4KM,SLAMS,"Jefferson County, AL  Department Of Health",OTHER,,NCORE,17.5,
2022-01-02,010730023,2,-0.2,Parts per billion,0,North Birmingham,24,100,42401,Sulfur dioxide,100,INSTRUMENTAL - ULTRAVIOLET FLUORESCENCE,13820,"Birmingham-Hoover, AL",33.553056,-86.815,POINT,177,NEIGHBORHOOD,500 M TO 4KM,SLAMS,"Jefferson County, AL  Department Of Health",OTHER,,NCORE,17.5,
2022-01-03,010730023,2,-0.2,Parts per billion,0,North Birmingham,10,42,42401,Sulfur dioxide,100,INSTRUMENTAL - ULTRAVIOLET FLUORESCENCE,13820,"Birmingham-Hoover, AL",33.553056,-86.815,POINT,177,NEIGHBORHOOD,500 M TO 4KM,SLAMS,"Jefferson County, AL  Department Of Health",OTHER,,NCORE,17.5,
2022-01-04,010730023,2,1.9,Parts per billion,1,North Birmingham,9,38,42401,Sulfur dioxide,100,INSTRUMENTAL - ULTRAVIOLET FLUORESCENCE,13820,"Birmingham-Hoover, AL",33.553056,-86.815,POINT,177,NEIGHBORHOOD,500 M TO 4KM,SLAMS,"Jefferson County, AL  Department Of Health",OTHER,,NCORE,17.5,
2022-01-05,010730023,2,1.9,Parts per billion,1,North Birmingham,16,67,42401,Sulfur dioxide,100,INSTRUMENTAL - ULTRAVIOLET FLUORESCENCE,13820,"Birmingham-Hoover, AL",33.553056,-86.815,POINT,177,NEIGHBORHOOD,500 M TO 4KM,SLAMS,"Jefferson County, AL  Department Of Health",OTHER,,NCORE,17.5,
2022-01-06,010730023,2,2.4,Parts per billion,3,North Birmingham,24,100,42401,Sulfur dioxide,100,INSTRUMENTAL - ULTRAVIOLET FLUORESCENCE,13820,"Birmingham-Hoover, AL",33.553056,-86.815,POINT,177,NEIGHBORHOOD,500 M TO 4KM,SLAMS,"Jefferson County, AL  Department Of Health",OTHER,,NCORE,17.5,
2022-01-07,010730023,2,1.7,Parts per billion,1,North Birmingham,24,100,42401,Sulfur dioxide,100,INSTRUMENTAL - ULTRAVIOLET FLUORESCENCE,13820,"Birmingham-Hoover, AL",33.553056,-86.815,POINT,177,NEIGHBORHOOD,500 M TO 4KM,SLAMS,"Jefferson County, AL  Department Of Health",OTHER,,NCORE,17.5,
2022-01-08,010730023,2,4,Parts per billion,6,North Birmingham,24,100,42401,Sulfur dioxide,100,INSTRUMENTAL - ULTRAVIOLET FLUORESCENCE,13820,"Birmingham-Hoover, AL",33.553056,-86.815,POINT,177,NEIGHBORHOOD,500 M TO 4KM,SLAMS,"Jefferson County, AL  Department Of Health",OTHER,,NCORE,17.5,
2022-01-09,010730023,2,0.7,Parts per billion,0,North Birmingham,24,100,42401,Sulfur dioxide,100,INSTRUMENTAL - ULTRAVIOLET FLUORESCENCE,13820,"Birmingham-Hoover, AL",33.553056,-86.815,POINT,177,NEIGHBORHOOD,500 M TO 4KM,SLAMS,"Jefferson County, AL  Department Of Health",OTHER,,NCORE,17.5,
2022-01-10,010730023,2,0.2,Parts per billion,0,North Birmingham,10,42,42401,Sulfur dioxide,100,INSTRUMENTAL - ULTRAVIOLET FLUORESCENCE,13820,"Birmingham-Hoover, AL",33.553056,-86.815,POINT,177,NEIGHBORHOOD,500 M TO 4KM,SLAMS,"Jefferson County, AL  Department Of Health",OTHER,,NCORE,17.5,
2022-01-11,010730023,2,3.7,Parts per billion,4,North Birmingham,15,63,42401,Sulfur dioxide,100,INSTRUMENTAL - ULTRAVIOLET FLUORESCENCE,13820,"Birmingham-Hoover, AL",33.553056,-86.815,POINT,177,NEIGHBORHOOD,500 M TO 4KM,SLAMS,"Jefferson County, AL  Department Of Health",OTHER,,NCORE,17.5,
2022-01-12,010730023,2,2.4,Parts per billion,3,North Birmingham,24,100,42401,Sulfur dioxide,100,INSTRUMENTAL - ULTRAVIOLET FLUORESCENCE,13820,"Birmingham-Hoover, AL",33.553056,-86.815,POINT,177,NEIGHBORHOOD,500 M TO 4KM,SLAMS,"Jefferson County, AL  Department Of Health",OTHER,,NCORE,17.5,
2022-01-13,010730023,2,2.4,Parts per billion,3,North Birmingham,24,100,42401,Sulfur dioxide,100,INSTRUMENTAL - ULTRAVIOLET FLUORESCENCE,13820,"Birmingham-Hoover, AL",33.553056,-86.815,POINT,177,NEIGHBORHOOD,500 M TO 4KM,SLAMS,"Jefferson County, AL  Department Of Health",OTHER,,NCORE,17.5,
2022-01-14,010730023,2,2.1,Parts per billion,3,North Birmingham,19,79,42401,Sulfur dioxide,100,INSTRUMENTAL - ULTRAVIOLET FLUORESCENCE,13820,"Birmingham-Hoover, AL",33.553056,-86.815,POINT,177,NEIGHBORHOOD,500 M TO 4KM,SLAMS,"Jefferson County, AL  Department Of Health",OTHER,,NCORE,17.5,
2022-01-15,010730023,2,5.3,Parts per billion,7,North Birmingham,24,100,42401,Sulfur dioxide,100,INSTRUMENTAL - ULTRAVIOLET FLUORESCENCE,13820,"Birmingham-Hoover, AL",33.553056,-86.815,POINT,177,NEIGHBORHOOD,500 M TO 4KM,SLAMS,"Jefferson County, AL  Department Of Health",OTHER,,NCORE,17.5,
2022-01-16,010730023,2,0.2,Parts per billion,0,North Birmingham,24,100,42401,Sulfur dioxide,100,INSTRUMENTAL - ULTRAVIOLET FLUORESCENCE,13820,"Birmingham-Hoover, AL",33.553056,-86.815,POINT,177,NEIGHBORHOOD,500 M TO 4KM,SLAMS,"Jefferson County, AL  Department Of Health",OTHER,,NCORE,17.5,
2022-01-17,010730023,2,0.8,Parts per billion,0,North Birmingham,24,100,42401,Sulfur dioxide,100,INSTRUMENTAL - ULTRAVIOLET FLUORESCENCE,13820,"Birmingham-Hoover, AL",33.553056,-86.815,POINT,177,NEIGHBORHOOD,500 M TO 4KM,SLAMS,"Jefferson County, AL  Department Of Health",OTHER,,NCORE,17.5,
2022-01-18,010730023,2,1.9,Parts per billion,1,North Birmingham,20,83,42401,Sulfur dioxide,100,INSTRUMENTAL - ULTRAVIOLET FLUORESCENCE,13820,"Birmingham-Hoover, AL",33.553056,-86.815,POINT,177,NEIGHBORHOOD,500 M TO 4KM,SLAMS,"Jefferson County, AL  Department Of Health",OTHER,,NCORE,17.5,
2022-01-19,010730023,2,1.7,Parts per billion,1,North Birmingham,17,71,42401,Sulfur dioxide,100,INSTRUMENTAL - ULTRAVIOLET FLUORESCENCE,13820,"Birmingham-Hoover, AL",33.553056,-86.815,POINT,177,NEIGHBORHOOD,500 M TO 4KM,SLAMS,"Jefferson County, AL  Department Of Health",OTHER,,NCORE,17.5,
2022-01-20,010730023,2,0.1,Parts per billion,0,North Birmingham,21,88,42401,Sulfur dioxide,100,INSTRUMENTAL - ULTRAVIOLET FLUORESCENCE,13820,"Birmingham-Hoover, AL",33.553056,-86.815,POINT,177,NEIGHBORHOOD,500 M TO 4KM,SLAMS,"Jefferson County, AL  Department Of Health",OTHER,,NCORE,17.5,
2022-01-21,010730023,2,0.3,Parts per billion,0,North Birmingham,18,75,42401,Sulfur dioxide,100,INSTRUMENTAL - ULTRAVIOLET FLUORESCENCE,13820,"Birmingham-Hoover, AL",33.553056,-86.815,POINT,177,NEIGHBORHOOD,500 M TO 4KM,SLAMS,"Jefferson County, AL  Department Of Health",OTHER,,NCORE,17.5,
2022-01-22,010730023,2,0.2,Parts per billion,0,North Birmingham,24,100,42401,Sulfur dioxide,100,INSTRUMENTAL - ULTRAVIOLET FLUORESCENCE,13820,"Birmingham-Hoover, AL",33.553056,-86.815,POINT,177,NEIGHBORHOOD,500 M TO 4KM,SLAMS,"Jefferson County, AL  Department Of Health",OTHER,,NCORE,17.5,
2022-01-23,010730023,2,1.3,Parts per billion,1,North Birmingham,24,100,42401,Sulfur dioxide,100,INSTRUMENTAL - ULTRAVIOLET FLUORESCENCE,13820,"Birmingham-Hoover, AL",33.553056,-86.815,POINT,177,NEIGHBORHOOD,500 M TO 4KM,SLAMS,"Jefferson County, AL  Department Of Health",OTHER,,NCORE,17.5,
2022-01-24,010730023,2,2.8,Parts per billion,3,North Birmingham,24,100,42401,Sulfur dioxide,100,INSTRUMENTAL - ULTRAVIOLET FLUORESCENCE,13820,"Birmingham-Hoover, AL",33.553056,-86.815,POINT,177,NEIGHBORHOOD,500 M TO 4KM,SLAMS,"Jefferson County, AL  Department Of Health",OTHER,,NCORE,17.5,
2022-01-25,010730023,2,0.8,Parts per billion,0,North Birmingham,21,88,42401,Sulfur dioxide,100,INSTRUMENTAL - ULTRAVIOLET FLUORESCENCE,13820,"Birmingham-Hoover, AL",33.553056,-86.815,POINT,177,NEIGHBORHOOD,500 M TO 4KM,SLAMS,"Jefferson County, AL  Department Of Health",OTHER,,NCORE,17.5,
2022-01-26,010730023,2,0.2,Parts per billion,0,North Birmingham,18,75,42401,Sulfur dioxide,100,INSTRUMENTAL - ULTRAVIOLET FLUORESCENCE,13820,"Birmingham-Hoover, AL",33.553056,-86.815,POINT,177,NEIGHBORHOOD,500 M TO 4KM,SLAMS,"Jefferson County, AL  Department Of Health",OTHER,,NCORE,17.5,
2022-01-27,010730023,2,1.5,Parts per billion,1,North Birmingham,23,96,42401,Sulfur dioxide,100,INSTRUMENTAL - ULTRAVIOLET FLUORESCENCE,13820,"Birmingham-Hoover, AL",33.553056,-86.815,POINT,177,NEIGHBORHOOD,500 M TO 4KM,SLAMS,"Jefferson County, AL  Department Of Health",OTHER,,NCORE,17.5,
2022-01-28,010730023,2,0.8,Parts per billion,0,North Birmingham,24,100,42401,Sulfur dioxide,100,INSTRUMENTAL - ULTRAVIOLET FLUORESCENCE,13820,"Birmingham-Hoover, AL",33.553056,-86.815,POINT,177,NEIGHBORHOOD,500 M TO 4KM,SLAMS,"Jefferson County, AL  Department Of Health",OTHER,,NCORE,17.5,
2022-01-29,010730023,2,0.3,Parts per billion,0,North Birmingham,24,100,42401,Sulfur dioxide,100,INSTRUMENTAL - ULTRAVIOLET FLUORESCENCE,13820,"Birmingham-Hoover, AL",33.553056,-86.815,POINT,177,NEIGHBORHOOD,500 M TO 4KM,SLAMS,"Jefferson County, AL  Department Of Health",OTHER,,NCORE,17.5,
2022-01-30,010730023,2,1,Parts per billion,1,North Birmingham,24,100,42401,Sulfur dioxide,100,INSTRUMENTAL - ULTRAVIOLET FLUORESCENCE,13820,"Birmingham-Hoover, AL",33.553056,-86.815,POINT,177,NEIGHBORHOOD,500 M TO 4KM,SLAMS,"Jefferson County, AL  Department Of Health",OTHER,,NCORE,17.5,
2022-01-31,010730023,2,2.1,Parts per billion,3,North Birmingham,24,100,42401,Sulfur dioxide,100,INSTRUMENTAL - ULTRAVIOLET FLUORESCENCE,13820,"Birmingham-Hoover, AL",33.553056,-86.815,POINT,177,NEIGHBORHOOD,500 M TO 4KM,SLAMS,"Jefferson County, AL  Department Of Health",OTHER,,NCORE,17.5,
2022-02-01,010730023,2,2.5,Parts per billion,3,North Birmingham,24,100,42401,Sulfur dioxide,100,INSTRUMENTAL - ULTRAVIOLET FLUORESCENCE,13820,"Birmingham-Hoover, AL",33.553056,-86.815,POINT,177,NEIGHBORHOOD,500 M TO 4KM,SLAMS,"Jefferson County, AL  Department Of Health",OTHER,,NCORE,17.5,
2022-02-02,010730023,2,1.5,Parts per billion,1,North Birmingham,20,83,42401,Sulfur dioxide,100,INSTRUMENTAL - ULTRAVIOLET FLUORESCENCE,13820,"Birmingham-Hoover, AL",33.553056,-86.815,POINT,177,NEIGHBORHOOD,500 M TO 4KM,SLAMS,"Jefferson County, AL  Department Of Health",OTHER,,NCORE,17.5,
2022-02-03,010730023,2,0.2,Parts per billion,0,North Birmingham,21,88,42401,Sulfur dioxide,100,INSTRUMENTAL - ULTRAVIOLET FLUORESCENCE,13820,"Birmingham-Hoover, AL",33.553056,-86.815,POINT,177,NEIGHBORHOOD,500 M TO 4KM,SLAMS,"Jefferson County, AL  Department Of Health",OTHER,,NCORE,17.5,
2022-02-04,010730023,2,0,Parts per billion,0,North Birmingham,22,92,42401,Sulfur dioxide,100,INSTRUMENTAL - ULTRAVIOLET FLUORESCENCE,13820,"Birmingham-Hoover, AL",33.553056,-86.815,POINT,177,NEIGHBORHOOD,500 M TO 4KM,SLAMS,"Jefferson County, AL  Department Of Health",OTHER,,NCORE,17.5,
2022-02-05,010730023,2,0.6,Parts per billion,0,North Birmingham,24,100,42401,Sulfur dioxide,100,INSTRUMENTAL - ULTRAVIOLET FLUORESCENCE,13820,"Birmingham-Hoover, AL",33.553056,-86.815,POINT,177,NEIGHBORHOOD,500 M TO 4KM,SLAMS,"Jefferson County, AL  Department Of Health",OTHER,,NCORE,17.5,
2022-02-07,010730023,2,3.5,Parts per billion,4,North Birmingham,24,100,42401,Sulfur dioxide,100,INSTRUMENTAL - ULTRAVIOLET FLUORESCENCE,13820,"Birmingham-Hoover, AL",33.553056,-86.815,POINT,177,NEIGHBORHOOD,500 M TO 4KM,SLAMS,"Jefferson County, AL  Department Of Health",OTHER,,NCORE,17.5,
2022-02-06,010730023,2,2.2,Parts per billion,3,North Birmingham,24,100,42401,Sulfur dioxide,100,INSTRUMENTAL - ULTRAVIOLET FLUORESCENCE,13820,"Birmingham-Hoover, AL",33.553056,-86.815,POINT,177,NEIGHBORHOOD,500 M TO 4KM,SLAMS,"Jefferson County, AL  Department Of Health",OTHER,,NCORE,17.5,
2022-02-08,010730023,2,0.9,Parts per billion,0,North Birmingham,21,88,42401,Sulfur dioxide,100,INSTRUMENTAL - ULTRAVIOLET FLUORESCENCE,13820,"Birmingham-Hoover, AL",33.553056,-86.815,POINT,177,NEIGHBORHOOD,500 M TO 4KM,SLAMS,"Jefferson County, AL  Department Of Health",OTHER,,NCORE,17.5,
2022-02-09,010730023,2,2.5,Parts per billion,3,North Birmingham,21,88,42401,Sulfur dioxide,100,INSTRUMENTAL - ULTRAVIOLET FLUORESCENCE,13820,"Birmingham-Hoover, AL",33.553056,-86.815,POINT,177,NEIGHBORHOOD,500 M TO 4KM,SLAMS,"Jefferson County, AL  Department Of Health",OTHER,,NCORE,17.5,
2022-02-10,010730023,2,3.2,Parts per billion,4,North Birmingham,24,100,42401,Sulfur dioxide,100,INSTRUMENTAL - ULTRAVIOLET FLUORESCENCE,13820,"Birmingham-Hoover, AL",33.553056,-86.815,POINT,177,NEIGHBORHOOD,500 M TO 4KM,SLAMS,"Jefferson County, AL  Department Of Health",OTHER,,NCORE,17.5,
2022-02-11,010730023,2,1.1,Parts per billion,1,North Birmingham,24,100,42401,Sulfur dioxide,100,INSTRUMENTAL - ULTRAVIOLET FLUORESCENCE,13820,"Birmingham-Hoover, AL",33.553056,-86.815,POINT,177,NEIGHBORHOOD,500 M TO 4KM,SLAMS,"Jefferson County, AL  Department Of Health",OTHER,,NCORE,17.5,
2022-02-12,010730023,2,0.3,Parts per billion,0,North Birmingham,24,100,42401,Sulfur dioxide,100,INSTRUMENTAL - ULTRAVIOLET FLUORESCENCE,13820,"Birmingham-Hoover, AL",33.553056,-86.815,POINT,177,NEIGHBORHOOD,500 M TO 4KM,SLAMS,"Jefferson County, AL  Department Of Health",OTHER,,NCORE,17.5,
2022-02-13,010730023,2,0.1,Parts per billion,0,North Birmingham,24,100,42401,Sulfur dioxide,100,INSTRUMENTAL - ULTRAVIOLET FLUORESCENCE,13820,"Birmingham-Hoover, AL",33.553056,-86.815,POINT,177,NEIGHBORHOOD,500 M TO 4KM,SLAMS,"Jefferson County, AL  Department Of Health",OTHER,,NCORE,17.5,
2022-02-14,010730023,2,0.7,Parts per billion,0,North Birmingham,16,67,42401,Sulfur dioxide,100,INSTRUMENTAL - ULTRAVIOLET FLUORESCENCE,13820,"Birmingham-Hoover, AL",33.553056,-86.815,POINT,177,NEIGHBORHOOD,500 M TO 4KM,SLAMS,"Jefferson County, AL  Department Of Health",OTHER,,NCORE,17.5,
2022-02-15,010730023,2,6.2,Parts per billion,9,North Birmingham,21,88,42401,Sulfur dioxide,100,INSTRUMENTAL - ULTRAVIOLET FLUORESCENCE,13820,"Birmingham-Hoover, AL",33.553056,-86.815,POINT,177,NEIGHBORHOOD,500 M TO 4KM,SLAMS,"Jefferson County, AL  Department Of Health",OTHER,,NCORE,17.5,
2022-02-16,010730023,2,0.3,Parts per billion,0,North Birmingham,21,88,42401,Sulfur dioxide,100,INSTRUMENTAL - ULTRAVIOLET FLUORESCENCE,13820,"Birmingham-Hoover, AL",33.553056,-86.815,POINT,177,NEIGHBORHOOD,500 M TO 4KM,SLAMS,"Jefferson County, AL  Department Of Health",OTHER,,NCORE,17.5,
2022-02-17,010730023,2,0.6,Parts per billion,0,North Birmingham,24,100,42401,Sulfur dioxide,100,INSTRUMENTAL - ULTRAVIOLET FLUORESCENCE,13820,"Birmingham-Hoover, AL",33.553056,-86.815,POINT,177,NEIGHBORHOOD,500 M TO 4KM,SLAMS,"Jefferson County, AL  Department Of Health",OTHER,,NCORE,17.5,
2022-02-18,010730023,2,0,Parts per billion,0,North Birmingham,24,100,42401,Sulfur dioxide,100,INSTRUMENTAL - ULTRAVIOLET FLUORESCENCE,13820,"Birmingham-Hoover, AL",33.553056,-86.815,POINT,177,NEIGHBORHOOD,500 M TO 4KM,SLAMS,"Jefferson County, AL  Department Of Health",OTHER,,NCORE,17.5,
2022-02-19,010730023,2,0.4,Parts per billion,0,North Birmingham,24,100,42401,Sulfur dioxide,100,INSTRUMENTAL - ULTRAVIOLET FLUORESCENCE,13820,"Birmingham-Hoover, AL",33.553056,-86.815,POINT,177,NEIGHBORHOOD,500 M TO 4KM,SLAMS,"Jefferson County, AL  Department Of Health",OTHER,,NCORE,17.5,
2022-02-20,010730023,2,2.7,Parts per billion,3,North Birmingham,24,100,42401,Sulfur dioxide,100,INSTRUMENTAL - ULTRAVIOLET FLUORESCENCE,13820,"Birmingham-Hoover, AL",33.553056,-86.815,POINT,177,NEIGHBORHOOD,500 M TO 4KM,SLAMS,"Jefferson County, AL  Department Of Health",OTHER,,NCORE,17.5,
2022-02-21,010730023,2,2.8,Parts per billion,3,North Birmingham,24,100,42401,Sulfur dioxide,100,INSTRUMENTAL - ULTRAVIOLET FLUORESCENCE,13820,"Birmingham-Hoover, AL",33.553056,-86.815,POINT,177,NEIGHBORHOOD,500 M TO 4KM,SLAMS,"Jefferson County, AL  Department Of Health",OTHER,,NCORE,17.5,
2022-02-22,010730023,2,0.4,Parts per billion,0,North Birmingham,21,88,42401,Sulfur dioxide,100,INSTRUMENTAL - ULTRAVIOLET FLUORESCENCE,13820,"Birmingham-Hoover, AL",33.553056,-86.815,POINT,177,NEIGHBORHOOD,500 M TO 4KM,SLAMS,"Jefferson County, AL  Department Of Health",OTHER,,NCORE,17.5,
2022-02-23,010730023,2,1.9,Parts per billion,1,North Birmingham,20,83,42401,Sulfur dioxide,100,INSTRUMENTAL - ULTRAVIOLET FLUORESCENCE,13820,"Birmingham-Hoover, AL",33.553056,-86.815,POINT,177,NEIGHBORHOOD,500 M TO 4KM,SLAMS,"Jefferson County, AL  Department Of Health",OTHER,,NCORE,17.5,
2022-02-24,010730023,2,1.3,Parts per billion,1,North Birmingham,24,100,42401,Sulfur dioxide,100,INSTRUMENTAL - ULTRAVIOLET FLUORESCENCE,13820,"Birmingham-Hoover, AL",33.553056,-86.815,POINT,177,NEIGHBORHOOD,500 M TO 4KM,SLAMS,"Jefferson County, AL  Department Of Health",OTHER,,NCORE,17.5,
2022-02-25,010730023,2,0,Parts per billion,0,North Birmingham,24,100,42401,Sulfur dioxide,100,INSTRUMENTAL - ULTRAVIOLET FLUORESCENCE,13820,"Birmingham-Hoover, AL",33.553056,-86.815,POINT,177,NEIGHBORHOOD,500 M TO 4KM,SLAMS,"Jefferson County, AL  Department Of Health",OTHER,,NCORE,17.5,
2022-02-26,010730023,2,0.5,Parts per billion,0,North Birmingham,24,100,42401,Sulfur dioxide,100,INSTRUMENTAL - ULTRAVIOLET FLUORESCENCE,13820,"Birmingham-Hoover, AL",33.553056,-86.815,POINT,177,NEIGHBORHOOD,500 M TO 4KM,SLAMS,"Jefferson County, AL  Department Of Health",OTHER,,NCORE,17.5,
2022-02-27,010730023,2,0.1,Parts per billion,0,North Birmingham,24,100,42401,Sulfur dioxide,100,INSTRUMENTAL - ULTRAVIOLET FLUORESCENCE,13820,"Birmingham-Hoover, AL",33.553056,-86.815,POINT,177,NEIGHBORHOOD,500 M TO 4KM,SLAMS,"Jefferson County, AL  Department Of Health",OTHER,,NCORE,17.5,
2022-02-28,010730023,2,0.2,Parts per billion,0,North Birmingham,14,58,42401,Sulfur dioxide,100,INSTRUMENTAL - ULTRAVIOLET FLUORESCENCE,13820,"Birmingham-Hoover, AL",33.553056,-86.815,POINT,177,NEIGHBORHOOD,500 M TO 4KM,SLAMS,"Jefferson County, AL  Department Of Health",OTHER,,NCORE,17.5,
2022-03-01,010730023,2,14.1,Parts per billion,20,North Birmingham,24,100,42401,Sulfur dioxide,100,INSTRUMENTAL - ULTRAVIOLET FLUORESCENCE,13820,"Birmingham-Hoover, AL",33.553056,-86.815,POINT,177,NEIGHBORHOOD,500 M TO 4KM,SLAMS,"Jefferson County, AL  Department Of Health",OTHER,,NCORE,17.5,
2022-03-02,010730023,2,2.6,Parts per billion,3,North Birmingham,18,75,42401,Sulfur dioxide,100,INSTRUMENTAL - ULTRAVIOLET FLUORESCENCE,13820,"Birmingham-Hoover, AL",33.553056,-86.815,POINT,177,NEIGHBORHOOD,500 M TO 4KM,SLAMS,"Jefferson County, AL  Department Of Health",OTHER,,NCORE,17.5,
2022-03-03,010730023,2,9.8,Parts per billion,13,North Birmingham,21,88,42401,Sulfur dioxide,100,INSTRUMENTAL - ULTRAVIOLET FLUORESCENCE,13820,"Birmingham-Hoover, AL",33.553056,-86.815,POINT,177,NEIGHBORHOOD,500 M TO 4KM,SLAMS,"Jefferson County, AL  Department Of Health",OTHER,,NCORE,17.5,
2022-03-04,010730023,2,2.9,Parts per billion,3,North Birmingham,20,83,42401,Sulfur dioxide,100,INSTRUMENTAL - ULTRAVIOLET FLUORESCENCE,13820,"Birmingham-Hoover, AL",33.553056,-86.815,POINT,177,NEIGHBORHOOD,500 M TO 4KM,SLAMS,"Jefferson County, AL  Department Of Health",OTHER,,NCORE,17.5,
2022-03-05,010730023,2,2.7,Parts per billion,3,North Birmingham,24,100,42401,Sulfur dioxide,100,INSTRUMENTAL - ULTRAVIOLET FLUORESCENCE,13820,"Birmingham-Hoover, AL",33.553056,-86.815,POINT,177,NEIGHBORHOOD,500 M TO 4KM,SLAMS,"Jefferson County, AL  Department Of Health",OTHER,,NCORE,17.5,
2022-03-06,010730023,2,0.5,Parts per billion,0,North Birmingham,24,100,42401,Sulfur dioxide,100,INSTRUMENTAL - ULTRAVIOLET FLUORESCENCE,13820,"Birmingham-Hoover, AL",33.553056,-86.815,POINT,177,NEIGHBORHOOD,500 M TO 4KM,SLAMS,"Jefferson County, AL  Department Of Health",OTHER,,NCORE,17.5,
2022-03-07,010730023,2,0,Parts per billion,0,North Birmingham,24,100,42401,Sulfur dioxide,100,INSTRUMENTAL - ULTRAVIOLET FLUORESCENCE,13820,"Birmingham-Hoover, AL",33.553056,-86.815,POINT,177,NEIGHBORHOOD,500 M TO 4KM,SLAMS,"Jefferson County, AL  Department Of Health",OTHER,,NCORE,17.5,
2022-03-08,010730023,2,0.3,Parts per billion,0,North Birmingham,24,100,42401,Sulfur dioxide,100,INSTRUMENTAL - ULTRAVIOLET FLUORESCENCE,13820,"Birmingham-Hoover, AL",33.553056,-86.815,POINT,177,NEIGHBORHOOD,500 M TO 4KM,SLAMS,"Jefferson County, AL  Department Of Health",OTHER,,NCORE,17.5,
2022-03-09,010730023,2,-0.1,Parts per billion,0,North Birmingham,24,100,42401,Sulfur dioxide,100,INSTRUMENTAL - ULTRAVIOLET FLUORESCENCE,13820,"Birmingham-Hoover, AL",33.553056,-86.815,POINT,177,NEIGHBORHOOD,500 M TO 4KM,SLAMS,"Jefferson County, AL  Department Of Health",OTHER,,NCORE,17.5,
2022-03-10,010730023,2,0.3,Parts per billion,0,North Birmingham,15,63,42401,Sulfur dioxide,100,INSTRUMENTAL - ULTRAVIOLET FLUORESCENCE,13820,"Birmingham-Hoover, AL",33.553056,-86.815,POINT,177,NEIGHBORHOOD,500 M TO 4KM,SLAMS,"Jefferson County, AL  Department Of Health",OTHER,,NCORE,17.5,
2022-03-11,010730023,2,1.4,Parts per billion,1,North Birmingham,24,100,42401,Sulfur dioxide,100,INSTRUMENTAL - ULTRAVIOLET FLUORESCENCE,13820,"Birmingham-Hoover, AL",33.553056,-86.815,POINT,177,NEIGHBORHOOD,500 M TO 4KM,SLAMS,"Jefferson County, AL  Department Of Health",OTHER,,NCORE,17.5,
2022-03-12,010730023,2,-0.1,Parts per billion,0,North Birmingham,24,100,42401,Sulfur dioxide,100,INSTRUMENTAL - ULTRAVIOLET FLUORESCENCE,13820,"Birmingham-Hoover, AL",33.553056,-86.815,POINT,177,NEIGHBORHOOD,500 M TO 4KM,SLAMS,"Jefferson County, AL  Department Of Health",OTHER,,NCORE,17.5,
2022-03-13,010730023,2,0.6,Parts per billion,0,North Birmingham,24,100,42401,Sulfur dioxide,100,INSTRUMENTAL - ULTRAVIOLET FLUORESCENCE,13820,"Birmingham-Hoover, AL",33.553056,-86.815,POINT,177,NEIGHBORHOOD,500 M TO 4KM,SLAMS,"Jefferson County, AL  Department Of Health",OTHER,,NCORE,17.5,
2022-03-14,010730023,2,0.8,Parts per billion,0,North Birmingham,24,100,42401,Sulfur dioxide,100,INSTRUMENTAL - ULTRAVIOLET FLUORESCENCE,13820,"Birmingham-Hoover, AL",33.553056,-86.815,POINT,177,NEIGHBORHOOD,500 M TO 4KM,SLAMS,"Jefferson County, AL  Department Of Health",OTHER,,NCORE,17.5,
2022-03-15,010730023,2,0,Parts per billion,0,North Birmingham,24,100,42401,Sulfur dioxide,100,INSTRUMENTAL - ULTRAVIOLET FLUORESCENCE,13820,"Birmingham-Hoover, AL",33.553056,-86.815,POINT,177,NEIGHBORHOOD,500 M TO 4KM,SLAMS,"Jefferson County, AL  Department Of Health",OTHER,,NCORE,17.5,
2022-03-16,010730023,2,0.4,Parts per billion,0,North Birmingham,20,83,42401,Sulfur dioxide,100,INSTRUMENTAL - ULTRAVIOLET FLUORESCENCE,13820,"Birmingham-Hoover, AL",33.553056,-86.815,POINT,177,NEIGHBORHOOD,500 M TO 4KM,SLAMS,"Jefferson County, AL  Department Of Health",OTHER,,NCORE,17.5,
2022-03-17,010730023,2,1.2,Parts per billion,1,North Birmingham,22,92,42401,Sulfur dioxide,100,INSTRUMENTAL - ULTRAVIOLET FLUORESCENCE,13820,"Birmingham-Hoover, AL",33.553056,-86.815,POINT,177,NEIGHBORHOOD,500 M TO 4KM,SLAMS,"Jefferson County, AL  Department Of Health",OTHER,,NCORE,17.5,
2022-03-18,010730023,2,0.2,Parts per billion,0,North Birmingham,20,83,42401,Sulfur dioxide,100,INSTRUMENTAL - ULTRAVIOLET FLUORESCENCE,13820,"Birmingham-Hoover, AL",33.553056,-86.815,POINT,177,NEIGHBORHOOD,500 M TO 4KM,SLAMS,"Jefferson County, AL  Department Of Health",OTHER,,NCORE,17.5,
2022-03-19,010730023,2,0.2,Parts per billion,0,North Birmingham,24,100,42401,Sulfur dioxide,100,INSTRUMENTAL - ULTRAVIOLET FLUORESCENCE,13820,"Birmingham-Hoover, AL",33.553056,-86.815,POINT,177,NEIGHBORHOOD,500 M TO 4KM,SLAMS,"Jefferson County, AL  Department Of Health",OTHER,,NCORE,17.5,
2022-03-20,010730023,2,1.4,Parts per billion,1,North Birmingham,24,100,42401,Sulfur dioxide,100,INSTRUMENTAL - ULTRAVIOLET FLUORESCENCE,13820,"Birmingham-Hoover, AL",33.553056,-86.815,POINT,177,NEIGHBORHOOD,500 M TO 4KM,SLAMS,"Jefferson County, AL  Department Of Health",OTHER,,NCORE,17.5,
2022-03-21,010730023,2,3.6,Parts per billion,4,North Birmingham,24,100,42401,Sulfur dioxide,100,INSTRUMENTAL - ULTRAVIOLET FLUORESCENCE,13820,"Birmingham-Hoover, AL",33.553056,-86.815,POINT,177,NEIGHBORHOOD,500 M TO 4KM,SLAMS,"Jefferson County, AL  Department Of Health",OTHER,,NCORE,17.5,
2022-03-22,010730023,2,0.8,Parts per billion,0,North Birmingham,21,88,42401,Sulfur dioxide,100,INSTRUMENTAL - ULTRAVIOLET FLUORESCENCE,13820,"Birmingham-Hoover, AL",33.553056,-86.815,POINT,177,NEIGHBORHOOD,500 M TO 4KM,SLAMS,"Jefferson County, AL  Department Of Health",OTHER,,NCORE,17.5,
2022-03-23,010730023,2,0.5,Parts per billion,0,North Birmingham,16,67,42401,Sulfur dioxide,100,INSTRUMENTAL - ULTRAVIOLET FLUORESCENCE,13820,"Birmingham-Hoover, AL",33.553056,-86.815,POINT,177,NEIGHBORHOOD,500 M TO 4KM,SLAMS,"Jefferson County, AL  Department Of Health",OTHER,,NCORE,17.5,
2022-03-24,010730023,2,2.9,Parts per billion,3,North Birmingham,23,96,42401,Sulfur dioxide,100,INSTRUMENTAL - ULTRAVIOLET FLUORESCENCE,13820,"Birmingham-Hoover, AL",33.553056,-86.815,POINT,177,NEIGHBORHOOD,500 M TO 4KM,SLAMS,"Jefferson County, AL  Department Of Health",OTHER,,NCORE,17.5,
2022-03-25,010730023,2,0,Parts per billion,0,North Birmingham,24,100,42401,Sulfur dioxide,100,INSTRUMENTAL - ULTRAVIOLET FLUORESCENCE,13820,"Birmingham-Hoover, AL",33.553056,-86.815,POINT,177,NEIGHBORHOOD,500 M TO 4KM,SLAMS,"Jefferson County, AL  Department Of Health",OTHER,,NCORE,17.5,
2022-03-26,010730023,2,-0.3,Parts per billion,0,North Birmingham,24,100,42401,Sulfur dioxide,100,INSTRUMENTAL - ULTRAVIOLET FLUORESCENCE,13820,"Birmingham-Hoover, AL",33.553056,-86.815,POINT,177,NEIGHBORHOOD,500 M TO 4KM,SLAMS,"Jefferson County, AL  Department Of Health",OTHER,,NCORE,17.5,
2022-03-27,010730023,2,1,Parts per billion,1,North Birmingham,24,100,42401,Sulfur dioxide,100,INSTRUMENTAL - ULTRAVIOLET FLUORESCENCE,13820,"Birmingham-Hoover, AL",33.553056,-86.815,POINT,177,NEIGHBORHOOD,500 M TO 4KM,SLAMS,"Jefferson County, AL  Department Of Health",OTHER,,NCORE,17.5,
2022-03-28,010730023,2,5.2,Parts per billion,7,North Birmingham,24,100,42401,Sulfur dioxide,100,INSTRUMENTAL - ULTRAVIOLET FLUORESCENCE,13820,"Birmingham-Hoover, AL",33.553056,-86.815,POINT,177,NEIGHBORHOOD,500 M TO 4KM,SLAMS,"Jefferson County, AL  Department Of Health",OTHER,,NCORE,17.5,
2022-03-29,010730023,2,1.6,Parts per billion,1,North Birmingham,19,79,42401,Sulfur dioxide,100,INSTRUMENTAL - ULTRAVIOLET FLUORESCENCE,13820,"Birmingham-Hoover, AL",33.553056,-86.815,POINT,177,NEIGHBORHOOD,500 M TO 4KM,SLAMS,"Jefferson County, AL  Department Of Health",OTHER,,NCORE,17.5,
2022-03-30,010730023,2,0.3,Parts per billion,0,North Birmingham,23,96,42401,Sulfur dioxide,100,INSTRUMENTAL - ULTRAVIOLET FLUORESCENCE,13820,"Birmingham-Hoover, AL",33.553056,-86.815,POINT,177,NEIGHBORHOOD,500 M TO 4KM,SLAMS,"Jefferson County, AL  Department Of Health",OTHER,,NCORE,17.5,
2022-03-31,010730023,2,-0.1,Parts per billion,0,North Birmingham,19,79,42401,Sulfur dioxide,100,INSTRUMENTAL - ULTRAVIOLET FLUORESCENCE,13820,"Birmingham-Hoover, AL",33.553056,-86.815,POINT,177,NEIGHBORHOOD,500 M TO 4KM,SLAMS,"Jefferson County, AL  Department Of Health",OTHER,,NCORE,17.5,
2022-04-01,010730023,2,0.4,Parts per billion,0,North Birmingham,24,100,42401,Sulfur dioxide,100,INSTRUMENTAL - ULTRAVIOLET FLUORESCENCE,13820,"Birmingham-Hoover, AL",33.553056,-86.815,POINT,177,NEIGHBORHOOD,500 M TO 4KM,SLAMS,"Jefferson County, AL  Department Of Health",OTHER,,NCORE,17.5,
2022-04-02,010730023,2,3.7,Parts per billion,4,North Birmingham,24,100,42401,Sulfur dioxide,100,INSTRUMENTAL - ULTRAVIOLET FLUORESCENCE,13820,"Birmingham-Hoover, AL",33.553056,-86.815,POINT,177,NEIGHBORHOOD,500 M TO 4KM,SLAMS,"Jefferson County, AL  Department Of Health",OTHER,,NCORE,17.5,
2022-04-03,010730023,2,3.7,Parts per billion,4,North Birmingham,24,100,42401,Sulfur dioxide,100,INSTRUMENTAL - ULTRAVIOLET FLUORESCENCE,13820,"Birmingham-Hoover, AL",33.553056,-86.815,POINT,177,NEIGHBORHOOD,500 M TO 4KM,SLAMS,"Jefferson County, AL  Department Of Health",OTHER,,NCORE,17.5,
2022-04-04,010730023,2,3.7,Parts per billion,4,North Birmingham,24,100,42401,Sulfur dioxide,100,INSTRUMENTAL - ULTRAVIOLET FLUORESCENCE,13820,"Birmingham-Hoover, AL",33.553056,-86.815,POINT,177,NEIGHBORHOOD,500 M TO 4KM,SLAMS,"Jefferson County, AL  Department Of Health",OTHER,,NCORE,17.5,
2022-04-05,010730023,2,2.2,Parts per billion,3,North Birmingham,24,100,42401,Sulfur dioxide,100,INSTRUMENTAL - ULTRAVIOLET FLUORESCENCE,13820,"Birmingham-Hoover, AL",33.553056,-86.815,POINT,177,NEIGHBORHOOD,500 M TO 4KM,SLAMS,"Jefferson County, AL  Department Of Health",OTHER,,NCORE,17.5,
2022-04-06,010730023,2,-0.3,Parts per billion,0,North Birmingham,24,100,42401,Sulfur dioxide,100,INSTRUMENTAL - ULTRAVIOLET FLUORESCENCE,13820,"Birmingham-Hoover, AL",33.553056,-86.815,POINT,177,NEIGHBORHOOD,500 M TO 4KM,SLAMS,"Jefferson County, AL  Department Of Health",OTHER,,NCORE,17.5,
2022-04-07,010730023,2,1.7,Parts per billion,1,North Birmingham,22,92,42401,Sulfur dioxide,100,INSTRUMENTAL - ULTRAVIOLET FLUORESCENCE,13820,"Birmingham-Hoover, AL",33.553056,-86.815,POINT,177,NEIGHBORHOOD,500 M TO 4KM,SLAMS,"Jefferson County, AL  Department Of Health",OTHER,,NCORE,17.5,
2022-04-08,010730023,2,2.5,Parts per billion,3,North Birmingham,24,100,42401,Sulfur dioxide,100,INSTRUMENTAL - ULTRAVIOLET FLUORESCENCE,13820,"Birmingham-Hoover, AL",33.553056,-86.815,POINT,177,NEIGHBORHOOD,500 M TO 4KM,SLAMS,"Jefferson County, AL  Department Of Health",OTHER,,NCORE,17.5,
2022-04-09,010730023,2,-0.2,Parts per billion,0,North Birmingham,24,100,42401,Sulfur dioxide,100,INSTRUMENTAL - ULTRAVIOLET FLUORESCENCE,13820,"Birmingham-Hoover, AL",33.553056,-86.815,POINT,177,NEIGHBORHOOD,500 M TO 4KM,SLAMS,"Jefferson County, AL  Department Of Health",OTHER,,NCORE,17.5,
2022-04-10,010730023,2,3.7,Parts per billion,4,North Birmingham,24,100,42401,Sulfur dioxide,100,INSTRUMENTAL - ULTRAVIOLET FLUORESCENCE,13820,"Birmingham-Hoover, AL",33.553056,-86.815,POINT,177,NEIGHBORHOOD,500 M TO 4KM,SLAMS,"Jefferson County, AL  Department Of Health",OTHER,,NCORE,17.5,
2022-04-11,010730023,2,2,Parts per billion,3,North Birmingham,24,100,42401,Sulfur dioxide,100,INSTRUMENTAL - ULTRAVIOLET FLUORESCENCE,13820,"Birmingham-Hoover, AL",33.553056,-86.815,POINT,177,NEIGHBORHOOD,500 M TO 4KM,SLAMS,"Jefferson County, AL  Department Of Health",OTHER,,NCORE,17.5,
2022-04-12,010730023,2,1.8,Parts per billion,1,North Birmingham,24,100,42401,Sulfur dioxide,100,INSTRUMENTAL - ULTRAVIOLET FLUORESCENCE,13820,"Birmingham-Hoover, AL",33.553056,-86.815,POINT,177,NEIGHBORHOOD,500 M TO 4KM,SLAMS,"Jefferson County, AL  Department Of Health",OTHER,,NCORE,17.5,
2022-04-13,010730023,2,0.4,Parts per billion,0,North Birmingham,23,96,42401,Sulfur dioxide,100,INSTRUMENTAL - ULTRAVIOLET FLUORESCENCE,13820,"Birmingham-Hoover, AL",33.553056,-86.815,POINT,177,NEIGHBORHOOD,500 M TO 4KM,SLAMS,"Jefferson County, AL  Department Of Health",OTHER,,NCORE,17.5,
2022-04-14,010730023,2,3.4,Parts per billion,4,North Birmingham,19,79,42401,Sulfur dioxide,100,INSTRUMENTAL - ULTRAVIOLET FLUORESCENCE,13820,"Birmingham-Hoover, AL",33.553056,-86.815,POINT,177,NEIGHBORHOOD,500 M TO 4KM,SLAMS,"Jefferson County, AL  Department Of Health",OTHER,,NCORE,17.5,
2022-04-15,010730023,2,1,Parts per billion,1,North Birmingham,24,100,42401,Sulfur dioxide,100,INSTRUMENTAL - ULTRAVIOLET FLUORESCENCE,13820,"Birmingham-Hoover, AL",33.553056,-86.815,POINT,177,NEIGHBORHOOD,500 M TO 4KM,SLAMS,"Jefferson County, AL  Department Of Health",OTHER,,NCORE,17.5,
2022-04-16,010730023,2,0.6,Parts per billion,0,North Birmingham,24,100,42401,Sulfur dioxide,100,INSTRUMENTAL - ULTRAVIOLET FLUORESCENCE,13820,"Birmingham-Hoover, AL",33.553056,-86.815,POINT,177,NEIGHBORHOOD,500 M TO 4KM,SLAMS,"Jefferson County, AL  Department Of Health",OTHER,,NCORE,17.5,
2022-04-17,010730023,2,0.5,Parts per billion,0,North Birmingham,24,100,42401,Sulfur dioxide,100,INSTRUMENTAL - ULTRAVIOLET FLUORESCENCE,13820,"Birmingham-Hoover, AL",33.553056,-86.815,POINT,177,NEIGHBORHOOD,500 M TO 4KM,SLAMS,"Jefferson County, AL  Department Of Health",OTHER,,NCORE,17.5,
2022-04-18,010730023,2,-0.4,Parts per billion,0,North Birmingham,24,100,42401,Sulfur dioxide,100,INSTRUMENTAL - ULTRAVIOLET FLUORESCENCE,13820,"Birmingham-Hoover, AL",33.553056,-86.815,POINT,177,NEIGHBORHOOD,500 M TO 4KM,SLAMS,"Jefferson County, AL  Department Of Health",OTHER,,NCORE,17.5,
2022-04-19,010730023,2,4.8,Parts per billion,6,North Birmingham,24,100,42401,Sulfur dioxide,100,INSTRUMENTAL - ULTRAVIOLET FLUORESCENCE,13820,"Birmingham-Hoover, AL",33.553056,-86.815,POINT,177,NEIGHBORHOOD,500 M TO 4KM,SLAMS,"Jefferson County, AL  Department Of Health",OTHER,,NCORE,17.5,
2022-04-20,010730023,2,5.4,Parts per billion,7,North Birmingham,24,100,42401,Sulfur dioxide,100,INSTRUMENTAL - ULTRAVIOLET FLUORESCENCE,13820,"Birmingham-Hoover, AL",33.553056,-86.815,POINT,177,NEIGHBORHOOD,500 M TO 4KM,SLAMS,"Jefferson County, AL  Department Of Health",OTHER,,NCORE,17.5,
2022-04-21,010730023,2,0.4,Parts per billion,0,North Birmingham,22,92,42401,Sulfur dioxide,100,INSTRUMENTAL - ULTRAVIOLET FLUORESCENCE,13820,"Birmingham-Hoover, AL",33.553056,-86.815,POINT,177,NEIGHBORHOOD,500 M TO 4KM,SLAMS,"Jefferson County, AL  Department Of Health",OTHER,,NCORE,17.5,
2022-04-22,010730023,2,0.1,Parts per billion,0,North Birmingham,22,92,42401,Sulfur dioxide,100,INSTRUMENTAL - ULTRAVIOLET FLUORESCENCE,13820,"Birmingham-Hoover, AL",33.553056,-86.815,POINT,177,NEIGHBORHOOD,500 M TO 4KM,SLAMS,"Jefferson County, AL  Department Of Health",OTHER,,NCORE,17.5,
2022-04-23,010730023,2,-0.3,Parts per billion,0,North Birmingham,24,100,42401,Sulfur dioxide,100,INSTRUMENTAL - ULTRAVIOLET FLUORESCENCE,13820,"Birmingham-Hoover, AL",33.553056,-86.815,POINT,177,NEIGHBORHOOD,500 M TO 4KM,SLAMS,"Jefferson County, AL  Department Of Health",OTHER,,NCORE,17.5,
2022-04-24,010730023,2,0.3,Parts per billion,0,North Birmingham,24,100,42401,Sulfur dioxide,100,INSTRUMENTAL - ULTRAVIOLET FLUORESCENCE,13820,"Birmingham-Hoover, AL",33.553056,-86.815,POINT,177,NEIGHBORHOOD,500 M TO 4KM,SLAMS,"Jefferson County, AL  Department Of Health",OTHER,,NCORE,17.5,
2022-04-25,010730023,2,0.5,Parts per billion,0,North Birmingham,24,100,42401,Sulfur dioxide,100,INSTRUMENTAL - ULTRAVIOLET FLUORESCENCE,13820,"Birmingham-Hoover, AL",33.553056,-86.815,POINT,177,NEIGHBORHOOD,500 M TO 4KM,SLAMS,"Jefferson County, AL  Department Of Health",OTHER,,NCORE,17.5,
2022-04-26,010730023,2,-0.6,Parts per billion,0,North Birmingham,24,100,42401,Sulfur dioxide,100,INSTRUMENTAL - ULTRAVIOLET FLUORESCENCE,13820,"Birmingham-Hoover, AL",33.553056,-86.815,POINT,177,NEIGHBORHOOD,500 M TO 4KM,SLAMS,"Jefferson County, AL  Department Of Health",OTHER,,NCORE,17.5,
2022-04-27,010730023,2,2.5,Parts per billion,3,North Birmingham,23,96,42401,Sulfur dioxide,100,INSTRUMENTAL - ULTRAVIOLET FLUORESCENCE,13820,"Birmingham-Hoover, AL",33.553056,-86.815,POINT,177,NEIGHBORHOOD,500 M TO 4KM,SLAMS,"Jefferson County, AL  Department Of Health",OTHER,,NCORE,17.5,
2022-04-28,010730023,2,4.4,Parts per billion,6,North Birmingham,17,71,42401,Sulfur dioxide,100,INSTRUMENTAL - ULTRAVIOLET FLUORESCENCE,13820,"Birmingham-Hoover, AL",33.553056,-86.815,POINT,177,NEIGHBORHOOD,500 M TO 4KM,SLAMS,"Jefferson County, AL  Department Of Health",OTHER,,NCORE,17.5,
2022-04-29,010730023,2,2.3,Parts per billion,3,North Birmingham,24,100,42401,Sulfur dioxide,100,INSTRUMENTAL - ULTRAVIOLET FLUORESCENCE,13820,"Birmingham-Hoover, AL",33.553056,-86.815,POINT,177,NEIGHBORHOOD,500 M TO 4KM,SLAMS,"Jefferson County, AL  Department Of Health",OTHER,,NCORE,17.5,
2022-04-30,010730023,2,3.7,Parts per billion,4,North Birmingham,24,100,42401,Sulfur dioxide,100,INSTRUMENTAL - ULTRAVIOLET FLUORESCENCE,13820,"Birmingham-Hoover, AL",33.553056,-86.815,POINT,177,NEIGHBORHOOD,500 M TO 4KM,SLAMS,"Jefferson County, AL  Department Of Health",OTHER,,NCORE,17.5,
2022-05-01,010730023,2,1.4,Parts per billion,1,North Birmingham,24,100,42401,Sulfur dioxide,100,INSTRUMENTAL - ULTRAVIOLET FLUORESCENCE,13820,"Birmingham-Hoover, AL",33.553056,-86.815,POINT,177,NEIGHBORHOOD,500 M TO 4KM,SLAMS,"Jefferson County, AL  Department Of Health",OTHER,,NCORE,17.5,
2022-05-02,010730023,2,1.2,Parts per billion,1,North Birmingham,24,100,42401,Sulfur dioxide,100,INSTRUMENTAL - ULTRAVIOLET FLUORESCENCE,13820,"Birmingham-Hoover, AL",33.553056,-86.815,POINT,177,NEIGHBORHOOD,500 M TO 4KM,SLAMS,"Jefferson County, AL  Department Of Health",OTHER,,NCORE,17.5,
2022-05-03,010730023,2,0.6,Parts per billion,0,North Birmingham,21,88,42401,Sulfur dioxide,100,INSTRUMENTAL - ULTRAVIOLET FLUORESCENCE,13820,"Birmingham-Hoover, AL",33.553056,-86.815,POINT,177,NEIGHBORHOOD,500 M TO 4KM,SLAMS,"Jefferson County, AL  Department Of Health",OTHER,,NCORE,17.5,
2022-05-04,010730023,2,1.6,Parts per billion,1,North Birmingham,16,67,42401,Sulfur dioxide,100,INSTRUMENTAL - ULTRAVIOLET FLUORESCENCE,13820,"Birmingham-Hoover, AL",33.553056,-86.815,POINT,177,NEIGHBORHOOD,500 M TO 4KM,SLAMS,"Jefferson County, AL  Department Of Health",OTHER,,NCORE,17.5,
2022-05-05,010730023,2,1,Parts per billion,1,North Birmingham,16,67,42401,Sulfur dioxide,100,INSTRUMENTAL - ULTRAVIOLET FLUORESCENCE,13820,"Birmingham-Hoover, AL",33.553056,-86.815,POINT,177,NEIGHBORHOOD,500 M TO 4KM,SLAMS,"Jefferson County, AL  Department Of Health",OTHER,,NCORE,17.5,
2022-05-06,010730023,2,1.9,Parts per billion,1,North Birmingham,22,92,42401,Sulfur dioxide,100,INSTRUMENTAL - ULTRAVIOLET FLUORESCENCE,13820,"Birmingham-Hoover, AL",33.553056,-86.815,POINT,177,NEIGHBORHOOD,500 M TO 4KM,SLAMS,"Jefferson County, AL  Department Of Health",OTHER,,NCORE,17.5,
2022-05-07,010730023,2,0.2,Parts per billion,0,North Birmingham,24,100,42401,Sulfur dioxide,100,INSTRUMENTAL - ULTRAVIOLET FLUORESCENCE,13820,"Birmingham-Hoover, AL",33.553056,-86.815,POINT,177,NEIGHBORHOOD,500 M TO 4KM,SLAMS,"Jefferson County, AL  Department Of Health",OTHER,,NCORE,17.5,
2022-05-08,010730023,2,3.2,Parts per billion,4,North Birmingham,24,100,42401,Sulfur dioxide,100,INSTRUMENTAL - ULTRAVIOLET FLUORESCENCE,13820,"Birmingham-Hoover, AL",33.553056,-86.815,POINT,177,NEIGHBORHOOD,500 M TO 4KM,SLAMS,"Jefferson County, AL  Department Of Health",OTHER,,NCORE,17.5,
2022-05-09,010730023,2,1.1,Parts per billion,1,North Birmingham,22,92,42401,Sulfur dioxide,100,INSTRUMENTAL - ULTRAVIOLET FLUORESCENCE,13820,"Birmingham-Hoover, AL",33.553056,-86.815,POINT,177,NEIGHBORHOOD,500 M TO 4KM,SLAMS,"Jefferson County, AL  Department Of Health",OTHER,,NCORE,17.5,
2022-05-10,010730023,2,2.7,Parts per billion,3,North Birmingham,24,100,42401,Sulfur dioxide,100,INSTRUMENTAL - ULTRAVIOLET FLUORESCENCE,13820,"Birmingham-Hoover, AL",33.553056,-86.815,POINT,177,NEIGHBORHOOD,500 M TO 4KM,SLAMS,"Jefferson County, AL  Department Of Health",OTHER,,NCORE,17.5,
2022-05-11,010730023,2,3.7,Parts per billion,4,North Birmingham,23,96,42401,Sulfur dioxide,100,INSTRUMENTAL - ULTRAVIOLET FLUORESCENCE,13820,"Birmingham-Hoover, AL",33.553056,-86.815,POINT,177,NEIGHBORHOOD,500 M TO 4KM,SLAMS,"Jefferson County, AL  Department Of Health",OTHER,,NCORE,17.5,
2022-05-12,010730023,2,2.4,Parts per billion,3,North Birmingham,17,71,42401,Sulfur dioxide,100,INSTRUMENTAL - ULTRAVIOLET FLUORESCENCE,13820,"Birmingham-Hoover, AL",33.553056,-86.815,POINT,177,NEIGHBORHOOD,500 M TO 4KM,SLAMS,"Jefferson County, AL  Department Of Health",OTHER,,NCORE,17.5,
2022-05-13,010730023,2,0.8,Parts per billion,0,North Birmingham,24,100,42401,Sulfur dioxide,100,INSTRUMENTAL - ULTRAVIOLET FLUORESCENCE,13820,"Birmingham-Hoover, AL",33.553056,-86.815,POINT,177,NEIGHBORHOOD,500 M TO 4KM,SLAMS,"Jefferson County, AL  Department Of Health",OTHER,,NCORE,17.5,
2022-05-14,010730023,2,0.2,Parts per billion,0,North Birmingham,24,100,42401,Sulfur dioxide,100,INSTRUMENTAL - ULTRAVIOLET FLUORESCENCE,13820,"Birmingham-Hoover, AL",33.553056,-86.815,POINT,177,NEIGHBORHOOD,500 M TO 4KM,SLAMS,"Jefferson County, AL  Department Of Health",OTHER,,NCORE,17.5,
2022-05-15,010730023,2,0.3,Parts per billion,0,North Birmingham,24,100,42401,Sulfur dioxide,100,INSTRUMENTAL - ULTRAVIOLET FLUORESCENCE,13820,"Birmingham-Hoover, AL",33.553056,-86.815,POINT,177,NEIGHBORHOOD,500 M TO 4KM,SLAMS,"Jefferson County, AL  Department Of Health",OTHER,,NCORE,17.5,
2022-05-16,010730023,2,0,Parts per billion,0,North Birmingham,24,100,42401,Sulfur dioxide,100,INSTRUMENTAL - ULTRAVIOLET FLUORESCENCE,13820,"Birmingham-Hoover, AL",33.553056,-86.815,POINT,177,NEIGHBORHOOD,500 M TO 4KM,SLAMS,"Jefferson County, AL  Department Of Health",OTHER,,NCORE,17.5,
2022-05-17,010730023,2,7.5,Parts per billion,10,North Birmingham,24,100,42401,Sulfur dioxide,100,INSTRUMENTAL - ULTRAVIOLET FLUORESCENCE,13820,"Birmingham-Hoover, AL",33.553056,-86.815,POINT,177,NEIGHBORHOOD,500 M TO 4KM,SLAMS,"Jefferson County, AL  Department Of Health",OTHER,,NCORE,17.5,
2022-05-18,010730023,2,5.2,Parts per billion,7,North Birmingham,22,92,42401,Sulfur dioxide,100,INSTRUMENTAL - ULTRAVIOLET FLUORESCENCE,13820,"Birmingham-Hoover, AL",33.553056,-86.815,POINT,177,NEIGHBORHOOD,500 M TO 4KM,SLAMS,"Jefferson County, AL  Department Of Health",OTHER,,NCORE,17.5,
2022-05-20,010730023,2,0.6,Parts per billion,0,North Birmingham,21,88,42401,Sulfur dioxide,100,INSTRUMENTAL - ULTRAVIOLET FLUORESCENCE,13820,"Birmingham-Hoover, AL",33.553056,-86.815,POINT,177,NEIGHBORHOOD,500 M TO 4KM,SLAMS,"Jefferson County, AL  Department Of Health",OTHER,,NCORE,17.5,
2022-05-19,010730023,2,0.1,Parts per billion,0,North Birmingham,16,67,42401,Sulfur dioxide,100,INSTRUMENTAL - ULTRAVIOLET FLUORESCENCE,13820,"Birmingham-Hoover, AL",33.553056,-86.815,POINT,177,NEIGHBORHOOD,500 M TO 4KM,SLAMS,"Jefferson County, AL  Department Of Health",OTHER,,NCORE,17.5,
2022-05-21,010730023,2,0.6,Parts per billion,0,North Birmingham,24,100,42401,Sulfur dioxide,100,INSTRUMENTAL - ULTRAVIOLET FLUORESCENCE,13820,"Birmingham-Hoover, AL",33.553056,-86.815,POINT,177,NEIGHBORHOOD,500 M TO 4KM,SLAMS,"Jefferson County, AL  Department Of Health",OTHER,,NCORE,17.5,
2022-05-22,010730023,2,1.1,Parts per billion,1,North Birmingham,24,100,42401,Sulfur dioxide,100,INSTRUMENTAL - ULTRAVIOLET FLUORESCENCE,13820,"Birmingham-Hoover, AL",33.553056,-86.815,POINT,177,NEIGHBORHOOD,500 M TO 4KM,SLAMS,"Jefferson County, AL  Department Of Health",OTHER,,NCORE,17.5,
2022-05-23,010730023,2,0,Parts per billion,0,North Birmingham,24,100,42401,Sulfur dioxide,100,INSTRUMENTAL - ULTRAVIOLET FLUORESCENCE,13820,"Birmingham-Hoover, AL",33.553056,-86.815,POINT,177,NEIGHBORHOOD,500 M TO 4KM,SLAMS,"Jefferson County, AL  Department Of Health",OTHER,,NCORE,17.5,
2022-05-24,010730023,2,0,Parts per billion,0,North Birmingham,24,100,42401,Sulfur dioxide,100,INSTRUMENTAL - ULTRAVIOLET FLUORESCENCE,13820,"Birmingham-Hoover, AL",33.553056,-86.815,POINT,177,NEIGHBORHOOD,500 M TO 4KM,SLAMS,"Jefferson County, AL  Department Of Health",OTHER,,NCORE,17.5,
2022-05-25,010730023,2,0,Parts per billion,0,North Birmingham,24,100,42401,Sulfur dioxide,100,INSTRUMENTAL - ULTRAVIOLET FLUORESCENCE,13820,"Birmingham-Hoover, AL",33.553056,-86.815,POINT,177,NEIGHBORHOOD,500 M TO 4KM,SLAMS,"Jefferson County, AL  Department Of Health",OTHER,,NCORE,17.5,
2022-05-26,010730023,2,0,Parts per billion,0,North Birmingham,21,88,42401,Sulfur dioxide,100,INSTRUMENTAL - ULTRAVIOLET FLUORESCENCE,13820,"Birmingham-Hoover, AL",33.553056,-86.815,POINT,177,NEIGHBORHOOD,500 M TO 4KM,SLAMS,"Jefferson County, AL  Department Of Health",OTHER,,NCORE,17.5,
2022-05-27,010730023,2,0.1,Parts per billion,0,North Birmingham,24,100,42401,Sulfur dioxide,100,INSTRUMENTAL - ULTRAVIOLET FLUORESCENCE,13820,"Birmingham-Hoover, AL",33.553056,-86.815,POINT,177,NEIGHBORHOOD,500 M TO 4KM,SLAMS,"Jefferson County, AL  Department Of Health",OTHER,,NCORE,17.5,
2022-05-28,010730023,2,0.2,Parts per billion,0,North Birmingham,17,71,42401,Sulfur dioxide,100,INSTRUMENTAL - ULTRAVIOLET FLUORESCENCE,13820,"Birmingham-Hoover, AL",33.553056,-86.815,POINT,177,NEIGHBORHOOD,500 M TO 4KM,SLAMS,"Jefferson County, AL  Department Of Health",OTHER,,NCORE,17.5,
2022-05-29,010730023,2,1.2,Parts per billion,1,North Birmingham,15,63,42401,Sulfur dioxide,100,INSTRUMENTAL - ULTRAVIOLET FLUORESCENCE,13820,"Birmingham-Hoover, AL",33.553056,-86.815,POINT,177,NEIGHBORHOOD,500 M TO 4KM,SLAMS,"Jefferson County, AL  Department Of Health",OTHER,,NCORE,17.5,
2022-05-30,010730023,2,0.3,Parts per billion,0,North Birmingham,16,67,42401,Sulfur dioxide,100,INSTRUMENTAL - ULTRAVIOLET FLUORESCENCE,13820,"Birmingham-Hoover, AL",33.553056,-86.815,POINT,177,NEIGHBORHOOD,500 M TO 4KM,SLAMS,"Jefferson County, AL  Department Of Health",OTHER,,NCORE,17.5,
2022-05-31,010730023,2,0.1,Parts per billion,0,North Birmingham,15,63,42401,Sulfur dioxide,100,INSTRUMENTAL - ULTRAVIOLET FLUORESCENCE,13820,"Birmingham-Hoover, AL",33.553056,-86.815,POINT,177,NEIGHBORHOOD,500 M TO 4KM,SLAMS,"Jefferson County, AL  Department Of Health",OTHER,,NCORE,17.5,
2022-06-01,010730023,2,0.3,Parts per billion,0,North Birmingham,23,96,42401,Sulfur dioxide,100,INSTRUMENTAL - ULTRAVIOLET FLUORESCENCE,13820,"Birmingham-Hoover, AL",33.553056,-86.815,POINT,177,NEIGHBORHOOD,500 M TO 4KM,SLAMS,"Jefferson County, AL  Department Of Health",OTHER,,NCORE,17.5,
2022-06-02,010730023,2,0.5,Parts per billion,0,North Birmingham,15,63,42401,Sulfur dioxide,100,INSTRUMENTAL - ULTRAVIOLET FLUORESCENCE,13820,"Birmingham-Hoover, AL",33.553056,-86.815,POINT,177,NEIGHBORHOOD,500 M TO 4KM,SLAMS,"Jefferson County, AL  Department Of Health",OTHER,,NCORE,17.5,
2022-06-03,010730023,2,0,Parts per billion,0,North Birmingham,5,21,42401,Sulfur dioxide,100,INSTRUMENTAL - ULTRAVIOLET FLUORESCENCE,13820,"Birmingham-Hoover, AL",33.553056,-86.815,POINT,177,NEIGHBORHOOD,500 M TO 4KM,SLAMS,"Jefferson County, AL  Department Of Health",OTHER,,NCORE,17.5,
2022-06-06,010730023,2,0.4,Parts per billion,0,North Birmingham,20,83,42401,Sulfur dioxide,100,INSTRUMENTAL - ULTRAVIOLET FLUORESCENCE,13820,"Birmingham-Hoover, AL",33.553056,-86.815,POINT,177,NEIGHBORHOOD,500 M TO 4KM,SLAMS,"Jefferson County, AL  Department Of Health",OTHER,,NCORE,17.5,
2022-06-07,010730023,2,0.4,Parts per billion,0,North Birmingham,24,100,42401,Sulfur dioxide,100,INSTRUMENTAL - ULTRAVIOLET FLUORESCENCE,13820,"Birmingham-Hoover, AL",33.553056,-86.815,POINT,177,NEIGHBORHOOD,500 M TO 4KM,SLAMS,"Jefferson County, AL  Department Of Health",OTHER,,NCORE,17.5,
2022-06-09,010730023,2,0.1,Parts per billion,0,North Birmingham,19,79,42401,Sulfur dioxide,100,INSTRUMENTAL - ULTRAVIOLET FLUORESCENCE,13820,"Birmingham-Hoover, AL",33.553056,-86.815,POINT,177,NEIGHBORHOOD,500 M TO 4KM,SLAMS,"Jefferson County, AL  Department Of Health",OTHER,,NCORE,17.5,
2022-06-08,010730023,2,0.2,Parts per billion,0,North Birmingham,22,92,42401,Sulfur dioxide,100,INSTRUMENTAL - ULTRAVIOLET FLUORESCENCE,13820,"Birmingham-Hoover, AL",33.553056,-86.815,POINT,177,NEIGHBORHOOD,500 M TO 4KM,SLAMS,"Jefferson County, AL  Department Of Health",OTHER,,NCORE,17.5,
2022-06-10,010730023,2,0.3,Parts per billion,0,North Birmingham,4,17,42401,Sulfur dioxide,100,INSTRUMENTAL - ULTRAVIOLET FLUORESCENCE,13820,"Birmingham-Hoover, AL",33.553056,-86.815,POINT,177,NEIGHBORHOOD,500 M TO 4KM,SLAMS,"Jefferson County, AL  Department Of Health",OTHER,,NCORE,17.5,
2022-06-12,010730023,2,0.8,Parts per billion,0,North Birmingham,24,100,42401,Sulfur dioxide,100,INSTRUMENTAL - ULTRAVIOLET FLUORESCENCE,13820,"Birmingham-Hoover, AL",33.553056,-86.815,POINT,177,NEIGHBORHOOD,500 M TO 4KM,SLAMS,"Jefferson County, AL  Department Of Health",OTHER,,NCORE,17.5,
2022-06-13,010730023,2,0.6,Parts per billion,0,North Birmingham,24,100,42401,Sulfur dioxide,100,INSTRUMENTAL - ULTRAVIOLET FLUORESCENCE,13820,"Birmingham-Hoover, AL",33.553056,-86.815,POINT,177,NEIGHBORHOOD,500 M TO 4KM,SLAMS,"Jefferson County, AL  Department Of Health",OTHER,,NCORE,17.5,
2022-06-14,010730023,2,0.6,Parts per billion,0,North Birmingham,24,100,42401,Sulfur dioxide,100,INSTRUMENTAL - ULTRAVIOLET FLUORESCENCE,13820,"Birmingham-Hoover, AL",33.553056,-86.815,POINT,177,NEIGHBORHOOD,500 M TO 4KM,SLAMS,"Jefferson County, AL  Department Of Health",OTHER,,NCORE,17.5,
2022-06-15,010730023,2,0.4,Parts per billion,0,North Birmingham,24,100,42401,Sulfur dioxide,100,INSTRUMENTAL - ULTRAVIOLET FLUORESCENCE,13820,"Birmingham-Hoover, AL",33.553056,-86.815,POINT,177,NEIGHBORHOOD,500 M TO 4KM,SLAMS,"Jefferson County, AL  Department Of Health",OTHER,,NCORE,17.5,
2022-06-16,010730023,2,0.7,Parts per billion,0,North Birmingham,17,71,42401,Sulfur dioxide,100,INSTRUMENTAL - ULTRAVIOLET FLUORESCENCE,13820,"Birmingham-Hoover, AL",33.553056,-86.815,POINT,177,NEIGHBORHOOD,500 M TO 4KM,SLAMS,"Jefferson County, AL  Department Of Health",OTHER,,NCORE,17.5,
2022-06-17,010730023,2,1.3,Parts per billion,1,North Birmingham,24,100,42401,Sulfur dioxide,100,INSTRUMENTAL - ULTRAVIOLET FLUORESCENCE,13820,"Birmingham-Hoover, AL",33.553056,-86.815,POINT,177,NEIGHBORHOOD,500 M TO 4KM,SLAMS,"Jefferson County, AL  Department Of Health",OTHER,,NCORE,17.5,
2022-06-18,010730023,2,0.3,Parts per billion,0,North Birmingham,24,100,42401,Sulfur dioxide,100,INSTRUMENTAL - ULTRAVIOLET FLUORESCENCE,13820,"Birmingham-Hoover, AL",33.553056,-86.815,POINT,177,NEIGHBORHOOD,500 M TO 4KM,SLAMS,"Jefferson County, AL  Department Of Health",OTHER,,NCORE,17.5,
2022-06-19,010730023,2,4.3,Parts per billion,6,North Birmingham,24,100,42401,Sulfur dioxide,100,INSTRUMENTAL - ULTRAVIOLET FLUORESCENCE,13820,"Birmingham-Hoover, AL",33.553056,-86.815,POINT,177,NEIGHBORHOOD,500 M TO 4KM,SLAMS,"Jefferson County, AL  Department Of Health",OTHER,,NCORE,17.5,
2022-06-20,010730023,2,5.3,Parts per billion,7,North Birmingham,3,13,42401,Sulfur dioxide,100,INSTRUMENTAL - ULTRAVIOLET FLUORESCENCE,13820,"Birmingham-Hoover, AL",33.553056,-86.815,POINT,177,NEIGHBORHOOD,500 M TO 4KM,SLAMS,"Jefferson County, AL  Department Of Health",OTHER,,NCORE,17.5,
2022-06-21,010730023,2,1.3,Parts per billion,1,North Birmingham,16,67,42401,Sulfur dioxide,100,INSTRUMENTAL - ULTRAVIOLET FLUORESCENCE,13820,"Birmingham-Hoover, AL",33.553056,-86.815,POINT,177,NEIGHBORHOOD,500 M TO 4KM,SLAMS,"Jefferson County, AL  Department Of Health",OTHER,,NCORE,17.5,
2022-06-22,010730023,2,2.1,Parts per billion,3,North Birmingham,24,100,42401,Sulfur dioxide,100,INSTRUMENTAL - ULTRAVIOLET FLUORESCENCE,13820,"Birmingham-Hoover, AL",33.553056,-86.815,POINT,177,NEIGHBORHOOD,500 M TO 4KM,SLAMS,"Jefferson County, AL  Department Of Health",OTHER,,NCORE,17.5,
2022-06-23,010730023,2,0.5,Parts per billion,0,North Birmingham,24,100,42401,Sulfur dioxide,100,INSTRUMENTAL - ULTRAVIOLET FLUORESCENCE,13820,"Birmingham-Hoover, AL",33.553056,-86.815,POINT,177,NEIGHBORHOOD,500 M TO 4KM,SLAMS,"Jefferson County, AL  Department Of Health",OTHER,,NCORE,17.5,
2022-06-24,010730023,2,6.5,Parts per billion,9,North Birmingham,22,92,42401,Sulfur dioxide,100,INSTRUMENTAL - ULTRAVIOLET FLUORESCENCE,13820,"Birmingham-Hoover, AL",33.553056,-86.815,POINT,177,NEIGHBORHOOD,500 M TO 4KM,SLAMS,"Jefferson County, AL  Department Of Health",OTHER,,NCORE,17.5,
2022-06-25,010730023,2,3.3,Parts per billion,4,North Birmingham,24,100,42401,Sulfur dioxide,100,INSTRUMENTAL - ULTRAVIOLET FLUORESCENCE,13820,"Birmingham-Hoover, AL",33.553056,-86.815,POINT,177,NEIGHBORHOOD,500 M TO 4KM,SLAMS,"Jefferson County, AL  Department Of Health",OTHER,,NCORE,17.5,
2022-06-26,010730023,2,0.3,Parts per billion,0,North Birmingham,24,100,42401,Sulfur dioxide,100,INSTRUMENTAL - ULTRAVIOLET FLUORESCENCE,13820,"Birmingham-Hoover, AL",33.553056,-86.815,POINT,177,NEIGHBORHOOD,500 M TO 4KM,SLAMS,"Jefferson County, AL  Department Of Health",OTHER,,NCORE,17.5,
2022-06-27,010730023,2,0.3,Parts per billion,0,North Birmingham,24,100,42401,Sulfur dioxide,100,INSTRUMENTAL - ULTRAVIOLET FLUORESCENCE,13820,"Birmingham-Hoover, AL",33.553056,-86.815,POINT,177,NEIGHBORHOOD,500 M TO 4KM,SLAMS,"Jefferson County, AL  Department Of Health",OTHER,,NCORE,17.5,
2022-06-28,010730023,2,1.5,Parts per billion,1,North Birmingham,21,88,42401,Sulfur dioxide,100,INSTRUMENTAL - ULTRAVIOLET FLUORESCENCE,13820,"Birmingham-Hoover, AL",33.553056,-86.815,POINT,177,NEIGHBORHOOD,500 M TO 4KM,SLAMS,"Jefferson County, AL  Department Of Health",OTHER,,NCORE,17.5,
2022-06-29,010730023,2,0.2,Parts per billion,0,North Birmingham,24,100,42401,Sulfur dioxide,100,INSTRUMENTAL - ULTRAVIOLET FLUORESCENCE,13820,"Birmingham-Hoover, AL",33.553056,-86.815,POINT,177,NEIGHBORHOOD,500 M TO 4KM,SLAMS,"Jefferson County, AL  Department Of Health",OTHER,,NCORE,17.5,
2022-06-30,010730023,2,0.2,Parts per billion,0,North Birmingham,24,100,42401,Sulfur dioxide,100,INSTRUMENTAL - ULTRAVIOLET FLUORESCENCE,13820,"Birmingham-Hoover, AL",33.553056,-86.815,POINT,177,NEIGHBORHOOD,500 M TO 4KM,SLAMS,"Jefferson County, AL  Department Of Health",OTHER,,NCORE,17.5,
2022-07-01,010730023,2,1,Parts per billion,1,North Birmingham,19,79,42401,Sulfur dioxide,100,INSTRUMENTAL - ULTRAVIOLET FLUORESCENCE,13820,"Birmingham-Hoover, AL",33.553056,-86.815,POINT,177,NEIGHBORHOOD,500 M TO 4KM,SLAMS,"Jefferson County, AL  Department Of Health",OTHER,,NCORE,17.5,
2022-07-02,010730023,2,1,Parts per billion,1,North Birmingham,24,100,42401,Sulfur dioxide,100,INSTRUMENTAL - ULTRAVIOLET FLUORESCENCE,13820,"Birmingham-Hoover, AL",33.553056,-86.815,POINT,177,NEIGHBORHOOD,500 M TO 4KM,SLAMS,"Jefferson County, AL  Department Of Health",OTHER,,NCORE,17.5,
2022-07-03,010730023,2,0.2,Parts per billion,0,North Birmingham,24,100,42401,Sulfur dioxide,100,INSTRUMENTAL - ULTRAVIOLET FLUORESCENCE,13820,"Birmingham-Hoover, AL",33.553056,-86.815,POINT,177,NEIGHBORHOOD,500 M TO 4KM,SLAMS,"Jefferson County, AL  Department Of Health",OTHER,,NCORE,17.5,
2022-07-04,010730023,2,0.6,Parts per billion,0,North Birmingham,24,100,42401,Sulfur dioxide,100,INSTRUMENTAL - ULTRAVIOLET FLUORESCENCE,13820,"Birmingham-Hoover, AL",33.553056,-86.815,POINT,177,NEIGHBORHOOD,500 M TO 4KM,SLAMS,"Jefferson County, AL  Department Of Health",OTHER,,NCORE,17.5,
2022-07-05,010730023,2,0.5,Parts per billion,0,North Birmingham,24,100,42401,Sulfur dioxide,100,INSTRUMENTAL - ULTRAVIOLET FLUORESCENCE,13820,"Birmingham-Hoover, AL",33.553056,-86.815,POINT,177,NEIGHBORHOOD,500 M TO 4KM,SLAMS,"Jefferson County, AL  Department Of Health",OTHER,,NCORE,17.5,
2022-07-06,010730023,2,0.3,Parts per billion,0,North Birmingham,24,100,42401,Sulfur dioxide,100,INSTRUMENTAL - ULTRAVIOLET FLUORESCENCE,13820,"Birmingham-Hoover, AL",33.553056,-86.815,POINT,177,NEIGHBORHOOD,500 M TO 4KM,SLAMS,"Jefferson County, AL  Department Of Health",OTHER,,NCORE,17.5,
2022-07-07,010730023,2,0.5,Parts per billion,0,North Birmingham,22,92,42401,Sulfur dioxide,100,INSTRUMENTAL - ULTRAVIOLET FLUORESCENCE,13820,"Birmingham-Hoover, AL",33.553056,-86.815,POINT,177,NEIGHBORHOOD,500 M TO 4KM,SLAMS,"Jefferson County, AL  Department Of Health",OTHER,,NCORE,17.5,
2022-07-08,010730023,2,0.5,Parts per billion,0,North Birmingham,24,100,42401,Sulfur dioxide,100,INSTRUMENTAL - ULTRAVIOLET FLUORESCENCE,13820,"Birmingham-Hoover, AL",33.553056,-86.815,POINT,177,NEIGHBORHOOD,500 M TO 4KM,SLAMS,"Jefferson County, AL  Department Of Health",OTHER,,NCORE,17.5,
2022-07-09,010730023,2,0.3,Parts per billion,0,North Birmingham,10,42,42401,Sulfur dioxide,100,INSTRUMENTAL - ULTRAVIOLET FLUORESCENCE,13820,"Birmingham-Hoover, AL",33.553056,-86.815,POINT,177,NEIGHBORHOOD,500 M TO 4KM,SLAMS,"Jefferson County, AL  Department Of Health",OTHER,,NCORE,17.5,
2022-07-11,010730023,2,0.3,Parts per billion,0,North Birmingham,17,71,42401,Sulfur dioxide,100,INSTRUMENTAL - ULTRAVIOLET FLUORESCENCE,13820,"Birmingham-Hoover, AL",33.553056,-86.815,POINT,177,NEIGHBORHOOD,500 M TO 4KM,SLAMS,"Jefferson County, AL  Department Of Health",OTHER,,NCORE,17.5,
2022-07-12,010730023,2,1.1,Parts per billion,1,North Birmingham,24,100,42401,Sulfur dioxide,100,INSTRUMENTAL - ULTRAVIOLET FLUORESCENCE,13820,"Birmingham-Hoover, AL",33.553056,-86.815,POINT,177,NEIGHBORHOOD,500 M TO 4KM,SLAMS,"Jefferson County, AL  Department Of Health",OTHER,,NCORE,17.5,
2022-07-13,010730023,2,0.8,Parts per billion,0,North Birmingham,22,92,42401,Sulfur dioxide,100,INSTRUMENTAL - ULTRAVIOLET FLUORESCENCE,13820,"Birmingham-Hoover, AL",33.553056,-86.815,POINT,177,NEIGHBORHOOD,500 M TO 4KM,SLAMS,"Jefferson County, AL  Department Of Health",OTHER,,NCORE,17.5,
2022-07-14,010730023,2,1,Parts per billion,1,North Birmingham,21,88,42401,Sulfur dioxide,100,INSTRUMENTAL - ULTRAVIOLET FLUORESCENCE,13820,"Birmingham-Hoover, AL",33.553056,-86.815,POINT,177,NEIGHBORHOOD,500 M TO 4KM,SLAMS,"Jefferson County, AL  Department Of Health",OTHER,,NCORE,17.5,
2022-07-15,010730023,2,3.1,Parts per billion,4,North Birmingham,21,88,42401,Sulfur dioxide,100,INSTRUMENTAL - ULTRAVIOLET FLUORESCENCE,13820,"Birmingham-Hoover, AL",33.553056,-86.815,POINT,177,NEIGHBORHOOD,500 M TO 4KM,SLAMS,"Jefferson County, AL  Department Of Health",OTHER,,NCORE,17.5,
2022-07-16,010730023,2,2.2,Parts per billion,3,North Birmingham,24,100,42401,Sulfur dioxide,100,INSTRUMENTAL - ULTRAVIOLET FLUORESCENCE,13820,"Birmingham-Hoover, AL",33.553056,-86.815,POINT,177,NEIGHBORHOOD,500 M TO 4KM,SLAMS,"Jefferson County, AL  Department Of Health",OTHER,,NCORE,17.5,
2022-07-17,010730023,2,1,Parts per billion,1,North Birmingham,24,100,42401,Sulfur dioxide,100,INSTRUMENTAL - ULTRAVIOLET FLUORESCENCE,13820,"Birmingham-Hoover, AL",33.553056,-86.815,POINT,177,NEIGHBORHOOD,500 M TO 4KM,SLAMS,"Jefferson County, AL  Department Of Health",OTHER,,NCORE,17.5,
2022-07-19,010730023,2,0.4,Parts per billion,0,North Birmingham,15,63,42401,Sulfur dioxide,100,INSTRUMENTAL - ULTRAVIOLET FLUORESCENCE,13820,"Birmingham-Hoover, AL",33.553056,-86.815,POINT,177,NEIGHBORHOOD,500 M TO 4KM,SLAMS,"Jefferson County, AL  Department Of Health",OTHER,,NCORE,17.5,
2022-07-18,010730023,2,0.4,Parts per billion,0,North Birmingham,9,38,42401,Sulfur dioxide,100,INSTRUMENTAL - ULTRAVIOLET FLUORESCENCE,13820,"Birmingham-Hoover, AL",33.553056,-86.815,POINT,177,NEIGHBORHOOD,500 M TO 4KM,SLAMS,"Jefferson County, AL  Department Of Health",OTHER,,NCORE,17.5,
2022-07-20,010730023,2,0.5,Parts per billion,0,North Birmingham,21,88,42401,Sulfur dioxide,100,INSTRUMENTAL - ULTRAVIOLET FLUORESCENCE,13820,"Birmingham-Hoover, AL",33.553056,-86.815,POINT,177,NEIGHBORHOOD,500 M TO 4KM,SLAMS,"Jefferson County, AL  Department Of Health",OTHER,,NCORE,17.5,
2022-07-21,010730023,2,0.2,Parts per billion,0,North Birmingham,24,100,42401,Sulfur dioxide,100,INSTRUMENTAL - ULTRAVIOLET FLUORESCENCE,13820,"Birmingham-Hoover, AL",33.553056,-86.815,POINT,177,NEIGHBORHOOD,500 M TO 4KM,SLAMS,"Jefferson County, AL  Department Of Health",OTHER,,NCORE,17.5,
2022-07-22,010730023,2,0.1,Parts per billion,0,North Birmingham,24,100,42401,Sulfur dioxide,100,INSTRUMENTAL - ULTRAVIOLET FLUORESCENCE,13820,"Birmingham-Hoover, AL",33.553056,-86.815,POINT,177,NEIGHBORHOOD,500 M TO 4KM,SLAMS,"Jefferson County, AL  Department Of Health",OTHER,,NCORE,17.5,
2022-07-23,010730023,2,0.4,Parts per billion,0,North Birmingham,24,100,42401,Sulfur dioxide,100,INSTRUMENTAL - ULTRAVIOLET FLUORESCENCE,13820,"Birmingham-Hoover, AL",33.553056,-86.815,POINT,177,NEIGHBORHOOD,500 M TO 4KM,SLAMS,"Jefferson County, AL  Department Of Health",OTHER,,NCORE,17.5,
2022-07-24,010730023,2,0.9,Parts per billion,0,North Birmingham,24,100,42401,Sulfur dioxide,100,INSTRUMENTAL - ULTRAVIOLET FLUORESCENCE,13820,"Birmingham-Hoover, AL",33.553056,-86.815,POINT,177,NEIGHBORHOOD,500 M TO 4KM,SLAMS,"Jefferson County, AL  Department Of Health",OTHER,,NCORE,17.5,
2022-07-25,010730023,2,0.3,Parts per billion,0,North Birmingham,24,100,42401,Sulfur dioxide,100,INSTRUMENTAL - ULTRAVIOLET FLUORESCENCE,13820,"Birmingham-Hoover, AL",33.553056,-86.815,POINT,177,NEIGHBORHOOD,500 M TO 4KM,SLAMS,"Jefferson County, AL  Department Of Health",OTHER,,NCORE,17.5,
2022-07-26,010730023,2,0.1,Parts per billion,0,North Birmingham,24,100,42401,Sulfur dioxide,100,INSTRUMENTAL - ULTRAVIOLET FLUORESCENCE,13820,"Birmingham-Hoover, AL",33.553056,-86.815,POINT,177,NEIGHBORHOOD,500 M TO 4KM,SLAMS,"Jefferson County, AL  Department Of Health",OTHER,,NCORE,17.5,
2022-07-27,010730023,2,0.1,Parts per billion,0,North Birmingham,20,83,42401,Sulfur dioxide,100,INSTRUMENTAL - ULTRAVIOLET FLUORESCENCE,13820,"Birmingham-Hoover, AL",33.553056,-86.815,POINT,177,NEIGHBORHOOD,500 M TO 4KM,SLAMS,"Jefferson County, AL  Department Of Health",OTHER,,NCORE,17.5,
2022-07-28,010730023,2,0,Parts per billion,0,North Birmingham,21,88,42401,Sulfur dioxide,100,INSTRUMENTAL - ULTRAVIOLET FLUORESCENCE,13820,"Birmingham-Hoover, AL",33.553056,-86.815,POINT,177,NEIGHBORHOOD,500 M TO 4KM,SLAMS,"Jefferson County, AL  Department Of Health",OTHER,,NCORE,17.5,
2022-07-29,010730023,2,0.1,Parts per billion,0,North Birmingham,24,100,42401,Sulfur dioxide,100,INSTRUMENTAL - ULTRAVIOLET FLUORESCENCE,13820,"Birmingham-Hoover, AL",33.553056,-86.815,POINT,177,NEIGHBORHOOD,500 M TO 4KM,SLAMS,"Jefferson County, AL  Department Of Health",OTHER,,NCORE,17.5,
2022-07-30,010730023,2,0.2,Parts per billion,0,North Birmingham,24,100,42401,Sulfur dioxide,100,INSTRUMENTAL - ULTRAVIOLET FLUORESCENCE,13820,"Birmingham-Hoover, AL",33.553056,-86.815,POINT,177,NEIGHBORHOOD,500 M TO 4KM,SLAMS,"Jefferson County, AL  Department Of Health",OTHER,,NCORE,17.5,
2022-07-31,010730023,2,0,Parts per billion,0,North Birmingham,24,100,42401,Sulfur dioxide,100,INSTRUMENTAL - ULTRAVIOLET FLUORESCENCE,13820,"Birmingham-Hoover, AL",33.553056,-86.815,POINT,177,NEIGHBORHOOD,500 M TO 4KM,SLAMS,"Jefferson County, AL  Department Of Health",OTHER,,NCORE,17.5,
2022-08-01,010730023,2,0.2,Parts per billion,0,North Birmingham,24,100,42401,Sulfur dioxide,100,INSTRUMENTAL - ULTRAVIOLET FLUORESCENCE,13820,"Birmingham-Hoover, AL",33.553056,-86.815,POINT,177,NEIGHBORHOOD,500 M TO 4KM,SLAMS,"Jefferson County, AL  Department Of Health",OTHER,,NCORE,17.5,
2022-08-02,010730023,2,0.1,Parts per billion,0,North Birmingham,24,100,42401,Sulfur dioxide,100,INSTRUMENTAL - ULTRAVIOLET FLUORESCENCE,13820,"Birmingham-Hoover, AL",33.553056,-86.815,POINT,177,NEIGHBORHOOD,500 M TO 4KM,SLAMS,"Jefferson County, AL  Department Of Health",OTHER,,NCORE,17.5,
2022-08-03,010730023,2,0.1,Parts per billion,0,North Birmingham,22,92,42401,Sulfur dioxide,100,INSTRUMENTAL - ULTRAVIOLET FLUORESCENCE,13820,"Birmingham-Hoover, AL",33.553056,-86.815,POINT,177,NEIGHBORHOOD,500 M TO 4KM,SLAMS,"Jefferson County, AL  Department Of Health",OTHER,,NCORE,17.5,
2022-08-04,010730023,2,0.4,Parts per billion,0,North Birmingham,24,100,42401,Sulfur dioxide,100,INSTRUMENTAL - ULTRAVIOLET FLUORESCENCE,13820,"Birmingham-Hoover, AL",33.553056,-86.815,POINT,177,NEIGHBORHOOD,500 M TO 4KM,SLAMS,"Jefferson County, AL  Department Of Health",OTHER,,NCORE,17.5,
2022-08-05,010730023,2,0.9,Parts per billion,0,North Birmingham,22,92,42401,Sulfur dioxide,100,INSTRUMENTAL - ULTRAVIOLET FLUORESCENCE,13820,"Birmingham-Hoover, AL",33.553056,-86.815,POINT,177,NEIGHBORHOOD,500 M TO 4KM,SLAMS,"Jefferson County, AL  Department Of Health",OTHER,,NCORE,17.5,
2022-08-06,010730023,2,0.4,Parts per billion,0,North Birmingham,24,100,42401,Sulfur dioxide,100,INSTRUMENTAL - ULTRAVIOLET FLUORESCENCE,13820,"Birmingham-Hoover, AL",33.553056,-86.815,POINT,177,NEIGHBORHOOD,500 M TO 4KM,SLAMS,"Jefferson County, AL  Department Of Health",OTHER,,NCORE,17.5,
2022-08-07,010730023,2,0,Parts per billion,0,North Birmingham,24,100,42401,Sulfur dioxide,100,INSTRUMENTAL - ULTRAVIOLET FLUORESCENCE,13820,"Birmingham-Hoover, AL",33.553056,-86.815,POINT,177,NEIGHBORHOOD,500 M TO 4KM,SLAMS,"Jefferson County, AL  Department Of Health",OTHER,,NCORE,17.5,
2022-08-08,010730023,2,0.2,Parts per billion,0,North Birmingham,20,83,42401,Sulfur dioxide,100,INSTRUMENTAL - ULTRAVIOLET FLUORESCENCE,13820,"Birmingham-Hoover, AL",33.553056,-86.815,POINT,177,NEIGHBORHOOD,500 M TO 4KM,SLAMS,"Jefferson County, AL  Department Of Health",OTHER,,NCORE,17.5,
2022-08-09,010730023,2,0,Parts per billion,0,North Birmingham,10,42,42401,Sulfur dioxide,100,INSTRUMENTAL - ULTRAVIOLET FLUORESCENCE,13820,"Birmingham-Hoover, AL",33.553056,-86.815,POINT,177,NEIGHBORHOOD,500 M TO 4KM,SLAMS,"Jefferson County, AL  Department Of Health",OTHER,,NCORE,17.5,
2022-08-10,010730023,2,0.5,Parts per billion,0,North Birmingham,24,100,42401,Sulfur dioxide,100,INSTRUMENTAL - ULTRAVIOLET FLUORESCENCE,13820,"Birmingham-Hoover, AL",33.553056,-86.815,POINT,177,NEIGHBORHOOD,500 M TO 4KM,SLAMS,"Jefferson County, AL  Department Of Health",OTHER,,NCORE,17.5,
2022-08-11,010730023,2,0.4,Parts per billion,0,North Birmingham,22,92,42401,Sulfur dioxide,100,INSTRUMENTAL - ULTRAVIOLET FLUORESCENCE,13820,"Birmingham-Hoover, AL",33.553056,-86.815,POINT,177,NEIGHBORHOOD,500 M TO 4KM,SLAMS,"Jefferson County, AL  Department Of Health",OTHER,,NCORE,17.5,
2022-08-12,010730023,2,0,Parts per billion,0,North Birmingham,22,92,42401,Sulfur dioxide,100,INSTRUMENTAL - ULTRAVIOLET FLUORESCENCE,13820,"Birmingham-Hoover, AL",33.553056,-86.815,POINT,177,NEIGHBORHOOD,500 M TO 4KM,SLAMS,"Jefferson County, AL  Department Of Health",OTHER,,NCORE,17.5,
2022-08-13,010730023,2,0.9,Parts per billion,0,North Birmingham,24,100,42401,Sulfur dioxide,100,INSTRUMENTAL - ULTRAVIOLET FLUORESCENCE,13820,"Birmingham-Hoover, AL",33.553056,-86.815,POINT,177,NEIGHBORHOOD,500 M TO 4KM,SLAMS,"Jefferson County, AL  Department Of Health",OTHER,,NCORE,17.5,
2022-08-14,010730023,2,2.2,Parts per billion,3,North Birmingham,24,100,42401,Sulfur dioxide,100,INSTRUMENTAL - ULTRAVIOLET FLUORESCENCE,13820,"Birmingham-Hoover, AL",33.553056,-86.815,POINT,177,NEIGHBORHOOD,500 M TO 4KM,SLAMS,"Jefferson County, AL  Department Of Health",OTHER,,NCORE,17.5,
2022-08-15,010730023,2,0.4,Parts per billion,0,North Birmingham,24,100,42401,Sulfur dioxide,100,INSTRUMENTAL - ULTRAVIOLET FLUORESCENCE,13820,"Birmingham-Hoover, AL",33.553056,-86.815,POINT,177,NEIGHBORHOOD,500 M TO 4KM,SLAMS,"Jefferson County, AL  Department Of Health",OTHER,,NCORE,17.5,
2022-08-16,010730023,2,0.1,Parts per billion,0,North Birmingham,24,100,42401,Sulfur dioxide,100,INSTRUMENTAL - ULTRAVIOLET FLUORESCENCE,13820,"Birmingham-Hoover, AL",33.553056,-86.815,POINT,177,NEIGHBORHOOD,500 M TO 4KM,SLAMS,"Jefferson County, AL  Department Of Health",OTHER,,NCORE,17.5,
2022-08-17,010730023,2,0.2,Parts per billion,0,North Birmingham,24,100,42401,Sulfur dioxide,100,INSTRUMENTAL - ULTRAVIOLET FLUORESCENCE,13820,"Birmingham-Hoover, AL",33.553056,-86.815,POINT,177,NEIGHBORHOOD,500 M TO 4KM,SLAMS,"Jefferson County, AL  Department Of Health",OTHER,,NCORE,17.5,
2022-08-18,010730023,2,0.4,Parts per billion,0,North Birmingham,24,100,42401,Sulfur dioxide,100,INSTRUMENTAL - ULTRAVIOLET FLUORESCENCE,13820,"Birmingham-Hoover, AL",33.553056,-86.815,POINT,177,NEIGHBORHOOD,500 M TO 4KM,SLAMS,"Jefferson County, AL  Department Of Health",OTHER,,NCORE,17.5,
2022-08-19,010730023,2,0,Parts per billion,0,North Birmingham,24,100,42401,Sulfur dioxide,100,INSTRUMENTAL - ULTRAVIOLET FLUORESCENCE,13820,"Birmingham-Hoover, AL",33.553056,-86.815,POINT,177,NEIGHBORHOOD,500 M TO 4KM,SLAMS,"Jefferson County, AL  Department Of Health",OTHER,,NCORE,17.5,
2022-08-20,010730023,2,-0.1,Parts per billion,0,North Birmingham,2,8,42401,Sulfur dioxide,100,INSTRUMENTAL - ULTRAVIOLET FLUORESCENCE,13820,"Birmingham-Hoover, AL",33.553056,-86.815,POINT,177,NEIGHBORHOOD,500 M TO 4KM,SLAMS,"Jefferson County, AL  Department Of Health",OTHER,,NCORE,17.5,
2022-08-22,010730023,2,0,Parts per billion,0,North Birmingham,17,71,42401,Sulfur dioxide,100,INSTRUMENTAL - ULTRAVIOLET FLUORESCENCE,13820,"Birmingham-Hoover, AL",33.553056,-86.815,POINT,177,NEIGHBORHOOD,500 M TO 4KM,SLAMS,"Jefferson County, AL  Department Of Health",OTHER,,NCORE,17.5,
2022-08-23,010730023,2,0.1,Parts per billion,0,North Birmingham,24,100,42401,Sulfur dioxide,100,INSTRUMENTAL - ULTRAVIOLET FLUORESCENCE,13820,"Birmingham-Hoover, AL",33.553056,-86.815,POINT,177,NEIGHBORHOOD,500 M TO 4KM,SLAMS,"Jefferson County, AL  Department Of Health",OTHER,,NCORE,17.5,
2022-08-24,010730023,2,0.4,Parts per billion,0,North Birmingham,24,100,42401,Sulfur dioxide,100,INSTRUMENTAL - ULTRAVIOLET FLUORESCENCE,13820,"Birmingham-Hoover, AL",33.553056,-86.815,POINT,177,NEIGHBORHOOD,500 M TO 4KM,SLAMS,"Jefferson County, AL  Department Of Health",OTHER,,NCORE,17.5,
2022-08-25,010730023,2,0.2,Parts per billion,0,North Birmingham,18,75,42401,Sulfur dioxide,100,INSTRUMENTAL - ULTRAVIOLET FLUORESCENCE,13820,"Birmingham-Hoover, AL",33.553056,-86.815,POINT,177,NEIGHBORHOOD,500 M TO 4KM,SLAMS,"Jefferson County, AL  Department Of Health",OTHER,,NCORE,17.5,
2022-08-26,010730023,2,2.6,Parts per billion,3,North Birmingham,24,100,42401,Sulfur dioxide,100,INSTRUMENTAL - ULTRAVIOLET FLUORESCENCE,13820,"Birmingham-Hoover, AL",33.553056,-86.815,POINT,177,NEIGHBORHOOD,500 M TO 4KM,SLAMS,"Jefferson County, AL  Department Of Health",OTHER,,NCORE,17.5,
2022-08-27,010730023,2,0.6,Parts per billion,0,North Birmingham,24,100,42401,Sulfur dioxide,100,INSTRUMENTAL - ULTRAVIOLET FLUORESCENCE,13820,"Birmingham-Hoover, AL",33.553056,-86.815,POINT,177,NEIGHBORHOOD,500 M TO 4KM,SLAMS,"Jefferson County, AL  Department Of Health",OTHER,,NCORE,17.5,
2022-08-28,010730023,2,0.1,Parts per billion,0,North Birmingham,18,75,42401,Sulfur dioxide,100,INSTRUMENTAL - ULTRAVIOLET FLUORESCENCE,13820,"Birmingham-Hoover, AL",33.553056,-86.815,POINT,177,NEIGHBORHOOD,500 M TO 4KM,SLAMS,"Jefferson County, AL  Department Of Health",OTHER,,NCORE,17.5,
2022-08-29,010730023,2,0.2,Parts per billion,0,North Birmingham,15,63,42401,Sulfur dioxide,100,INSTRUMENTAL - ULTRAVIOLET FLUORESCENCE,13820,"Birmingham-Hoover, AL",33.553056,-86.815,POINT,177,NEIGHBORHOOD,500 M TO 4KM,SLAMS,"Jefferson County, AL  Department Of Health",OTHER,,NCORE,17.5,
2022-08-30,010730023,2,0.7,Parts per billion,0,North Birmingham,24,100,42401,Sulfur dioxide,100,INSTRUMENTAL - ULTRAVIOLET FLUORESCENCE,13820,"Birmingham-Hoover, AL",33.553056,-86.815,POINT,177,NEIGHBORHOOD,500 M TO 4KM,SLAMS,"Jefferson County, AL  Department Of Health",OTHER,,NCORE,17.5,
2022-08-31,010730023,2,0.6,Parts per billion,0,North Birmingham,24,100,42401,Sulfur dioxide,100,INSTRUMENTAL - ULTRAVIOLET FLUORESCENCE,13820,"Birmingham-Hoover, AL",33.553056,-86.815,POINT,177,NEIGHBORHOOD,500 M TO 4KM,SLAMS,"Jefferson County, AL  Department Of Health",OTHER,,NCORE,17.5,
2022-09-01,010730023,2,0.7,Parts per billion,0,North Birmingham,22,92,42401,Sulfur dioxide,100,INSTRUMENTAL - ULTRAVIOLET FLUORESCENCE,13820,"Birmingham-Hoover, AL",33.553056,-86.815,POINT,177,NEIGHBORHOOD,500 M TO 4KM,SLAMS,"Jefferson County, AL  Department Of Health",OTHER,,NCORE,17.5,
2022-09-02,010730023,2,0.7,Parts per billion,0,North Birmingham,24,100,42401,Sulfur dioxide,100,INSTRUMENTAL - ULTRAVIOLET FLUORESCENCE,13820,"Birmingham-Hoover, AL",33.553056,-86.815,POINT,177,NEIGHBORHOOD,500 M TO 4KM,SLAMS,"Jefferson County, AL  Department Of Health",OTHER,,NCORE,17.5,
2022-09-03,010730023,2,0.3,Parts per billion,0,North Birmingham,24,100,42401,Sulfur dioxide,100,INSTRUMENTAL - ULTRAVIOLET FLUORESCENCE,13820,"Birmingham-Hoover, AL",33.553056,-86.815,POINT,177,NEIGHBORHOOD,500 M TO 4KM,SLAMS,"Jefferson County, AL  Department Of Health",OTHER,,NCORE,17.5,
2022-09-04,010730023,2,0,Parts per billion,0,North Birmingham,24,100,42401,Sulfur dioxide,100,INSTRUMENTAL - ULTRAVIOLET FLUORESCENCE,13820,"Birmingham-Hoover, AL",33.553056,-86.815,POINT,177,NEIGHBORHOOD,500 M TO 4KM,SLAMS,"Jefferson County, AL  Department Of Health",OTHER,,NCORE,17.5,
2022-09-05,010730023,2,0.2,Parts per billion,0,North Birmingham,24,100,42401,Sulfur dioxide,100,INSTRUMENTAL - ULTRAVIOLET FLUORESCENCE,13820,"Birmingham-Hoover, AL",33.553056,-86.815,POINT,177,NEIGHBORHOOD,500 M TO 4KM,SLAMS,"Jefferson County, AL  Department Of Health",OTHER,,NCORE,17.5,
2022-09-06,010730023,2,0.5,Parts per billion,0,North Birmingham,24,100,42401,Sulfur dioxide,100,INSTRUMENTAL - ULTRAVIOLET FLUORESCENCE,13820,"Birmingham-Hoover, AL",33.553056,-86.815,POINT,177,NEIGHBORHOOD,500 M TO 4KM,SLAMS,"Jefferson County, AL  Department Of Health",OTHER,,NCORE,17.5,
2022-09-07,010730023,2,0,Parts per billion,0,North Birmingham,21,88,42401,Sulfur dioxide,100,INSTRUMENTAL - ULTRAVIOLET FLUORESCENCE,13820,"Birmingham-Hoover, AL",33.553056,-86.815,POINT,177,NEIGHBORHOOD,500 M TO 4KM,SLAMS,"Jefferson County, AL  Department Of Health",OTHER,,NCORE,17.5,
2022-09-08,010730023,2,0.1,Parts per billion,0,North Birmingham,21,88,42401,Sulfur dioxide,100,INSTRUMENTAL - ULTRAVIOLET FLUORESCENCE,13820,"Birmingham-Hoover, AL",33.553056,-86.815,POINT,177,NEIGHBORHOOD,500 M TO 4KM,SLAMS,"Jefferson County, AL  Department Of Health",OTHER,,NCORE,17.5,
2022-09-09,010730023,2,0,Parts per billion,0,North Birmingham,24,100,42401,Sulfur dioxide,100,INSTRUMENTAL - ULTRAVIOLET FLUORESCENCE,13820,"Birmingham-Hoover, AL",33.553056,-86.815,POINT,177,NEIGHBORHOOD,500 M TO 4KM,SLAMS,"Jefferson County, AL  Department Of Health",OTHER,,NCORE,17.5,
2022-09-10,010730023,2,0,Parts per billion,0,North Birmingham,24,100,42401,Sulfur dioxide,100,INSTRUMENTAL - ULTRAVIOLET FLUORESCENCE,13820,"Birmingham-Hoover, AL",33.553056,-86.815,POINT,177,NEIGHBORHOOD,500 M TO 4KM,SLAMS,"Jefferson County, AL  Department Of Health",OTHER,,NCORE,17.5,
2022-09-11,010730023,2,0.3,Parts per billion,0,North Birmingham,24,100,42401,Sulfur dioxide,100,INSTRUMENTAL - ULTRAVIOLET FLUORESCENCE,13820,"Birmingham-Hoover, AL",33.553056,-86.815,POINT,177,NEIGHBORHOOD,500 M TO 4KM,SLAMS,"Jefferson County, AL  Department Of Health",OTHER,,NCORE,17.5,
2022-09-12,010730023,2,0,Parts per billion,0,North Birmingham,24,100,42401,Sulfur dioxide,100,INSTRUMENTAL - ULTRAVIOLET FLUORESCENCE,13820,"Birmingham-Hoover, AL",33.553056,-86.815,POINT,177,NEIGHBORHOOD,500 M TO 4KM,SLAMS,"Jefferson County, AL  Department Of Health",OTHER,,NCORE,17.5,
2022-09-13,010730023,2,0.9,Parts per billion,0,North Birmingham,24,100,42401,Sulfur dioxide,100,INSTRUMENTAL - ULTRAVIOLET FLUORESCENCE,13820,"Birmingham-Hoover, AL",33.553056,-86.815,POINT,177,NEIGHBORHOOD,500 M TO 4KM,SLAMS,"Jefferson County, AL  Department Of Health",OTHER,,NCORE,17.5,
2022-09-14,010730023,2,13.3,Parts per billion,19,North Birmingham,24,100,42401,Sulfur dioxide,100,INSTRUMENTAL - ULTRAVIOLET FLUORESCENCE,13820,"Birmingham-Hoover, AL",33.553056,-86.815,POINT,177,NEIGHBORHOOD,500 M TO 4KM,SLAMS,"Jefferson County, AL  Department Of Health",OTHER,,NCORE,17.5,
2022-09-15,010730023,2,2.4,Parts per billion,3,North Birmingham,22,92,42401,Sulfur dioxide,100,INSTRUMENTAL - ULTRAVIOLET FLUORESCENCE,13820,"Birmingham-Hoover, AL",33.553056,-86.815,POINT,177,NEIGHBORHOOD,500 M TO 4KM,SLAMS,"Jefferson County, AL  Department Of Health",OTHER,,NCORE,17.5,
2022-09-16,010730023,2,0.3,Parts per billion,0,North Birmingham,24,100,42401,Sulfur dioxide,100,INSTRUMENTAL - ULTRAVIOLET FLUORESCENCE,13820,"Birmingham-Hoover, AL",33.553056,-86.815,POINT,177,NEIGHBORHOOD,500 M TO 4KM,SLAMS,"Jefferson County, AL  Department Of Health",OTHER,,NCORE,17.5,
2022-09-17,010730023,2,0.2,Parts per billion,0,North Birmingham,24,100,42401,Sulfur dioxide,100,INSTRUMENTAL - ULTRAVIOLET FLUORESCENCE,13820,"Birmingham-Hoover, AL",33.553056,-86.815,POINT,177,NEIGHBORHOOD,500 M TO 4KM,SLAMS,"Jefferson County, AL  Department Of Health",OTHER,,NCORE,17.5,
2022-09-18,010730023,2,0.4,Parts per billion,0,North Birmingham,24,100,42401,Sulfur dioxide,100,INSTRUMENTAL - ULTRAVIOLET FLUORESCENCE,13820,"Birmingham-Hoover, AL",33.553056,-86.815,POINT,177,NEIGHBORHOOD,500 M TO 4KM,SLAMS,"Jefferson County, AL  Department Of Health",OTHER,,NCORE,17.5,
2022-09-19,010730023,2,4.7,Parts per billion,6,North Birmingham,24,100,42401,Sulfur dioxide,100,INSTRUMENTAL - ULTRAVIOLET FLUORESCENCE,13820,"Birmingham-Hoover, AL",33.553056,-86.815,POINT,177,NEIGHBORHOOD,500 M TO 4KM,SLAMS,"Jefferson County, AL  Department Of Health",OTHER,,NCORE,17.5,
2022-09-20,010730023,2,1.6,Parts per billion,1,North Birmingham,24,100,42401,Sulfur dioxide,100,INSTRUMENTAL - ULTRAVIOLET FLUORESCENCE,13820,"Birmingham-Hoover, AL",33.553056,-86.815,POINT,177,NEIGHBORHOOD,500 M TO 4KM,SLAMS,"Jefferson County, AL  Department Of Health",OTHER,,NCORE,17.5,
2022-09-21,010730023,2,3.1,Parts per billion,4,North Birmingham,19,79,42401,Sulfur dioxide,100,INSTRUMENTAL - ULTRAVIOLET FLUORESCENCE,13820,"Birmingham-Hoover, AL",33.553056,-86.815,POINT,177,NEIGHBORHOOD,500 M TO 4KM,SLAMS,"Jefferson County, AL  Department Of Health",OTHER,,NCORE,17.5,
2022-09-22,010730023,2,1,Parts per billion,1,North Birmingham,19,79,42401,Sulfur dioxide,100,INSTRUMENTAL - ULTRAVIOLET FLUORESCENCE,13820,"Birmingham-Hoover, AL",33.553056,-86.815,POINT,177,NEIGHBORHOOD,500 M TO 4KM,SLAMS,"Jefferson County, AL  Department Of Health",OTHER,,NCORE,17.5,
2022-09-23,010730023,2,1.1,Parts per billion,1,North Birmingham,24,100,42401,Sulfur dioxide,100,INSTRUMENTAL - ULTRAVIOLET FLUORESCENCE,13820,"Birmingham-Hoover, AL",33.553056,-86.815,POINT,177,NEIGHBORHOOD,500 M TO 4KM,SLAMS,"Jefferson County, AL  Department Of Health",OTHER,,NCORE,17.5,
2022-09-24,010730023,2,2.1,Parts per billion,3,North Birmingham,24,100,42401,Sulfur dioxide,100,INSTRUMENTAL - ULTRAVIOLET FLUORESCENCE,13820,"Birmingham-Hoover, AL",33.553056,-86.815,POINT,177,NEIGHBORHOOD,500 M TO 4KM,SLAMS,"Jefferson County, AL  Department Of Health",OTHER,,NCORE,17.5,
2022-09-25,010730023,2,1,Parts per billion,1,North Birmingham,24,100,42401,Sulfur dioxide,100,INSTRUMENTAL - ULTRAVIOLET FLUORESCENCE,13820,"Birmingham-Hoover, AL",33.553056,-86.815,POINT,177,NEIGHBORHOOD,500 M TO 4KM,SLAMS,"Jefferson County, AL  Department Of Health",OTHER,,NCORE,17.5,
2022-09-26,010730023,2,0.3,Parts per billion,0,North Birmingham,24,100,42401,Sulfur dioxide,100,INSTRUMENTAL - ULTRAVIOLET FLUORESCENCE,13820,"Birmingham-Hoover, AL",33.553056,-86.815,POINT,177,NEIGHBORHOOD,500 M TO 4KM,SLAMS,"Jefferson County, AL  Department Of Health",OTHER,,NCORE,17.5,
2022-09-27,010730023,2,1.1,Parts per billion,1,North Birmingham,24,100,42401,Sulfur dioxide,100,INSTRUMENTAL - ULTRAVIOLET FLUORESCENCE,13820,"Birmingham-Hoover, AL",33.553056,-86.815,POINT,177,NEIGHBORHOOD,500 M TO 4KM,SLAMS,"Jefferson County, AL  Department Of Health",OTHER,,NCORE,17.5,
2022-09-28,010730023,2,1,Parts per billion,1,North Birmingham,24,100,42401,Sulfur dioxide,100,INSTRUMENTAL - ULTRAVIOLET FLUORESCENCE,13820,"Birmingham-Hoover, AL",33.553056,-86.815,POINT,177,NEIGHBORHOOD,500 M TO 4KM,SLAMS,"Jefferson County, AL  Department Of Health",OTHER,,NCORE,17.5,
2022-09-29,010730023,2,1.5,Parts per billion,1,North Birmingham,22,92,42401,Sulfur dioxide,100,INSTRUMENTAL - ULTRAVIOLET FLUORESCENCE,13820,"Birmingham-Hoover, AL",33.553056,-86.815,POINT,177,NEIGHBORHOOD,500 M TO 4KM,SLAMS,"Jefferson County, AL  Department Of Health",OTHER,,NCORE,17.5,
2022-09-30,010730023,2,0.2,Parts per billion,0,North Birmingham,22,92,42401,Sulfur dioxide,100,INSTRUMENTAL - ULTRAVIOLET FLUORESCENCE,13820,"Birmingham-Hoover, AL",33.553056,-86.815,POINT,177,NEIGHBORHOOD,500 M TO 4KM,SLAMS,"Jefferson County, AL  Department Of Health",OTHER,,NCORE,17.5,
2022-10-01,010730023,2,0,Parts per billion,0,North Birmingham,24,100,42401,Sulfur dioxide,100,INSTRUMENTAL - ULTRAVIOLET FLUORESCENCE,13820,"Birmingham-Hoover, AL",33.553056,-86.815,POINT,177,NEIGHBORHOOD,500 M TO 4KM,SLAMS,"Jefferson County, AL  Department Of Health",OTHER,,NCORE,17.5,
2022-10-02,010730023,2,2.1,Parts per billion,3,North Birmingham,24,100,42401,Sulfur dioxide,100,INSTRUMENTAL - ULTRAVIOLET FLUORESCENCE,13820,"Birmingham-Hoover, AL",33.553056,-86.815,POINT,177,NEIGHBORHOOD,500 M TO 4KM,SLAMS,"Jefferson County, AL  Department Of Health",OTHER,,NCORE,17.5,
2022-10-03,010730023,2,0.4,Parts per billion,0,North Birmingham,20,83,42401,Sulfur dioxide,100,INSTRUMENTAL - ULTRAVIOLET FLUORESCENCE,13820,"Birmingham-Hoover, AL",33.553056,-86.815,POINT,177,NEIGHBORHOOD,500 M TO 4KM,SLAMS,"Jefferson County, AL  Department Of Health",OTHER,,NCORE,17.5,
2022-10-04,010730023,2,0.3,Parts per billion,0,North Birmingham,23,96,42401,Sulfur dioxide,100,INSTRUMENTAL - ULTRAVIOLET FLUORESCENCE,13820,"Birmingham-Hoover, AL",33.553056,-86.815,POINT,177,NEIGHBORHOOD,500 M TO 4KM,SLAMS,"Jefferson County, AL  Department Of Health",OTHER,,NCORE,17.5,
2022-10-05,010730023,2,3,Parts per billion,4,North Birmingham,20,83,42401,Sulfur dioxide,100,INSTRUMENTAL - ULTRAVIOLET FLUORESCENCE,13820,"Birmingham-Hoover, AL",33.553056,-86.815,POINT,177,NEIGHBORHOOD,500 M TO 4KM,SLAMS,"Jefferson County, AL  Department Of Health",OTHER,,NCORE,17.5,
2022-10-06,010730023,2,12,Parts per billion,17,North Birmingham,20,83,42401,Sulfur dioxide,100,INSTRUMENTAL - ULTRAVIOLET FLUORESCENCE,13820,"Birmingham-Hoover, AL",33.553056,-86.815,POINT,177,NEIGHBORHOOD,500 M TO 4KM,SLAMS,"Jefferson County, AL  Department Of Health",OTHER,,NCORE,17.5,
2022-10-07,010730023,2,7.2,Parts per billion,10,North Birmingham,23,96,42401,Sulfur dioxide,100,INSTRUMENTAL - ULTRAVIOLET FLUORESCENCE,13820,"Birmingham-Hoover, AL",33.553056,-86.815,POINT,177,NEIGHBORHOOD,500 M TO 4KM,SLAMS,"Jefferson County, AL  Department Of Health",OTHER,,NCORE,17.5,
2022-10-08,010730023,2,0.5,Parts per billion,0,North Birmingham,24,100,42401,Sulfur dioxide,100,INSTRUMENTAL - ULTRAVIOLET FLUORESCENCE,13820,"Birmingham-Hoover, AL",33.553056,-86.815,POINT,177,NEIGHBORHOOD,500 M TO 4KM,SLAMS,"Jefferson County, AL  Department Of Health",OTHER,,NCORE,17.5,
2022-10-09,010730023,2,2.2,Parts per billion,3,North Birmingham,24,100,42401,Sulfur dioxide,100,INSTRUMENTAL - ULTRAVIOLET FLUORESCENCE,13820,"Birmingham-Hoover, AL",33.553056,-86.815,POINT,177,NEIGHBORHOOD,500 M TO 4KM,SLAMS,"Jefferson County, AL  Department Of Health",OTHER,,NCORE,17.5,
2022-10-10,010730023,2,7.5,Parts per billion,10,North Birmingham,24,100,42401,Sulfur dioxide,100,INSTRUMENTAL - ULTRAVIOLET FLUORESCENCE,13820,"Birmingham-Hoover, AL",33.553056,-86.815,POINT,177,NEIGHBORHOOD,500 M TO 4KM,SLAMS,"Jefferson County, AL  Department Of Health",OTHER,,NCORE,17.5,
2022-10-11,010730023,2,4,Parts per billion,6,North Birmingham,24,100,42401,Sulfur dioxide,100,INSTRUMENTAL - ULTRAVIOLET FLUORESCENCE,13820,"Birmingham-Hoover, AL",33.553056,-86.815,POINT,177,NEIGHBORHOOD,500 M TO 4KM,SLAMS,"Jefferson County, AL  Department Of Health",OTHER,,NCORE,17.5,
2022-10-13,010730023,2,0.2,Parts per billion,0,North Birmingham,20,83,42401,Sulfur dioxide,100,INSTRUMENTAL - ULTRAVIOLET FLUORESCENCE,13820,"Birmingham-Hoover, AL",33.553056,-86.815,POINT,177,NEIGHBORHOOD,500 M TO 4KM,SLAMS,"Jefferson County, AL  Department Of Health",OTHER,,NCORE,17.5,
2022-10-12,010730023,2,0.5,Parts per billion,0,North Birmingham,24,100,42401,Sulfur dioxide,100,INSTRUMENTAL - ULTRAVIOLET FLUORESCENCE,13820,"Birmingham-Hoover, AL",33.553056,-86.815,POINT,177,NEIGHBORHOOD,500 M TO 4KM,SLAMS,"Jefferson County, AL  Department Of Health",OTHER,,NCORE,17.5,
2022-10-14,010730023,2,2.6,Parts per billion,3,North Birmingham,24,100,42401,Sulfur dioxide,100,INSTRUMENTAL - ULTRAVIOLET FLUORESCENCE,13820,"Birmingham-Hoover, AL",33.553056,-86.815,POINT,177,NEIGHBORHOOD,500 M TO 4KM,SLAMS,"Jefferson County, AL  Department Of Health",OTHER,,NCORE,17.5,
2022-10-15,010730023,2,0.4,Parts per billion,0,North Birmingham,24,100,42401,Sulfur dioxide,100,INSTRUMENTAL - ULTRAVIOLET FLUORESCENCE,13820,"Birmingham-Hoover, AL",33.553056,-86.815,POINT,177,NEIGHBORHOOD,500 M TO 4KM,SLAMS,"Jefferson County, AL  Department Of Health",OTHER,,NCORE,17.5,
2022-10-16,010730023,2,1,Parts per billion,1,North Birmingham,24,100,42401,Sulfur dioxide,100,INSTRUMENTAL - ULTRAVIOLET FLUORESCENCE,13820,"Birmingham-Hoover, AL",33.553056,-86.815,POINT,177,NEIGHBORHOOD,500 M TO 4KM,SLAMS,"Jefferson County, AL  Department Of Health",OTHER,,NCORE,17.5,
2022-10-17,010730023,2,0.3,Parts per billion,0,North Birmingham,20,83,42401,Sulfur dioxide,100,INSTRUMENTAL - ULTRAVIOLET FLUORESCENCE,13820,"Birmingham-Hoover, AL",33.553056,-86.815,POINT,177,NEIGHBORHOOD,500 M TO 4KM,SLAMS,"Jefferson County, AL  Department Of Health",OTHER,,NCORE,17.5,
2022-10-18,010730023,2,0.1,Parts per billion,0,North Birmingham,24,100,42401,Sulfur dioxide,100,INSTRUMENTAL - ULTRAVIOLET FLUORESCENCE,13820,"Birmingham-Hoover, AL",33.553056,-86.815,POINT,177,NEIGHBORHOOD,500 M TO 4KM,SLAMS,"Jefferson County, AL  Department Of Health",OTHER,,NCORE,17.5,
2022-10-19,010730023,2,1.2,Parts per billion,1,North Birmingham,24,100,42401,Sulfur dioxide,100,INSTRUMENTAL - ULTRAVIOLET FLUORESCENCE,13820,"Birmingham-Hoover, AL",33.553056,-86.815,POINT,177,NEIGHBORHOOD,500 M TO 4KM,SLAMS,"Jefferson County, AL  Department Of Health",OTHER,,NCORE,17.5,
2022-10-20,010730023,2,2.4,Parts per billion,3,North Birmingham,23,96,42401,Sulfur dioxide,100,INSTRUMENTAL - ULTRAVIOLET FLUORESCENCE,13820,"Birmingham-Hoover, AL",33.553056,-86.815,POINT,177,NEIGHBORHOOD,500 M TO 4KM,SLAMS,"Jefferson County, AL  Department Of Health",OTHER,,NCORE,17.5,
2022-10-21,010730023,2,3.2,Parts per billion,4,North Birmingham,23,96,42401,Sulfur dioxide,100,INSTRUMENTAL - ULTRAVIOLET FLUORESCENCE,13820,"Birmingham-Hoover, AL",33.553056,-86.815,POINT,177,NEIGHBORHOOD,500 M TO 4KM,SLAMS,"Jefferson County, AL  Department Of Health",OTHER,,NCORE,17.5,
2022-10-22,010730023,2,3.9,Parts per billion,4,North Birmingham,24,100,42401,Sulfur dioxide,100,INSTRUMENTAL - ULTRAVIOLET FLUORESCENCE,13820,"Birmingham-Hoover, AL",33.553056,-86.815,POINT,177,NEIGHBORHOOD,500 M TO 4KM,SLAMS,"Jefferson County, AL  Department Of Health",OTHER,,NCORE,17.5,
2022-10-23,010730023,2,0.7,Parts per billion,0,North Birmingham,24,100,42401,Sulfur dioxide,100,INSTRUMENTAL - ULTRAVIOLET FLUORESCENCE,13820,"Birmingham-Hoover, AL",33.553056,-86.815,POINT,177,NEIGHBORHOOD,500 M TO 4KM,SLAMS,"Jefferson County, AL  Department Of Health",OTHER,,NCORE,17.5,
2022-10-24,010730023,2,2.7,Parts per billion,3,North Birmingham,24,100,42401,Sulfur dioxide,100,INSTRUMENTAL - ULTRAVIOLET FLUORESCENCE,13820,"Birmingham-Hoover, AL",33.553056,-86.815,POINT,177,NEIGHBORHOOD,500 M TO 4KM,SLAMS,"Jefferson County, AL  Department Of Health",OTHER,,NCORE,17.5,
2022-10-25,010730023,2,1.4,Parts per billion,1,North Birmingham,22,92,42401,Sulfur dioxide,100,INSTRUMENTAL - ULTRAVIOLET FLUORESCENCE,13820,"Birmingham-Hoover, AL",33.553056,-86.815,POINT,177,NEIGHBORHOOD,500 M TO 4KM,SLAMS,"Jefferson County, AL  Department Of Health",OTHER,,NCORE,17.5,
2022-10-26,010730023,2,0.2,Parts per billion,0,North Birmingham,24,100,42401,Sulfur dioxide,100,INSTRUMENTAL - ULTRAVIOLET FLUORESCENCE,13820,"Birmingham-Hoover, AL",33.553056,-86.815,POINT,177,NEIGHBORHOOD,500 M TO 4KM,SLAMS,"Jefferson County, AL  Department Of Health",OTHER,,NCORE,17.5,
2022-10-27,010730023,2,1.7,Parts per billion,1,North Birmingham,24,100,42401,Sulfur dioxide,100,INSTRUMENTAL - ULTRAVIOLET FLUORESCENCE,13820,"Birmingham-Hoover, AL",33.553056,-86.815,POINT,177,NEIGHBORHOOD,500 M TO 4KM,SLAMS,"Jefferson County, AL  Department Of Health",OTHER,,NCORE,17.5,
2022-10-28,010730023,2,0.2,Parts per billion,0,North Birmingham,24,100,42401,Sulfur dioxide,100,INSTRUMENTAL - ULTRAVIOLET FLUORESCENCE,13820,"Birmingham-Hoover, AL",33.553056,-86.815,POINT,177,NEIGHBORHOOD,500 M TO 4KM,SLAMS,"Jefferson County, AL  Department Of Health",OTHER,,NCORE,17.5,
2022-10-29,010730023,2,0.2,Parts per billion,0,North Birmingham,24,100,42401,Sulfur dioxide,100,INSTRUMENTAL - ULTRAVIOLET FLUORESCENCE,13820,"Birmingham-Hoover, AL",33.553056,-86.815,POINT,177,NEIGHBORHOOD,500 M TO 4KM,SLAMS,"Jefferson County, AL  Department Of Health",OTHER,,NCORE,17.5,
2022-10-30,010730023,2,0.4,Parts per billion,0,North Birmingham,24,100,42401,Sulfur dioxide,100,INSTRUMENTAL - ULTRAVIOLET FLUORESCENCE,13820,"Birmingham-Hoover, AL",33.553056,-86.815,POINT,177,NEIGHBORHOOD,500 M TO 4KM,SLAMS,"Jefferson County, AL  Department Of Health",OTHER,,NCORE,17.5,
2022-10-31,010730023,2,0.8,Parts per billion,0,North Birmingham,19,79,42401,Sulfur dioxide,100,INSTRUMENTAL - ULTRAVIOLET FLUORESCENCE,13820,"Birmingham-Hoover, AL",33.553056,-86.815,POINT,177,NEIGHBORHOOD,500 M TO 4KM,SLAMS,"Jefferson County, AL  Department Of Health",OTHER,,NCORE,17.5,
2022-11-01,010730023,2,0.8,Parts per billion,0,North Birmingham,20,83,42401,Sulfur dioxide,100,INSTRUMENTAL - ULTRAVIOLET FLUORESCENCE,13820,"Birmingham-Hoover, AL",33.553056,-86.815,POINT,177,NEIGHBORHOOD,500 M TO 4KM,SLAMS,"Jefferson County, AL  Department Of Health",OTHER,,NCORE,17.5,
2022-11-02,010730023,2,1.8,Parts per billion,1,North Birmingham,24,100,42401,Sulfur dioxide,100,INSTRUMENTAL - ULTRAVIOLET FLUORESCENCE,13820,"Birmingham-Hoover, AL",33.553056,-86.815,POINT,177,NEIGHBORHOOD,500 M TO 4KM,SLAMS,"Jefferson County, AL  Department Of Health",OTHER,,NCORE,17.5,
2022-11-03,010730023,2,0.7,Parts per billion,0,North Birmingham,17,71,42401,Sulfur dioxide,100,INSTRUMENTAL - ULTRAVIOLET FLUORESCENCE,13820,"Birmingham-Hoover, AL",33.553056,-86.815,POINT,177,NEIGHBORHOOD,500 M TO 4KM,SLAMS,"Jefferson County, AL  Department Of Health",OTHER,,NCORE,17.5,
2022-11-04,010730023,2,1.8,Parts per billion,1,North Birmingham,24,100,42401,Sulfur dioxide,100,INSTRUMENTAL - ULTRAVIOLET FLUORESCENCE,13820,"Birmingham-Hoover, AL",33.553056,-86.815,POINT,177,NEIGHBORHOOD,500 M TO 4KM,SLAMS,"Jefferson County, AL  Department Of Health",OTHER,,NCORE,17.5,
2022-11-05,010730023,2,1.9,Parts per billion,1,North Birmingham,24,100,42401,Sulfur dioxide,100,INSTRUMENTAL - ULTRAVIOLET FLUORESCENCE,13820,"Birmingham-Hoover, AL",33.553056,-86.815,POINT,177,NEIGHBORHOOD,500 M TO 4KM,SLAMS,"Jefferson County, AL  Department Of Health",OTHER,,NCORE,17.5,
2022-11-06,010730023,2,0.3,Parts per billion,0,North Birmingham,24,100,42401,Sulfur dioxide,100,INSTRUMENTAL - ULTRAVIOLET FLUORESCENCE,13820,"Birmingham-Hoover, AL",33.553056,-86.815,POINT,177,NEIGHBORHOOD,500 M TO 4KM,SLAMS,"Jefferson County, AL  Department Of Health",OTHER,,NCORE,17.5,
2022-11-07,010730023,2,0.2,Parts per billion,0,North Birmingham,24,100,42401,Sulfur dioxide,100,INSTRUMENTAL - ULTRAVIOLET FLUORESCENCE,13820,"Birmingham-Hoover, AL",33.553056,-86.815,POINT,177,NEIGHBORHOOD,500 M TO 4KM,SLAMS,"Jefferson County, AL  Department Of Health",OTHER,,NCORE,17.5,
2022-11-08,010730023,2,0.7,Parts per billion,0,North Birmingham,19,79,42401,Sulfur dioxide,100,INSTRUMENTAL - ULTRAVIOLET FLUORESCENCE,13820,"Birmingham-Hoover, AL",33.553056,-86.815,POINT,177,NEIGHBORHOOD,500 M TO 4KM,SLAMS,"Jefferson County, AL  Department Of Health",OTHER,,NCORE,17.5,
2022-11-09,010730023,2,1.9,Parts per billion,1,North Birmingham,16,67,42401,Sulfur dioxide,100,INSTRUMENTAL - ULTRAVIOLET FLUORESCENCE,13820,"Birmingham-Hoover, AL",33.553056,-86.815,POINT,177,NEIGHBORHOOD,500 M TO 4KM,SLAMS,"Jefferson County, AL  Department Of Health",OTHER,,NCORE,17.5,
2022-11-10,010730023,2,2,Parts per billion,3,North Birmingham,24,100,42401,Sulfur dioxide,100,INSTRUMENTAL - ULTRAVIOLET FLUORESCENCE,13820,"Birmingham-Hoover, AL",33.553056,-86.815,POINT,177,NEIGHBORHOOD,500 M TO 4KM,SLAMS,"Jefferson County, AL  Department Of Health",OTHER,,NCORE,17.5,
2022-11-11,010730023,2,0.2,Parts per billion,0,North Birmingham,24,100,42401,Sulfur dioxide,100,INSTRUMENTAL - ULTRAVIOLET FLUORESCENCE,13820,"Birmingham-Hoover, AL",33.553056,-86.815,POINT,177,NEIGHBORHOOD,500 M TO 4KM,SLAMS,"Jefferson County, AL  Department Of Health",OTHER,,NCORE,17.5,
2022-11-12,010730023,2,0.2,Parts per billion,0,North Birmingham,24,100,42401,Sulfur dioxide,100,INSTRUMENTAL - ULTRAVIOLET FLUORESCENCE,13820,"Birmingham-Hoover, AL",33.553056,-86.815,POINT,177,NEIGHBORHOOD,500 M TO 4KM,SLAMS,"Jefferson County, AL  Department Of Health",OTHER,,NCORE,17.5,
2022-11-13,010730023,2,0,Parts per billion,0,North Birmingham,24,100,42401,Sulfur dioxide,100,INSTRUMENTAL - ULTRAVIOLET FLUORESCENCE,13820,"Birmingham-Hoover, AL",33.553056,-86.815,POINT,177,NEIGHBORHOOD,500 M TO 4KM,SLAMS,"Jefferson County, AL  Department Of Health",OTHER,,NCORE,17.5,
2022-11-14,010730023,2,0.2,Parts per billion,0,North Birmingham,11,46,42401,Sulfur dioxide,100,INSTRUMENTAL - ULTRAVIOLET FLUORESCENCE,13820,"Birmingham-Hoover, AL",33.553056,-86.815,POINT,177,NEIGHBORHOOD,500 M TO 4KM,SLAMS,"Jefferson County, AL  Department Of Health",OTHER,,NCORE,17.5,
2022-11-15,010730023,2,0.4,Parts per billion,0,North Birmingham,12,50,42401,Sulfur dioxide,100,INSTRUMENTAL - ULTRAVIOLET FLUORESCENCE,13820,"Birmingham-Hoover, AL",33.553056,-86.815,POINT,177,NEIGHBORHOOD,500 M TO 4KM,SLAMS,"Jefferson County, AL  Department Of Health",OTHER,,NCORE,17.5,
2022-11-16,010730023,2,0,Parts per billion,0,North Birmingham,20,83,42401,Sulfur dioxide,100,INSTRUMENTAL - ULTRAVIOLET FLUORESCENCE,13820,"Birmingham-Hoover, AL",33.553056,-86.815,POINT,177,NEIGHBORHOOD,500 M TO 4KM,SLAMS,"Jefferson County, AL  Department Of Health",OTHER,,NCORE,17.5,
2022-11-17,010730023,2,0.3,Parts per billion,0,North Birmingham,22,92,42401,Sulfur dioxide,100,INSTRUMENTAL - ULTRAVIOLET FLUORESCENCE,13820,"Birmingham-Hoover, AL",33.553056,-86.815,POINT,177,NEIGHBORHOOD,500 M TO 4KM,SLAMS,"Jefferson County, AL  Department Of Health",OTHER,,NCORE,17.5,
2022-11-18,010730023,2,0.3,Parts per billion,0,North Birmingham,24,100,42401,Sulfur dioxide,100,INSTRUMENTAL - ULTRAVIOLET FLUORESCENCE,13820,"Birmingham-Hoover, AL",33.553056,-86.815,POINT,177,NEIGHBORHOOD,500 M TO 4KM,SLAMS,"Jefferson County, AL  Department Of Health",OTHER,,NCORE,17.5,
2022-11-19,010730023,2,1.1,Parts per billion,1,North Birmingham,24,100,42401,Sulfur dioxide,100,INSTRUMENTAL - ULTRAVIOLET FLUORESCENCE,13820,"Birmingham-Hoover, AL",33.553056,-86.815,POINT,177,NEIGHBORHOOD,500 M TO 4KM,SLAMS,"Jefferson County, AL  Department Of Health",OTHER,,NCORE,17.5,
2022-11-20,010730023,2,1.6,Parts per billion,1,North Birmingham,24,100,42401,Sulfur dioxide,100,INSTRUMENTAL - ULTRAVIOLET FLUORESCENCE,13820,"Birmingham-Hoover, AL",33.553056,-86.815,POINT,177,NEIGHBORHOOD,500 M TO 4KM,SLAMS,"Jefferson County, AL  Department Of Health",OTHER,,NCORE,17.5,
2022-11-21,010730023,2,3.6,Parts per billion,4,North Birmingham,24,100,42401,Sulfur dioxide,100,INSTRUMENTAL - ULTRAVIOLET FLUORESCENCE,13820,"Birmingham-Hoover, AL",33.553056,-86.815,POINT,177,NEIGHBORHOOD,500 M TO 4KM,SLAMS,"Jefferson County, AL  Department Of Health",OTHER,,NCORE,17.5,
2022-11-22,010730023,2,3.9,Parts per billion,4,North Birmingham,24,100,42401,Sulfur dioxide,100,INSTRUMENTAL - ULTRAVIOLET FLUORESCENCE,13820,"Birmingham-Hoover, AL",33.553056,-86.815,POINT,177,NEIGHBORHOOD,500 M TO 4KM,SLAMS,"Jefferson County, AL  Department Of Health",OTHER,,NCORE,17.5,
2022-11-23,010730023,2,3.8,Parts per billion,4,North Birmingham,24,100,42401,Sulfur dioxide,100,INSTRUMENTAL - ULTRAVIOLET FLUORESCENCE,13820,"Birmingham-Hoover, AL",33.553056,-86.815,POINT,177,NEIGHBORHOOD,500 M TO 4KM,SLAMS,"Jefferson County, AL  Department Of Health",OTHER,,NCORE,17.5,
2022-11-24,010730023,2,0.6,Parts per billion,0,North Birmingham,24,100,42401,Sulfur dioxide,100,INSTRUMENTAL - ULTRAVIOLET FLUORESCENCE,13820,"Birmingham-Hoover, AL",33.553056,-86.815,POINT,177,NEIGHBORHOOD,500 M TO 4KM,SLAMS,"Jefferson County, AL  Department Of Health",OTHER,,NCORE,17.5,
2022-11-25,010730023,2,1.4,Parts per billion,1,North Birmingham,24,100,42401,Sulfur dioxide,100,INSTRUMENTAL - ULTRAVIOLET FLUORESCENCE,13820,"Birmingham-Hoover, AL",33.553056,-86.815,POINT,177,NEIGHBORHOOD,500 M TO 4KM,SLAMS,"Jefferson County, AL  Department Of Health",OTHER,,NCORE,17.5,
2022-11-26,010730023,2,0.3,Parts per billion,0,North Birmingham,24,100,42401,Sulfur dioxide,100,INSTRUMENTAL - ULTRAVIOLET FLUORESCENCE,13820,"Birmingham-Hoover, AL",33.553056,-86.815,POINT,177,NEIGHBORHOOD,500 M TO 4KM,SLAMS,"Jefferson County, AL  Department Of Health",OTHER,,NCORE,17.5,
2022-11-27,010730023,2,0.4,Parts per billion,0,North Birmingham,24,100,42401,Sulfur dioxide,100,INSTRUMENTAL - ULTRAVIOLET FLUORESCENCE,13820,"Birmingham-Hoover, AL",33.553056,-86.815,POINT,177,NEIGHBORHOOD,500 M TO 4KM,SLAMS,"Jefferson County, AL  Department Of Health",OTHER,,NCORE,17.5,
2022-11-28,010730023,2,0.7,Parts per billion,0,North Birmingham,17,71,42401,Sulfur dioxide,100,INSTRUMENTAL - ULTRAVIOLET FLUORESCENCE,13820,"Birmingham-Hoover, AL",33.553056,-86.815,POINT,177,NEIGHBORHOOD,500 M TO 4KM,SLAMS,"Jefferson County, AL  Department Of Health",OTHER,,NCORE,17.5,
2022-11-29,010730023,2,1.1,Parts per billion,1,North Birmingham,24,100,42401,Sulfur dioxide,100,INSTRUMENTAL - ULTRAVIOLET FLUORESCENCE,13820,"Birmingham-Hoover, AL",33.553056,-86.815,POINT,177,NEIGHBORHOOD,500 M TO 4KM,SLAMS,"Jefferson County, AL  Department Of Health",OTHER,,NCORE,17.5,
2022-11-30,010730023,2,0,Parts per billion,0,North Birmingham,24,100,42401,Sulfur dioxide,100,INSTRUMENTAL - ULTRAVIOLET FLUORESCENCE,13820,"Birmingham-Hoover, AL",33.553056,-86.815,POINT,177,NEIGHBORHOOD,500 M TO 4KM,SLAMS,"Jefferson County, AL  Department Of Health",OTHER,,NCORE,17.5,
2022-12-01,010730023,2,2.2,Parts per billion,3,North Birmingham,20,83,42401,Sulfur dioxide,100,INSTRUMENTAL - ULTRAVIOLET FLUORESCENCE,13820,"Birmingham-Hoover, AL",33.553056,-86.815,POINT,177,NEIGHBORHOOD,500 M TO 4KM,SLAMS,"Jefferson County, AL  Department Of Health",OTHER,,NCORE,17.5,
2022-12-02,010730023,2,0.8,Parts per billion,0,North Birmingham,24,100,42401,Sulfur dioxide,100,INSTRUMENTAL - ULTRAVIOLET FLUORESCENCE,13820,"Birmingham-Hoover, AL",33.553056,-86.815,POINT,177,NEIGHBORHOOD,500 M TO 4KM,SLAMS,"Jefferson County, AL  Department Of Health",OTHER,,NCORE,17.5,
2022-12-03,010730023,2,0.6,Parts per billion,0,North Birmingham,24,100,42401,Sulfur dioxide,100,INSTRUMENTAL - ULTRAVIOLET FLUORESCENCE,13820,"Birmingham-Hoover, AL",33.553056,-86.815,POINT,177,NEIGHBORHOOD,500 M TO 4KM,SLAMS,"Jefferson County, AL  Department Of Health",OTHER,,NCORE,17.5,
2022-12-04,010730023,2,3.3,Parts per billion,4,North Birmingham,24,100,42401,Sulfur dioxide,100,INSTRUMENTAL - ULTRAVIOLET FLUORESCENCE,13820,"Birmingham-Hoover, AL",33.553056,-86.815,POINT,177,NEIGHBORHOOD,500 M TO 4KM,SLAMS,"Jefferson County, AL  Department Of Health",OTHER,,NCORE,17.5,
2022-12-05,010730023,2,1.2,Parts per billion,1,North Birmingham,24,100,42401,Sulfur dioxide,100,INSTRUMENTAL - ULTRAVIOLET FLUORESCENCE,13820,"Birmingham-Hoover, AL",33.553056,-86.815,POINT,177,NEIGHBORHOOD,500 M TO 4KM,SLAMS,"Jefferson County, AL  Department Of Health",OTHER,,NCORE,17.5,
2022-12-06,010730023,2,0.2,Parts per billion,0,North Birmingham,24,100,42401,Sulfur dioxide,100,INSTRUMENTAL - ULTRAVIOLET FLUORESCENCE,13820,"Birmingham-Hoover, AL",33.553056,-86.815,POINT,177,NEIGHBORHOOD,500 M TO 4KM,SLAMS,"Jefferson County, AL  Department Of Health",OTHER,,NCORE,17.5,
2022-12-07,010730023,2,0.3,Parts per billion,0,North Birmingham,24,100,42401,Sulfur dioxide,100,INSTRUMENTAL - ULTRAVIOLET FLUORESCENCE,13820,"Birmingham-Hoover, AL",33.553056,-86.815,POINT,177,NEIGHBORHOOD,500 M TO 4KM,SLAMS,"Jefferson County, AL  Department Of Health",OTHER,,NCORE,17.5,
2022-12-08,010730023,2,0.6,Parts per billion,0,North Birmingham,24,100,42401,Sulfur dioxide,100,INSTRUMENTAL - ULTRAVIOLET FLUORESCENCE,13820,"Birmingham-Hoover, AL",33.553056,-86.815,POINT,177,NEIGHBORHOOD,500 M TO 4KM,SLAMS,"Jefferson County, AL  Department Of Health",OTHER,,NCORE,17.5,
2022-12-09,010730023,2,0.4,Parts per billion,0,North Birmingham,24,100,42401,Sulfur dioxide,100,INSTRUMENTAL - ULTRAVIOLET FLUORESCENCE,13820,"Birmingham-Hoover, AL",33.553056,-86.815,POINT,177,NEIGHBORHOOD,500 M TO 4KM,SLAMS,"Jefferson County, AL  Department Of Health",OTHER,,NCORE,17.5,
2022-12-11,010730023,2,0.1,Parts per billion,0,North Birmingham,24,100,42401,Sulfur dioxide,100,INSTRUMENTAL - ULTRAVIOLET FLUORESCENCE,13820,"Birmingham-Hoover, AL",33.553056,-86.815,POINT,177,NEIGHBORHOOD,500 M TO 4KM,SLAMS,"Jefferson County, AL  Department Of Health",OTHER,,NCORE,17.5,
2022-12-10,010730023,2,0.6,Parts per billion,0,North Birmingham,24,100,42401,Sulfur dioxide,100,INSTRUMENTAL - ULTRAVIOLET FLUORESCENCE,13820,"Birmingham-Hoover, AL",33.553056,-86.815,POINT,177,NEIGHBORHOOD,500 M TO 4KM,SLAMS,"Jefferson County, AL  Department Of Health",OTHER,,NCORE,17.5,
2022-12-12,010730023,2,0.9,Parts per billion,0,North Birmingham,19,79,42401,Sulfur dioxide,100,INSTRUMENTAL - ULTRAVIOLET FLUORESCENCE,13820,"Birmingham-Hoover, AL",33.553056,-86.815,POINT,177,NEIGHBORHOOD,500 M TO 4KM,SLAMS,"Jefferson County, AL  Department Of Health",OTHER,,NCORE,17.5,
2022-12-13,010730023,2,0.2,Parts per billion,0,North Birmingham,24,100,42401,Sulfur dioxide,100,INSTRUMENTAL - ULTRAVIOLET FLUORESCENCE,13820,"Birmingham-Hoover, AL",33.553056,-86.815,POINT,177,NEIGHBORHOOD,500 M TO 4KM,SLAMS,"Jefferson County, AL  Department Of Health",OTHER,,NCORE,17.5,
2022-12-14,010730023,2,0.2,Parts per billion,0,North Birmingham,24,100,42401,Sulfur dioxide,100,INSTRUMENTAL - ULTRAVIOLET FLUORESCENCE,13820,"Birmingham-Hoover, AL",33.553056,-86.815,POINT,177,NEIGHBORHOOD,500 M TO 4KM,SLAMS,"Jefferson County, AL  Department Of Health",OTHER,,NCORE,17.5,
2022-12-15,010730023,2,0.9,Parts per billion,0,North Birmingham,21,88,42401,Sulfur dioxide,100,INSTRUMENTAL - ULTRAVIOLET FLUORESCENCE,13820,"Birmingham-Hoover, AL",33.553056,-86.815,POINT,177,NEIGHBORHOOD,500 M TO 4KM,SLAMS,"Jefferson County, AL  Department Of Health",OTHER,,NCORE,17.5,
2022-12-16,010730023,2,0.5,Parts per billion,0,North Birmingham,24,100,42401,Sulfur dioxide,100,INSTRUMENTAL - ULTRAVIOLET FLUORESCENCE,13820,"Birmingham-Hoover, AL",33.553056,-86.815,POINT,177,NEIGHBORHOOD,500 M TO 4KM,SLAMS,"Jefferson County, AL  Department Of Health",OTHER,,NCORE,17.5,
2022-12-17,010730023,2,0,Parts per billion,0,North Birmingham,24,100,42401,Sulfur dioxide,100,INSTRUMENTAL - ULTRAVIOLET FLUORESCENCE,13820,"Birmingham-Hoover, AL",33.553056,-86.815,POINT,177,NEIGHBORHOOD,500 M TO 4KM,SLAMS,"Jefferson County, AL  Department Of Health",OTHER,,NCORE,17.5,
2022-12-18,010730023,2,0.4,Parts per billion,0,North Birmingham,24,100,42401,Sulfur dioxide,100,INSTRUMENTAL - ULTRAVIOLET FLUORESCENCE,13820,"Birmingham-Hoover, AL",33.553056,-86.815,POINT,177,NEIGHBORHOOD,500 M TO 4KM,SLAMS,"Jefferson County, AL  Department Of Health",OTHER,,NCORE,17.5,
2022-12-19,010730023,2,2.6,Parts per billion,3,North Birmingham,24,100,42401,Sulfur dioxide,100,INSTRUMENTAL - ULTRAVIOLET FLUORESCENCE,13820,"Birmingham-Hoover, AL",33.553056,-86.815,POINT,177,NEIGHBORHOOD,500 M TO 4KM,SLAMS,"Jefferson County, AL  Department Of Health",OTHER,,NCORE,17.5,
2022-12-20,010730023,2,0.7,Parts per billion,0,North Birmingham,24,100,42401,Sulfur dioxide,100,INSTRUMENTAL - ULTRAVIOLET FLUORESCENCE,13820,"Birmingham-Hoover, AL",33.553056,-86.815,POINT,177,NEIGHBORHOOD,500 M TO 4KM,SLAMS,"Jefferson County, AL  Department Of Health",OTHER,,NCORE,17.5,
2022-12-21,010730023,2,0.5,Parts per billion,0,North Birmingham,20,83,42401,Sulfur dioxide,100,INSTRUMENTAL - ULTRAVIOLET FLUORESCENCE,13820,"Birmingham-Hoover, AL",33.553056,-86.815,POINT,177,NEIGHBORHOOD,500 M TO 4KM,SLAMS,"Jefferson County, AL  Department Of Health",OTHER,,NCORE,17.5,
2022-12-22,010730023,2,1.2,Parts per billion,1,North Birmingham,19,79,42401,Sulfur dioxide,100,INSTRUMENTAL - ULTRAVIOLET FLUORESCENCE,13820,"Birmingham-Hoover, AL",33.553056,-86.815,POINT,177,NEIGHBORHOOD,500 M TO 4KM,SLAMS,"Jefferson County, AL  Department Of Health",OTHER,,NCORE,17.5,
2022-12-23,010730023,2,0,Parts per billion,0,North Birmingham,24,100,42401,Sulfur dioxide,100,INSTRUMENTAL - ULTRAVIOLET FLUORESCENCE,13820,"Birmingham-Hoover, AL",33.553056,-86.815,POINT,177,NEIGHBORHOOD,500 M TO 4KM,SLAMS,"Jefferson County, AL  Department Of Health",OTHER,,NCORE,17.5,
2022-12-24,010730023,2,0.1,Parts per billion,0,North Birmingham,24,100,42401,Sulfur dioxide,100,INSTRUMENTAL - ULTRAVIOLET FLUORESCENCE,13820,"Birmingham-Hoover, AL",33.553056,-86.815,POINT,177,NEIGHBORHOOD,500 M TO 4KM,SLAMS,"Jefferson County, AL  Department Of Health",OTHER,,NCORE,17.5,
2022-12-25,010730023,2,0,Parts per billion,0,North Birmingham,24,100,42401,Sulfur dioxide,100,INSTRUMENTAL - ULTRAVIOLET FLUORESCENCE,13820,"Birmingham-Hoover, AL",33.553056,-86.815,POINT,177,NEIGHBORHOOD,500 M TO 4KM,SLAMS,"Jefferson County, AL  Department Of Health",OTHER,,NCORE,17.5,
2022-12-26,010730023,2,2.2,Parts per billion,3,North Birmingham,24,100,42401,Sulfur dioxide,100,INSTRUMENTAL - ULTRAVIOLET FLUORESCENCE,13820,"Birmingham-Hoover, AL",33.553056,-86.815,POINT,177,NEIGHBORHOOD,500 M TO 4KM,SLAMS,"Jefferson County, AL  Department Of Health",OTHER,,NCORE,17.5,
2022-12-27,010730023,2,2.5,Parts per billion,3,North Birmingham,24,100,42401,Sulfur dioxide,100,INSTRUMENTAL - ULTRAVIOLET FLUORESCENCE,13820,"Birmingham-Hoover, AL",33.553056,-86.815,POINT,177,NEIGHBORHOOD,500 M TO 4KM,SLAMS,"Jefferson County, AL  Department Of Health",OTHER,,NCORE,17.5,
2022-12-28,010730023,2,3.2,Parts per billion,4,North Birmingham,24,100,42401,Sulfur dioxide,100,INSTRUMENTAL - ULTRAVIOLET FLUORESCENCE,13820,"Birmingham-Hoover, AL",33.553056,-86.815,POINT,177,NEIGHBORHOOD,500 M TO 4KM,SLAMS,"Jefferson County, AL  Department Of Health",OTHER,,NCORE,17.5,
2022-12-29,010730023,2,3.4,Parts per billion,4,North Birmingham,23,96,42401,Sulfur dioxide,100,INSTRUMENTAL - ULTRAVIOLET FLUORESCENCE,13820,"Birmingham-Hoover, AL",33.553056,-86.815,POINT,177,NEIGHBORHOOD,500 M TO 4KM,SLAMS,"Jefferson County, AL  Department Of Health",OTHER,,NCORE,17.5,
2022-12-30,010730023,2,5.5,Parts per billion,7,North Birmingham,24,100,42401,Sulfur dioxide,100,INSTRUMENTAL - ULTRAVIOLET FLUORESCENCE,13820,"Birmingham-Hoover, AL",33.553056,-86.815,POINT,177,NEIGHBORHOOD,500 M TO 4KM,SLAMS,"Jefferson County, AL  Department Of Health",OTHER,,NCORE,17.5,
2022-12-31,010730023,2,0.9,Parts per billion,0,North Birmingham,24,100,42401,Sulfur dioxide,100,INSTRUMENTAL - ULTRAVIOLET FLUORESCENCE,13820,"Birmingham-Hoover, AL",33.553056,-86.815,POINT,177,NEIGHBORHOOD,500 M TO 4KM,SLAMS,"Jefferson County, AL  Department Of Health",OTHER,,NCORE,17.5,
2023-01-01,010730023,2,0,Parts per billion,0,North Birmingham,24,100,42401,Sulfur dioxide,100,INSTRUMENTAL - ULTRAVIOLET FLUORESCENCE,13820,"Birmingham-Hoover, AL",33.553056,-86.815,POINT,177,NEIGHBORHOOD,500 M TO 4KM,SLAMS,"Jefferson County, AL  Department Of Health",OTHER,,NCORE,17.5,
2023-01-02,010730023,2,0.9,Parts per billion,0,North Birmingham,24,100,42401,Sulfur dioxide,100,INSTRUMENTAL - ULTRAVIOLET FLUORESCENCE,13820,"Birmingham-Hoover, AL",33.553056,-86.815,POINT,177,NEIGHBORHOOD,500 M TO 4KM,SLAMS,"Jefferson County, AL  Department Of Health",OTHER,,NCORE,17.5,
2023-01-03,010730023,2,0.3,Parts per billion,0,North Birmingham,24,100,42401,Sulfur dioxide,100,INSTRUMENTAL - ULTRAVIOLET FLUORESCENCE,13820,"Birmingham-Hoover, AL",33.553056,-86.815,POINT,177,NEIGHBORHOOD,500 M TO 4KM,SLAMS,"Jefferson County, AL  Department Of Health",OTHER,,NCORE,17.5,
2023-01-04,010730023,2,0.6,Parts per billion,0,North Birmingham,24,100,42401,Sulfur dioxide,100,INSTRUMENTAL - ULTRAVIOLET FLUORESCENCE,13820,"Birmingham-Hoover, AL",33.553056,-86.815,POINT,177,NEIGHBORHOOD,500 M TO 4KM,SLAMS,"Jefferson County, AL  Department Of Health",OTHER,,NCORE,17.5,
2023-01-05,010730023,2,1,Parts per billion,1,North Birmingham,13,54,42401,Sulfur dioxide,100,INSTRUMENTAL - ULTRAVIOLET FLUORESCENCE,13820,"Birmingham-Hoover, AL",33.553056,-86.815,POINT,177,NEIGHBORHOOD,500 M TO 4KM,SLAMS,"Jefferson County, AL  Department Of Health",OTHER,,NCORE,17.5,
2023-01-06,010730023,2,1.7,Parts per billion,1,North Birmingham,19,79,42401,Sulfur dioxide,100,INSTRUMENTAL - ULTRAVIOLET FLUORESCENCE,13820,"Birmingham-Hoover, AL",33.553056,-86.815,POINT,177,NEIGHBORHOOD,500 M TO 4KM,SLAMS,"Jefferson County, AL  Department Of Health",OTHER,,NCORE,17.5,
2023-01-07,010730023,2,4.9,Parts per billion,6,North Birmingham,24,100,42401,Sulfur dioxide,100,INSTRUMENTAL - ULTRAVIOLET FLUORESCENCE,13820,"Birmingham-Hoover, AL",33.553056,-86.815,POINT,177,NEIGHBORHOOD,500 M TO 4KM,SLAMS,"Jefferson County, AL  Department Of Health",OTHER,,NCORE,17.5,
2023-01-08,010730023,2,1.3,Parts per billion,1,North Birmingham,24,100,42401,Sulfur dioxide,100,INSTRUMENTAL - ULTRAVIOLET FLUORESCENCE,13820,"Birmingham-Hoover, AL",33.553056,-86.815,POINT,177,NEIGHBORHOOD,500 M TO 4KM,SLAMS,"Jefferson County, AL  Department Of Health",OTHER,,NCORE,17.5,
2023-01-09,010730023,2,0.4,Parts per billion,0,North Birmingham,24,100,42401,Sulfur dioxide,100,INSTRUMENTAL - ULTRAVIOLET FLUORESCENCE,13820,"Birmingham-Hoover, AL",33.553056,-86.815,POINT,177,NEIGHBORHOOD,500 M TO 4KM,SLAMS,"Jefferson County, AL  Department Of Health",OTHER,,NCORE,17.5,
2023-01-10,010730023,2,3.4,Parts per billion,4,North Birmingham,24,100,42401,Sulfur dioxide,100,INSTRUMENTAL - ULTRAVIOLET FLUORESCENCE,13820,"Birmingham-Hoover, AL",33.553056,-86.815,POINT,177,NEIGHBORHOOD,500 M TO 4KM,SLAMS,"Jefferson County, AL  Department Of Health",OTHER,,NCORE,17.5,
2023-01-11,010730023,2,2.1,Parts per billion,3,North Birmingham,21,88,42401,Sulfur dioxide,100,INSTRUMENTAL - ULTRAVIOLET FLUORESCENCE,13820,"Birmingham-Hoover, AL",33.553056,-86.815,POINT,177,NEIGHBORHOOD,500 M TO 4KM,SLAMS,"Jefferson County, AL  Department Of Health",OTHER,,NCORE,17.5,
2023-01-12,010730023,2,0.4,Parts per billion,0,North Birmingham,24,100,42401,Sulfur dioxide,100,INSTRUMENTAL - ULTRAVIOLET FLUORESCENCE,13820,"Birmingham-Hoover, AL",33.553056,-86.815,POINT,177,NEIGHBORHOOD,500 M TO 4KM,SLAMS,"Jefferson County, AL  Department Of Health",OTHER,,NCORE,17.5,
2023-01-13,010730023,2,0.1,Parts per billion,0,North Birmingham,17,71,42401,Sulfur dioxide,100,INSTRUMENTAL - ULTRAVIOLET FLUORESCENCE,13820,"Birmingham-Hoover, AL",33.553056,-86.815,POINT,177,NEIGHBORHOOD,500 M TO 4KM,SLAMS,"Jefferson County, AL  Department Of Health",OTHER,,NCORE,17.5,
2023-01-14,010730023,2,1.2,Parts per billion,1,North Birmingham,24,100,42401,Sulfur dioxide,100,INSTRUMENTAL - ULTRAVIOLET FLUORESCENCE,13820,"Birmingham-Hoover, AL",33.553056,-86.815,POINT,177,NEIGHBORHOOD,500 M TO 4KM,SLAMS,"Jefferson County, AL  Department Of Health",OTHER,,NCORE,17.5,
2023-01-15,010730023,2,6.1,Parts per billion,9,North Birmingham,24,100,42401,Sulfur dioxide,100,INSTRUMENTAL - ULTRAVIOLET FLUORESCENCE,13820,"Birmingham-Hoover, AL",33.553056,-86.815,POINT,177,NEIGHBORHOOD,500 M TO 4KM,SLAMS,"Jefferson County, AL  Department Of Health",OTHER,,NCORE,17.5,
2023-01-16,010730023,2,3.2,Parts per billion,4,North Birmingham,24,100,42401,Sulfur dioxide,100,INSTRUMENTAL - ULTRAVIOLET FLUORESCENCE,13820,"Birmingham-Hoover, AL",33.553056,-86.815,POINT,177,NEIGHBORHOOD,500 M TO 4KM,SLAMS,"Jefferson County, AL  Department Of Health",OTHER,,NCORE,17.5,
2023-01-17,010730023,2,3.1,Parts per billion,4,North Birmingham,24,100,42401,Sulfur dioxide,100,INSTRUMENTAL - ULTRAVIOLET FLUORESCENCE,13820,"Birmingham-Hoover, AL",33.553056,-86.815,POINT,177,NEIGHBORHOOD,500 M TO 4KM,SLAMS,"Jefferson County, AL  Department Of Health",OTHER,,NCORE,17.5,
2023-01-18,010730023,2,0.4,Parts per billion,0,North Birmingham,24,100,42401,Sulfur dioxide,100,INSTRUMENTAL - ULTRAVIOLET FLUORESCENCE,13820,"Birmingham-Hoover, AL",33.553056,-86.815,POINT,177,NEIGHBORHOOD,500 M TO 4KM,SLAMS,"Jefferson County, AL  Department Of Health",OTHER,,NCORE,17.5,
2023-01-19,010730023,2,0.9,Parts per billion,0,North Birmingham,19,79,42401,Sulfur dioxide,100,INSTRUMENTAL - ULTRAVIOLET FLUORESCENCE,13820,"Birmingham-Hoover, AL",33.553056,-86.815,POINT,177,NEIGHBORHOOD,500 M TO 4KM,SLAMS,"Jefferson County, AL  Department Of Health",OTHER,,NCORE,17.5,
2023-01-20,010730023,2,0,Parts per billion,0,North Birmingham,19,79,42401,Sulfur dioxide,100,INSTRUMENTAL - ULTRAVIOLET FLUORESCENCE,13820,"Birmingham-Hoover, AL",33.553056,-86.815,POINT,177,NEIGHBORHOOD,500 M TO 4KM,SLAMS,"Jefferson County, AL  Department Of Health",OTHER,,NCORE,17.5,
2023-01-21,010730023,2,0.1,Parts per billion,0,North Birmingham,24,100,42401,Sulfur dioxide,100,INSTRUMENTAL - ULTRAVIOLET FLUORESCENCE,13820,"Birmingham-Hoover, AL",33.553056,-86.815,POINT,177,NEIGHBORHOOD,500 M TO 4KM,SLAMS,"Jefferson County, AL  Department Of Health",OTHER,,NCORE,17.5,
2023-01-22,010730023,2,0,Parts per billion,0,North Birmingham,24,100,42401,Sulfur dioxide,100,INSTRUMENTAL - ULTRAVIOLET FLUORESCENCE,13820,"Birmingham-Hoover, AL",33.553056,-86.815,POINT,177,NEIGHBORHOOD,500 M TO 4KM,SLAMS,"Jefferson County, AL  Department Of Health",OTHER,,NCORE,17.5,
2023-01-23,010730023,2,1.6,Parts per billion,1,North Birmingham,24,100,42401,Sulfur dioxide,100,INSTRUMENTAL - ULTRAVIOLET FLUORESCENCE,13820,"Birmingham-Hoover, AL",33.553056,-86.815,POINT,177,NEIGHBORHOOD,500 M TO 4KM,SLAMS,"Jefferson County, AL  Department Of Health",OTHER,,NCORE,17.5,
2023-01-24,010730023,2,3.1,Parts per billion,4,North Birmingham,24,100,42401,Sulfur dioxide,100,INSTRUMENTAL - ULTRAVIOLET FLUORESCENCE,13820,"Birmingham-Hoover, AL",33.553056,-86.815,POINT,177,NEIGHBORHOOD,500 M TO 4KM,SLAMS,"Jefferson County, AL  Department Of Health",OTHER,,NCORE,17.5,
2023-01-25,010730023,2,1.9,Parts per billion,1,North Birmingham,24,100,42401,Sulfur dioxide,100,INSTRUMENTAL - ULTRAVIOLET FLUORESCENCE,13820,"Birmingham-Hoover, AL",33.553056,-86.815,POINT,177,NEIGHBORHOOD,500 M TO 4KM,SLAMS,"Jefferson County, AL  Department Of Health",OTHER,,NCORE,17.5,
2023-01-26,010730023,2,0.1,Parts per billion,0,North Birmingham,22,92,42401,Sulfur dioxide,100,INSTRUMENTAL - ULTRAVIOLET FLUORESCENCE,13820,"Birmingham-Hoover, AL",33.553056,-86.815,POINT,177,NEIGHBORHOOD,500 M TO 4KM,SLAMS,"Jefferson County, AL  Department Of Health",OTHER,,NCORE,17.5,
2023-01-27,010730023,2,0.5,Parts per billion,0,North Birmingham,24,100,42401,Sulfur dioxide,100,INSTRUMENTAL - ULTRAVIOLET FLUORESCENCE,13820,"Birmingham-Hoover, AL",33.553056,-86.815,POINT,177,NEIGHBORHOOD,500 M TO 4KM,SLAMS,"Jefferson County, AL  Department Of Health",OTHER,,NCORE,17.5,
2023-01-28,010730023,2,1.5,Parts per billion,1,North Birmingham,24,100,42401,Sulfur dioxide,100,INSTRUMENTAL - ULTRAVIOLET FLUORESCENCE,13820,"Birmingham-Hoover, AL",33.553056,-86.815,POINT,177,NEIGHBORHOOD,500 M TO 4KM,SLAMS,"Jefferson County, AL  Department Of Health",OTHER,,NCORE,17.5,
2023-01-29,010730023,2,3.1,Parts per billion,4,North Birmingham,24,100,42401,Sulfur dioxide,100,INSTRUMENTAL - ULTRAVIOLET FLUORESCENCE,13820,"Birmingham-Hoover, AL",33.553056,-86.815,POINT,177,NEIGHBORHOOD,500 M TO 4KM,SLAMS,"Jefferson County, AL  Department Of Health",OTHER,,NCORE,17.5,
2023-01-30,010730023,2,0.3,Parts per billion,0,North Birmingham,24,100,42401,Sulfur dioxide,100,INSTRUMENTAL - ULTRAVIOLET FLUORESCENCE,13820,"Birmingham-Hoover, AL",33.553056,-86.815,POINT,177,NEIGHBORHOOD,500 M TO 4KM,SLAMS,"Jefferson County, AL  Department Of Health",OTHER,,NCORE,17.5,
2023-01-31,010730023,2,0.1,Parts per billion,0,North Birmingham,24,100,42401,Sulfur dioxide,100,INSTRUMENTAL - ULTRAVIOLET FLUORESCENCE,13820,"Birmingham-Hoover, AL",33.553056,-86.815,POINT,177,NEIGHBORHOOD,500 M TO 4KM,SLAMS,"Jefferson County, AL  Department Of Health",OTHER,,NCORE,17.5,
2023-02-01,010730023,2,0.1,Parts per billion,0,North Birmingham,24,100,42401,Sulfur dioxide,100,INSTRUMENTAL - ULTRAVIOLET FLUORESCENCE,13820,"Birmingham-Hoover, AL",33.553056,-86.815,POINT,177,NEIGHBORHOOD,500 M TO 4KM,SLAMS,"Jefferson County, AL  Department Of Health",OTHER,,NCORE,17.5,
2023-02-02,010730023,2,0.2,Parts per billion,0,North Birmingham,20,83,42401,Sulfur dioxide,100,INSTRUMENTAL - ULTRAVIOLET FLUORESCENCE,13820,"Birmingham-Hoover, AL",33.553056,-86.815,POINT,177,NEIGHBORHOOD,500 M TO 4KM,SLAMS,"Jefferson County, AL  Department Of Health",OTHER,,NCORE,17.5,
2023-02-03,010730023,2,0.3,Parts per billion,0,North Birmingham,22,92,42401,Sulfur dioxide,100,INSTRUMENTAL - ULTRAVIOLET FLUORESCENCE,13820,"Birmingham-Hoover, AL",33.553056,-86.815,POINT,177,NEIGHBORHOOD,500 M TO 4KM,SLAMS,"Jefferson County, AL  Department Of Health",OTHER,,NCORE,17.5,
2023-02-04,010730023,2,2.1,Parts per billion,3,North Birmingham,24,100,42401,Sulfur dioxide,100,INSTRUMENTAL - ULTRAVIOLET FLUORESCENCE,13820,"Birmingham-Hoover, AL",33.553056,-86.815,POINT,177,NEIGHBORHOOD,500 M TO 4KM,SLAMS,"Jefferson County, AL  Department Of Health",OTHER,,NCORE,17.5,
2023-02-05,010730023,2,0.6,Parts per billion,0,North Birmingham,24,100,42401,Sulfur dioxide,100,INSTRUMENTAL - ULTRAVIOLET FLUORESCENCE,13820,"Birmingham-Hoover, AL",33.553056,-86.815,POINT,177,NEIGHBORHOOD,500 M TO 4KM,SLAMS,"Jefferson County, AL  Department Of Health",OTHER,,NCORE,17.5,
2023-02-06,010730023,2,1.8,Parts per billion,1,North Birmingham,24,100,42401,Sulfur dioxide,100,INSTRUMENTAL - ULTRAVIOLET FLUORESCENCE,13820,"Birmingham-Hoover, AL",33.553056,-86.815,POINT,177,NEIGHBORHOOD,500 M TO 4KM,SLAMS,"Jefferson County, AL  Department Of Health",OTHER,,NCORE,17.5,
2023-02-07,010730023,2,1.1,Parts per billion,1,North Birmingham,24,100,42401,Sulfur dioxide,100,INSTRUMENTAL - ULTRAVIOLET FLUORESCENCE,13820,"Birmingham-Hoover, AL",33.553056,-86.815,POINT,177,NEIGHBORHOOD,500 M TO 4KM,SLAMS,"Jefferson County, AL  Department Of Health",OTHER,,NCORE,17.5,
2023-02-08,010730023,2,1.2,Parts per billion,1,North Birmingham,24,100,42401,Sulfur dioxide,100,INSTRUMENTAL - ULTRAVIOLET FLUORESCENCE,13820,"Birmingham-Hoover, AL",33.553056,-86.815,POINT,177,NEIGHBORHOOD,500 M TO 4KM,SLAMS,"Jefferson County, AL  Department Of Health",OTHER,,NCORE,17.5,
2023-02-09,010730023,2,0.8,Parts per billion,0,North Birmingham,21,88,42401,Sulfur dioxide,100,INSTRUMENTAL - ULTRAVIOLET FLUORESCENCE,13820,"Birmingham-Hoover, AL",33.553056,-86.815,POINT,177,NEIGHBORHOOD,500 M TO 4KM,SLAMS,"Jefferson County, AL  Department Of Health",OTHER,,NCORE,17.5,
2023-02-10,010730023,2,0.1,Parts per billion,0,North Birmingham,24,100,42401,Sulfur dioxide,100,INSTRUMENTAL - ULTRAVIOLET FLUORESCENCE,13820,"Birmingham-Hoover, AL",33.553056,-86.815,POINT,177,NEIGHBORHOOD,500 M TO 4KM,SLAMS,"Jefferson County, AL  Department Of Health",OTHER,,NCORE,17.5,
2023-02-11,010730023,2,0.1,Parts per billion,0,North Birmingham,24,100,42401,Sulfur dioxide,100,INSTRUMENTAL - ULTRAVIOLET FLUORESCENCE,13820,"Birmingham-Hoover, AL",33.553056,-86.815,POINT,177,NEIGHBORHOOD,500 M TO 4KM,SLAMS,"Jefferson County, AL  Department Of Health",OTHER,,NCORE,17.5,
2023-02-12,010730023,2,0.3,Parts per billion,0,North Birmingham,24,100,42401,Sulfur dioxide,100,INSTRUMENTAL - ULTRAVIOLET FLUORESCENCE,13820,"Birmingham-Hoover, AL",33.553056,-86.815,POINT,177,NEIGHBORHOOD,500 M TO 4KM,SLAMS,"Jefferson County, AL  Department Of Health",OTHER,,NCORE,17.5,
2023-02-13,010730023,2,1.2,Parts per billion,1,North Birmingham,24,100,42401,Sulfur dioxide,100,INSTRUMENTAL - ULTRAVIOLET FLUORESCENCE,13820,"Birmingham-Hoover, AL",33.553056,-86.815,POINT,177,NEIGHBORHOOD,500 M TO 4KM,SLAMS,"Jefferson County, AL  Department Of Health",OTHER,,NCORE,17.5,
2023-02-14,010730023,2,1.9,Parts per billion,1,North Birmingham,24,100,42401,Sulfur dioxide,100,INSTRUMENTAL - ULTRAVIOLET FLUORESCENCE,13820,"Birmingham-Hoover, AL",33.553056,-86.815,POINT,177,NEIGHBORHOOD,500 M TO 4KM,SLAMS,"Jefferson County, AL  Department Of Health",OTHER,,NCORE,17.5,
2023-02-15,010730023,2,1,Parts per billion,1,North Birmingham,24,100,42401,Sulfur dioxide,100,INSTRUMENTAL - ULTRAVIOLET FLUORESCENCE,13820,"Birmingham-Hoover, AL",33.553056,-86.815,POINT,177,NEIGHBORHOOD,500 M TO 4KM,SLAMS,"Jefferson County, AL  Department Of Health",OTHER,,NCORE,17.5,
2023-02-16,010730023,2,1,Parts per billion,1,North Birmingham,17,71,42401,Sulfur dioxide,100,INSTRUMENTAL - ULTRAVIOLET FLUORESCENCE,13820,"Birmingham-Hoover, AL",33.553056,-86.815,POINT,177,NEIGHBORHOOD,500 M TO 4KM,SLAMS,"Jefferson County, AL  Department Of Health",OTHER,,NCORE,17.5,
2023-02-17,010730023,2,0.3,Parts per billion,0,North Birmingham,22,92,42401,Sulfur dioxide,100,INSTRUMENTAL - ULTRAVIOLET FLUORESCENCE,13820,"Birmingham-Hoover, AL",33.553056,-86.815,POINT,177,NEIGHBORHOOD,500 M TO 4KM,SLAMS,"Jefferson County, AL  Department Of Health",OTHER,,NCORE,17.5,
2023-02-18,010730023,2,1.5,Parts per billion,1,North Birmingham,24,100,42401,Sulfur dioxide,100,INSTRUMENTAL - ULTRAVIOLET FLUORESCENCE,13820,"Birmingham-Hoover, AL",33.553056,-86.815,POINT,177,NEIGHBORHOOD,500 M TO 4KM,SLAMS,"Jefferson County, AL  Department Of Health",OTHER,,NCORE,17.5,
2023-02-19,010730023,2,5.3,Parts per billion,7,North Birmingham,24,100,42401,Sulfur dioxide,100,INSTRUMENTAL - ULTRAVIOLET FLUORESCENCE,13820,"Birmingham-Hoover, AL",33.553056,-86.815,POINT,177,NEIGHBORHOOD,500 M TO 4KM,SLAMS,"Jefferson County, AL  Department Of Health",OTHER,,NCORE,17.5,
2023-02-20,010730023,2,0.8,Parts per billion,0,North Birmingham,24,100,42401,Sulfur dioxide,100,INSTRUMENTAL - ULTRAVIOLET FLUORESCENCE,13820,"Birmingham-Hoover, AL",33.553056,-86.815,POINT,177,NEIGHBORHOOD,500 M TO 4KM,SLAMS,"Jefferson County, AL  Department Of Health",OTHER,,NCORE,17.5,
2023-02-21,010730023,2,1.3,Parts per billion,1,North Birmingham,24,100,42401,Sulfur dioxide,100,INSTRUMENTAL - ULTRAVIOLET FLUORESCENCE,13820,"Birmingham-Hoover, AL",33.553056,-86.815,POINT,177,NEIGHBORHOOD,500 M TO 4KM,SLAMS,"Jefferson County, AL  Department Of Health",OTHER,,NCORE,17.5,
2023-02-22,010730023,2,0.4,Parts per billion,0,North Birmingham,24,100,42401,Sulfur dioxide,100,INSTRUMENTAL - ULTRAVIOLET FLUORESCENCE,13820,"Birmingham-Hoover, AL",33.553056,-86.815,POINT,177,NEIGHBORHOOD,500 M TO 4KM,SLAMS,"Jefferson County, AL  Department Of Health",OTHER,,NCORE,17.5,
2023-02-23,010730023,2,0.3,Parts per billion,0,North Birmingham,22,92,42401,Sulfur dioxide,100,INSTRUMENTAL - ULTRAVIOLET FLUORESCENCE,13820,"Birmingham-Hoover, AL",33.553056,-86.815,POINT,177,NEIGHBORHOOD,500 M TO 4KM,SLAMS,"Jefferson County, AL  Department Of Health",OTHER,,NCORE,17.5,
2023-02-24,010730023,2,0.5,Parts per billion,0,North Birmingham,24,100,42401,Sulfur dioxide,100,INSTRUMENTAL - ULTRAVIOLET FLUORESCENCE,13820,"Birmingham-Hoover, AL",33.553056,-86.815,POINT,177,NEIGHBORHOOD,500 M TO 4KM,SLAMS,"Jefferson County, AL  Department Of Health",OTHER,,NCORE,17.5,
2023-02-25,010730023,2,0.5,Parts per billion,0,North Birmingham,24,100,42401,Sulfur dioxide,100,INSTRUMENTAL - ULTRAVIOLET FLUORESCENCE,13820,"Birmingham-Hoover, AL",33.553056,-86.815,POINT,177,NEIGHBORHOOD,500 M TO 4KM,SLAMS,"Jefferson County, AL  Department Of Health",OTHER,,NCORE,17.5,
2023-02-26,010730023,2,0.9,Parts per billion,0,North Birmingham,24,100,42401,Sulfur dioxide,100,INSTRUMENTAL - ULTRAVIOLET FLUORESCENCE,13820,"Birmingham-Hoover, AL",33.553056,-86.815,POINT,177,NEIGHBORHOOD,500 M TO 4KM,SLAMS,"Jefferson County, AL  Department Of Health",OTHER,,NCORE,17.5,
2023-02-27,010730023,2,0.9,Parts per billion,0,North Birmingham,24,100,42401,Sulfur dioxide,100,INSTRUMENTAL - ULTRAVIOLET FLUORESCENCE,13820,"Birmingham-Hoover, AL",33.553056,-86.815,POINT,177,NEIGHBORHOOD,500 M TO 4KM,SLAMS,"Jefferson County, AL  Department Of Health",OTHER,,NCORE,17.5,
2023-02-28,010730023,2,2.8,Parts per billion,3,North Birmingham,24,100,42401,Sulfur dioxide,100,INSTRUMENTAL - ULTRAVIOLET FLUORESCENCE,13820,"Birmingham-Hoover, AL",33.553056,-86.815,POINT,177,NEIGHBORHOOD,500 M TO 4KM,SLAMS,"Jefferson County, AL  Department Of Health",OTHER,,NCORE,17.5,
2023-03-01,010730023,2,4.2,Parts per billion,6,North Birmingham,24,100,42401,Sulfur dioxide,100,INSTRUMENTAL - ULTRAVIOLET FLUORESCENCE,13820,"Birmingham-Hoover, AL",33.553056,-86.815,POINT,177,NEIGHBORHOOD,500 M TO 4KM,SLAMS,"Jefferson County, AL  Department Of Health",OTHER,,NCORE,17.5,
2023-03-02,010730023,2,0.7,Parts per billion,0,North Birmingham,17,71,42401,Sulfur dioxide,100,INSTRUMENTAL - ULTRAVIOLET FLUORESCENCE,13820,"Birmingham-Hoover, AL",33.553056,-86.815,POINT,177,NEIGHBORHOOD,500 M TO 4KM,SLAMS,"Jefferson County, AL  Department Of Health",OTHER,,NCORE,17.5,
2023-03-03,010730023,2,1.6,Parts per billion,1,North Birmingham,24,100,42401,Sulfur dioxide,100,INSTRUMENTAL - ULTRAVIOLET FLUORESCENCE,13820,"Birmingham-Hoover, AL",33.553056,-86.815,POINT,177,NEIGHBORHOOD,500 M TO 4KM,SLAMS,"Jefferson County, AL  Department Of Health",OTHER,,NCORE,17.5,
2023-03-04,010730023,2,3.2,Parts per billion,4,North Birmingham,24,100,42401,Sulfur dioxide,100,INSTRUMENTAL - ULTRAVIOLET FLUORESCENCE,13820,"Birmingham-Hoover, AL",33.553056,-86.815,POINT,177,NEIGHBORHOOD,500 M TO 4KM,SLAMS,"Jefferson County, AL  Department Of Health",OTHER,,NCORE,17.5,
2023-03-05,010730023,2,2.4,Parts per billion,3,North Birmingham,24,100,42401,Sulfur dioxide,100,INSTRUMENTAL - ULTRAVIOLET FLUORESCENCE,13820,"Birmingham-Hoover, AL",33.553056,-86.815,POINT,177,NEIGHBORHOOD,500 M TO 4KM,SLAMS,"Jefferson County, AL  Department Of Health",OTHER,,NCORE,17.5,
2023-03-06,010730023,2,3.3,Parts per billion,4,North Birmingham,24,100,42401,Sulfur dioxide,100,INSTRUMENTAL - ULTRAVIOLET FLUORESCENCE,13820,"Birmingham-Hoover, AL",33.553056,-86.815,POINT,177,NEIGHBORHOOD,500 M TO 4KM,SLAMS,"Jefferson County, AL  Department Of Health",OTHER,,NCORE,17.5,
2023-03-07,010730023,2,2.3,Parts per billion,3,North Birmingham,24,100,42401,Sulfur dioxide,100,INSTRUMENTAL - ULTRAVIOLET FLUORESCENCE,13820,"Birmingham-Hoover, AL",33.553056,-86.815,POINT,177,NEIGHBORHOOD,500 M TO 4KM,SLAMS,"Jefferson County, AL  Department Of Health",OTHER,,NCORE,17.5,
2023-03-08,010730023,2,6.2,Parts per billion,9,North Birmingham,24,100,42401,Sulfur dioxide,100,INSTRUMENTAL - ULTRAVIOLET FLUORESCENCE,13820,"Birmingham-Hoover, AL",33.553056,-86.815,POINT,177,NEIGHBORHOOD,500 M TO 4KM,SLAMS,"Jefferson County, AL  Department Of Health",OTHER,,NCORE,17.5,
2023-03-09,010730023,2,1.3,Parts per billion,1,North Birmingham,23,96,42401,Sulfur dioxide,100,INSTRUMENTAL - ULTRAVIOLET FLUORESCENCE,13820,"Birmingham-Hoover, AL",33.553056,-86.815,POINT,177,NEIGHBORHOOD,500 M TO 4KM,SLAMS,"Jefferson County, AL  Department Of Health",OTHER,,NCORE,17.5,
2023-03-10,010730023,2,0.8,Parts per billion,0,North Birmingham,24,100,42401,Sulfur dioxide,100,INSTRUMENTAL - ULTRAVIOLET FLUORESCENCE,13820,"Birmingham-Hoover, AL",33.553056,-86.815,POINT,177,NEIGHBORHOOD,500 M TO 4KM,SLAMS,"Jefferson County, AL  Department Of Health",OTHER,,NCORE,17.5,
2023-03-11,010730023,2,3.7,Parts per billion,4,North Birmingham,24,100,42401,Sulfur dioxide,100,INSTRUMENTAL - ULTRAVIOLET FLUORESCENCE,13820,"Birmingham-Hoover, AL",33.553056,-86.815,POINT,177,NEIGHBORHOOD,500 M TO 4KM,SLAMS,"Jefferson County, AL  Department Of Health",OTHER,,NCORE,17.5,
2023-03-12,010730023,2,2,Parts per billion,3,North Birmingham,24,100,42401,Sulfur dioxide,100,INSTRUMENTAL - ULTRAVIOLET FLUORESCENCE,13820,"Birmingham-Hoover, AL",33.553056,-86.815,POINT,177,NEIGHBORHOOD,500 M TO 4KM,SLAMS,"Jefferson County, AL  Department Of Health",OTHER,,NCORE,17.5,
2023-03-13,010730023,2,0.6,Parts per billion,0,North Birmingham,24,100,42401,Sulfur dioxide,100,INSTRUMENTAL - ULTRAVIOLET FLUORESCENCE,13820,"Birmingham-Hoover, AL",33.553056,-86.815,POINT,177,NEIGHBORHOOD,500 M TO 4KM,SLAMS,"Jefferson County, AL  Department Of Health",OTHER,,NCORE,17.5,
2023-03-14,010730023,2,0.5,Parts per billion,0,North Birmingham,24,100,42401,Sulfur dioxide,100,INSTRUMENTAL - ULTRAVIOLET FLUORESCENCE,13820,"Birmingham-Hoover, AL",33.553056,-86.815,POINT,177,NEIGHBORHOOD,500 M TO 4KM,SLAMS,"Jefferson County, AL  Department Of Health",OTHER,,NCORE,17.5,
2023-03-15,010730023,2,2.5,Parts per billion,3,North Birmingham,19,79,42401,Sulfur dioxide,100,INSTRUMENTAL - ULTRAVIOLET FLUORESCENCE,13820,"Birmingham-Hoover, AL",33.553056,-86.815,POINT,177,NEIGHBORHOOD,500 M TO 4KM,SLAMS,"Jefferson County, AL  Department Of Health",OTHER,,NCORE,17.5,
2023-03-16,010730023,2,4.6,Parts per billion,6,North Birmingham,14,58,42401,Sulfur dioxide,100,INSTRUMENTAL - ULTRAVIOLET FLUORESCENCE,13820,"Birmingham-Hoover, AL",33.553056,-86.815,POINT,177,NEIGHBORHOOD,500 M TO 4KM,SLAMS,"Jefferson County, AL  Department Of Health",OTHER,,NCORE,17.5,
2023-03-20,010730023,2,2.3,Parts per billion,3,North Birmingham,16,67,42401,Sulfur dioxide,100,INSTRUMENTAL - ULTRAVIOLET FLUORESCENCE,13820,"Birmingham-Hoover, AL",33.553056,-86.815,POINT,177,NEIGHBORHOOD,500 M TO 4KM,SLAMS,"Jefferson County, AL  Department Of Health",OTHER,,NCORE,17.5,
2023-03-21,010730023,2,2.5,Parts per billion,3,North Birmingham,24,100,42401,Sulfur dioxide,100,INSTRUMENTAL - ULTRAVIOLET FLUORESCENCE,13820,"Birmingham-Hoover, AL",33.553056,-86.815,POINT,177,NEIGHBORHOOD,500 M TO 4KM,SLAMS,"Jefferson County, AL  Department Of Health",OTHER,,NCORE,17.5,
2023-03-22,010730023,2,3.5,Parts per billion,4,North Birmingham,21,88,42401,Sulfur dioxide,100,INSTRUMENTAL - ULTRAVIOLET FLUORESCENCE,13820,"Birmingham-Hoover, AL",33.553056,-86.815,POINT,177,NEIGHBORHOOD,500 M TO 4KM,SLAMS,"Jefferson County, AL  Department Of Health",OTHER,,NCORE,17.5,
2023-03-23,010730023,2,2.6,Parts per billion,3,North Birmingham,22,92,42401,Sulfur dioxide,100,INSTRUMENTAL - ULTRAVIOLET FLUORESCENCE,13820,"Birmingham-Hoover, AL",33.553056,-86.815,POINT,177,NEIGHBORHOOD,500 M TO 4KM,SLAMS,"Jefferson County, AL  Department Of Health",OTHER,,NCORE,17.5,
2023-03-24,010730023,2,1.6,Parts per billion,1,North Birmingham,24,100,42401,Sulfur dioxide,100,INSTRUMENTAL - ULTRAVIOLET FLUORESCENCE,13820,"Birmingham-Hoover, AL",33.553056,-86.815,POINT,177,NEIGHBORHOOD,500 M TO 4KM,SLAMS,"Jefferson County, AL  Department Of Health",OTHER,,NCORE,17.5,
2023-03-25,010730023,2,0.9,Parts per billion,0,North Birmingham,24,100,42401,Sulfur dioxide,100,INSTRUMENTAL - ULTRAVIOLET FLUORESCENCE,13820,"Birmingham-Hoover, AL",33.553056,-86.815,POINT,177,NEIGHBORHOOD,500 M TO 4KM,SLAMS,"Jefferson County, AL  Department Of Health",OTHER,,NCORE,17.5,
2023-03-26,010730023,2,4.5,Parts per billion,6,North Birmingham,24,100,42401,Sulfur dioxide,100,INSTRUMENTAL - ULTRAVIOLET FLUORESCENCE,13820,"Birmingham-Hoover, AL",33.553056,-86.815,POINT,177,NEIGHBORHOOD,500 M TO 4KM,SLAMS,"Jefferson County, AL  Department Of Health",OTHER,,NCORE,17.5,
2023-03-27,010730023,2,0.7,Parts per billion,0,North Birmingham,24,100,42401,Sulfur dioxide,100,INSTRUMENTAL - ULTRAVIOLET FLUORESCENCE,13820,"Birmingham-Hoover, AL",33.553056,-86.815,POINT,177,NEIGHBORHOOD,500 M TO 4KM,SLAMS,"Jefferson County, AL  Department Of Health",OTHER,,NCORE,17.5,
2023-03-28,010730023,2,2.9,Parts per billion,3,North Birmingham,24,100,42401,Sulfur dioxide,100,INSTRUMENTAL - ULTRAVIOLET FLUORESCENCE,13820,"Birmingham-Hoover, AL",33.553056,-86.815,POINT,177,NEIGHBORHOOD,500 M TO 4KM,SLAMS,"Jefferson County, AL  Department Of Health",OTHER,,NCORE,17.5,
2023-03-29,010730023,2,4.4,Parts per billion,6,North Birmingham,21,88,42401,Sulfur dioxide,100,INSTRUMENTAL - ULTRAVIOLET FLUORESCENCE,13820,"Birmingham-Hoover, AL",33.553056,-86.815,POINT,177,NEIGHBORHOOD,500 M TO 4KM,SLAMS,"Jefferson County, AL  Department Of Health",OTHER,,NCORE,17.5,
2023-03-30,010730023,2,11.3,Parts per billion,16,North Birmingham,18,75,42401,Sulfur dioxide,100,INSTRUMENTAL - ULTRAVIOLET FLUORESCENCE,13820,"Birmingham-Hoover, AL",33.553056,-86.815,POINT,177,NEIGHBORHOOD,500 M TO 4KM,SLAMS,"Jefferson County, AL  Department Of Health",OTHER,,NCORE,17.5,
2023-03-31,010730023,2,2.9,Parts per billion,3,North Birmingham,23,96,42401,Sulfur dioxide,100,INSTRUMENTAL - ULTRAVIOLET FLUORESCENCE,13820,"Birmingham-Hoover, AL",33.553056,-86.815,POINT,177,NEIGHBORHOOD,500 M TO 4KM,SLAMS,"Jefferson County, AL  Department Of Health",OTHER,,NCORE,17.5,
2023-04-01,010730023,2,0.8,Parts per billion,0,North Birmingham,24,100,42401,Sulfur dioxide,100,INSTRUMENTAL - ULTRAVIOLET FLUORESCENCE,13820,"Birmingham-Hoover, AL",33.553056,-86.815,POINT,177,NEIGHBORHOOD,500 M TO 4KM,SLAMS,"Jefferson County, AL  Department Of Health",OTHER,,NCORE,17.5,
2023-04-02,010730023,2,4.4,Parts per billion,6,North Birmingham,24,100,42401,Sulfur dioxide,100,INSTRUMENTAL - ULTRAVIOLET FLUORESCENCE,13820,"Birmingham-Hoover, AL",33.553056,-86.815,POINT,177,NEIGHBORHOOD,500 M TO 4KM,SLAMS,"Jefferson County, AL  Department Of Health",OTHER,,NCORE,17.5,
2023-04-03,010730023,2,10.3,Parts per billion,14,North Birmingham,23,96,42401,Sulfur dioxide,100,INSTRUMENTAL - ULTRAVIOLET FLUORESCENCE,13820,"Birmingham-Hoover, AL",33.553056,-86.815,POINT,177,NEIGHBORHOOD,500 M TO 4KM,SLAMS,"Jefferson County, AL  Department Of Health",OTHER,,NCORE,17.5,
2023-04-04,010730023,2,1.1,Parts per billion,1,North Birmingham,24,100,42401,Sulfur dioxide,100,INSTRUMENTAL - ULTRAVIOLET FLUORESCENCE,13820,"Birmingham-Hoover, AL",33.553056,-86.815,POINT,177,NEIGHBORHOOD,500 M TO 4KM,SLAMS,"Jefferson County, AL  Department Of Health",OTHER,,NCORE,17.5,
2023-04-05,010730023,2,1.3,Parts per billion,1,North Birmingham,20,83,42401,Sulfur dioxide,100,INSTRUMENTAL - ULTRAVIOLET FLUORESCENCE,13820,"Birmingham-Hoover, AL",33.553056,-86.815,POINT,177,NEIGHBORHOOD,500 M TO 4KM,SLAMS,"Jefferson County, AL  Department Of Health",OTHER,,NCORE,17.5,
2023-04-06,010730023,2,1.4,Parts per billion,1,North Birmingham,24,100,42401,Sulfur dioxide,100,INSTRUMENTAL - ULTRAVIOLET FLUORESCENCE,13820,"Birmingham-Hoover, AL",33.553056,-86.815,POINT,177,NEIGHBORHOOD,500 M TO 4KM,SLAMS,"Jefferson County, AL  Department Of Health",OTHER,,NCORE,17.5,
2023-04-07,010730023,2,2.2,Parts per billion,3,North Birmingham,24,100,42401,Sulfur dioxide,100,INSTRUMENTAL - ULTRAVIOLET FLUORESCENCE,13820,"Birmingham-Hoover, AL",33.553056,-86.815,POINT,177,NEIGHBORHOOD,500 M TO 4KM,SLAMS,"Jefferson County, AL  Department Of Health",OTHER,,NCORE,17.5,
2023-04-08,010730023,2,1,Parts per billion,1,North Birmingham,24,100,42401,Sulfur dioxide,100,INSTRUMENTAL - ULTRAVIOLET FLUORESCENCE,13820,"Birmingham-Hoover, AL",33.553056,-86.815,POINT,177,NEIGHBORHOOD,500 M TO 4KM,SLAMS,"Jefferson County, AL  Department Of Health",OTHER,,NCORE,17.5,
2023-04-09,010730023,2,3.7,Parts per billion,4,North Birmingham,24,100,42401,Sulfur dioxide,100,INSTRUMENTAL - ULTRAVIOLET FLUORESCENCE,13820,"Birmingham-Hoover, AL",33.553056,-86.815,POINT,177,NEIGHBORHOOD,500 M TO 4KM,SLAMS,"Jefferson County, AL  Department Of Health",OTHER,,NCORE,17.5,
2023-04-10,010730023,2,2.7,Parts per billion,3,North Birmingham,24,100,42401,Sulfur dioxide,100,INSTRUMENTAL - ULTRAVIOLET FLUORESCENCE,13820,"Birmingham-Hoover, AL",33.553056,-86.815,POINT,177,NEIGHBORHOOD,500 M TO 4KM,SLAMS,"Jefferson County, AL  Department Of Health",OTHER,,NCORE,17.5,
2023-04-11,010730023,2,9.4,Parts per billion,13,North Birmingham,24,100,42401,Sulfur dioxide,100,INSTRUMENTAL - ULTRAVIOLET FLUORESCENCE,13820,"Birmingham-Hoover, AL",33.553056,-86.815,POINT,177,NEIGHBORHOOD,500 M TO 4KM,SLAMS,"Jefferson County, AL  Department Of Health",OTHER,,NCORE,17.5,
2023-04-12,010730023,2,14.3,Parts per billion,20,North Birmingham,24,100,42401,Sulfur dioxide,100,INSTRUMENTAL - ULTRAVIOLET FLUORESCENCE,13820,"Birmingham-Hoover, AL",33.553056,-86.815,POINT,177,NEIGHBORHOOD,500 M TO 4KM,SLAMS,"Jefferson County, AL  Department Of Health",OTHER,,NCORE,17.5,
2023-04-13,010730023,2,10.6,Parts per billion,14,North Birmingham,24,100,42401,Sulfur dioxide,100,INSTRUMENTAL - ULTRAVIOLET FLUORESCENCE,13820,"Birmingham-Hoover, AL",33.553056,-86.815,POINT,177,NEIGHBORHOOD,500 M TO 4KM,SLAMS,"Jefferson County, AL  Department Of Health",OTHER,,NCORE,17.5,
2023-04-14,010730023,2,1.1,Parts per billion,1,North Birmingham,19,79,42401,Sulfur dioxide,100,INSTRUMENTAL - ULTRAVIOLET FLUORESCENCE,13820,"Birmingham-Hoover, AL",33.553056,-86.815,POINT,177,NEIGHBORHOOD,500 M TO 4KM,SLAMS,"Jefferson County, AL  Department Of Health",OTHER,,NCORE,17.5,
2023-04-15,010730023,2,1.3,Parts per billion,1,North Birmingham,24,100,42401,Sulfur dioxide,100,INSTRUMENTAL - ULTRAVIOLET FLUORESCENCE,13820,"Birmingham-Hoover, AL",33.553056,-86.815,POINT,177,NEIGHBORHOOD,500 M TO 4KM,SLAMS,"Jefferson County, AL  Department Of Health",OTHER,,NCORE,17.5,
2023-04-16,010730023,2,0.7,Parts per billion,0,North Birmingham,24,100,42401,Sulfur dioxide,100,INSTRUMENTAL - ULTRAVIOLET FLUORESCENCE,13820,"Birmingham-Hoover, AL",33.553056,-86.815,POINT,177,NEIGHBORHOOD,500 M TO 4KM,SLAMS,"Jefferson County, AL  Department Of Health",OTHER,,NCORE,17.5,
2023-04-17,010730023,2,0.8,Parts per billion,0,North Birmingham,24,100,42401,Sulfur dioxide,100,INSTRUMENTAL - ULTRAVIOLET FLUORESCENCE,13820,"Birmingham-Hoover, AL",33.553056,-86.815,POINT,177,NEIGHBORHOOD,500 M TO 4KM,SLAMS,"Jefferson County, AL  Department Of Health",OTHER,,NCORE,17.5,
2023-04-18,010730023,2,7.5,Parts per billion,10,North Birmingham,24,100,42401,Sulfur dioxide,100,INSTRUMENTAL - ULTRAVIOLET FLUORESCENCE,13820,"Birmingham-Hoover, AL",33.553056,-86.815,POINT,177,NEIGHBORHOOD,500 M TO 4KM,SLAMS,"Jefferson County, AL  Department Of Health",OTHER,,NCORE,17.5,
2023-04-19,010730023,2,6.9,Parts per billion,9,North Birmingham,22,92,42401,Sulfur dioxide,100,INSTRUMENTAL - ULTRAVIOLET FLUORESCENCE,13820,"Birmingham-Hoover, AL",33.553056,-86.815,POINT,177,NEIGHBORHOOD,500 M TO 4KM,SLAMS,"Jefferson County, AL  Department Of Health",OTHER,,NCORE,17.5,
2023-04-20,010730023,2,4.7,Parts per billion,6,North Birmingham,22,92,42401,Sulfur dioxide,100,INSTRUMENTAL - ULTRAVIOLET FLUORESCENCE,13820,"Birmingham-Hoover, AL",33.553056,-86.815,POINT,177,NEIGHBORHOOD,500 M TO 4KM,SLAMS,"Jefferson County, AL  Department Of Health",OTHER,,NCORE,17.5,
2023-04-21,010730023,2,3.5,Parts per billion,4,North Birmingham,24,100,42401,Sulfur dioxide,100,INSTRUMENTAL - ULTRAVIOLET FLUORESCENCE,13820,"Birmingham-Hoover, AL",33.553056,-86.815,POINT,177,NEIGHBORHOOD,500 M TO 4KM,SLAMS,"Jefferson County, AL  Department Of Health",OTHER,,NCORE,17.5,
2023-04-22,010730023,2,0.8,Parts per billion,0,North Birmingham,24,100,42401,Sulfur dioxide,100,INSTRUMENTAL - ULTRAVIOLET FLUORESCENCE,13820,"Birmingham-Hoover, AL",33.553056,-86.815,POINT,177,NEIGHBORHOOD,500 M TO 4KM,SLAMS,"Jefferson County, AL  Department Of Health",OTHER,,NCORE,17.5,
2023-04-23,010730023,2,0.9,Parts per billion,0,North Birmingham,24,100,42401,Sulfur dioxide,100,INSTRUMENTAL - ULTRAVIOLET FLUORESCENCE,13820,"Birmingham-Hoover, AL",33.553056,-86.815,POINT,177,NEIGHBORHOOD,500 M TO 4KM,SLAMS,"Jefferson County, AL  Department Of Health",OTHER,,NCORE,17.5,
2023-04-24,010730023,2,1.2,Parts per billion,1,North Birmingham,24,100,42401,Sulfur dioxide,100,INSTRUMENTAL - ULTRAVIOLET FLUORESCENCE,13820,"Birmingham-Hoover, AL",33.553056,-86.815,POINT,177,NEIGHBORHOOD,500 M TO 4KM,SLAMS,"Jefferson County, AL  Department Of Health",OTHER,,NCORE,17.5,
2023-04-25,010730023,2,2.8,Parts per billion,3,North Birmingham,24,100,42401,Sulfur dioxide,100,INSTRUMENTAL - ULTRAVIOLET FLUORESCENCE,13820,"Birmingham-Hoover, AL",33.553056,-86.815,POINT,177,NEIGHBORHOOD,500 M TO 4KM,SLAMS,"Jefferson County, AL  Department Of Health",OTHER,,NCORE,17.5,
2023-04-26,010730023,2,4.2,Parts per billion,6,North Birmingham,24,100,42401,Sulfur dioxide,100,INSTRUMENTAL - ULTRAVIOLET FLUORESCENCE,13820,"Birmingham-Hoover, AL",33.553056,-86.815,POINT,177,NEIGHBORHOOD,500 M TO 4KM,SLAMS,"Jefferson County, AL  Department Of Health",OTHER,,NCORE,17.5,
2023-04-27,010730023,2,0.8,Parts per billion,0,North Birmingham,22,92,42401,Sulfur dioxide,100,INSTRUMENTAL - ULTRAVIOLET FLUORESCENCE,13820,"Birmingham-Hoover, AL",33.553056,-86.815,POINT,177,NEIGHBORHOOD,500 M TO 4KM,SLAMS,"Jefferson County, AL  Department Of Health",OTHER,,NCORE,17.5,
2023-04-28,010730023,2,1.5,Parts per billion,1,North Birmingham,20,83,42401,Sulfur dioxide,100,INSTRUMENTAL - ULTRAVIOLET FLUORESCENCE,13820,"Birmingham-Hoover, AL",33.553056,-86.815,POINT,177,NEIGHBORHOOD,500 M TO 4KM,SLAMS,"Jefferson County, AL  Department Of Health",OTHER,,NCORE,17.5,
2023-04-29,010730023,2,1,Parts per billion,1,North Birmingham,24,100,42401,Sulfur dioxide,100,INSTRUMENTAL - ULTRAVIOLET FLUORESCENCE,13820,"Birmingham-Hoover, AL",33.553056,-86.815,POINT,177,NEIGHBORHOOD,500 M TO 4KM,SLAMS,"Jefferson County, AL  Department Of Health",OTHER,,NCORE,17.5,
2023-04-30,010730023,2,0.7,Parts per billion,0,North Birmingham,24,100,42401,Sulfur dioxide,100,INSTRUMENTAL - ULTRAVIOLET FLUORESCENCE,13820,"Birmingham-Hoover, AL",33.553056,-86.815,POINT,177,NEIGHBORHOOD,500 M TO 4KM,SLAMS,"Jefferson County, AL  Department Of Health",OTHER,,NCORE,17.5,
2023-05-01,010730023,2,1.1,Parts per billion,1,North Birmingham,24,100,42401,Sulfur dioxide,100,INSTRUMENTAL - ULTRAVIOLET FLUORESCENCE,13820,"Birmingham-Hoover, AL",33.553056,-86.815,POINT,177,NEIGHBORHOOD,500 M TO 4KM,SLAMS,"Jefferson County, AL  Department Of Health",OTHER,,NCORE,17.5,
2023-05-02,010730023,2,1.1,Parts per billion,1,North Birmingham,24,100,42401,Sulfur dioxide,100,INSTRUMENTAL - ULTRAVIOLET FLUORESCENCE,13820,"Birmingham-Hoover, AL",33.553056,-86.815,POINT,177,NEIGHBORHOOD,500 M TO 4KM,SLAMS,"Jefferson County, AL  Department Of Health",OTHER,,NCORE,17.5,
2023-05-03,010730023,2,1.4,Parts per billion,1,North Birmingham,22,92,42401,Sulfur dioxide,100,INSTRUMENTAL - ULTRAVIOLET FLUORESCENCE,13820,"Birmingham-Hoover, AL",33.553056,-86.815,POINT,177,NEIGHBORHOOD,500 M TO 4KM,SLAMS,"Jefferson County, AL  Department Of Health",OTHER,,NCORE,17.5,
2023-05-04,010730023,2,10.9,Parts per billion,14,North Birmingham,24,100,42401,Sulfur dioxide,100,INSTRUMENTAL - ULTRAVIOLET FLUORESCENCE,13820,"Birmingham-Hoover, AL",33.553056,-86.815,POINT,177,NEIGHBORHOOD,500 M TO 4KM,SLAMS,"Jefferson County, AL  Department Of Health",OTHER,,NCORE,17.5,
2023-05-05,010730023,2,9.5,Parts per billion,13,North Birmingham,24,100,42401,Sulfur dioxide,100,INSTRUMENTAL - ULTRAVIOLET FLUORESCENCE,13820,"Birmingham-Hoover, AL",33.553056,-86.815,POINT,177,NEIGHBORHOOD,500 M TO 4KM,SLAMS,"Jefferson County, AL  Department Of Health",OTHER,,NCORE,17.5,
2023-05-06,010730023,2,0.9,Parts per billion,0,North Birmingham,24,100,42401,Sulfur dioxide,100,INSTRUMENTAL - ULTRAVIOLET FLUORESCENCE,13820,"Birmingham-Hoover, AL",33.553056,-86.815,POINT,177,NEIGHBORHOOD,500 M TO 4KM,SLAMS,"Jefferson County, AL  Department Of Health",OTHER,,NCORE,17.5,
2023-05-07,010730023,2,1.1,Parts per billion,1,North Birmingham,24,100,42401,Sulfur dioxide,100,INSTRUMENTAL - ULTRAVIOLET FLUORESCENCE,13820,"Birmingham-Hoover, AL",33.553056,-86.815,POINT,177,NEIGHBORHOOD,500 M TO 4KM,SLAMS,"Jefferson County, AL  Department Of Health",OTHER,,NCORE,17.5,
2023-05-08,010730023,2,0.7,Parts per billion,0,North Birmingham,24,100,42401,Sulfur dioxide,100,INSTRUMENTAL - ULTRAVIOLET FLUORESCENCE,13820,"Birmingham-Hoover, AL",33.553056,-86.815,POINT,177,NEIGHBORHOOD,500 M TO 4KM,SLAMS,"Jefferson County, AL  Department Of Health",OTHER,,NCORE,17.5,
2023-05-09,010730023,2,1,Parts per billion,1,North Birmingham,24,100,42401,Sulfur dioxide,100,INSTRUMENTAL - ULTRAVIOLET FLUORESCENCE,13820,"Birmingham-Hoover, AL",33.553056,-86.815,POINT,177,NEIGHBORHOOD,500 M TO 4KM,SLAMS,"Jefferson County, AL  Department Of Health",OTHER,,NCORE,17.5,
2023-05-10,010730023,2,2.2,Parts per billion,3,North Birmingham,24,100,42401,Sulfur dioxide,100,INSTRUMENTAL - ULTRAVIOLET FLUORESCENCE,13820,"Birmingham-Hoover, AL",33.553056,-86.815,POINT,177,NEIGHBORHOOD,500 M TO 4KM,SLAMS,"Jefferson County, AL  Department Of Health",OTHER,,NCORE,17.5,
2023-05-11,010730023,2,0.8,Parts per billion,0,North Birmingham,19,79,42401,Sulfur dioxide,100,INSTRUMENTAL - ULTRAVIOLET FLUORESCENCE,13820,"Birmingham-Hoover, AL",33.553056,-86.815,POINT,177,NEIGHBORHOOD,500 M TO 4KM,SLAMS,"Jefferson County, AL  Department Of Health",OTHER,,NCORE,17.5,
2023-05-12,010730023,2,1.1,Parts per billion,1,North Birmingham,24,100,42401,Sulfur dioxide,100,INSTRUMENTAL - ULTRAVIOLET FLUORESCENCE,13820,"Birmingham-Hoover, AL",33.553056,-86.815,POINT,177,NEIGHBORHOOD,500 M TO 4KM,SLAMS,"Jefferson County, AL  Department Of Health",OTHER,,NCORE,17.5,
2023-05-13,010730023,2,0.9,Parts per billion,0,North Birmingham,24,100,42401,Sulfur dioxide,100,INSTRUMENTAL - ULTRAVIOLET FLUORESCENCE,13820,"Birmingham-Hoover, AL",33.553056,-86.815,POINT,177,NEIGHBORHOOD,500 M TO 4KM,SLAMS,"Jefferson County, AL  Department Of Health",OTHER,,NCORE,17.5,
2023-05-14,010730023,2,1.3,Parts per billion,1,North Birmingham,24,100,42401,Sulfur dioxide,100,INSTRUMENTAL - ULTRAVIOLET FLUORESCENCE,13820,"Birmingham-Hoover, AL",33.553056,-86.815,POINT,177,NEIGHBORHOOD,500 M TO 4KM,SLAMS,"Jefferson County, AL  Department Of Health",OTHER,,NCORE,17.5,
2023-05-15,010730023,2,1.6,Parts per billion,1,North Birmingham,24,100,42401,Sulfur dioxide,100,INSTRUMENTAL - ULTRAVIOLET FLUORESCENCE,13820,"Birmingham-Hoover, AL",33.553056,-86.815,POINT,177,NEIGHBORHOOD,500 M TO 4KM,SLAMS,"Jefferson County, AL  Department Of Health",OTHER,,NCORE,17.5,
2023-05-16,010730023,2,0.9,Parts per billion,0,North Birmingham,24,100,42401,Sulfur dioxide,100,INSTRUMENTAL - ULTRAVIOLET FLUORESCENCE,13820,"Birmingham-Hoover, AL",33.553056,-86.815,POINT,177,NEIGHBORHOOD,500 M TO 4KM,SLAMS,"Jefferson County, AL  Department Of Health",OTHER,,NCORE,17.5,
2023-05-17,010730023,2,1.1,Parts per billion,1,North Birmingham,23,96,42401,Sulfur dioxide,100,INSTRUMENTAL - ULTRAVIOLET FLUORESCENCE,13820,"Birmingham-Hoover, AL",33.553056,-86.815,POINT,177,NEIGHBORHOOD,500 M TO 4KM,SLAMS,"Jefferson County, AL  Department Of Health",OTHER,,NCORE,17.5,
2023-05-18,010730023,2,1,Parts per billion,1,North Birmingham,24,100,42401,Sulfur dioxide,100,INSTRUMENTAL - ULTRAVIOLET FLUORESCENCE,13820,"Birmingham-Hoover, AL",33.553056,-86.815,POINT,177,NEIGHBORHOOD,500 M TO 4KM,SLAMS,"Jefferson County, AL  Department Of Health",OTHER,,NCORE,17.5,
2023-05-19,010730023,2,0.8,Parts per billion,0,North Birmingham,24,100,42401,Sulfur dioxide,100,INSTRUMENTAL - ULTRAVIOLET FLUORESCENCE,13820,"Birmingham-Hoover, AL",33.553056,-86.815,POINT,177,NEIGHBORHOOD,500 M TO 4KM,SLAMS,"Jefferson County, AL  Department Of Health",OTHER,,NCORE,17.5,
2023-05-20,010730023,2,1.1,Parts per billion,1,North Birmingham,24,100,42401,Sulfur dioxide,100,INSTRUMENTAL - ULTRAVIOLET FLUORESCENCE,13820,"Birmingham-Hoover, AL",33.553056,-86.815,POINT,177,NEIGHBORHOOD,500 M TO 4KM,SLAMS,"Jefferson County, AL  Department Of Health",OTHER,,NCORE,17.5,
2023-05-21,010730023,2,1,Parts per billion,1,North Birmingham,24,100,42401,Sulfur dioxide,100,INSTRUMENTAL - ULTRAVIOLET FLUORESCENCE,13820,"Birmingham-Hoover, AL",33.553056,-86.815,POINT,177,NEIGHBORHOOD,500 M TO 4KM,SLAMS,"Jefferson County, AL  Department Of Health",OTHER,,NCORE,17.5,
2023-05-22,010730023,2,2.3,Parts per billion,3,North Birmingham,24,100,42401,Sulfur dioxide,100,INSTRUMENTAL - ULTRAVIOLET FLUORESCENCE,13820,"Birmingham-Hoover, AL",33.553056,-86.815,POINT,177,NEIGHBORHOOD,500 M TO 4KM,SLAMS,"Jefferson County, AL  Department Of Health",OTHER,,NCORE,17.5,
2023-05-23,010730023,2,0.7,Parts per billion,0,North Birmingham,19,79,42401,Sulfur dioxide,100,INSTRUMENTAL - ULTRAVIOLET FLUORESCENCE,13820,"Birmingham-Hoover, AL",33.553056,-86.815,POINT,177,NEIGHBORHOOD,500 M TO 4KM,SLAMS,"Jefferson County, AL  Department Of Health",OTHER,,NCORE,17.5,
2023-05-24,010730023,2,2.7,Parts per billion,3,North Birmingham,24,100,42401,Sulfur dioxide,100,INSTRUMENTAL - ULTRAVIOLET FLUORESCENCE,13820,"Birmingham-Hoover, AL",33.553056,-86.815,POINT,177,NEIGHBORHOOD,500 M TO 4KM,SLAMS,"Jefferson County, AL  Department Of Health",OTHER,,NCORE,17.5,
2023-05-25,010730023,2,2.4,Parts per billion,3,North Birmingham,24,100,42401,Sulfur dioxide,100,INSTRUMENTAL - ULTRAVIOLET FLUORESCENCE,13820,"Birmingham-Hoover, AL",33.553056,-86.815,POINT,177,NEIGHBORHOOD,500 M TO 4KM,SLAMS,"Jefferson County, AL  Department Of Health",OTHER,,NCORE,17.5,
2023-05-26,010730023,2,3.2,Parts per billion,4,North Birmingham,24,100,42401,Sulfur dioxide,100,INSTRUMENTAL - ULTRAVIOLET FLUORESCENCE,13820,"Birmingham-Hoover, AL",33.553056,-86.815,POINT,177,NEIGHBORHOOD,500 M TO 4KM,SLAMS,"Jefferson County, AL  Department Of Health",OTHER,,NCORE,17.5,
2023-05-27,010730023,2,1.6,Parts per billion,1,North Birmingham,24,100,42401,Sulfur dioxide,100,INSTRUMENTAL - ULTRAVIOLET FLUORESCENCE,13820,"Birmingham-Hoover, AL",33.553056,-86.815,POINT,177,NEIGHBORHOOD,500 M TO 4KM,SLAMS,"Jefferson County, AL  Department Of Health",OTHER,,NCORE,17.5,
2023-05-28,010730023,2,1.4,Parts per billion,1,North Birmingham,24,100,42401,Sulfur dioxide,100,INSTRUMENTAL - ULTRAVIOLET FLUORESCENCE,13820,"Birmingham-Hoover, AL",33.553056,-86.815,POINT,177,NEIGHBORHOOD,500 M TO 4KM,SLAMS,"Jefferson County, AL  Department Of Health",OTHER,,NCORE,17.5,
2023-05-29,010730023,2,1,Parts per billion,1,North Birmingham,24,100,42401,Sulfur dioxide,100,INSTRUMENTAL - ULTRAVIOLET FLUORESCENCE,13820,"Birmingham-Hoover, AL",33.553056,-86.815,POINT,177,NEIGHBORHOOD,500 M TO 4KM,SLAMS,"Jefferson County, AL  Department Of Health",OTHER,,NCORE,17.5,
2023-05-30,010730023,2,2.4,Parts per billion,3,North Birmingham,24,100,42401,Sulfur dioxide,100,INSTRUMENTAL - ULTRAVIOLET FLUORESCENCE,13820,"Birmingham-Hoover, AL",33.553056,-86.815,POINT,177,NEIGHBORHOOD,500 M TO 4KM,SLAMS,"Jefferson County, AL  Department Of Health",OTHER,,NCORE,17.5,
2023-05-31,010730023,2,2.2,Parts per billion,3,North Birmingham,22,92,42401,Sulfur dioxide,100,INSTRUMENTAL - ULTRAVIOLET FLUORESCENCE,13820,"Birmingham-Hoover, AL",33.553056,-86.815,POINT,177,NEIGHBORHOOD,500 M TO 4KM,SLAMS,"Jefferson County, AL  Department Of Health",OTHER,,NCORE,17.5,
2023-06-01,010730023,2,4.3,Parts per billion,6,North Birmingham,24,100,42401,Sulfur dioxide,100,INSTRUMENTAL - ULTRAVIOLET FLUORESCENCE,13820,"Birmingham-Hoover, AL",33.553056,-86.815,POINT,177,NEIGHBORHOOD,500 M TO 4KM,SLAMS,"Jefferson County, AL  Department Of Health",OTHER,,NCORE,17.5,
2023-06-02,010730023,2,3.7,Parts per billion,4,North Birmingham,24,100,42401,Sulfur dioxide,100,INSTRUMENTAL - ULTRAVIOLET FLUORESCENCE,13820,"Birmingham-Hoover, AL",33.553056,-86.815,POINT,177,NEIGHBORHOOD,500 M TO 4KM,SLAMS,"Jefferson County, AL  Department Of Health",OTHER,,NCORE,17.5,
2023-06-03,010730023,2,4.5,Parts per billion,6,North Birmingham,24,100,42401,Sulfur dioxide,100,INSTRUMENTAL - ULTRAVIOLET FLUORESCENCE,13820,"Birmingham-Hoover, AL",33.553056,-86.815,POINT,177,NEIGHBORHOOD,500 M TO 4KM,SLAMS,"Jefferson County, AL  Department Of Health",OTHER,,NCORE,17.5,
2023-06-04,010730023,2,6.6,Parts per billion,9,North Birmingham,24,100,42401,Sulfur dioxide,100,INSTRUMENTAL - ULTRAVIOLET FLUORESCENCE,13820,"Birmingham-Hoover, AL",33.553056,-86.815,POINT,177,NEIGHBORHOOD,500 M TO 4KM,SLAMS,"Jefferson County, AL  Department Of Health",OTHER,,NCORE,17.5,
2023-06-05,010730023,2,1.2,Parts per billion,1,North Birmingham,24,100,42401,Sulfur dioxide,100,INSTRUMENTAL - ULTRAVIOLET FLUORESCENCE,13820,"Birmingham-Hoover, AL",33.553056,-86.815,POINT,177,NEIGHBORHOOD,500 M TO 4KM,SLAMS,"Jefferson County, AL  Department Of Health",OTHER,,NCORE,17.5,
2023-06-06,010730023,2,1.1,Parts per billion,1,North Birmingham,24,100,42401,Sulfur dioxide,100,INSTRUMENTAL - ULTRAVIOLET FLUORESCENCE,13820,"Birmingham-Hoover, AL",33.553056,-86.815,POINT,177,NEIGHBORHOOD,500 M TO 4KM,SLAMS,"Jefferson County, AL  Department Of Health",OTHER,,NCORE,17.5,
2023-06-07,010730023,2,1.1,Parts per billion,1,North Birmingham,24,100,42401,Sulfur dioxide,100,INSTRUMENTAL - ULTRAVIOLET FLUORESCENCE,13820,"Birmingham-Hoover, AL",33.553056,-86.815,POINT,177,NEIGHBORHOOD,500 M TO 4KM,SLAMS,"Jefferson County, AL  Department Of Health",OTHER,,NCORE,17.5,
2023-06-08,010730023,2,2.7,Parts per billion,3,North Birmingham,17,71,42401,Sulfur dioxide,100,INSTRUMENTAL - ULTRAVIOLET FLUORESCENCE,13820,"Birmingham-Hoover, AL",33.553056,-86.815,POINT,177,NEIGHBORHOOD,500 M TO 4KM,SLAMS,"Jefferson County, AL  Department Of Health",OTHER,,NCORE,17.5,
2023-06-09,010730023,2,5.4,Parts per billion,7,North Birmingham,24,100,42401,Sulfur dioxide,100,INSTRUMENTAL - ULTRAVIOLET FLUORESCENCE,13820,"Birmingham-Hoover, AL",33.553056,-86.815,POINT,177,NEIGHBORHOOD,500 M TO 4KM,SLAMS,"Jefferson County, AL  Department Of Health",OTHER,,NCORE,17.5,
2023-06-10,010730023,2,9.6,Parts per billion,13,North Birmingham,24,100,42401,Sulfur dioxide,100,INSTRUMENTAL - ULTRAVIOLET FLUORESCENCE,13820,"Birmingham-Hoover, AL",33.553056,-86.815,POINT,177,NEIGHBORHOOD,500 M TO 4KM,SLAMS,"Jefferson County, AL  Department Of Health",OTHER,,NCORE,17.5,
2023-06-11,010730023,2,2.4,Parts per billion,3,North Birmingham,24,100,42401,Sulfur dioxide,100,INSTRUMENTAL - ULTRAVIOLET FLUORESCENCE,13820,"Birmingham-Hoover, AL",33.553056,-86.815,POINT,177,NEIGHBORHOOD,500 M TO 4KM,SLAMS,"Jefferson County, AL  Department Of Health",OTHER,,NCORE,17.5,
2023-06-12,010730023,2,0.8,Parts per billion,0,North Birmingham,24,100,42401,Sulfur dioxide,100,INSTRUMENTAL - ULTRAVIOLET FLUORESCENCE,13820,"Birmingham-Hoover, AL",33.553056,-86.815,POINT,177,NEIGHBORHOOD,500 M TO 4KM,SLAMS,"Jefferson County, AL  Department Of Health",OTHER,,NCORE,17.5,
2023-06-13,010730023,2,1.2,Parts per billion,1,North Birmingham,24,100,42401,Sulfur dioxide,100,INSTRUMENTAL - ULTRAVIOLET FLUORESCENCE,13820,"Birmingham-Hoover, AL",33.553056,-86.815,POINT,177,NEIGHBORHOOD,500 M TO 4KM,SLAMS,"Jefferson County, AL  Department Of Health",OTHER,,NCORE,17.5,
2023-06-14,010730023,2,1,Parts per billion,1,North Birmingham,21,88,42401,Sulfur dioxide,100,INSTRUMENTAL - ULTRAVIOLET FLUORESCENCE,13820,"Birmingham-Hoover, AL",33.553056,-86.815,POINT,177,NEIGHBORHOOD,500 M TO 4KM,SLAMS,"Jefferson County, AL  Department Of Health",OTHER,,NCORE,17.5,
2023-06-15,010730023,2,0.9,Parts per billion,0,North Birmingham,24,100,42401,Sulfur dioxide,100,INSTRUMENTAL - ULTRAVIOLET FLUORESCENCE,13820,"Birmingham-Hoover, AL",33.553056,-86.815,POINT,177,NEIGHBORHOOD,500 M TO 4KM,SLAMS,"Jefferson County, AL  Department Of Health",OTHER,,NCORE,17.5,
2023-06-16,010730023,2,1.1,Parts per billion,1,North Birmingham,24,100,42401,Sulfur dioxide,100,INSTRUMENTAL - ULTRAVIOLET FLUORESCENCE,13820,"Birmingham-Hoover, AL",33.553056,-86.815,POINT,177,NEIGHBORHOOD,500 M TO 4KM,SLAMS,"Jefferson County, AL  Department Of Health",OTHER,,NCORE,17.5,
2023-06-17,010730023,2,1.4,Parts per billion,1,North Birmingham,24,100,42401,Sulfur dioxide,100,INSTRUMENTAL - ULTRAVIOLET FLUORESCENCE,13820,"Birmingham-Hoover, AL",33.553056,-86.815,POINT,177,NEIGHBORHOOD,500 M TO 4KM,SLAMS,"Jefferson County, AL  Department Of Health",OTHER,,NCORE,17.5,
2023-06-18,010730023,2,2.5,Parts per billion,3,North Birmingham,24,100,42401,Sulfur dioxide,100,INSTRUMENTAL - ULTRAVIOLET FLUORESCENCE,13820,"Birmingham-Hoover, AL",33.553056,-86.815,POINT,177,NEIGHBORHOOD,500 M TO 4KM,SLAMS,"Jefferson County, AL  Department Of Health",OTHER,,NCORE,17.5,
2023-06-19,010730023,2,0.9,Parts per billion,0,North Birmingham,24,100,42401,Sulfur dioxide,100,INSTRUMENTAL - ULTRAVIOLET FLUORESCENCE,13820,"Birmingham-Hoover, AL",33.553056,-86.815,POINT,177,NEIGHBORHOOD,500 M TO 4KM,SLAMS,"Jefferson County, AL  Department Of Health",OTHER,,NCORE,17.5,
2023-06-20,010730023,2,0.9,Parts per billion,0,North Birmingham,24,100,42401,Sulfur dioxide,100,INSTRUMENTAL - ULTRAVIOLET FLUORESCENCE,13820,"Birmingham-Hoover, AL",33.553056,-86.815,POINT,177,NEIGHBORHOOD,500 M TO 4KM,SLAMS,"Jefferson County, AL  Department Of Health",OTHER,,NCORE,17.5,
2023-06-21,010730023,2,1.4,Parts per billion,1,North Birmingham,24,100,42401,Sulfur dioxide,100,INSTRUMENTAL - ULTRAVIOLET FLUORESCENCE,13820,"Birmingham-Hoover, AL",33.553056,-86.815,POINT,177,NEIGHBORHOOD,500 M TO 4KM,SLAMS,"Jefferson County, AL  Department Of Health",OTHER,,NCORE,17.5,
2023-06-22,010730023,2,1.2,Parts per billion,1,North Birmingham,19,79,42401,Sulfur dioxide,100,INSTRUMENTAL - ULTRAVIOLET FLUORESCENCE,13820,"Birmingham-Hoover, AL",33.553056,-86.815,POINT,177,NEIGHBORHOOD,500 M TO 4KM,SLAMS,"Jefferson County, AL  Department Of Health",OTHER,,NCORE,17.5,
2023-06-23,010730023,2,1.4,Parts per billion,1,North Birmingham,24,100,42401,Sulfur dioxide,100,INSTRUMENTAL - ULTRAVIOLET FLUORESCENCE,13820,"Birmingham-Hoover, AL",33.553056,-86.815,POINT,177,NEIGHBORHOOD,500 M TO 4KM,SLAMS,"Jefferson County, AL  Department Of Health",OTHER,,NCORE,17.5,
2023-06-24,010730023,2,1.5,Parts per billion,1,North Birmingham,24,100,42401,Sulfur dioxide,100,INSTRUMENTAL - ULTRAVIOLET FLUORESCENCE,13820,"Birmingham-Hoover, AL",33.553056,-86.815,POINT,177,NEIGHBORHOOD,500 M TO 4KM,SLAMS,"Jefferson County, AL  Department Of Health",OTHER,,NCORE,17.5,
2023-06-25,010730023,2,0.9,Parts per billion,0,North Birmingham,24,100,42401,Sulfur dioxide,100,INSTRUMENTAL - ULTRAVIOLET FLUORESCENCE,13820,"Birmingham-Hoover, AL",33.553056,-86.815,POINT,177,NEIGHBORHOOD,500 M TO 4KM,SLAMS,"Jefferson County, AL  Department Of Health",OTHER,,NCORE,17.5,
2023-06-26,010730023,2,1.1,Parts per billion,1,North Birmingham,24,100,42401,Sulfur dioxide,100,INSTRUMENTAL - ULTRAVIOLET FLUORESCENCE,13820,"Birmingham-Hoover, AL",33.553056,-86.815,POINT,177,NEIGHBORHOOD,500 M TO 4KM,SLAMS,"Jefferson County, AL  Department Of Health",OTHER,,NCORE,17.5,
2023-06-27,010730023,2,1.2,Parts per billion,1,North Birmingham,24,100,42401,Sulfur dioxide,100,INSTRUMENTAL - ULTRAVIOLET FLUORESCENCE,13820,"Birmingham-Hoover, AL",33.553056,-86.815,POINT,177,NEIGHBORHOOD,500 M TO 4KM,SLAMS,"Jefferson County, AL  Department Of Health",OTHER,,NCORE,17.5,
2023-06-28,010730023,2,5.6,Parts per billion,7,North Birmingham,23,96,42401,Sulfur dioxide,100,INSTRUMENTAL - ULTRAVIOLET FLUORESCENCE,13820,"Birmingham-Hoover, AL",33.553056,-86.815,POINT,177,NEIGHBORHOOD,500 M TO 4KM,SLAMS,"Jefferson County, AL  Department Of Health",OTHER,,NCORE,17.5,
2023-06-29,010730023,2,4.8,Parts per billion,6,North Birmingham,24,100,42401,Sulfur dioxide,100,INSTRUMENTAL - ULTRAVIOLET FLUORESCENCE,13820,"Birmingham-Hoover, AL",33.553056,-86.815,POINT,177,NEIGHBORHOOD,500 M TO 4KM,SLAMS,"Jefferson County, AL  Department Of Health",OTHER,,NCORE,17.5,
2023-06-30,010730023,2,1.3,Parts per billion,1,North Birmingham,24,100,42401,Sulfur dioxide,100,INSTRUMENTAL - ULTRAVIOLET FLUORESCENCE,13820,"Birmingham-Hoover, AL",33.553056,-86.815,POINT,177,NEIGHBORHOOD,500 M TO 4KM,SLAMS,"Jefferson County, AL  Department Of Health",OTHER,,NCORE,17.5,
2023-07-01,010730023,2,1,Parts per billion,1,North Birmingham,24,100,42401,Sulfur dioxide,100,INSTRUMENTAL - ULTRAVIOLET FLUORESCENCE,13820,"Birmingham-Hoover, AL",33.553056,-86.815,POINT,177,NEIGHBORHOOD,500 M TO 4KM,SLAMS,"Jefferson County, AL  Department Of Health",OTHER,,NCORE,17.5,
2023-07-02,010730023,2,1.4,Parts per billion,1,North Birmingham,24,100,42401,Sulfur dioxide,100,INSTRUMENTAL - ULTRAVIOLET FLUORESCENCE,13820,"Birmingham-Hoover, AL",33.553056,-86.815,POINT,177,NEIGHBORHOOD,500 M TO 4KM,SLAMS,"Jefferson County, AL  Department Of Health",OTHER,,NCORE,17.5,
2023-07-03,010730023,2,1,Parts per billion,1,North Birmingham,24,100,42401,Sulfur dioxide,100,INSTRUMENTAL - ULTRAVIOLET FLUORESCENCE,13820,"Birmingham-Hoover, AL",33.553056,-86.815,POINT,177,NEIGHBORHOOD,500 M TO 4KM,SLAMS,"Jefferson County, AL  Department Of Health",OTHER,,NCORE,17.5,
2023-07-04,010730023,2,0.9,Parts per billion,0,North Birmingham,24,100,42401,Sulfur dioxide,100,INSTRUMENTAL - ULTRAVIOLET FLUORESCENCE,13820,"Birmingham-Hoover, AL",33.553056,-86.815,POINT,177,NEIGHBORHOOD,500 M TO 4KM,SLAMS,"Jefferson County, AL  Department Of Health",OTHER,,NCORE,17.5,
2023-07-05,010730023,2,1.2,Parts per billion,1,North Birmingham,24,100,42401,Sulfur dioxide,100,INSTRUMENTAL - ULTRAVIOLET FLUORESCENCE,13820,"Birmingham-Hoover, AL",33.553056,-86.815,POINT,177,NEIGHBORHOOD,500 M TO 4KM,SLAMS,"Jefferson County, AL  Department Of Health",OTHER,,NCORE,17.5,
2023-07-06,010730023,2,1.2,Parts per billion,1,North Birmingham,19,79,42401,Sulfur dioxide,100,INSTRUMENTAL - ULTRAVIOLET FLUORESCENCE,13820,"Birmingham-Hoover, AL",33.553056,-86.815,POINT,177,NEIGHBORHOOD,500 M TO 4KM,SLAMS,"Jefferson County, AL  Department Of Health",OTHER,,NCORE,17.5,
2023-07-07,010730023,2,1.1,Parts per billion,1,North Birmingham,24,100,42401,Sulfur dioxide,100,INSTRUMENTAL - ULTRAVIOLET FLUORESCENCE,13820,"Birmingham-Hoover, AL",33.553056,-86.815,POINT,177,NEIGHBORHOOD,500 M TO 4KM,SLAMS,"Jefferson County, AL  Department Of Health",OTHER,,NCORE,17.5,
2023-07-09,010730023,2,1.1,Parts per billion,1,North Birmingham,24,100,42401,Sulfur dioxide,100,INSTRUMENTAL - ULTRAVIOLET FLUORESCENCE,13820,"Birmingham-Hoover, AL",33.553056,-86.815,POINT,177,NEIGHBORHOOD,500 M TO 4KM,SLAMS,"Jefferson County, AL  Department Of Health",OTHER,,NCORE,17.5,
2023-07-08,010730023,2,1,Parts per billion,1,North Birmingham,24,100,42401,Sulfur dioxide,100,INSTRUMENTAL - ULTRAVIOLET FLUORESCENCE,13820,"Birmingham-Hoover, AL",33.553056,-86.815,POINT,177,NEIGHBORHOOD,500 M TO 4KM,SLAMS,"Jefferson County, AL  Department Of Health",OTHER,,NCORE,17.5,
2023-07-10,010730023,2,1.1,Parts per billion,1,North Birmingham,24,100,42401,Sulfur dioxide,100,INSTRUMENTAL - ULTRAVIOLET FLUORESCENCE,13820,"Birmingham-Hoover, AL",33.553056,-86.815,POINT,177,NEIGHBORHOOD,500 M TO 4KM,SLAMS,"Jefferson County, AL  Department Of Health",OTHER,,NCORE,17.5,
2023-07-11,010730023,2,4.6,Parts per billion,6,North Birmingham,24,100,42401,Sulfur dioxide,100,INSTRUMENTAL - ULTRAVIOLET FLUORESCENCE,13820,"Birmingham-Hoover, AL",33.553056,-86.815,POINT,177,NEIGHBORHOOD,500 M TO 4KM,SLAMS,"Jefferson County, AL  Department Of Health",OTHER,,NCORE,17.5,
2023-07-12,010730023,2,2.9,Parts per billion,3,North Birmingham,22,92,42401,Sulfur dioxide,100,INSTRUMENTAL - ULTRAVIOLET FLUORESCENCE,13820,"Birmingham-Hoover, AL",33.553056,-86.815,POINT,177,NEIGHBORHOOD,500 M TO 4KM,SLAMS,"Jefferson County, AL  Department Of Health",OTHER,,NCORE,17.5,
2023-07-13,010730023,2,0.9,Parts per billion,0,North Birmingham,24,100,42401,Sulfur dioxide,100,INSTRUMENTAL - ULTRAVIOLET FLUORESCENCE,13820,"Birmingham-Hoover, AL",33.553056,-86.815,POINT,177,NEIGHBORHOOD,500 M TO 4KM,SLAMS,"Jefferson County, AL  Department Of Health",OTHER,,NCORE,17.5,
2023-07-14,010730023,2,1.2,Parts per billion,1,North Birmingham,24,100,42401,Sulfur dioxide,100,INSTRUMENTAL - ULTRAVIOLET FLUORESCENCE,13820,"Birmingham-Hoover, AL",33.553056,-86.815,POINT,177,NEIGHBORHOOD,500 M TO 4KM,SLAMS,"Jefferson County, AL  Department Of Health",OTHER,,NCORE,17.5,
2023-07-15,010730023,2,1.1,Parts per billion,1,North Birmingham,24,100,42401,Sulfur dioxide,100,INSTRUMENTAL - ULTRAVIOLET FLUORESCENCE,13820,"Birmingham-Hoover, AL",33.553056,-86.815,POINT,177,NEIGHBORHOOD,500 M TO 4KM,SLAMS,"Jefferson County, AL  Department Of Health",OTHER,,NCORE,17.5,
2023-07-16,010730023,2,1.1,Parts per billion,1,North Birmingham,24,100,42401,Sulfur dioxide,100,INSTRUMENTAL - ULTRAVIOLET FLUORESCENCE,13820,"Birmingham-Hoover, AL",33.553056,-86.815,POINT,177,NEIGHBORHOOD,500 M TO 4KM,SLAMS,"Jefferson County, AL  Department Of Health",OTHER,,NCORE,17.5,
2023-07-17,010730023,2,1.2,Parts per billion,1,North Birmingham,24,100,42401,Sulfur dioxide,100,INSTRUMENTAL - ULTRAVIOLET FLUORESCENCE,13820,"Birmingham-Hoover, AL",33.553056,-86.815,POINT,177,NEIGHBORHOOD,500 M TO 4KM,SLAMS,"Jefferson County, AL  Department Of Health",OTHER,,NCORE,17.5,
2023-07-18,010730023,2,1.5,Parts per billion,1,North Birmingham,24,100,42401,Sulfur dioxide,100,INSTRUMENTAL - ULTRAVIOLET FLUORESCENCE,13820,"Birmingham-Hoover, AL",33.553056,-86.815,POINT,177,NEIGHBORHOOD,500 M TO 4KM,SLAMS,"Jefferson County, AL  Department Of Health",OTHER,,NCORE,17.5,
2023-07-19,010730023,2,1.1,Parts per billion,1,North Birmingham,24,100,42401,Sulfur dioxide,100,INSTRUMENTAL - ULTRAVIOLET FLUORESCENCE,13820,"Birmingham-Hoover, AL",33.553056,-86.815,POINT,177,NEIGHBORHOOD,500 M TO 4KM,SLAMS,"Jefferson County, AL  Department Of Health",OTHER,,NCORE,17.5,
2023-07-20,010730023,2,1.9,Parts per billion,1,North Birmingham,17,71,42401,Sulfur dioxide,100,INSTRUMENTAL - ULTRAVIOLET FLUORESCENCE,13820,"Birmingham-Hoover, AL",33.553056,-86.815,POINT,177,NEIGHBORHOOD,500 M TO 4KM,SLAMS,"Jefferson County, AL  Department Of Health",OTHER,,NCORE,17.5,
2023-07-21,010730023,2,1.2,Parts per billion,1,North Birmingham,23,96,42401,Sulfur dioxide,100,INSTRUMENTAL - ULTRAVIOLET FLUORESCENCE,13820,"Birmingham-Hoover, AL",33.553056,-86.815,POINT,177,NEIGHBORHOOD,500 M TO 4KM,SLAMS,"Jefferson County, AL  Department Of Health",OTHER,,NCORE,17.5,
2023-07-22,010730023,2,1.9,Parts per billion,1,North Birmingham,24,100,42401,Sulfur dioxide,100,INSTRUMENTAL - ULTRAVIOLET FLUORESCENCE,13820,"Birmingham-Hoover, AL",33.553056,-86.815,POINT,177,NEIGHBORHOOD,500 M TO 4KM,SLAMS,"Jefferson County, AL  Department Of Health",OTHER,,NCORE,17.5,
2023-07-23,010730023,2,1,Parts per billion,1,North Birmingham,24,100,42401,Sulfur dioxide,100,INSTRUMENTAL - ULTRAVIOLET FLUORESCENCE,13820,"Birmingham-Hoover, AL",33.553056,-86.815,POINT,177,NEIGHBORHOOD,500 M TO 4KM,SLAMS,"Jefferson County, AL  Department Of Health",OTHER,,NCORE,17.5,
2023-07-24,010730023,2,4.5,Parts per billion,6,North Birmingham,24,100,42401,Sulfur dioxide,100,INSTRUMENTAL - ULTRAVIOLET FLUORESCENCE,13820,"Birmingham-Hoover, AL",33.553056,-86.815,POINT,177,NEIGHBORHOOD,500 M TO 4KM,SLAMS,"Jefferson County, AL  Department Of Health",OTHER,,NCORE,17.5,
2023-07-25,010730023,2,6.5,Parts per billion,9,North Birmingham,24,100,42401,Sulfur dioxide,100,INSTRUMENTAL - ULTRAVIOLET FLUORESCENCE,13820,"Birmingham-Hoover, AL",33.553056,-86.815,POINT,177,NEIGHBORHOOD,500 M TO 4KM,SLAMS,"Jefferson County, AL  Department Of Health",OTHER,,NCORE,17.5,
2023-07-26,010730023,2,4.2,Parts per billion,6,North Birmingham,22,92,42401,Sulfur dioxide,100,INSTRUMENTAL - ULTRAVIOLET FLUORESCENCE,13820,"Birmingham-Hoover, AL",33.553056,-86.815,POINT,177,NEIGHBORHOOD,500 M TO 4KM,SLAMS,"Jefferson County, AL  Department Of Health",OTHER,,NCORE,17.5,
2023-07-27,010730023,2,3.6,Parts per billion,4,North Birmingham,24,100,42401,Sulfur dioxide,100,INSTRUMENTAL - ULTRAVIOLET FLUORESCENCE,13820,"Birmingham-Hoover, AL",33.553056,-86.815,POINT,177,NEIGHBORHOOD,500 M TO 4KM,SLAMS,"Jefferson County, AL  Department Of Health",OTHER,,NCORE,17.5,
2023-07-28,010730023,2,3.7,Parts per billion,4,North Birmingham,24,100,42401,Sulfur dioxide,100,INSTRUMENTAL - ULTRAVIOLET FLUORESCENCE,13820,"Birmingham-Hoover, AL",33.553056,-86.815,POINT,177,NEIGHBORHOOD,500 M TO 4KM,SLAMS,"Jefferson County, AL  Department Of Health",OTHER,,NCORE,17.5,
2023-07-29,010730023,2,2.4,Parts per billion,3,North Birmingham,24,100,42401,Sulfur dioxide,100,INSTRUMENTAL - ULTRAVIOLET FLUORESCENCE,13820,"Birmingham-Hoover, AL",33.553056,-86.815,POINT,177,NEIGHBORHOOD,500 M TO 4KM,SLAMS,"Jefferson County, AL  Department Of Health",OTHER,,NCORE,17.5,
2023-07-30,010730023,2,1.1,Parts per billion,1,North Birmingham,24,100,42401,Sulfur dioxide,100,INSTRUMENTAL - ULTRAVIOLET FLUORESCENCE,13820,"Birmingham-Hoover, AL",33.553056,-86.815,POINT,177,NEIGHBORHOOD,500 M TO 4KM,SLAMS,"Jefferson County, AL  Department Of Health",OTHER,,NCORE,17.5,
2023-07-31,010730023,2,3.6,Parts per billion,4,North Birmingham,24,100,42401,Sulfur dioxide,100,INSTRUMENTAL - ULTRAVIOLET FLUORESCENCE,13820,"Birmingham-Hoover, AL",33.553056,-86.815,POINT,177,NEIGHBORHOOD,500 M TO 4KM,SLAMS,"Jefferson County, AL  Department Of Health",OTHER,,NCORE,17.5,
2023-08-01,010730023,2,4.8,Parts per billion,6,North Birmingham,24,100,42401,Sulfur dioxide,100,INSTRUMENTAL - ULTRAVIOLET FLUORESCENCE,13820,"Birmingham-Hoover, AL",33.553056,-86.815,POINT,177,NEIGHBORHOOD,500 M TO 4KM,SLAMS,"Jefferson County, AL  Department Of Health",OTHER,,NCORE,17.5,
2023-08-02,010730023,2,3.7,Parts per billion,4,North Birmingham,18,75,42401,Sulfur dioxide,100,INSTRUMENTAL - ULTRAVIOLET FLUORESCENCE,13820,"Birmingham-Hoover, AL",33.553056,-86.815,POINT,177,NEIGHBORHOOD,500 M TO 4KM,SLAMS,"Jefferson County, AL  Department Of Health",OTHER,,NCORE,17.5,
2023-08-03,010730023,2,2.9,Parts per billion,3,North Birmingham,24,100,42401,Sulfur dioxide,100,INSTRUMENTAL - ULTRAVIOLET FLUORESCENCE,13820,"Birmingham-Hoover, AL",33.553056,-86.815,POINT,177,NEIGHBORHOOD,500 M TO 4KM,SLAMS,"Jefferson County, AL  Department Of Health",OTHER,,NCORE,17.5,
2023-08-04,010730023,2,2.1,Parts per billion,3,North Birmingham,24,100,42401,Sulfur dioxide,100,INSTRUMENTAL - ULTRAVIOLET FLUORESCENCE,13820,"Birmingham-Hoover, AL",33.553056,-86.815,POINT,177,NEIGHBORHOOD,500 M TO 4KM,SLAMS,"Jefferson County, AL  Department Of Health",OTHER,,NCORE,17.5,
2023-08-05,010730023,2,3.1,Parts per billion,4,North Birmingham,24,100,42401,Sulfur dioxide,100,INSTRUMENTAL - ULTRAVIOLET FLUORESCENCE,13820,"Birmingham-Hoover, AL",33.553056,-86.815,POINT,177,NEIGHBORHOOD,500 M TO 4KM,SLAMS,"Jefferson County, AL  Department Of Health",OTHER,,NCORE,17.5,
2023-08-06,010730023,2,1.5,Parts per billion,1,North Birmingham,24,100,42401,Sulfur dioxide,100,INSTRUMENTAL - ULTRAVIOLET FLUORESCENCE,13820,"Birmingham-Hoover, AL",33.553056,-86.815,POINT,177,NEIGHBORHOOD,500 M TO 4KM,SLAMS,"Jefferson County, AL  Department Of Health",OTHER,,NCORE,17.5,
2023-08-07,010730023,2,1.7,Parts per billion,1,North Birmingham,24,100,42401,Sulfur dioxide,100,INSTRUMENTAL - ULTRAVIOLET FLUORESCENCE,13820,"Birmingham-Hoover, AL",33.553056,-86.815,POINT,177,NEIGHBORHOOD,500 M TO 4KM,SLAMS,"Jefferson County, AL  Department Of Health",OTHER,,NCORE,17.5,
2023-08-08,010730023,2,3.3,Parts per billion,4,North Birmingham,24,100,42401,Sulfur dioxide,100,INSTRUMENTAL - ULTRAVIOLET FLUORESCENCE,13820,"Birmingham-Hoover, AL",33.553056,-86.815,POINT,177,NEIGHBORHOOD,500 M TO 4KM,SLAMS,"Jefferson County, AL  Department Of Health",OTHER,,NCORE,17.5,
2023-08-09,010730023,2,3.2,Parts per billion,4,North Birmingham,22,92,42401,Sulfur dioxide,100,INSTRUMENTAL - ULTRAVIOLET FLUORESCENCE,13820,"Birmingham-Hoover, AL",33.553056,-86.815,POINT,177,NEIGHBORHOOD,500 M TO 4KM,SLAMS,"Jefferson County, AL  Department Of Health",OTHER,,NCORE,17.5,
2023-08-10,010730023,2,1.6,Parts per billion,1,North Birmingham,24,100,42401,Sulfur dioxide,100,INSTRUMENTAL - ULTRAVIOLET FLUORESCENCE,13820,"Birmingham-Hoover, AL",33.553056,-86.815,POINT,177,NEIGHBORHOOD,500 M TO 4KM,SLAMS,"Jefferson County, AL  Department Of Health",OTHER,,NCORE,17.5,
2023-08-11,010730023,2,1.3,Parts per billion,1,North Birmingham,24,100,42401,Sulfur dioxide,100,INSTRUMENTAL - ULTRAVIOLET FLUORESCENCE,13820,"Birmingham-Hoover, AL",33.553056,-86.815,POINT,177,NEIGHBORHOOD,500 M TO 4KM,SLAMS,"Jefferson County, AL  Department Of Health",OTHER,,NCORE,17.5,
2023-08-12,010730023,2,1.5,Parts per billion,1,North Birmingham,24,100,42401,Sulfur dioxide,100,INSTRUMENTAL - ULTRAVIOLET FLUORESCENCE,13820,"Birmingham-Hoover, AL",33.553056,-86.815,POINT,177,NEIGHBORHOOD,500 M TO 4KM,SLAMS,"Jefferson County, AL  Department Of Health",OTHER,,NCORE,17.5,
2023-08-13,010730023,2,2,Parts per billion,3,North Birmingham,24,100,42401,Sulfur dioxide,100,INSTRUMENTAL - ULTRAVIOLET FLUORESCENCE,13820,"Birmingham-Hoover, AL",33.553056,-86.815,POINT,177,NEIGHBORHOOD,500 M TO 4KM,SLAMS,"Jefferson County, AL  Department Of Health",OTHER,,NCORE,17.5,
2023-08-14,010730023,2,1.6,Parts per billion,1,North Birmingham,24,100,42401,Sulfur dioxide,100,INSTRUMENTAL - ULTRAVIOLET FLUORESCENCE,13820,"Birmingham-Hoover, AL",33.553056,-86.815,POINT,177,NEIGHBORHOOD,500 M TO 4KM,SLAMS,"Jefferson County, AL  Department Of Health",OTHER,,NCORE,17.5,
2023-08-15,010730023,2,1.2,Parts per billion,1,North Birmingham,24,100,42401,Sulfur dioxide,100,INSTRUMENTAL - ULTRAVIOLET FLUORESCENCE,13820,"Birmingham-Hoover, AL",33.553056,-86.815,POINT,177,NEIGHBORHOOD,500 M TO 4KM,SLAMS,"Jefferson County, AL  Department Of Health",OTHER,,NCORE,17.5,
2023-08-16,010730023,2,3.4,Parts per billion,4,North Birmingham,24,100,42401,Sulfur dioxide,100,INSTRUMENTAL - ULTRAVIOLET FLUORESCENCE,13820,"Birmingham-Hoover, AL",33.553056,-86.815,POINT,177,NEIGHBORHOOD,500 M TO 4KM,SLAMS,"Jefferson County, AL  Department Of Health",OTHER,,NCORE,17.5,
2023-08-17,010730023,2,2,Parts per billion,3,North Birmingham,24,100,42401,Sulfur dioxide,100,INSTRUMENTAL - ULTRAVIOLET FLUORESCENCE,13820,"Birmingham-Hoover, AL",33.553056,-86.815,POINT,177,NEIGHBORHOOD,500 M TO 4KM,SLAMS,"Jefferson County, AL  Department Of Health",OTHER,,NCORE,17.5,
2023-08-18,010730023,2,5.2,Parts per billion,7,North Birmingham,17,71,42401,Sulfur dioxide,100,INSTRUMENTAL - ULTRAVIOLET FLUORESCENCE,13820,"Birmingham-Hoover, AL",33.553056,-86.815,POINT,177,NEIGHBORHOOD,500 M TO 4KM,SLAMS,"Jefferson County, AL  Department Of Health",OTHER,,NCORE,17.5,
2023-08-19,010730023,2,4.2,Parts per billion,6,North Birmingham,24,100,42401,Sulfur dioxide,100,INSTRUMENTAL - ULTRAVIOLET FLUORESCENCE,13820,"Birmingham-Hoover, AL",33.553056,-86.815,POINT,177,NEIGHBORHOOD,500 M TO 4KM,SLAMS,"Jefferson County, AL  Department Of Health",OTHER,,NCORE,17.5,
2023-08-20,010730023,2,1.4,Parts per billion,1,North Birmingham,24,100,42401,Sulfur dioxide,100,INSTRUMENTAL - ULTRAVIOLET FLUORESCENCE,13820,"Birmingham-Hoover, AL",33.553056,-86.815,POINT,177,NEIGHBORHOOD,500 M TO 4KM,SLAMS,"Jefferson County, AL  Department Of Health",OTHER,,NCORE,17.5,
2023-08-21,010730023,2,4.4,Parts per billion,6,North Birmingham,24,100,42401,Sulfur dioxide,100,INSTRUMENTAL - ULTRAVIOLET FLUORESCENCE,13820,"Birmingham-Hoover, AL",33.553056,-86.815,POINT,177,NEIGHBORHOOD,500 M TO 4KM,SLAMS,"Jefferson County, AL  Department Of Health",OTHER,,NCORE,17.5,
2023-08-22,010730023,2,17.5,Parts per billion,24,North Birmingham,24,100,42401,Sulfur dioxide,100,INSTRUMENTAL - ULTRAVIOLET FLUORESCENCE,13820,"Birmingham-Hoover, AL",33.553056,-86.815,POINT,177,NEIGHBORHOOD,500 M TO 4KM,SLAMS,"Jefferson County, AL  Department Of Health",OTHER,,NCORE,17.5,
2023-08-23,010730023,2,1.7,Parts per billion,1,North Birmingham,22,92,42401,Sulfur dioxide,100,INSTRUMENTAL - ULTRAVIOLET FLUORESCENCE,13820,"Birmingham-Hoover, AL",33.553056,-86.815,POINT,177,NEIGHBORHOOD,500 M TO 4KM,SLAMS,"Jefferson County, AL  Department Of Health",OTHER,,NCORE,17.5,
2023-08-24,010730023,2,2.7,Parts per billion,3,North Birmingham,24,100,42401,Sulfur dioxide,100,INSTRUMENTAL - ULTRAVIOLET FLUORESCENCE,13820,"Birmingham-Hoover, AL",33.553056,-86.815,POINT,177,NEIGHBORHOOD,500 M TO 4KM,SLAMS,"Jefferson County, AL  Department Of Health",OTHER,,NCORE,17.5,
2023-08-25,010730023,2,4,Parts per billion,6,North Birmingham,24,100,42401,Sulfur dioxide,100,INSTRUMENTAL - ULTRAVIOLET FLUORESCENCE,13820,"Birmingham-Hoover, AL",33.553056,-86.815,POINT,177,NEIGHBORHOOD,500 M TO 4KM,SLAMS,"Jefferson County, AL  Department Of Health",OTHER,,NCORE,17.5,
2023-08-26,010730023,2,3.1,Parts per billion,4,North Birmingham,24,100,42401,Sulfur dioxide,100,INSTRUMENTAL - ULTRAVIOLET FLUORESCENCE,13820,"Birmingham-Hoover, AL",33.553056,-86.815,POINT,177,NEIGHBORHOOD,500 M TO 4KM,SLAMS,"Jefferson County, AL  Department Of Health",OTHER,,NCORE,17.5,
2023-08-27,010730023,2,3.7,Parts per billion,4,North Birmingham,24,100,42401,Sulfur dioxide,100,INSTRUMENTAL - ULTRAVIOLET FLUORESCENCE,13820,"Birmingham-Hoover, AL",33.553056,-86.815,POINT,177,NEIGHBORHOOD,500 M TO 4KM,SLAMS,"Jefferson County, AL  Department Of Health",OTHER,,NCORE,17.5,
2023-08-28,010730023,2,2.5,Parts per billion,3,North Birmingham,24,100,42401,Sulfur dioxide,100,INSTRUMENTAL - ULTRAVIOLET FLUORESCENCE,13820,"Birmingham-Hoover, AL",33.553056,-86.815,POINT,177,NEIGHBORHOOD,500 M TO 4KM,SLAMS,"Jefferson County, AL  Department Of Health",OTHER,,NCORE,17.5,
2023-08-29,010730023,2,3.2,Parts per billion,4,North Birmingham,24,100,42401,Sulfur dioxide,100,INSTRUMENTAL - ULTRAVIOLET FLUORESCENCE,13820,"Birmingham-Hoover, AL",33.553056,-86.815,POINT,177,NEIGHBORHOOD,500 M TO 4KM,SLAMS,"Jefferson County, AL  Department Of Health",OTHER,,NCORE,17.5,
2023-08-30,010730023,2,1.1,Parts per billion,1,North Birmingham,24,100,42401,Sulfur dioxide,100,INSTRUMENTAL - ULTRAVIOLET FLUORESCENCE,13820,"Birmingham-Hoover, AL",33.553056,-86.815,POINT,177,NEIGHBORHOOD,500 M TO 4KM,SLAMS,"Jefferson County, AL  Department Of Health",OTHER,,NCORE,17.5,
2023-08-31,010730023,2,1.9,Parts per billion,1,North Birmingham,19,79,42401,Sulfur dioxide,100,INSTRUMENTAL - ULTRAVIOLET FLUORESCENCE,13820,"Birmingham-Hoover, AL",33.553056,-86.815,POINT,177,NEIGHBORHOOD,500 M TO 4KM,SLAMS,"Jefferson County, AL  Department Of Health",OTHER,,NCORE,17.5,
2023-09-01,010730023,2,2.4,Parts per billion,3,North Birmingham,24,100,42401,Sulfur dioxide,100,INSTRUMENTAL - ULTRAVIOLET FLUORESCENCE,13820,"Birmingham-Hoover, AL",33.553056,-86.815,POINT,177,NEIGHBORHOOD,500 M TO 4KM,SLAMS,"Jefferson County, AL  Department Of Health",OTHER,,NCORE,17.5,
2023-09-02,010730023,2,2.6,Parts per billion,3,North Birmingham,24,100,42401,Sulfur dioxide,100,INSTRUMENTAL - ULTRAVIOLET FLUORESCENCE,13820,"Birmingham-Hoover, AL",33.553056,-86.815,POINT,177,NEIGHBORHOOD,500 M TO 4KM,SLAMS,"Jefferson County, AL  Department Of Health",OTHER,,NCORE,17.5,
2023-09-03,010730023,2,3.1,Parts per billion,4,North Birmingham,24,100,42401,Sulfur dioxide,100,INSTRUMENTAL - ULTRAVIOLET FLUORESCENCE,13820,"Birmingham-Hoover, AL",33.553056,-86.815,POINT,177,NEIGHBORHOOD,500 M TO 4KM,SLAMS,"Jefferson County, AL  Department Of Health",OTHER,,NCORE,17.5,
2023-09-04,010730023,2,3.2,Parts per billion,4,North Birmingham,24,100,42401,Sulfur dioxide,100,INSTRUMENTAL - ULTRAVIOLET FLUORESCENCE,13820,"Birmingham-Hoover, AL",33.553056,-86.815,POINT,177,NEIGHBORHOOD,500 M TO 4KM,SLAMS,"Jefferson County, AL  Department Of Health",OTHER,,NCORE,17.5,
2023-09-05,010730023,2,2.4,Parts per billion,3,North Birmingham,24,100,42401,Sulfur dioxide,100,INSTRUMENTAL - ULTRAVIOLET FLUORESCENCE,13820,"Birmingham-Hoover, AL",33.553056,-86.815,POINT,177,NEIGHBORHOOD,500 M TO 4KM,SLAMS,"Jefferson County, AL  Department Of Health",OTHER,,NCORE,17.5,
2023-09-06,010730023,2,2.2,Parts per billion,3,North Birmingham,24,100,42401,Sulfur dioxide,100,INSTRUMENTAL - ULTRAVIOLET FLUORESCENCE,13820,"Birmingham-Hoover, AL",33.553056,-86.815,POINT,177,NEIGHBORHOOD,500 M TO 4KM,SLAMS,"Jefferson County, AL  Department Of Health",OTHER,,NCORE,17.5,
2023-09-07,010730023,2,2.1,Parts per billion,3,North Birmingham,21,88,42401,Sulfur dioxide,100,INSTRUMENTAL - ULTRAVIOLET FLUORESCENCE,13820,"Birmingham-Hoover, AL",33.553056,-86.815,POINT,177,NEIGHBORHOOD,500 M TO 4KM,SLAMS,"Jefferson County, AL  Department Of Health",OTHER,,NCORE,17.5,
2023-09-08,010730023,2,1.5,Parts per billion,1,North Birmingham,24,100,42401,Sulfur dioxide,100,INSTRUMENTAL - ULTRAVIOLET FLUORESCENCE,13820,"Birmingham-Hoover, AL",33.553056,-86.815,POINT,177,NEIGHBORHOOD,500 M TO 4KM,SLAMS,"Jefferson County, AL  Department Of Health",OTHER,,NCORE,17.5,
2023-09-09,010730023,2,3.4,Parts per billion,4,North Birmingham,24,100,42401,Sulfur dioxide,100,INSTRUMENTAL - ULTRAVIOLET FLUORESCENCE,13820,"Birmingham-Hoover, AL",33.553056,-86.815,POINT,177,NEIGHBORHOOD,500 M TO 4KM,SLAMS,"Jefferson County, AL  Department Of Health",OTHER,,NCORE,17.5,
2023-09-10,010730023,2,3.9,Parts per billion,4,North Birmingham,24,100,42401,Sulfur dioxide,100,INSTRUMENTAL - ULTRAVIOLET FLUORESCENCE,13820,"Birmingham-Hoover, AL",33.553056,-86.815,POINT,177,NEIGHBORHOOD,500 M TO 4KM,SLAMS,"Jefferson County, AL  Department Of Health",OTHER,,NCORE,17.5,
2023-09-11,010730023,2,2.4,Parts per billion,3,North Birmingham,24,100,42401,Sulfur dioxide,100,INSTRUMENTAL - ULTRAVIOLET FLUORESCENCE,13820,"Birmingham-Hoover, AL",33.553056,-86.815,POINT,177,NEIGHBORHOOD,500 M TO 4KM,SLAMS,"Jefferson County, AL  Department Of Health",OTHER,,NCORE,17.5,
2023-09-12,010730023,2,3,Parts per billion,4,North Birmingham,24,100,42401,Sulfur dioxide,100,INSTRUMENTAL - ULTRAVIOLET FLUORESCENCE,13820,"Birmingham-Hoover, AL",33.553056,-86.815,POINT,177,NEIGHBORHOOD,500 M TO 4KM,SLAMS,"Jefferson County, AL  Department Of Health",OTHER,,NCORE,17.5,
2023-09-13,010730023,2,2.2,Parts per billion,3,North Birmingham,24,100,42401,Sulfur dioxide,100,INSTRUMENTAL - ULTRAVIOLET FLUORESCENCE,13820,"Birmingham-Hoover, AL",33.553056,-86.815,POINT,177,NEIGHBORHOOD,500 M TO 4KM,SLAMS,"Jefferson County, AL  Department Of Health",OTHER,,NCORE,17.5,
2023-09-14,010730023,2,3,Parts per billion,4,North Birmingham,24,100,42401,Sulfur dioxide,100,INSTRUMENTAL - ULTRAVIOLET FLUORESCENCE,13820,"Birmingham-Hoover, AL",33.553056,-86.815,POINT,177,NEIGHBORHOOD,500 M TO 4KM,SLAMS,"Jefferson County, AL  Department Of Health",OTHER,,NCORE,17.5,
2023-09-15,010730023,2,1.9,Parts per billion,1,North Birmingham,24,100,42401,Sulfur dioxide,100,INSTRUMENTAL - ULTRAVIOLET FLUORESCENCE,13820,"Birmingham-Hoover, AL",33.553056,-86.815,POINT,177,NEIGHBORHOOD,500 M TO 4KM,SLAMS,"Jefferson County, AL  Department Of Health",OTHER,,NCORE,17.5,
2023-09-16,010730023,2,1.6,Parts per billion,1,North Birmingham,24,100,42401,Sulfur dioxide,100,INSTRUMENTAL - ULTRAVIOLET FLUORESCENCE,13820,"Birmingham-Hoover, AL",33.553056,-86.815,POINT,177,NEIGHBORHOOD,500 M TO 4KM,SLAMS,"Jefferson County, AL  Department Of Health",OTHER,,NCORE,17.5,
2023-09-17,010730023,2,1.2,Parts per billion,1,North Birmingham,24,100,42401,Sulfur dioxide,100,INSTRUMENTAL - ULTRAVIOLET FLUORESCENCE,13820,"Birmingham-Hoover, AL",33.553056,-86.815,POINT,177,NEIGHBORHOOD,500 M TO 4KM,SLAMS,"Jefferson County, AL  Department Of Health",OTHER,,NCORE,17.5,
2023-09-18,010730023,2,3.7,Parts per billion,4,North Birmingham,24,100,42401,Sulfur dioxide,100,INSTRUMENTAL - ULTRAVIOLET FLUORESCENCE,13820,"Birmingham-Hoover, AL",33.553056,-86.815,POINT,177,NEIGHBORHOOD,500 M TO 4KM,SLAMS,"Jefferson County, AL  Department Of Health",OTHER,,NCORE,17.5,
2023-09-19,010730023,2,3.4,Parts per billion,4,North Birmingham,24,100,42401,Sulfur dioxide,100,INSTRUMENTAL - ULTRAVIOLET FLUORESCENCE,13820,"Birmingham-Hoover, AL",33.553056,-86.815,POINT,177,NEIGHBORHOOD,500 M TO 4KM,SLAMS,"Jefferson County, AL  Department Of Health",OTHER,,NCORE,17.5,
2023-09-20,010730023,2,1.7,Parts per billion,1,North Birmingham,22,92,42401,Sulfur dioxide,100,INSTRUMENTAL - ULTRAVIOLET FLUORESCENCE,13820,"Birmingham-Hoover, AL",33.553056,-86.815,POINT,177,NEIGHBORHOOD,500 M TO 4KM,SLAMS,"Jefferson County, AL  Department Of Health",OTHER,,NCORE,17.5,
2023-09-21,010730023,2,2.1,Parts per billion,3,North Birmingham,24,100,42401,Sulfur dioxide,100,INSTRUMENTAL - ULTRAVIOLET FLUORESCENCE,13820,"Birmingham-Hoover, AL",33.553056,-86.815,POINT,177,NEIGHBORHOOD,500 M TO 4KM,SLAMS,"Jefferson County, AL  Department Of Health",OTHER,,NCORE,17.5,
2023-09-22,010730023,2,4.4,Parts per billion,6,North Birmingham,24,100,42401,Sulfur dioxide,100,INSTRUMENTAL - ULTRAVIOLET FLUORESCENCE,13820,"Birmingham-Hoover, AL",33.553056,-86.815,POINT,177,NEIGHBORHOOD,500 M TO 4KM,SLAMS,"Jefferson County, AL  Department Of Health",OTHER,,NCORE,17.5,
2023-09-23,010730023,2,3.3,Parts per billion,4,North Birmingham,24,100,42401,Sulfur dioxide,100,INSTRUMENTAL - ULTRAVIOLET FLUORESCENCE,13820,"Birmingham-Hoover, AL",33.553056,-86.815,POINT,177,NEIGHBORHOOD,500 M TO 4KM,SLAMS,"Jefferson County, AL  Department Of Health",OTHER,,NCORE,17.5,
2023-09-24,010730023,2,13.2,Parts per billion,19,North Birmingham,24,100,42401,Sulfur dioxide,100,INSTRUMENTAL - ULTRAVIOLET FLUORESCENCE,13820,"Birmingham-Hoover, AL",33.553056,-86.815,POINT,177,NEIGHBORHOOD,500 M TO 4KM,SLAMS,"Jefferson County, AL  Department Of Health",OTHER,,NCORE,17.5,
2023-09-25,010730023,2,4.8,Parts per billion,6,North Birmingham,24,100,42401,Sulfur dioxide,100,INSTRUMENTAL - ULTRAVIOLET FLUORESCENCE,13820,"Birmingham-Hoover, AL",33.553056,-86.815,POINT,177,NEIGHBORHOOD,500 M TO 4KM,SLAMS,"Jefferson County, AL  Department Of Health",OTHER,,NCORE,17.5,
2023-09-26,010730023,2,3.8,Parts per billion,4,North Birmingham,24,100,42401,Sulfur dioxide,100,INSTRUMENTAL - ULTRAVIOLET FLUORESCENCE,13820,"Birmingham-Hoover, AL",33.553056,-86.815,POINT,177,NEIGHBORHOOD,500 M TO 4KM,SLAMS,"Jefferson County, AL  Department Of Health",OTHER,,NCORE,17.5,
2023-09-27,010730023,2,1.3,Parts per billion,1,North Birmingham,24,100,42401,Sulfur dioxide,100,INSTRUMENTAL - ULTRAVIOLET FLUORESCENCE,13820,"Birmingham-Hoover, AL",33.553056,-86.815,POINT,177,NEIGHBORHOOD,500 M TO 4KM,SLAMS,"Jefferson County, AL  Department Of Health",OTHER,,NCORE,17.5,
2023-09-28,010730023,2,2.9,Parts per billion,3,North Birmingham,18,75,42401,Sulfur dioxide,100,INSTRUMENTAL - ULTRAVIOLET FLUORESCENCE,13820,"Birmingham-Hoover, AL",33.553056,-86.815,POINT,177,NEIGHBORHOOD,500 M TO 4KM,SLAMS,"Jefferson County, AL  Department Of Health",OTHER,,NCORE,17.5,
2023-09-29,010730023,2,2.9,Parts per billion,3,North Birmingham,24,100,42401,Sulfur dioxide,100,INSTRUMENTAL - ULTRAVIOLET FLUORESCENCE,13820,"Birmingham-Hoover, AL",33.553056,-86.815,POINT,177,NEIGHBORHOOD,500 M TO 4KM,SLAMS,"Jefferson County, AL  Department Of Health",OTHER,,NCORE,17.5,
2023-09-30,010730023,2,4.5,Parts per billion,6,North Birmingham,24,100,42401,Sulfur dioxide,100,INSTRUMENTAL - ULTRAVIOLET FLUORESCENCE,13820,"Birmingham-Hoover, AL",33.553056,-86.815,POINT,177,NEIGHBORHOOD,500 M TO 4KM,SLAMS,"Jefferson County, AL  Department Of Health",OTHER,,NCORE,17.5,
2023-10-01,010730023,2,3.5,Parts per billion,4,North Birmingham,24,100,42401,Sulfur dioxide,100,INSTRUMENTAL - ULTRAVIOLET FLUORESCENCE,13820,"Birmingham-Hoover, AL",33.553056,-86.815,POINT,177,NEIGHBORHOOD,500 M TO 4KM,SLAMS,"Jefferson County, AL  Department Of Health",OTHER,,NCORE,17.5,
2023-10-02,010730023,2,1.4,Parts per billion,1,North Birmingham,24,100,42401,Sulfur dioxide,100,INSTRUMENTAL - ULTRAVIOLET FLUORESCENCE,13820,"Birmingham-Hoover, AL",33.553056,-86.815,POINT,177,NEIGHBORHOOD,500 M TO 4KM,SLAMS,"Jefferson County, AL  Department Of Health",OTHER,,NCORE,17.5,
2023-10-03,010730023,2,4.8,Parts per billion,6,North Birmingham,24,100,42401,Sulfur dioxide,100,INSTRUMENTAL - ULTRAVIOLET FLUORESCENCE,13820,"Birmingham-Hoover, AL",33.553056,-86.815,POINT,177,NEIGHBORHOOD,500 M TO 4KM,SLAMS,"Jefferson County, AL  Department Of Health",OTHER,,NCORE,17.5,
2023-10-04,010730023,2,2,Parts per billion,3,North Birmingham,24,100,42401,Sulfur dioxide,100,INSTRUMENTAL - ULTRAVIOLET FLUORESCENCE,13820,"Birmingham-Hoover, AL",33.553056,-86.815,POINT,177,NEIGHBORHOOD,500 M TO 4KM,SLAMS,"Jefferson County, AL  Department Of Health",OTHER,,NCORE,17.5,
2023-10-05,010730023,2,1.8,Parts per billion,1,North Birmingham,23,96,42401,Sulfur dioxide,100,INSTRUMENTAL - ULTRAVIOLET FLUORESCENCE,13820,"Birmingham-Hoover, AL",33.553056,-86.815,POINT,177,NEIGHBORHOOD,500 M TO 4KM,SLAMS,"Jefferson County, AL  Department Of Health",OTHER,,NCORE,17.5,
2023-10-06,010730023,2,1.8,Parts per billion,1,North Birmingham,24,100,42401,Sulfur dioxide,100,INSTRUMENTAL - ULTRAVIOLET FLUORESCENCE,13820,"Birmingham-Hoover, AL",33.553056,-86.815,POINT,177,NEIGHBORHOOD,500 M TO 4KM,SLAMS,"Jefferson County, AL  Department Of Health",OTHER,,NCORE,17.5,
2023-10-07,010730023,2,1.1,Parts per billion,1,North Birmingham,24,100,42401,Sulfur dioxide,100,INSTRUMENTAL - ULTRAVIOLET FLUORESCENCE,13820,"Birmingham-Hoover, AL",33.553056,-86.815,POINT,177,NEIGHBORHOOD,500 M TO 4KM,SLAMS,"Jefferson County, AL  Department Of Health",OTHER,,NCORE,17.5,
2023-10-08,010730023,2,1.2,Parts per billion,1,North Birmingham,24,100,42401,Sulfur dioxide,100,INSTRUMENTAL - ULTRAVIOLET FLUORESCENCE,13820,"Birmingham-Hoover, AL",33.553056,-86.815,POINT,177,NEIGHBORHOOD,500 M TO 4KM,SLAMS,"Jefferson County, AL  Department Of Health",OTHER,,NCORE,17.5,
2023-10-09,010730023,2,2.7,Parts per billion,3,North Birmingham,24,100,42401,Sulfur dioxide,100,INSTRUMENTAL - ULTRAVIOLET FLUORESCENCE,13820,"Birmingham-Hoover, AL",33.553056,-86.815,POINT,177,NEIGHBORHOOD,500 M TO 4KM,SLAMS,"Jefferson County, AL  Department Of Health",OTHER,,NCORE,17.5,
2023-10-10,010730023,2,1.9,Parts per billion,1,North Birmingham,24,100,42401,Sulfur dioxide,100,INSTRUMENTAL - ULTRAVIOLET FLUORESCENCE,13820,"Birmingham-Hoover, AL",33.553056,-86.815,POINT,177,NEIGHBORHOOD,500 M TO 4KM,SLAMS,"Jefferson County, AL  Department Of Health",OTHER,,NCORE,17.5,
2023-10-11,010730023,2,3.3,Parts per billion,4,North Birmingham,24,100,42401,Sulfur dioxide,100,INSTRUMENTAL - ULTRAVIOLET FLUORESCENCE,13820,"Birmingham-Hoover, AL",33.553056,-86.815,POINT,177,NEIGHBORHOOD,500 M TO 4KM,SLAMS,"Jefferson County, AL  Department Of Health",OTHER,,NCORE,17.5,
2023-10-12,010730023,2,1.2,Parts per billion,1,North Birmingham,19,79,42401,Sulfur dioxide,100,INSTRUMENTAL - ULTRAVIOLET FLUORESCENCE,13820,"Birmingham-Hoover, AL",33.553056,-86.815,POINT,177,NEIGHBORHOOD,500 M TO 4KM,SLAMS,"Jefferson County, AL  Department Of Health",OTHER,,NCORE,17.5,
2023-10-13,010730023,2,1.2,Parts per billion,1,North Birmingham,24,100,42401,Sulfur dioxide,100,INSTRUMENTAL - ULTRAVIOLET FLUORESCENCE,13820,"Birmingham-Hoover, AL",33.553056,-86.815,POINT,177,NEIGHBORHOOD,500 M TO 4KM,SLAMS,"Jefferson County, AL  Department Of Health",OTHER,,NCORE,17.5,
2023-10-14,010730023,2,1.2,Parts per billion,1,North Birmingham,24,100,42401,Sulfur dioxide,100,INSTRUMENTAL - ULTRAVIOLET FLUORESCENCE,13820,"Birmingham-Hoover, AL",33.553056,-86.815,POINT,177,NEIGHBORHOOD,500 M TO 4KM,SLAMS,"Jefferson County, AL  Department Of Health",OTHER,,NCORE,17.5,
2023-10-15,010730023,2,1.1,Parts per billion,1,North Birmingham,24,100,42401,Sulfur dioxide,100,INSTRUMENTAL - ULTRAVIOLET FLUORESCENCE,13820,"Birmingham-Hoover, AL",33.553056,-86.815,POINT,177,NEIGHBORHOOD,500 M TO 4KM,SLAMS,"Jefferson County, AL  Department Of Health",OTHER,,NCORE,17.5,
2023-10-16,010730023,2,1,Parts per billion,1,North Birmingham,24,100,42401,Sulfur dioxide,100,INSTRUMENTAL - ULTRAVIOLET FLUORESCENCE,13820,"Birmingham-Hoover, AL",33.553056,-86.815,POINT,177,NEIGHBORHOOD,500 M TO 4KM,SLAMS,"Jefferson County, AL  Department Of Health",OTHER,,NCORE,17.5,
2023-10-17,010730023,2,1.5,Parts per billion,1,North Birmingham,24,100,42401,Sulfur dioxide,100,INSTRUMENTAL - ULTRAVIOLET FLUORESCENCE,13820,"Birmingham-Hoover, AL",33.553056,-86.815,POINT,177,NEIGHBORHOOD,500 M TO 4KM,SLAMS,"Jefferson County, AL  Department Of Health",OTHER,,NCORE,17.5,
2023-10-18,010730023,2,1.6,Parts per billion,1,North Birmingham,22,92,42401,Sulfur dioxide,100,INSTRUMENTAL - ULTRAVIOLET FLUORESCENCE,13820,"Birmingham-Hoover, AL",33.553056,-86.815,POINT,177,NEIGHBORHOOD,500 M TO 4KM,SLAMS,"Jefferson County, AL  Department Of Health",OTHER,,NCORE,17.5,
2023-10-19,010730023,2,2,Parts per billion,3,North Birmingham,24,100,42401,Sulfur dioxide,100,INSTRUMENTAL - ULTRAVIOLET FLUORESCENCE,13820,"Birmingham-Hoover, AL",33.553056,-86.815,POINT,177,NEIGHBORHOOD,500 M TO 4KM,SLAMS,"Jefferson County, AL  Department Of Health",OTHER,,NCORE,17.5,
2023-10-20,010730023,2,1.6,Parts per billion,1,North Birmingham,24,100,42401,Sulfur dioxide,100,INSTRUMENTAL - ULTRAVIOLET FLUORESCENCE,13820,"Birmingham-Hoover, AL",33.553056,-86.815,POINT,177,NEIGHBORHOOD,500 M TO 4KM,SLAMS,"Jefferson County, AL  Department Of Health",OTHER,,NCORE,17.5,
2023-10-21,010730023,2,1.9,Parts per billion,1,North Birmingham,24,100,42401,Sulfur dioxide,100,INSTRUMENTAL - ULTRAVIOLET FLUORESCENCE,13820,"Birmingham-Hoover, AL",33.553056,-86.815,POINT,177,NEIGHBORHOOD,500 M TO 4KM,SLAMS,"Jefferson County, AL  Department Of Health",OTHER,,NCORE,17.5,
2023-10-22,010730023,2,2.1,Parts per billion,3,North Birmingham,24,100,42401,Sulfur dioxide,100,INSTRUMENTAL - ULTRAVIOLET FLUORESCENCE,13820,"Birmingham-Hoover, AL",33.553056,-86.815,POINT,177,NEIGHBORHOOD,500 M TO 4KM,SLAMS,"Jefferson County, AL  Department Of Health",OTHER,,NCORE,17.5,
2023-10-23,010730023,2,2.3,Parts per billion,3,North Birmingham,24,100,42401,Sulfur dioxide,100,INSTRUMENTAL - ULTRAVIOLET FLUORESCENCE,13820,"Birmingham-Hoover, AL",33.553056,-86.815,POINT,177,NEIGHBORHOOD,500 M TO 4KM,SLAMS,"Jefferson County, AL  Department Of Health",OTHER,,NCORE,17.5,
2023-10-24,010730023,2,1.9,Parts per billion,1,North Birmingham,24,100,42401,Sulfur dioxide,100,INSTRUMENTAL - ULTRAVIOLET FLUORESCENCE,13820,"Birmingham-Hoover, AL",33.553056,-86.815,POINT,177,NEIGHBORHOOD,500 M TO 4KM,SLAMS,"Jefferson County, AL  Department Of Health",OTHER,,NCORE,17.5,
2023-10-25,010730023,2,1.3,Parts per billion,1,North Birmingham,24,100,42401,Sulfur dioxide,100,INSTRUMENTAL - ULTRAVIOLET FLUORESCENCE,13820,"Birmingham-Hoover, AL",33.553056,-86.815,POINT,177,NEIGHBORHOOD,500 M TO 4KM,SLAMS,"Jefferson County, AL  Department Of Health",OTHER,,NCORE,17.5,
2023-10-26,010730023,2,4.9,Parts per billion,6,North Birmingham,22,92,42401,Sulfur dioxide,100,INSTRUMENTAL - ULTRAVIOLET FLUORESCENCE,13820,"Birmingham-Hoover, AL",33.553056,-86.815,POINT,177,NEIGHBORHOOD,500 M TO 4KM,SLAMS,"Jefferson County, AL  Department Of Health",OTHER,,NCORE,17.5,
2023-10-27,010730023,2,1.2,Parts per billion,1,North Birmingham,19,79,42401,Sulfur dioxide,100,INSTRUMENTAL - ULTRAVIOLET FLUORESCENCE,13820,"Birmingham-Hoover, AL",33.553056,-86.815,POINT,177,NEIGHBORHOOD,500 M TO 4KM,SLAMS,"Jefferson County, AL  Department Of Health",OTHER,,NCORE,17.5,
2023-10-28,010730023,2,2.7,Parts per billion,3,North Birmingham,24,100,42401,Sulfur dioxide,100,INSTRUMENTAL - ULTRAVIOLET FLUORESCENCE,13820,"Birmingham-Hoover, AL",33.553056,-86.815,POINT,177,NEIGHBORHOOD,500 M TO 4KM,SLAMS,"Jefferson County, AL  Department Of Health",OTHER,,NCORE,17.5,
2023-10-29,010730023,2,3.3,Parts per billion,4,North Birmingham,24,100,42401,Sulfur dioxide,100,INSTRUMENTAL - ULTRAVIOLET FLUORESCENCE,13820,"Birmingham-Hoover, AL",33.553056,-86.815,POINT,177,NEIGHBORHOOD,500 M TO 4KM,SLAMS,"Jefferson County, AL  Department Of Health",OTHER,,NCORE,17.5,
2023-10-30,010730023,2,1.3,Parts per billion,1,North Birmingham,24,100,42401,Sulfur dioxide,100,INSTRUMENTAL - ULTRAVIOLET FLUORESCENCE,13820,"Birmingham-Hoover, AL",33.553056,-86.815,POINT,177,NEIGHBORHOOD,500 M TO 4KM,SLAMS,"Jefferson County, AL  Department Of Health",OTHER,,NCORE,17.5,
2023-10-31,010730023,2,1.2,Parts per billion,1,North Birmingham,24,100,42401,Sulfur dioxide,100,INSTRUMENTAL - ULTRAVIOLET FLUORESCENCE,13820,"Birmingham-Hoover, AL",33.553056,-86.815,POINT,177,NEIGHBORHOOD,500 M TO 4KM,SLAMS,"Jefferson County, AL  Department Of Health",OTHER,,NCORE,17.5,
2023-11-01,010730023,2,1.6,Parts per billion,1,North Birmingham,22,92,42401,Sulfur dioxide,100,INSTRUMENTAL - ULTRAVIOLET FLUORESCENCE,13820,"Birmingham-Hoover, AL",33.553056,-86.815,POINT,177,NEIGHBORHOOD,500 M TO 4KM,SLAMS,"Jefferson County, AL  Department Of Health",OTHER,,NCORE,17.5,
2023-11-02,010730023,2,3.6,Parts per billion,4,North Birmingham,24,100,42401,Sulfur dioxide,100,INSTRUMENTAL - ULTRAVIOLET FLUORESCENCE,13820,"Birmingham-Hoover, AL",33.553056,-86.815,POINT,177,NEIGHBORHOOD,500 M TO 4KM,SLAMS,"Jefferson County, AL  Department Of Health",OTHER,,NCORE,17.5,
2023-11-03,010730023,2,3.4,Parts per billion,4,North Birmingham,24,100,42401,Sulfur dioxide,100,INSTRUMENTAL - ULTRAVIOLET FLUORESCENCE,13820,"Birmingham-Hoover, AL",33.553056,-86.815,POINT,177,NEIGHBORHOOD,500 M TO 4KM,SLAMS,"Jefferson County, AL  Department Of Health",OTHER,,NCORE,17.5,
2023-11-05,010730023,2,11.6,Parts per billion,16,North Birmingham,24,100,42401,Sulfur dioxide,100,INSTRUMENTAL - ULTRAVIOLET FLUORESCENCE,13820,"Birmingham-Hoover, AL",33.553056,-86.815,POINT,177,NEIGHBORHOOD,500 M TO 4KM,SLAMS,"Jefferson County, AL  Department Of Health",OTHER,,NCORE,17.5,
2023-11-04,010730023,2,6,Parts per billion,9,North Birmingham,24,100,42401,Sulfur dioxide,100,INSTRUMENTAL - ULTRAVIOLET FLUORESCENCE,13820,"Birmingham-Hoover, AL",33.553056,-86.815,POINT,177,NEIGHBORHOOD,500 M TO 4KM,SLAMS,"Jefferson County, AL  Department Of Health",OTHER,,NCORE,17.5,
2023-11-06,010730023,2,5.2,Parts per billion,7,North Birmingham,24,100,42401,Sulfur dioxide,100,INSTRUMENTAL - ULTRAVIOLET FLUORESCENCE,13820,"Birmingham-Hoover, AL",33.553056,-86.815,POINT,177,NEIGHBORHOOD,500 M TO 4KM,SLAMS,"Jefferson County, AL  Department Of Health",OTHER,,NCORE,17.5,
2023-11-07,010730023,2,2.9,Parts per billion,3,North Birmingham,24,100,42401,Sulfur dioxide,100,INSTRUMENTAL - ULTRAVIOLET FLUORESCENCE,13820,"Birmingham-Hoover, AL",33.553056,-86.815,POINT,177,NEIGHBORHOOD,500 M TO 4KM,SLAMS,"Jefferson County, AL  Department Of Health",OTHER,,NCORE,17.5,
2023-11-08,010730023,2,1.9,Parts per billion,1,North Birmingham,24,100,42401,Sulfur dioxide,100,INSTRUMENTAL - ULTRAVIOLET FLUORESCENCE,13820,"Birmingham-Hoover, AL",33.553056,-86.815,POINT,177,NEIGHBORHOOD,500 M TO 4KM,SLAMS,"Jefferson County, AL  Department Of Health",OTHER,,NCORE,17.5,
2023-11-09,010730023,2,1.8,Parts per billion,1,North Birmingham,19,79,42401,Sulfur dioxide,100,INSTRUMENTAL - ULTRAVIOLET FLUORESCENCE,13820,"Birmingham-Hoover, AL",33.553056,-86.815,POINT,177,NEIGHBORHOOD,500 M TO 4KM,SLAMS,"Jefferson County, AL  Department Of Health",OTHER,,NCORE,17.5,
2023-11-10,010730023,2,2,Parts per billion,3,North Birmingham,24,100,42401,Sulfur dioxide,100,INSTRUMENTAL - ULTRAVIOLET FLUORESCENCE,13820,"Birmingham-Hoover, AL",33.553056,-86.815,POINT,177,NEIGHBORHOOD,500 M TO 4KM,SLAMS,"Jefferson County, AL  Department Of Health",OTHER,,NCORE,17.5,
2023-11-11,010730023,2,1.3,Parts per billion,1,North Birmingham,24,100,42401,Sulfur dioxide,100,INSTRUMENTAL - ULTRAVIOLET FLUORESCENCE,13820,"Birmingham-Hoover, AL",33.553056,-86.815,POINT,177,NEIGHBORHOOD,500 M TO 4KM,SLAMS,"Jefferson County, AL  Department Of Health",OTHER,,NCORE,17.5,
2023-11-12,010730023,2,2.1,Parts per billion,3,North Birmingham,24,100,42401,Sulfur dioxide,100,INSTRUMENTAL - ULTRAVIOLET FLUORESCENCE,13820,"Birmingham-Hoover, AL",33.553056,-86.815,POINT,177,NEIGHBORHOOD,500 M TO 4KM,SLAMS,"Jefferson County, AL  Department Of Health",OTHER,,NCORE,17.5,
2023-11-13,010730023,2,2.7,Parts per billion,3,North Birmingham,18,75,42401,Sulfur dioxide,100,INSTRUMENTAL - ULTRAVIOLET FLUORESCENCE,13820,"Birmingham-Hoover, AL",33.553056,-86.815,POINT,177,NEIGHBORHOOD,500 M TO 4KM,SLAMS,"Jefferson County, AL  Department Of Health",OTHER,,NCORE,17.5,
2023-11-14,010730023,2,2.8,Parts per billion,3,North Birmingham,24,100,42401,Sulfur dioxide,100,INSTRUMENTAL - ULTRAVIOLET FLUORESCENCE,13820,"Birmingham-Hoover, AL",33.553056,-86.815,POINT,177,NEIGHBORHOOD,500 M TO 4KM,SLAMS,"Jefferson County, AL  Department Of Health",OTHER,,NCORE,17.5,
2023-11-15,010730023,2,2.2,Parts per billion,3,North Birmingham,24,100,42401,Sulfur dioxide,100,INSTRUMENTAL - ULTRAVIOLET FLUORESCENCE,13820,"Birmingham-Hoover, AL",33.553056,-86.815,POINT,177,NEIGHBORHOOD,500 M TO 4KM,SLAMS,"Jefferson County, AL  Department Of Health",OTHER,,NCORE,17.5,
2023-11-16,010730023,2,1.3,Parts per billion,1,North Birmingham,24,100,42401,Sulfur dioxide,100,INSTRUMENTAL - ULTRAVIOLET FLUORESCENCE,13820,"Birmingham-Hoover, AL",33.553056,-86.815,POINT,177,NEIGHBORHOOD,500 M TO 4KM,SLAMS,"Jefferson County, AL  Department Of Health",OTHER,,NCORE,17.5,
2023-11-17,010730023,2,1.2,Parts per billion,1,North Birmingham,24,100,42401,Sulfur dioxide,100,INSTRUMENTAL - ULTRAVIOLET FLUORESCENCE,13820,"Birmingham-Hoover, AL",33.553056,-86.815,POINT,177,NEIGHBORHOOD,500 M TO 4KM,SLAMS,"Jefferson County, AL  Department Of Health",OTHER,,NCORE,17.5,
2023-11-18,010730023,2,1.5,Parts per billion,1,North Birmingham,24,100,42401,Sulfur dioxide,100,INSTRUMENTAL - ULTRAVIOLET FLUORESCENCE,13820,"Birmingham-Hoover, AL",33.553056,-86.815,POINT,177,NEIGHBORHOOD,500 M TO 4KM,SLAMS,"Jefferson County, AL  Department Of Health",OTHER,,NCORE,17.5,
2023-11-19,010730023,2,4.2,Parts per billion,6,North Birmingham,24,100,42401,Sulfur dioxide,100,INSTRUMENTAL - ULTRAVIOLET FLUORESCENCE,13820,"Birmingham-Hoover, AL",33.553056,-86.815,POINT,177,NEIGHBORHOOD,500 M TO 4KM,SLAMS,"Jefferson County, AL  Department Of Health",OTHER,,NCORE,17.5,
2023-11-20,010730023,2,2.5,Parts per billion,3,North Birmingham,24,100,42401,Sulfur dioxide,100,INSTRUMENTAL - ULTRAVIOLET FLUORESCENCE,13820,"Birmingham-Hoover, AL",33.553056,-86.815,POINT,177,NEIGHBORHOOD,500 M TO 4KM,SLAMS,"Jefferson County, AL  Department Of Health",OTHER,,NCORE,17.5,
2023-11-21,010730023,2,1.2,Parts per billion,1,North Birmingham,24,100,42401,Sulfur dioxide,100,INSTRUMENTAL - ULTRAVIOLET FLUORESCENCE,13820,"Birmingham-Hoover, AL",33.553056,-86.815,POINT,177,NEIGHBORHOOD,500 M TO 4KM,SLAMS,"Jefferson County, AL  Department Of Health",OTHER,,NCORE,17.5,
2023-11-22,010730023,2,1.1,Parts per billion,1,North Birmingham,18,75,42401,Sulfur dioxide,100,INSTRUMENTAL - ULTRAVIOLET FLUORESCENCE,13820,"Birmingham-Hoover, AL",33.553056,-86.815,POINT,177,NEIGHBORHOOD,500 M TO 4KM,SLAMS,"Jefferson County, AL  Department Of Health",OTHER,,NCORE,17.5,
2023-11-24,010730023,2,2.5,Parts per billion,3,North Birmingham,24,100,42401,Sulfur dioxide,100,INSTRUMENTAL - ULTRAVIOLET FLUORESCENCE,13820,"Birmingham-Hoover, AL",33.553056,-86.815,POINT,177,NEIGHBORHOOD,500 M TO 4KM,SLAMS,"Jefferson County, AL  Department Of Health",OTHER,,NCORE,17.5,
2023-11-23,010730023,2,1.7,Parts per billion,1,North Birmingham,24,100,42401,Sulfur dioxide,100,INSTRUMENTAL - ULTRAVIOLET FLUORESCENCE,13820,"Birmingham-Hoover, AL",33.553056,-86.815,POINT,177,NEIGHBORHOOD,500 M TO 4KM,SLAMS,"Jefferson County, AL  Department Of Health",OTHER,,NCORE,17.5,
2023-11-25,010730023,2,2.7,Parts per billion,3,North Birmingham,24,100,42401,Sulfur dioxide,100,INSTRUMENTAL - ULTRAVIOLET FLUORESCENCE,13820,"Birmingham-Hoover, AL",33.553056,-86.815,POINT,177,NEIGHBORHOOD,500 M TO 4KM,SLAMS,"Jefferson County, AL  Department Of Health",OTHER,,NCORE,17.5,
2023-11-26,010730023,2,1.8,Parts per billion,1,North Birmingham,24,100,42401,Sulfur dioxide,100,INSTRUMENTAL - ULTRAVIOLET FLUORESCENCE,13820,"Birmingham-Hoover, AL",33.553056,-86.815,POINT,177,NEIGHBORHOOD,500 M TO 4KM,SLAMS,"Jefferson County, AL  Department Of Health",OTHER,,NCORE,17.5,
2023-11-27,010730023,2,1.2,Parts per billion,1,North Birmingham,24,100,42401,Sulfur dioxide,100,INSTRUMENTAL - ULTRAVIOLET FLUORESCENCE,13820,"Birmingham-Hoover, AL",33.553056,-86.815,POINT,177,NEIGHBORHOOD,500 M TO 4KM,SLAMS,"Jefferson County, AL  Department Of Health",OTHER,,NCORE,17.5,
2023-11-28,010730023,2,1.2,Parts per billion,1,North Birmingham,24,100,42401,Sulfur dioxide,100,INSTRUMENTAL - ULTRAVIOLET FLUORESCENCE,13820,"Birmingham-Hoover, AL",33.553056,-86.815,POINT,177,NEIGHBORHOOD,500 M TO 4KM,SLAMS,"Jefferson County, AL  Department Of Health",OTHER,,NCORE,17.5,
2023-11-29,010730023,2,3,Parts per billion,4,North Birmingham,22,92,42401,Sulfur dioxide,100,INSTRUMENTAL - ULTRAVIOLET FLUORESCENCE,13820,"Birmingham-Hoover, AL",33.553056,-86.815,POINT,177,NEIGHBORHOOD,500 M TO 4KM,SLAMS,"Jefferson County, AL  Department Of Health",OTHER,,NCORE,17.5,
2023-11-30,010730023,2,3.7,Parts per billion,4,North Birmingham,24,100,42401,Sulfur dioxide,100,INSTRUMENTAL - ULTRAVIOLET FLUORESCENCE,13820,"Birmingham-Hoover, AL",33.553056,-86.815,POINT,177,NEIGHBORHOOD,500 M TO 4KM,SLAMS,"Jefferson County, AL  Department Of Health",OTHER,,NCORE,17.5,
2023-12-01,010730023,2,3.8,Parts per billion,4,North Birmingham,24,100,42401,Sulfur dioxide,100,INSTRUMENTAL - ULTRAVIOLET FLUORESCENCE,13820,"Birmingham-Hoover, AL",33.553056,-86.815,POINT,177,NEIGHBORHOOD,500 M TO 4KM,SLAMS,"Jefferson County, AL  Department Of Health",OTHER,,NCORE,17.5,
2023-12-02,010730023,2,1.3,Parts per billion,1,North Birmingham,24,100,42401,Sulfur dioxide,100,INSTRUMENTAL - ULTRAVIOLET FLUORESCENCE,13820,"Birmingham-Hoover, AL",33.553056,-86.815,POINT,177,NEIGHBORHOOD,500 M TO 4KM,SLAMS,"Jefferson County, AL  Department Of Health",OTHER,,NCORE,17.5,
2023-12-03,010730023,2,1.4,Parts per billion,1,North Birmingham,24,100,42401,Sulfur dioxide,100,INSTRUMENTAL - ULTRAVIOLET FLUORESCENCE,13820,"Birmingham-Hoover, AL",33.553056,-86.815,POINT,177,NEIGHBORHOOD,500 M TO 4KM,SLAMS,"Jefferson County, AL  Department Of Health",OTHER,,NCORE,17.5,
2023-12-04,010730023,2,1.9,Parts per billion,1,North Birmingham,24,100,42401,Sulfur dioxide,100,INSTRUMENTAL - ULTRAVIOLET FLUORESCENCE,13820,"Birmingham-Hoover, AL",33.553056,-86.815,POINT,177,NEIGHBORHOOD,500 M TO 4KM,SLAMS,"Jefferson County, AL  Department Of Health",OTHER,,NCORE,17.5,
2023-12-05,010730023,2,1.8,Parts per billion,1,North Birmingham,24,100,42401,Sulfur dioxide,100,INSTRUMENTAL - ULTRAVIOLET FLUORESCENCE,13820,"Birmingham-Hoover, AL",33.553056,-86.815,POINT,177,NEIGHBORHOOD,500 M TO 4KM,SLAMS,"Jefferson County, AL  Department Of Health",OTHER,,NCORE,17.5,
2023-12-06,010730023,2,1.3,Parts per billion,1,North Birmingham,22,92,42401,Sulfur dioxide,100,INSTRUMENTAL - ULTRAVIOLET FLUORESCENCE,13820,"Birmingham-Hoover, AL",33.553056,-86.815,POINT,177,NEIGHBORHOOD,500 M TO 4KM,SLAMS,"Jefferson County, AL  Department Of Health",OTHER,,NCORE,17.5,
2023-12-07,010730023,2,3.2,Parts per billion,4,North Birmingham,24,100,42401,Sulfur dioxide,100,INSTRUMENTAL - ULTRAVIOLET FLUORESCENCE,13820,"Birmingham-Hoover, AL",33.553056,-86.815,POINT,177,NEIGHBORHOOD,500 M TO 4KM,SLAMS,"Jefferson County, AL  Department Of Health",OTHER,,NCORE,17.5,
2023-12-08,010730023,2,4.7,Parts per billion,6,North Birmingham,17,71,42401,Sulfur dioxide,100,INSTRUMENTAL - ULTRAVIOLET FLUORESCENCE,13820,"Birmingham-Hoover, AL",33.553056,-86.815,POINT,177,NEIGHBORHOOD,500 M TO 4KM,SLAMS,"Jefferson County, AL  Department Of Health",OTHER,,NCORE,17.5,
2023-12-09,010730023,2,1.3,Parts per billion,1,North Birmingham,24,100,42401,Sulfur dioxide,100,INSTRUMENTAL - ULTRAVIOLET FLUORESCENCE,13820,"Birmingham-Hoover, AL",33.553056,-86.815,POINT,177,NEIGHBORHOOD,500 M TO 4KM,SLAMS,"Jefferson County, AL  Department Of Health",OTHER,,NCORE,17.5,
2023-12-10,010730023,2,1.1,Parts per billion,1,North Birmingham,24,100,42401,Sulfur dioxide,100,INSTRUMENTAL - ULTRAVIOLET FLUORESCENCE,13820,"Birmingham-Hoover, AL",33.553056,-86.815,POINT,177,NEIGHBORHOOD,500 M TO 4KM,SLAMS,"Jefferson County, AL  Department Of Health",OTHER,,NCORE,17.5,
2023-12-11,010730023,2,1.9,Parts per billion,1,North Birmingham,21,88,42401,Sulfur dioxide,100,INSTRUMENTAL - ULTRAVIOLET FLUORESCENCE,13820,"Birmingham-Hoover, AL",33.553056,-86.815,POINT,177,NEIGHBORHOOD,500 M TO 4KM,SLAMS,"Jefferson County, AL  Department Of Health",OTHER,,NCORE,17.5,
2023-12-13,010730023,2,4.4,Parts per billion,6,North Birmingham,21,88,42401,Sulfur dioxide,100,INSTRUMENTAL - ULTRAVIOLET FLUORESCENCE,13820,"Birmingham-Hoover, AL",33.553056,-86.815,POINT,177,NEIGHBORHOOD,500 M TO 4KM,SLAMS,"Jefferson County, AL  Department Of Health",OTHER,,NCORE,17.5,
2023-12-12,010730023,2,6.8,Parts per billion,9,North Birmingham,24,100,42401,Sulfur dioxide,100,INSTRUMENTAL - ULTRAVIOLET FLUORESCENCE,13820,"Birmingham-Hoover, AL",33.553056,-86.815,POINT,177,NEIGHBORHOOD,500 M TO 4KM,SLAMS,"Jefferson County, AL  Department Of Health",OTHER,,NCORE,17.5,
2023-12-14,010730023,2,2.8,Parts per billion,3,North Birmingham,24,100,42401,Sulfur dioxide,100,INSTRUMENTAL - ULTRAVIOLET FLUORESCENCE,13820,"Birmingham-Hoover, AL",33.553056,-86.815,POINT,177,NEIGHBORHOOD,500 M TO 4KM,SLAMS,"Jefferson County, AL  Department Of Health",OTHER,,NCORE,17.5,
2023-12-15,010730023,2,1.4,Parts per billion,1,North Birmingham,24,100,42401,Sulfur dioxide,100,INSTRUMENTAL - ULTRAVIOLET FLUORESCENCE,13820,"Birmingham-Hoover, AL",33.553056,-86.815,POINT,177,NEIGHBORHOOD,500 M TO 4KM,SLAMS,"Jefferson County, AL  Department Of Health",OTHER,,NCORE,17.5,
2023-12-16,010730023,2,1.4,Parts per billion,1,North Birmingham,24,100,42401,Sulfur dioxide,100,INSTRUMENTAL - ULTRAVIOLET FLUORESCENCE,13820,"Birmingham-Hoover, AL",33.553056,-86.815,POINT,177,NEIGHBORHOOD,500 M TO 4KM,SLAMS,"Jefferson County, AL  Department Of Health",OTHER,,NCORE,17.5,
2023-12-17,010730023,2,1.2,Parts per billion,1,North Birmingham,24,100,42401,Sulfur dioxide,100,INSTRUMENTAL - ULTRAVIOLET FLUORESCENCE,13820,"Birmingham-Hoover, AL",33.553056,-86.815,POINT,177,NEIGHBORHOOD,500 M TO 4KM,SLAMS,"Jefferson County, AL  Department Of Health",OTHER,,NCORE,17.5,
2023-12-18,010730023,2,1.3,Parts per billion,1,North Birmingham,24,100,42401,Sulfur dioxide,100,INSTRUMENTAL - ULTRAVIOLET FLUORESCENCE,13820,"Birmingham-Hoover, AL",33.553056,-86.815,POINT,177,NEIGHBORHOOD,500 M TO 4KM,SLAMS,"Jefferson County, AL  Department Of Health",OTHER,,NCORE,17.5,
2023-12-19,010730023,2,3.3,Parts per billion,4,North Birmingham,24,100,42401,Sulfur dioxide,100,INSTRUMENTAL - ULTRAVIOLET FLUORESCENCE,13820,"Birmingham-Hoover, AL",33.553056,-86.815,POINT,177,NEIGHBORHOOD,500 M TO 4KM,SLAMS,"Jefferson County, AL  Department Of Health",OTHER,,NCORE,17.5,
2023-12-20,010730023,2,3,Parts per billion,4,North Birmingham,24,100,42401,Sulfur dioxide,100,INSTRUMENTAL - ULTRAVIOLET FLUORESCENCE,13820,"Birmingham-Hoover, AL",33.553056,-86.815,POINT,177,NEIGHBORHOOD,500 M TO 4KM,SLAMS,"Jefferson County, AL  Department Of Health",OTHER,,NCORE,17.5,
2023-12-21,010730023,2,4.9,Parts per billion,6,North Birmingham,24,100,42401,Sulfur dioxide,100,INSTRUMENTAL - ULTRAVIOLET FLUORESCENCE,13820,"Birmingham-Hoover, AL",33.553056,-86.815,POINT,177,NEIGHBORHOOD,500 M TO 4KM,SLAMS,"Jefferson County, AL  Department Of Health",OTHER,,NCORE,17.5,
2023-12-22,010730023,2,5.7,Parts per billion,7,North Birmingham,19,79,42401,Sulfur dioxide,100,INSTRUMENTAL - ULTRAVIOLET FLUORESCENCE,13820,"Birmingham-Hoover, AL",33.553056,-86.815,POINT,177,NEIGHBORHOOD,500 M TO 4KM,SLAMS,"Jefferson County, AL  Department Of Health",OTHER,,NCORE,17.5,
2023-12-23,010730023,2,1.8,Parts per billion,1,North Birmingham,24,100,42401,Sulfur dioxide,100,INSTRUMENTAL - ULTRAVIOLET FLUORESCENCE,13820,"Birmingham-Hoover, AL",33.553056,-86.815,POINT,177,NEIGHBORHOOD,500 M TO 4KM,SLAMS,"Jefferson County, AL  Department Of Health",OTHER,,NCORE,17.5,
2023-12-24,010730023,2,1.4,Parts per billion,1,North Birmingham,24,100,42401,Sulfur dioxide,100,INSTRUMENTAL - ULTRAVIOLET FLUORESCENCE,13820,"Birmingham-Hoover, AL",33.553056,-86.815,POINT,177,NEIGHBORHOOD,500 M TO 4KM,SLAMS,"Jefferson County, AL  Department Of Health",OTHER,,NCORE,17.5,
2023-12-25,010730023,2,1.4,Parts per billion,1,North Birmingham,24,100,42401,Sulfur dioxide,100,INSTRUMENTAL - ULTRAVIOLET FLUORESCENCE,13820,"Birmingham-Hoover, AL",33.553056,-86.815,POINT,177,NEIGHBORHOOD,500 M TO 4KM,SLAMS,"Jefferson County, AL  Department Of Health",OTHER,,NCORE,17.5,
2023-12-26,010730023,2,1.7,Parts per billion,1,North Birmingham,24,100,42401,Sulfur dioxide,100,INSTRUMENTAL - ULTRAVIOLET FLUORESCENCE,13820,"Birmingham-Hoover, AL",33.553056,-86.815,POINT,177,NEIGHBORHOOD,500 M TO 4KM,SLAMS,"Jefferson County, AL  Department Of Health",OTHER,,NCORE,17.5,
2023-12-27,010730023,2,3.4,Parts per billion,4,North Birmingham,23,96,42401,Sulfur dioxide,100,INSTRUMENTAL - ULTRAVIOLET FLUORESCENCE,13820,"Birmingham-Hoover, AL",33.553056,-86.815,POINT,177,NEIGHBORHOOD,500 M TO 4KM,SLAMS,"Jefferson County, AL  Department Of Health",OTHER,,NCORE,17.5,
2023-12-28,010730023,2,1.4,Parts per billion,1,North Birmingham,24,100,42401,Sulfur dioxide,100,INSTRUMENTAL - ULTRAVIOLET FLUORESCENCE,13820,"Birmingham-Hoover, AL",33.553056,-86.815,POINT,177,NEIGHBORHOOD,500 M TO 4KM,SLAMS,"Jefferson County, AL  Department Of Health",OTHER,,NCORE,17.5,
2023-12-29,010730023,2,1.1,Parts per billion,1,North Birmingham,20,83,42401,Sulfur dioxide,100,INSTRUMENTAL - ULTRAVIOLET FLUORESCENCE,13820,"Birmingham-Hoover, AL",33.553056,-86.815,POINT,177,NEIGHBORHOOD,500 M TO 4KM,SLAMS,"Jefferson County, AL  Department Of Health",OTHER,,NCORE,17.5,
2023-12-30,010730023,2,1.6,Parts per billion,1,North Birmingham,24,100,42401,Sulfur dioxide,100,INSTRUMENTAL - ULTRAVIOLET FLUORESCENCE,13820,"Birmingham-Hoover, AL",33.553056,-86.815,POINT,177,NEIGHBORHOOD,500 M TO 4KM,SLAMS,"Jefferson County, AL  Department Of Health",OTHER,,NCORE,17.5,
2023-12-31,010730023,2,2.3,Parts per billion,3,North Birmingham,24,100,42401,Sulfur dioxide,100,INSTRUMENTAL - ULTRAVIOLET FLUORESCENCE,13820,"Birmingham-Hoover, AL",33.553056,-86.815,POINT,177,NEIGHBORHOOD,500 M TO 4KM,SLAMS,"Jefferson County, AL  Department Of Health",OTHER,,NCORE,17.5,
2022-01-01,010731003,1,0.3,Parts per billion,0,Fairfield,24,100,42401,Sulfur dioxide,188,Instrumental - Ecotech Serinus 50,13820,"Birmingham-Hoover, AL",33.485556,-86.915,,180,NEIGHBORHOOD,500 M TO 4KM,,"Jefferson County, AL  Department Of Health",HIGHEST CONCENTRATION,,,4,
2022-01-02,010731003,1,0.2,Parts per billion,0,Fairfield,24,100,42401,Sulfur dioxide,188,Instrumental - Ecotech Serinus 50,13820,"Birmingham-Hoover, AL",33.485556,-86.915,,180,NEIGHBORHOOD,500 M TO 4KM,,"Jefferson County, AL  Department Of Health",HIGHEST CONCENTRATION,,,4,
2022-01-03,010731003,1,0.1,Parts per billion,0,Fairfield,24,100,42401,Sulfur dioxide,188,Instrumental - Ecotech Serinus 50,13820,"Birmingham-Hoover, AL",33.485556,-86.915,,180,NEIGHBORHOOD,500 M TO 4KM,,"Jefferson County, AL  Department Of Health",HIGHEST CONCENTRATION,,,4,
2022-01-04,010731003,1,5.6,Parts per billion,7,Fairfield,22,92,42401,Sulfur dioxide,188,Instrumental - Ecotech Serinus 50,13820,"Birmingham-Hoover, AL",33.485556,-86.915,,180,NEIGHBORHOOD,500 M TO 4KM,,"Jefferson County, AL  Department Of Health",HIGHEST CONCENTRATION,,,4,
2022-01-05,010731003,1,0.7,Parts per billion,0,Fairfield,24,100,42401,Sulfur dioxide,188,Instrumental - Ecotech Serinus 50,13820,"Birmingham-Hoover, AL",33.485556,-86.915,,180,NEIGHBORHOOD,500 M TO 4KM,,"Jefferson County, AL  Department Of Health",HIGHEST CONCENTRATION,,,4,
2022-01-06,010731003,1,1.2,Parts per billion,1,Fairfield,24,100,42401,Sulfur dioxide,188,Instrumental - Ecotech Serinus 50,13820,"Birmingham-Hoover, AL",33.485556,-86.915,,180,NEIGHBORHOOD,500 M TO 4KM,,"Jefferson County, AL  Department Of Health",HIGHEST CONCENTRATION,,,4,
2022-01-07,010731003,1,0.2,Parts per billion,0,Fairfield,24,100,42401,Sulfur dioxide,188,Instrumental - Ecotech Serinus 50,13820,"Birmingham-Hoover, AL",33.485556,-86.915,,180,NEIGHBORHOOD,500 M TO 4KM,,"Jefferson County, AL  Department Of Health",HIGHEST CONCENTRATION,,,4,
2022-01-08,010731003,1,0.3,Parts per billion,0,Fairfield,24,100,42401,Sulfur dioxide,188,Instrumental - Ecotech Serinus 50,13820,"Birmingham-Hoover, AL",33.485556,-86.915,,180,NEIGHBORHOOD,500 M TO 4KM,,"Jefferson County, AL  Department Of Health",HIGHEST CONCENTRATION,,,4,
2022-01-09,010731003,1,1.3,Parts per billion,1,Fairfield,24,100,42401,Sulfur dioxide,188,Instrumental - Ecotech Serinus 50,13820,"Birmingham-Hoover, AL",33.485556,-86.915,,180,NEIGHBORHOOD,500 M TO 4KM,,"Jefferson County, AL  Department Of Health",HIGHEST CONCENTRATION,,,4,
2022-01-10,010731003,1,0.2,Parts per billion,0,Fairfield,24,100,42401,Sulfur dioxide,188,Instrumental - Ecotech Serinus 50,13820,"Birmingham-Hoover, AL",33.485556,-86.915,,180,NEIGHBORHOOD,500 M TO 4KM,,"Jefferson County, AL  Department Of Health",HIGHEST CONCENTRATION,,,4,
2022-01-11,010731003,1,1.5,Parts per billion,1,Fairfield,23,96,42401,Sulfur dioxide,188,Instrumental - Ecotech Serinus 50,13820,"Birmingham-Hoover, AL",33.485556,-86.915,,180,NEIGHBORHOOD,500 M TO 4KM,,"Jefferson County, AL  Department Of Health",HIGHEST CONCENTRATION,,,4,
2022-01-12,010731003,1,1,Parts per billion,1,Fairfield,21,88,42401,Sulfur dioxide,188,Instrumental - Ecotech Serinus 50,13820,"Birmingham-Hoover, AL",33.485556,-86.915,,180,NEIGHBORHOOD,500 M TO 4KM,,"Jefferson County, AL  Department Of Health",HIGHEST CONCENTRATION,,,4,
2022-01-13,010731003,1,0.8,Parts per billion,0,Fairfield,24,100,42401,Sulfur dioxide,188,Instrumental - Ecotech Serinus 50,13820,"Birmingham-Hoover, AL",33.485556,-86.915,,180,NEIGHBORHOOD,500 M TO 4KM,,"Jefferson County, AL  Department Of Health",HIGHEST CONCENTRATION,,,4,
2022-01-14,010731003,1,0.5,Parts per billion,0,Fairfield,21,88,42401,Sulfur dioxide,188,Instrumental - Ecotech Serinus 50,13820,"Birmingham-Hoover, AL",33.485556,-86.915,,180,NEIGHBORHOOD,500 M TO 4KM,,"Jefferson County, AL  Department Of Health",HIGHEST CONCENTRATION,,,4,
2022-01-16,010731003,1,0.5,Parts per billion,0,Fairfield,24,100,42401,Sulfur dioxide,188,Instrumental - Ecotech Serinus 50,13820,"Birmingham-Hoover, AL",33.485556,-86.915,,180,NEIGHBORHOOD,500 M TO 4KM,,"Jefferson County, AL  Department Of Health",HIGHEST CONCENTRATION,,,4,
2022-01-15,010731003,1,1.6,Parts per billion,1,Fairfield,24,100,42401,Sulfur dioxide,188,Instrumental - Ecotech Serinus 50,13820,"Birmingham-Hoover, AL",33.485556,-86.915,,180,NEIGHBORHOOD,500 M TO 4KM,,"Jefferson County, AL  Department Of Health",HIGHEST CONCENTRATION,,,4,
2022-01-17,010731003,1,0.2,Parts per billion,0,Fairfield,24,100,42401,Sulfur dioxide,188,Instrumental - Ecotech Serinus 50,13820,"Birmingham-Hoover, AL",33.485556,-86.915,,180,NEIGHBORHOOD,500 M TO 4KM,,"Jefferson County, AL  Department Of Health",HIGHEST CONCENTRATION,,,4,
2022-01-18,010731003,1,3.1,Parts per billion,4,Fairfield,24,100,42401,Sulfur dioxide,188,Instrumental - Ecotech Serinus 50,13820,"Birmingham-Hoover, AL",33.485556,-86.915,,180,NEIGHBORHOOD,500 M TO 4KM,,"Jefferson County, AL  Department Of Health",HIGHEST CONCENTRATION,,,4,
2022-01-19,010731003,1,1.5,Parts per billion,1,Fairfield,24,100,42401,Sulfur dioxide,188,Instrumental - Ecotech Serinus 50,13820,"Birmingham-Hoover, AL",33.485556,-86.915,,180,NEIGHBORHOOD,500 M TO 4KM,,"Jefferson County, AL  Department Of Health",HIGHEST CONCENTRATION,,,4,
2022-01-20,010731003,1,0.2,Parts per billion,0,Fairfield,24,100,42401,Sulfur dioxide,188,Instrumental - Ecotech Serinus 50,13820,"Birmingham-Hoover, AL",33.485556,-86.915,,180,NEIGHBORHOOD,500 M TO 4KM,,"Jefferson County, AL  Department Of Health",HIGHEST CONCENTRATION,,,4,
2022-01-21,010731003,1,0.2,Parts per billion,0,Fairfield,22,92,42401,Sulfur dioxide,188,Instrumental - Ecotech Serinus 50,13820,"Birmingham-Hoover, AL",33.485556,-86.915,,180,NEIGHBORHOOD,500 M TO 4KM,,"Jefferson County, AL  Department Of Health",HIGHEST CONCENTRATION,,,4,
2022-01-22,010731003,1,0.2,Parts per billion,0,Fairfield,24,100,42401,Sulfur dioxide,188,Instrumental - Ecotech Serinus 50,13820,"Birmingham-Hoover, AL",33.485556,-86.915,,180,NEIGHBORHOOD,500 M TO 4KM,,"Jefferson County, AL  Department Of Health",HIGHEST CONCENTRATION,,,4,
2022-01-23,010731003,1,0.5,Parts per billion,0,Fairfield,24,100,42401,Sulfur dioxide,188,Instrumental - Ecotech Serinus 50,13820,"Birmingham-Hoover, AL",33.485556,-86.915,,180,NEIGHBORHOOD,500 M TO 4KM,,"Jefferson County, AL  Department Of Health",HIGHEST CONCENTRATION,,,4,
2022-01-24,010731003,1,1.1,Parts per billion,1,Fairfield,24,100,42401,Sulfur dioxide,188,Instrumental - Ecotech Serinus 50,13820,"Birmingham-Hoover, AL",33.485556,-86.915,,180,NEIGHBORHOOD,500 M TO 4KM,,"Jefferson County, AL  Department Of Health",HIGHEST CONCENTRATION,,,4,
2022-01-25,010731003,1,0.9,Parts per billion,0,Fairfield,24,100,42401,Sulfur dioxide,188,Instrumental - Ecotech Serinus 50,13820,"Birmingham-Hoover, AL",33.485556,-86.915,,180,NEIGHBORHOOD,500 M TO 4KM,,"Jefferson County, AL  Department Of Health",HIGHEST CONCENTRATION,,,4,
2022-01-26,010731003,1,0.2,Parts per billion,0,Fairfield,24,100,42401,Sulfur dioxide,188,Instrumental - Ecotech Serinus 50,13820,"Birmingham-Hoover, AL",33.485556,-86.915,,180,NEIGHBORHOOD,500 M TO 4KM,,"Jefferson County, AL  Department Of Health",HIGHEST CONCENTRATION,,,4,
2022-01-27,010731003,1,1.2,Parts per billion,1,Fairfield,24,100,42401,Sulfur dioxide,188,Instrumental - Ecotech Serinus 50,13820,"Birmingham-Hoover, AL",33.485556,-86.915,,180,NEIGHBORHOOD,500 M TO 4KM,,"Jefferson County, AL  Department Of Health",HIGHEST CONCENTRATION,,,4,
2022-01-28,010731003,1,0.4,Parts per billion,0,Fairfield,23,96,42401,Sulfur dioxide,188,Instrumental - Ecotech Serinus 50,13820,"Birmingham-Hoover, AL",33.485556,-86.915,,180,NEIGHBORHOOD,500 M TO 4KM,,"Jefferson County, AL  Department Of Health",HIGHEST CONCENTRATION,,,4,
2022-01-29,010731003,1,1.4,Parts per billion,1,Fairfield,24,100,42401,Sulfur dioxide,188,Instrumental - Ecotech Serinus 50,13820,"Birmingham-Hoover, AL",33.485556,-86.915,,180,NEIGHBORHOOD,500 M TO 4KM,,"Jefferson County, AL  Department Of Health",HIGHEST CONCENTRATION,,,4,
2022-01-30,010731003,1,1.2,Parts per billion,1,Fairfield,24,100,42401,Sulfur dioxide,188,Instrumental - Ecotech Serinus 50,13820,"Birmingham-Hoover, AL",33.485556,-86.915,,180,NEIGHBORHOOD,500 M TO 4KM,,"Jefferson County, AL  Department Of Health",HIGHEST CONCENTRATION,,,4,
2022-01-31,010731003,1,3,Parts per billion,4,Fairfield,24,100,42401,Sulfur dioxide,188,Instrumental - Ecotech Serinus 50,13820,"Birmingham-Hoover, AL",33.485556,-86.915,,180,NEIGHBORHOOD,500 M TO 4KM,,"Jefferson County, AL  Department Of Health",HIGHEST CONCENTRATION,,,4,
2022-02-01,010731003,1,0.4,Parts per billion,0,Fairfield,24,100,42401,Sulfur dioxide,188,Instrumental - Ecotech Serinus 50,13820,"Birmingham-Hoover, AL",33.485556,-86.915,,180,NEIGHBORHOOD,500 M TO 4KM,,"Jefferson County, AL  Department Of Health",HIGHEST CONCENTRATION,,,4,
2022-02-02,010731003,1,0.8,Parts per billion,0,Fairfield,23,96,42401,Sulfur dioxide,188,Instrumental - Ecotech Serinus 50,13820,"Birmingham-Hoover, AL",33.485556,-86.915,,180,NEIGHBORHOOD,500 M TO 4KM,,"Jefferson County, AL  Department Of Health",HIGHEST CONCENTRATION,,,4,
2022-02-03,010731003,1,0.1,Parts per billion,0,Fairfield,24,100,42401,Sulfur dioxide,188,Instrumental - Ecotech Serinus 50,13820,"Birmingham-Hoover, AL",33.485556,-86.915,,180,NEIGHBORHOOD,500 M TO 4KM,,"Jefferson County, AL  Department Of Health",HIGHEST CONCENTRATION,,,4,
2022-02-04,010731003,1,0.1,Parts per billion,0,Fairfield,24,100,42401,Sulfur dioxide,188,Instrumental - Ecotech Serinus 50,13820,"Birmingham-Hoover, AL",33.485556,-86.915,,180,NEIGHBORHOOD,500 M TO 4KM,,"Jefferson County, AL  Department Of Health",HIGHEST CONCENTRATION,,,4,
2022-02-05,010731003,1,0.6,Parts per billion,0,Fairfield,24,100,42401,Sulfur dioxide,188,Instrumental - Ecotech Serinus 50,13820,"Birmingham-Hoover, AL",33.485556,-86.915,,180,NEIGHBORHOOD,500 M TO 4KM,,"Jefferson County, AL  Department Of Health",HIGHEST CONCENTRATION,,,4,
2022-02-06,010731003,1,1.3,Parts per billion,1,Fairfield,24,100,42401,Sulfur dioxide,188,Instrumental - Ecotech Serinus 50,13820,"Birmingham-Hoover, AL",33.485556,-86.915,,180,NEIGHBORHOOD,500 M TO 4KM,,"Jefferson County, AL  Department Of Health",HIGHEST CONCENTRATION,,,4,
2022-02-07,010731003,1,2.1,Parts per billion,3,Fairfield,24,100,42401,Sulfur dioxide,188,Instrumental - Ecotech Serinus 50,13820,"Birmingham-Hoover, AL",33.485556,-86.915,,180,NEIGHBORHOOD,500 M TO 4KM,,"Jefferson County, AL  Department Of Health",HIGHEST CONCENTRATION,,,4,
2022-02-08,010731003,1,0.2,Parts per billion,0,Fairfield,24,100,42401,Sulfur dioxide,188,Instrumental - Ecotech Serinus 50,13820,"Birmingham-Hoover, AL",33.485556,-86.915,,180,NEIGHBORHOOD,500 M TO 4KM,,"Jefferson County, AL  Department Of Health",HIGHEST CONCENTRATION,,,4,
2022-02-09,010731003,1,1.7,Parts per billion,1,Fairfield,9,38,42401,Sulfur dioxide,188,Instrumental - Ecotech Serinus 50,13820,"Birmingham-Hoover, AL",33.485556,-86.915,,180,NEIGHBORHOOD,500 M TO 4KM,,"Jefferson County, AL  Department Of Health",HIGHEST CONCENTRATION,,,4,
2022-02-10,010731003,1,2.5,Parts per billion,3,Fairfield,15,63,42401,Sulfur dioxide,188,Instrumental - Ecotech Serinus 50,13820,"Birmingham-Hoover, AL",33.485556,-86.915,,180,NEIGHBORHOOD,500 M TO 4KM,,"Jefferson County, AL  Department Of Health",HIGHEST CONCENTRATION,,,4,
2022-02-11,010731003,1,1.6,Parts per billion,1,Fairfield,24,100,42401,Sulfur dioxide,188,Instrumental - Ecotech Serinus 50,13820,"Birmingham-Hoover, AL",33.485556,-86.915,,180,NEIGHBORHOOD,500 M TO 4KM,,"Jefferson County, AL  Department Of Health",HIGHEST CONCENTRATION,,,4,
2022-02-12,010731003,1,1.1,Parts per billion,1,Fairfield,24,100,42401,Sulfur dioxide,188,Instrumental - Ecotech Serinus 50,13820,"Birmingham-Hoover, AL",33.485556,-86.915,,180,NEIGHBORHOOD,500 M TO 4KM,,"Jefferson County, AL  Department Of Health",HIGHEST CONCENTRATION,,,4,
2022-02-13,010731003,1,0.3,Parts per billion,0,Fairfield,24,100,42401,Sulfur dioxide,188,Instrumental - Ecotech Serinus 50,13820,"Birmingham-Hoover, AL",33.485556,-86.915,,180,NEIGHBORHOOD,500 M TO 4KM,,"Jefferson County, AL  Department Of Health",HIGHEST CONCENTRATION,,,4,
2022-02-14,010731003,1,0.9,Parts per billion,0,Fairfield,24,100,42401,Sulfur dioxide,188,Instrumental - Ecotech Serinus 50,13820,"Birmingham-Hoover, AL",33.485556,-86.915,,180,NEIGHBORHOOD,500 M TO 4KM,,"Jefferson County, AL  Department Of Health",HIGHEST CONCENTRATION,,,4,
2022-02-15,010731003,1,3.5,Parts per billion,4,Fairfield,24,100,42401,Sulfur dioxide,188,Instrumental - Ecotech Serinus 50,13820,"Birmingham-Hoover, AL",33.485556,-86.915,,180,NEIGHBORHOOD,500 M TO 4KM,,"Jefferson County, AL  Department Of Health",HIGHEST CONCENTRATION,,,4,
2022-02-16,010731003,1,4.9,Parts per billion,6,Fairfield,22,92,42401,Sulfur dioxide,188,Instrumental - Ecotech Serinus 50,13820,"Birmingham-Hoover, AL",33.485556,-86.915,,180,NEIGHBORHOOD,500 M TO 4KM,,"Jefferson County, AL  Department Of Health",HIGHEST CONCENTRATION,,,4,
2022-02-17,010731003,1,3.1,Parts per billion,4,Fairfield,24,100,42401,Sulfur dioxide,188,Instrumental - Ecotech Serinus 50,13820,"Birmingham-Hoover, AL",33.485556,-86.915,,180,NEIGHBORHOOD,500 M TO 4KM,,"Jefferson County, AL  Department Of Health",HIGHEST CONCENTRATION,,,4,
2022-02-18,010731003,1,0.2,Parts per billion,0,Fairfield,24,100,42401,Sulfur dioxide,188,Instrumental - Ecotech Serinus 50,13820,"Birmingham-Hoover, AL",33.485556,-86.915,,180,NEIGHBORHOOD,500 M TO 4KM,,"Jefferson County, AL  Department Of Health",HIGHEST CONCENTRATION,,,4,
2022-02-19,010731003,1,0.2,Parts per billion,0,Fairfield,24,100,42401,Sulfur dioxide,188,Instrumental - Ecotech Serinus 50,13820,"Birmingham-Hoover, AL",33.485556,-86.915,,180,NEIGHBORHOOD,500 M TO 4KM,,"Jefferson County, AL  Department Of Health",HIGHEST CONCENTRATION,,,4,
2022-02-20,010731003,1,2.6,Parts per billion,3,Fairfield,24,100,42401,Sulfur dioxide,188,Instrumental - Ecotech Serinus 50,13820,"Birmingham-Hoover, AL",33.485556,-86.915,,180,NEIGHBORHOOD,500 M TO 4KM,,"Jefferson County, AL  Department Of Health",HIGHEST CONCENTRATION,,,4,
2022-02-21,010731003,1,2.8,Parts per billion,3,Fairfield,24,100,42401,Sulfur dioxide,188,Instrumental - Ecotech Serinus 50,13820,"Birmingham-Hoover, AL",33.485556,-86.915,,180,NEIGHBORHOOD,500 M TO 4KM,,"Jefferson County, AL  Department Of Health",HIGHEST CONCENTRATION,,,4,
2022-02-22,010731003,1,1.7,Parts per billion,1,Fairfield,24,100,42401,Sulfur dioxide,188,Instrumental - Ecotech Serinus 50,13820,"Birmingham-Hoover, AL",33.485556,-86.915,,180,NEIGHBORHOOD,500 M TO 4KM,,"Jefferson County, AL  Department Of Health",HIGHEST CONCENTRATION,,,4,
2022-02-23,010731003,1,0.4,Parts per billion,0,Fairfield,24,100,42401,Sulfur dioxide,188,Instrumental - Ecotech Serinus 50,13820,"Birmingham-Hoover, AL",33.485556,-86.915,,180,NEIGHBORHOOD,500 M TO 4KM,,"Jefferson County, AL  Department Of Health",HIGHEST CONCENTRATION,,,4,
2022-02-24,010731003,1,4.5,Parts per billion,6,Fairfield,24,100,42401,Sulfur dioxide,188,Instrumental - Ecotech Serinus 50,13820,"Birmingham-Hoover, AL",33.485556,-86.915,,180,NEIGHBORHOOD,500 M TO 4KM,,"Jefferson County, AL  Department Of Health",HIGHEST CONCENTRATION,,,4,
2022-02-25,010731003,1,0.7,Parts per billion,0,Fairfield,23,96,42401,Sulfur dioxide,188,Instrumental - Ecotech Serinus 50,13820,"Birmingham-Hoover, AL",33.485556,-86.915,,180,NEIGHBORHOOD,500 M TO 4KM,,"Jefferson County, AL  Department Of Health",HIGHEST CONCENTRATION,,,4,
2022-02-26,010731003,1,0.6,Parts per billion,0,Fairfield,24,100,42401,Sulfur dioxide,188,Instrumental - Ecotech Serinus 50,13820,"Birmingham-Hoover, AL",33.485556,-86.915,,180,NEIGHBORHOOD,500 M TO 4KM,,"Jefferson County, AL  Department Of Health",HIGHEST CONCENTRATION,,,4,
2022-02-27,010731003,1,1,Parts per billion,1,Fairfield,24,100,42401,Sulfur dioxide,188,Instrumental - Ecotech Serinus 50,13820,"Birmingham-Hoover, AL",33.485556,-86.915,,180,NEIGHBORHOOD,500 M TO 4KM,,"Jefferson County, AL  Department Of Health",HIGHEST CONCENTRATION,,,4,
2022-02-28,010731003,1,0.4,Parts per billion,0,Fairfield,24,100,42401,Sulfur dioxide,188,Instrumental - Ecotech Serinus 50,13820,"Birmingham-Hoover, AL",33.485556,-86.915,,180,NEIGHBORHOOD,500 M TO 4KM,,"Jefferson County, AL  Department Of Health",HIGHEST CONCENTRATION,,,4,
2022-03-01,010731003,1,1.4,Parts per billion,1,Fairfield,24,100,42401,Sulfur dioxide,188,Instrumental - Ecotech Serinus 50,13820,"Birmingham-Hoover, AL",33.485556,-86.915,,180,NEIGHBORHOOD,500 M TO 4KM,,"Jefferson County, AL  Department Of Health",HIGHEST CONCENTRATION,,,4,
2022-03-02,010731003,1,1.7,Parts per billion,1,Fairfield,24,100,42401,Sulfur dioxide,188,Instrumental - Ecotech Serinus 50,13820,"Birmingham-Hoover, AL",33.485556,-86.915,,180,NEIGHBORHOOD,500 M TO 4KM,,"Jefferson County, AL  Department Of Health",HIGHEST CONCENTRATION,,,4,
2022-03-03,010731003,1,1.7,Parts per billion,1,Fairfield,24,100,42401,Sulfur dioxide,188,Instrumental - Ecotech Serinus 50,13820,"Birmingham-Hoover, AL",33.485556,-86.915,,180,NEIGHBORHOOD,500 M TO 4KM,,"Jefferson County, AL  Department Of Health",HIGHEST CONCENTRATION,,,4,
2022-03-04,010731003,1,3,Parts per billion,4,Fairfield,24,100,42401,Sulfur dioxide,188,Instrumental - Ecotech Serinus 50,13820,"Birmingham-Hoover, AL",33.485556,-86.915,,180,NEIGHBORHOOD,500 M TO 4KM,,"Jefferson County, AL  Department Of Health",HIGHEST CONCENTRATION,,,4,
2022-03-05,010731003,1,2.1,Parts per billion,3,Fairfield,24,100,42401,Sulfur dioxide,188,Instrumental - Ecotech Serinus 50,13820,"Birmingham-Hoover, AL",33.485556,-86.915,,180,NEIGHBORHOOD,500 M TO 4KM,,"Jefferson County, AL  Department Of Health",HIGHEST CONCENTRATION,,,4,
2022-03-06,010731003,1,0.6,Parts per billion,0,Fairfield,24,100,42401,Sulfur dioxide,188,Instrumental - Ecotech Serinus 50,13820,"Birmingham-Hoover, AL",33.485556,-86.915,,180,NEIGHBORHOOD,500 M TO 4KM,,"Jefferson County, AL  Department Of Health",HIGHEST CONCENTRATION,,,4,
2022-03-07,010731003,1,0.2,Parts per billion,0,Fairfield,24,100,42401,Sulfur dioxide,188,Instrumental - Ecotech Serinus 50,13820,"Birmingham-Hoover, AL",33.485556,-86.915,,180,NEIGHBORHOOD,500 M TO 4KM,,"Jefferson County, AL  Department Of Health",HIGHEST CONCENTRATION,,,4,
2022-03-08,010731003,1,0.3,Parts per billion,0,Fairfield,24,100,42401,Sulfur dioxide,188,Instrumental - Ecotech Serinus 50,13820,"Birmingham-Hoover, AL",33.485556,-86.915,,180,NEIGHBORHOOD,500 M TO 4KM,,"Jefferson County, AL  Department Of Health",HIGHEST CONCENTRATION,,,4,
2022-03-09,010731003,1,0.2,Parts per billion,0,Fairfield,24,100,42401,Sulfur dioxide,188,Instrumental - Ecotech Serinus 50,13820,"Birmingham-Hoover, AL",33.485556,-86.915,,180,NEIGHBORHOOD,500 M TO 4KM,,"Jefferson County, AL  Department Of Health",HIGHEST CONCENTRATION,,,4,
2022-03-10,010731003,1,0.6,Parts per billion,0,Fairfield,23,96,42401,Sulfur dioxide,188,Instrumental - Ecotech Serinus 50,13820,"Birmingham-Hoover, AL",33.485556,-86.915,,180,NEIGHBORHOOD,500 M TO 4KM,,"Jefferson County, AL  Department Of Health",HIGHEST CONCENTRATION,,,4,
2022-03-11,010731003,1,0.8,Parts per billion,0,Fairfield,24,100,42401,Sulfur dioxide,188,Instrumental - Ecotech Serinus 50,13820,"Birmingham-Hoover, AL",33.485556,-86.915,,180,NEIGHBORHOOD,500 M TO 4KM,,"Jefferson County, AL  Department Of Health",HIGHEST CONCENTRATION,,,4,
2022-03-12,010731003,1,0.1,Parts per billion,0,Fairfield,24,100,42401,Sulfur dioxide,188,Instrumental - Ecotech Serinus 50,13820,"Birmingham-Hoover, AL",33.485556,-86.915,,180,NEIGHBORHOOD,500 M TO 4KM,,"Jefferson County, AL  Department Of Health",HIGHEST CONCENTRATION,,,4,
2022-03-13,010731003,1,2.9,Parts per billion,3,Fairfield,24,100,42401,Sulfur dioxide,188,Instrumental - Ecotech Serinus 50,13820,"Birmingham-Hoover, AL",33.485556,-86.915,,180,NEIGHBORHOOD,500 M TO 4KM,,"Jefferson County, AL  Department Of Health",HIGHEST CONCENTRATION,,,4,
2022-03-14,010731003,1,2,Parts per billion,3,Fairfield,24,100,42401,Sulfur dioxide,188,Instrumental - Ecotech Serinus 50,13820,"Birmingham-Hoover, AL",33.485556,-86.915,,180,NEIGHBORHOOD,500 M TO 4KM,,"Jefferson County, AL  Department Of Health",HIGHEST CONCENTRATION,,,4,
2022-03-15,010731003,1,0.5,Parts per billion,0,Fairfield,24,100,42401,Sulfur dioxide,188,Instrumental - Ecotech Serinus 50,13820,"Birmingham-Hoover, AL",33.485556,-86.915,,180,NEIGHBORHOOD,500 M TO 4KM,,"Jefferson County, AL  Department Of Health",HIGHEST CONCENTRATION,,,4,
2022-03-16,010731003,1,0.3,Parts per billion,0,Fairfield,24,100,42401,Sulfur dioxide,188,Instrumental - Ecotech Serinus 50,13820,"Birmingham-Hoover, AL",33.485556,-86.915,,180,NEIGHBORHOOD,500 M TO 4KM,,"Jefferson County, AL  Department Of Health",HIGHEST CONCENTRATION,,,4,
2022-03-17,010731003,1,1.5,Parts per billion,1,Fairfield,23,96,42401,Sulfur dioxide,188,Instrumental - Ecotech Serinus 50,13820,"Birmingham-Hoover, AL",33.485556,-86.915,,180,NEIGHBORHOOD,500 M TO 4KM,,"Jefferson County, AL  Department Of Health",HIGHEST CONCENTRATION,,,4,
2022-03-18,010731003,1,1.4,Parts per billion,1,Fairfield,24,100,42401,Sulfur dioxide,188,Instrumental - Ecotech Serinus 50,13820,"Birmingham-Hoover, AL",33.485556,-86.915,,180,NEIGHBORHOOD,500 M TO 4KM,,"Jefferson County, AL  Department Of Health",HIGHEST CONCENTRATION,,,4,
2022-03-19,010731003,1,0.2,Parts per billion,0,Fairfield,24,100,42401,Sulfur dioxide,188,Instrumental - Ecotech Serinus 50,13820,"Birmingham-Hoover, AL",33.485556,-86.915,,180,NEIGHBORHOOD,500 M TO 4KM,,"Jefferson County, AL  Department Of Health",HIGHEST CONCENTRATION,,,4,
2022-03-20,010731003,1,1.2,Parts per billion,1,Fairfield,24,100,42401,Sulfur dioxide,188,Instrumental - Ecotech Serinus 50,13820,"Birmingham-Hoover, AL",33.485556,-86.915,,180,NEIGHBORHOOD,500 M TO 4KM,,"Jefferson County, AL  Department Of Health",HIGHEST CONCENTRATION,,,4,
2022-03-21,010731003,1,0.5,Parts per billion,0,Fairfield,24,100,42401,Sulfur dioxide,188,Instrumental - Ecotech Serinus 50,13820,"Birmingham-Hoover, AL",33.485556,-86.915,,180,NEIGHBORHOOD,500 M TO 4KM,,"Jefferson County, AL  Department Of Health",HIGHEST CONCENTRATION,,,4,
2022-03-22,010731003,1,0.6,Parts per billion,0,Fairfield,24,100,42401,Sulfur dioxide,188,Instrumental - Ecotech Serinus 50,13820,"Birmingham-Hoover, AL",33.485556,-86.915,,180,NEIGHBORHOOD,500 M TO 4KM,,"Jefferson County, AL  Department Of Health",HIGHEST CONCENTRATION,,,4,
2022-03-23,010731003,1,0.5,Parts per billion,0,Fairfield,22,92,42401,Sulfur dioxide,188,Instrumental - Ecotech Serinus 50,13820,"Birmingham-Hoover, AL",33.485556,-86.915,,180,NEIGHBORHOOD,500 M TO 4KM,,"Jefferson County, AL  Department Of Health",HIGHEST CONCENTRATION,,,4,
2022-03-24,010731003,1,0.8,Parts per billion,0,Fairfield,24,100,42401,Sulfur dioxide,188,Instrumental - Ecotech Serinus 50,13820,"Birmingham-Hoover, AL",33.485556,-86.915,,180,NEIGHBORHOOD,500 M TO 4KM,,"Jefferson County, AL  Department Of Health",HIGHEST CONCENTRATION,,,4,
2022-03-25,010731003,1,1,Parts per billion,1,Fairfield,24,100,42401,Sulfur dioxide,188,Instrumental - Ecotech Serinus 50,13820,"Birmingham-Hoover, AL",33.485556,-86.915,,180,NEIGHBORHOOD,500 M TO 4KM,,"Jefferson County, AL  Department Of Health",HIGHEST CONCENTRATION,,,4,
2022-03-26,010731003,1,0.2,Parts per billion,0,Fairfield,24,100,42401,Sulfur dioxide,188,Instrumental - Ecotech Serinus 50,13820,"Birmingham-Hoover, AL",33.485556,-86.915,,180,NEIGHBORHOOD,500 M TO 4KM,,"Jefferson County, AL  Department Of Health",HIGHEST CONCENTRATION,,,4,
2022-03-27,010731003,1,0.5,Parts per billion,0,Fairfield,24,100,42401,Sulfur dioxide,188,Instrumental - Ecotech Serinus 50,13820,"Birmingham-Hoover, AL",33.485556,-86.915,,180,NEIGHBORHOOD,500 M TO 4KM,,"Jefferson County, AL  Department Of Health",HIGHEST CONCENTRATION,,,4,
2022-03-28,010731003,1,1.7,Parts per billion,1,Fairfield,24,100,42401,Sulfur dioxide,188,Instrumental - Ecotech Serinus 50,13820,"Birmingham-Hoover, AL",33.485556,-86.915,,180,NEIGHBORHOOD,500 M TO 4KM,,"Jefferson County, AL  Department Of Health",HIGHEST CONCENTRATION,,,4,
2022-03-29,010731003,1,2.1,Parts per billion,3,Fairfield,24,100,42401,Sulfur dioxide,188,Instrumental - Ecotech Serinus 50,13820,"Birmingham-Hoover, AL",33.485556,-86.915,,180,NEIGHBORHOOD,500 M TO 4KM,,"Jefferson County, AL  Department Of Health",HIGHEST CONCENTRATION,,,4,
2022-03-30,010731003,1,3.5,Parts per billion,4,Fairfield,20,83,42401,Sulfur dioxide,188,Instrumental - Ecotech Serinus 50,13820,"Birmingham-Hoover, AL",33.485556,-86.915,,180,NEIGHBORHOOD,500 M TO 4KM,,"Jefferson County, AL  Department Of Health",HIGHEST CONCENTRATION,,,4,
2022-03-31,010731003,1,0.2,Parts per billion,0,Fairfield,24,100,42401,Sulfur dioxide,188,Instrumental - Ecotech Serinus 50,13820,"Birmingham-Hoover, AL",33.485556,-86.915,,180,NEIGHBORHOOD,500 M TO 4KM,,"Jefferson County, AL  Department Of Health",HIGHEST CONCENTRATION,,,4,
2022-04-01,010731003,1,0.5,Parts per billion,0,Fairfield,24,100,42401,Sulfur dioxide,188,Instrumental - Ecotech Serinus 50,13820,"Birmingham-Hoover, AL",33.485556,-86.915,,180,NEIGHBORHOOD,500 M TO 4KM,,"Jefferson County, AL  Department Of Health",HIGHEST CONCENTRATION,,,4,
2022-04-02,010731003,1,0.4,Parts per billion,0,Fairfield,24,100,42401,Sulfur dioxide,188,Instrumental - Ecotech Serinus 50,13820,"Birmingham-Hoover, AL",33.485556,-86.915,,180,NEIGHBORHOOD,500 M TO 4KM,,"Jefferson County, AL  Department Of Health",HIGHEST CONCENTRATION,,,4,
2022-04-03,010731003,1,0.2,Parts per billion,0,Fairfield,24,100,42401,Sulfur dioxide,188,Instrumental - Ecotech Serinus 50,13820,"Birmingham-Hoover, AL",33.485556,-86.915,,180,NEIGHBORHOOD,500 M TO 4KM,,"Jefferson County, AL  Department Of Health",HIGHEST CONCENTRATION,,,4,
2022-04-04,010731003,1,2.7,Parts per billion,3,Fairfield,24,100,42401,Sulfur dioxide,188,Instrumental - Ecotech Serinus 50,13820,"Birmingham-Hoover, AL",33.485556,-86.915,,180,NEIGHBORHOOD,500 M TO 4KM,,"Jefferson County, AL  Department Of Health",HIGHEST CONCENTRATION,,,4,
2022-04-05,010731003,1,1.7,Parts per billion,1,Fairfield,23,96,42401,Sulfur dioxide,188,Instrumental - Ecotech Serinus 50,13820,"Birmingham-Hoover, AL",33.485556,-86.915,,180,NEIGHBORHOOD,500 M TO 4KM,,"Jefferson County, AL  Department Of Health",HIGHEST CONCENTRATION,,,4,
2022-04-06,010731003,1,0.2,Parts per billion,0,Fairfield,24,100,42401,Sulfur dioxide,188,Instrumental - Ecotech Serinus 50,13820,"Birmingham-Hoover, AL",33.485556,-86.915,,180,NEIGHBORHOOD,500 M TO 4KM,,"Jefferson County, AL  Department Of Health",HIGHEST CONCENTRATION,,,4,
2022-04-07,010731003,1,0.8,Parts per billion,0,Fairfield,24,100,42401,Sulfur dioxide,188,Instrumental - Ecotech Serinus 50,13820,"Birmingham-Hoover, AL",33.485556,-86.915,,180,NEIGHBORHOOD,500 M TO 4KM,,"Jefferson County, AL  Department Of Health",HIGHEST CONCENTRATION,,,4,
2022-04-08,010731003,1,0.6,Parts per billion,0,Fairfield,24,100,42401,Sulfur dioxide,188,Instrumental - Ecotech Serinus 50,13820,"Birmingham-Hoover, AL",33.485556,-86.915,,180,NEIGHBORHOOD,500 M TO 4KM,,"Jefferson County, AL  Department Of Health",HIGHEST CONCENTRATION,,,4,
2022-04-09,010731003,1,1.1,Parts per billion,1,Fairfield,24,100,42401,Sulfur dioxide,188,Instrumental - Ecotech Serinus 50,13820,"Birmingham-Hoover, AL",33.485556,-86.915,,180,NEIGHBORHOOD,500 M TO 4KM,,"Jefferson County, AL  Department Of Health",HIGHEST CONCENTRATION,,,4,
2022-04-10,010731003,1,3.2,Parts per billion,4,Fairfield,24,100,42401,Sulfur dioxide,188,Instrumental - Ecotech Serinus 50,13820,"Birmingham-Hoover, AL",33.485556,-86.915,,180,NEIGHBORHOOD,500 M TO 4KM,,"Jefferson County, AL  Department Of Health",HIGHEST CONCENTRATION,,,4,
2022-04-11,010731003,1,1.9,Parts per billion,1,Fairfield,24,100,42401,Sulfur dioxide,188,Instrumental - Ecotech Serinus 50,13820,"Birmingham-Hoover, AL",33.485556,-86.915,,180,NEIGHBORHOOD,500 M TO 4KM,,"Jefferson County, AL  Department Of Health",HIGHEST CONCENTRATION,,,4,
2022-04-12,010731003,1,1.6,Parts per billion,1,Fairfield,24,100,42401,Sulfur dioxide,188,Instrumental - Ecotech Serinus 50,13820,"Birmingham-Hoover, AL",33.485556,-86.915,,180,NEIGHBORHOOD,500 M TO 4KM,,"Jefferson County, AL  Department Of Health",HIGHEST CONCENTRATION,,,4,
2022-04-13,010731003,1,1.1,Parts per billion,1,Fairfield,24,100,42401,Sulfur dioxide,188,Instrumental - Ecotech Serinus 50,13820,"Birmingham-Hoover, AL",33.485556,-86.915,,180,NEIGHBORHOOD,500 M TO 4KM,,"Jefferson County, AL  Department Of Health",HIGHEST CONCENTRATION,,,4,
2022-04-14,010731003,1,0.2,Parts per billion,0,Fairfield,24,100,42401,Sulfur dioxide,188,Instrumental - Ecotech Serinus 50,13820,"Birmingham-Hoover, AL",33.485556,-86.915,,180,NEIGHBORHOOD,500 M TO 4KM,,"Jefferson County, AL  Department Of Health",HIGHEST CONCENTRATION,,,4,
2022-04-15,010731003,1,5.3,Parts per billion,7,Fairfield,24,100,42401,Sulfur dioxide,188,Instrumental - Ecotech Serinus 50,13820,"Birmingham-Hoover, AL",33.485556,-86.915,,180,NEIGHBORHOOD,500 M TO 4KM,,"Jefferson County, AL  Department Of Health",HIGHEST CONCENTRATION,,,4,
2022-04-16,010731003,1,1.6,Parts per billion,1,Fairfield,24,100,42401,Sulfur dioxide,188,Instrumental - Ecotech Serinus 50,13820,"Birmingham-Hoover, AL",33.485556,-86.915,,180,NEIGHBORHOOD,500 M TO 4KM,,"Jefferson County, AL  Department Of Health",HIGHEST CONCENTRATION,,,4,
2022-04-17,010731003,1,0.2,Parts per billion,0,Fairfield,24,100,42401,Sulfur dioxide,188,Instrumental - Ecotech Serinus 50,13820,"Birmingham-Hoover, AL",33.485556,-86.915,,180,NEIGHBORHOOD,500 M TO 4KM,,"Jefferson County, AL  Department Of Health",HIGHEST CONCENTRATION,,,4,
2022-04-18,010731003,1,0.2,Parts per billion,0,Fairfield,23,96,42401,Sulfur dioxide,188,Instrumental - Ecotech Serinus 50,13820,"Birmingham-Hoover, AL",33.485556,-86.915,,180,NEIGHBORHOOD,500 M TO 4KM,,"Jefferson County, AL  Department Of Health",HIGHEST CONCENTRATION,,,4,
2022-04-19,010731003,1,0.2,Parts per billion,0,Fairfield,24,100,42401,Sulfur dioxide,188,Instrumental - Ecotech Serinus 50,13820,"Birmingham-Hoover, AL",33.485556,-86.915,,180,NEIGHBORHOOD,500 M TO 4KM,,"Jefferson County, AL  Department Of Health",HIGHEST CONCENTRATION,,,4,
2022-04-20,010731003,1,3.6,Parts per billion,4,Fairfield,24,100,42401,Sulfur dioxide,188,Instrumental - Ecotech Serinus 50,13820,"Birmingham-Hoover, AL",33.485556,-86.915,,180,NEIGHBORHOOD,500 M TO 4KM,,"Jefferson County, AL  Department Of Health",HIGHEST CONCENTRATION,,,4,
2022-04-21,010731003,1,6.2,Parts per billion,9,Fairfield,24,100,42401,Sulfur dioxide,188,Instrumental - Ecotech Serinus 50,13820,"Birmingham-Hoover, AL",33.485556,-86.915,,180,NEIGHBORHOOD,500 M TO 4KM,,"Jefferson County, AL  Department Of Health",HIGHEST CONCENTRATION,,,4,
2022-04-22,010731003,1,0.7,Parts per billion,0,Fairfield,24,100,42401,Sulfur dioxide,188,Instrumental - Ecotech Serinus 50,13820,"Birmingham-Hoover, AL",33.485556,-86.915,,180,NEIGHBORHOOD,500 M TO 4KM,,"Jefferson County, AL  Department Of Health",HIGHEST CONCENTRATION,,,4,
2022-04-23,010731003,1,2.5,Parts per billion,3,Fairfield,24,100,42401,Sulfur dioxide,188,Instrumental - Ecotech Serinus 50,13820,"Birmingham-Hoover, AL",33.485556,-86.915,,180,NEIGHBORHOOD,500 M TO 4KM,,"Jefferson County, AL  Department Of Health",HIGHEST CONCENTRATION,,,4,
2022-04-24,010731003,1,3.2,Parts per billion,4,Fairfield,24,100,42401,Sulfur dioxide,188,Instrumental - Ecotech Serinus 50,13820,"Birmingham-Hoover, AL",33.485556,-86.915,,180,NEIGHBORHOOD,500 M TO 4KM,,"Jefferson County, AL  Department Of Health",HIGHEST CONCENTRATION,,,4,
2022-04-25,010731003,1,1.5,Parts per billion,1,Fairfield,24,100,42401,Sulfur dioxide,188,Instrumental - Ecotech Serinus 50,13820,"Birmingham-Hoover, AL",33.485556,-86.915,,180,NEIGHBORHOOD,500 M TO 4KM,,"Jefferson County, AL  Department Of Health",HIGHEST CONCENTRATION,,,4,
2022-04-26,010731003,1,0.2,Parts per billion,0,Fairfield,24,100,42401,Sulfur dioxide,188,Instrumental - Ecotech Serinus 50,13820,"Birmingham-Hoover, AL",33.485556,-86.915,,180,NEIGHBORHOOD,500 M TO 4KM,,"Jefferson County, AL  Department Of Health",HIGHEST CONCENTRATION,,,4,
2022-04-27,010731003,1,0.6,Parts per billion,0,Fairfield,24,100,42401,Sulfur dioxide,188,Instrumental - Ecotech Serinus 50,13820,"Birmingham-Hoover, AL",33.485556,-86.915,,180,NEIGHBORHOOD,500 M TO 4KM,,"Jefferson County, AL  Department Of Health",HIGHEST CONCENTRATION,,,4,
2022-04-28,010731003,1,0.2,Parts per billion,0,Fairfield,23,96,42401,Sulfur dioxide,188,Instrumental - Ecotech Serinus 50,13820,"Birmingham-Hoover, AL",33.485556,-86.915,,180,NEIGHBORHOOD,500 M TO 4KM,,"Jefferson County, AL  Department Of Health",HIGHEST CONCENTRATION,,,4,
2022-04-29,010731003,1,3.2,Parts per billion,4,Fairfield,24,100,42401,Sulfur dioxide,188,Instrumental - Ecotech Serinus 50,13820,"Birmingham-Hoover, AL",33.485556,-86.915,,180,NEIGHBORHOOD,500 M TO 4KM,,"Jefferson County, AL  Department Of Health",HIGHEST CONCENTRATION,,,4,
2022-04-30,010731003,1,7.4,Parts per billion,10,Fairfield,24,100,42401,Sulfur dioxide,188,Instrumental - Ecotech Serinus 50,13820,"Birmingham-Hoover, AL",33.485556,-86.915,,180,NEIGHBORHOOD,500 M TO 4KM,,"Jefferson County, AL  Department Of Health",HIGHEST CONCENTRATION,,,4,
2022-05-01,010731003,1,0.3,Parts per billion,0,Fairfield,24,100,42401,Sulfur dioxide,188,Instrumental - Ecotech Serinus 50,13820,"Birmingham-Hoover, AL",33.485556,-86.915,,180,NEIGHBORHOOD,500 M TO 4KM,,"Jefferson County, AL  Department Of Health",HIGHEST CONCENTRATION,,,4,
2022-05-02,010731003,1,3.1,Parts per billion,4,Fairfield,24,100,42401,Sulfur dioxide,188,Instrumental - Ecotech Serinus 50,13820,"Birmingham-Hoover, AL",33.485556,-86.915,,180,NEIGHBORHOOD,500 M TO 4KM,,"Jefferson County, AL  Department Of Health",HIGHEST CONCENTRATION,,,4,
2022-05-03,010731003,1,0.8,Parts per billion,0,Fairfield,24,100,42401,Sulfur dioxide,188,Instrumental - Ecotech Serinus 50,13820,"Birmingham-Hoover, AL",33.485556,-86.915,,180,NEIGHBORHOOD,500 M TO 4KM,,"Jefferson County, AL  Department Of Health",HIGHEST CONCENTRATION,,,4,
2022-05-05,010731003,1,0.8,Parts per billion,0,Fairfield,23,96,42401,Sulfur dioxide,188,Instrumental - Ecotech Serinus 50,13820,"Birmingham-Hoover, AL",33.485556,-86.915,,180,NEIGHBORHOOD,500 M TO 4KM,,"Jefferson County, AL  Department Of Health",HIGHEST CONCENTRATION,,,4,
2022-05-04,010731003,1,0.3,Parts per billion,0,Fairfield,24,100,42401,Sulfur dioxide,188,Instrumental - Ecotech Serinus 50,13820,"Birmingham-Hoover, AL",33.485556,-86.915,,180,NEIGHBORHOOD,500 M TO 4KM,,"Jefferson County, AL  Department Of Health",HIGHEST CONCENTRATION,,,4,
2022-05-06,010731003,1,0.6,Parts per billion,0,Fairfield,24,100,42401,Sulfur dioxide,188,Instrumental - Ecotech Serinus 50,13820,"Birmingham-Hoover, AL",33.485556,-86.915,,180,NEIGHBORHOOD,500 M TO 4KM,,"Jefferson County, AL  Department Of Health",HIGHEST CONCENTRATION,,,4,
2022-05-07,010731003,1,0.7,Parts per billion,0,Fairfield,24,100,42401,Sulfur dioxide,188,Instrumental - Ecotech Serinus 50,13820,"Birmingham-Hoover, AL",33.485556,-86.915,,180,NEIGHBORHOOD,500 M TO 4KM,,"Jefferson County, AL  Department Of Health",HIGHEST CONCENTRATION,,,4,
2022-05-08,010731003,1,0.6,Parts per billion,0,Fairfield,24,100,42401,Sulfur dioxide,188,Instrumental - Ecotech Serinus 50,13820,"Birmingham-Hoover, AL",33.485556,-86.915,,180,NEIGHBORHOOD,500 M TO 4KM,,"Jefferson County, AL  Department Of Health",HIGHEST CONCENTRATION,,,4,
2022-05-09,010731003,1,0.5,Parts per billion,0,Fairfield,24,100,42401,Sulfur dioxide,188,Instrumental - Ecotech Serinus 50,13820,"Birmingham-Hoover, AL",33.485556,-86.915,,180,NEIGHBORHOOD,500 M TO 4KM,,"Jefferson County, AL  Department Of Health",HIGHEST CONCENTRATION,,,4,
2022-05-10,010731003,1,0.6,Parts per billion,0,Fairfield,24,100,42401,Sulfur dioxide,188,Instrumental - Ecotech Serinus 50,13820,"Birmingham-Hoover, AL",33.485556,-86.915,,180,NEIGHBORHOOD,500 M TO 4KM,,"Jefferson County, AL  Department Of Health",HIGHEST CONCENTRATION,,,4,
2022-05-11,010731003,1,2.2,Parts per billion,3,Fairfield,23,96,42401,Sulfur dioxide,188,Instrumental - Ecotech Serinus 50,13820,"Birmingham-Hoover, AL",33.485556,-86.915,,180,NEIGHBORHOOD,500 M TO 4KM,,"Jefferson County, AL  Department Of Health",HIGHEST CONCENTRATION,,,4,
2022-05-12,010731003,1,0.4,Parts per billion,0,Fairfield,24,100,42401,Sulfur dioxide,188,Instrumental - Ecotech Serinus 50,13820,"Birmingham-Hoover, AL",33.485556,-86.915,,180,NEIGHBORHOOD,500 M TO 4KM,,"Jefferson County, AL  Department Of Health",HIGHEST CONCENTRATION,,,4,
2022-05-13,010731003,1,0.2,Parts per billion,0,Fairfield,24,100,42401,Sulfur dioxide,188,Instrumental - Ecotech Serinus 50,13820,"Birmingham-Hoover, AL",33.485556,-86.915,,180,NEIGHBORHOOD,500 M TO 4KM,,"Jefferson County, AL  Department Of Health",HIGHEST CONCENTRATION,,,4,
2022-05-14,010731003,1,2.6,Parts per billion,3,Fairfield,24,100,42401,Sulfur dioxide,188,Instrumental - Ecotech Serinus 50,13820,"Birmingham-Hoover, AL",33.485556,-86.915,,180,NEIGHBORHOOD,500 M TO 4KM,,"Jefferson County, AL  Department Of Health",HIGHEST CONCENTRATION,,,4,
2022-05-15,010731003,1,0.7,Parts per billion,0,Fairfield,24,100,42401,Sulfur dioxide,188,Instrumental - Ecotech Serinus 50,13820,"Birmingham-Hoover, AL",33.485556,-86.915,,180,NEIGHBORHOOD,500 M TO 4KM,,"Jefferson County, AL  Department Of Health",HIGHEST CONCENTRATION,,,4,
2022-05-16,010731003,1,0.3,Parts per billion,0,Fairfield,24,100,42401,Sulfur dioxide,188,Instrumental - Ecotech Serinus 50,13820,"Birmingham-Hoover, AL",33.485556,-86.915,,180,NEIGHBORHOOD,500 M TO 4KM,,"Jefferson County, AL  Department Of Health",HIGHEST CONCENTRATION,,,4,
2022-05-17,010731003,1,1.5,Parts per billion,1,Fairfield,24,100,42401,Sulfur dioxide,188,Instrumental - Ecotech Serinus 50,13820,"Birmingham-Hoover, AL",33.485556,-86.915,,180,NEIGHBORHOOD,500 M TO 4KM,,"Jefferson County, AL  Department Of Health",HIGHEST CONCENTRATION,,,4,
2022-05-18,010731003,1,1.1,Parts per billion,1,Fairfield,24,100,42401,Sulfur dioxide,188,Instrumental - Ecotech Serinus 50,13820,"Birmingham-Hoover, AL",33.485556,-86.915,,180,NEIGHBORHOOD,500 M TO 4KM,,"Jefferson County, AL  Department Of Health",HIGHEST CONCENTRATION,,,4,
2022-05-19,010731003,1,0.3,Parts per billion,0,Fairfield,24,100,42401,Sulfur dioxide,188,Instrumental - Ecotech Serinus 50,13820,"Birmingham-Hoover, AL",33.485556,-86.915,,180,NEIGHBORHOOD,500 M TO 4KM,,"Jefferson County, AL  Department Of Health",HIGHEST CONCENTRATION,,,4,
2022-05-20,010731003,1,1.3,Parts per billion,1,Fairfield,23,96,42401,Sulfur dioxide,188,Instrumental - Ecotech Serinus 50,13820,"Birmingham-Hoover, AL",33.485556,-86.915,,180,NEIGHBORHOOD,500 M TO 4KM,,"Jefferson County, AL  Department Of Health",HIGHEST CONCENTRATION,,,4,
2022-05-21,010731003,1,3.4,Parts per billion,4,Fairfield,24,100,42401,Sulfur dioxide,188,Instrumental - Ecotech Serinus 50,13820,"Birmingham-Hoover, AL",33.485556,-86.915,,180,NEIGHBORHOOD,500 M TO 4KM,,"Jefferson County, AL  Department Of Health",HIGHEST CONCENTRATION,,,4,
2022-05-22,010731003,1,2.2,Parts per billion,3,Fairfield,24,100,42401,Sulfur dioxide,188,Instrumental - Ecotech Serinus 50,13820,"Birmingham-Hoover, AL",33.485556,-86.915,,180,NEIGHBORHOOD,500 M TO 4KM,,"Jefferson County, AL  Department Of Health",HIGHEST CONCENTRATION,,,4,
2022-05-23,010731003,1,0.4,Parts per billion,0,Fairfield,23,96,42401,Sulfur dioxide,188,Instrumental - Ecotech Serinus 50,13820,"Birmingham-Hoover, AL",33.485556,-86.915,,180,NEIGHBORHOOD,500 M TO 4KM,,"Jefferson County, AL  Department Of Health",HIGHEST CONCENTRATION,,,4,
2022-05-24,010731003,1,1.9,Parts per billion,1,Fairfield,24,100,42401,Sulfur dioxide,188,Instrumental - Ecotech Serinus 50,13820,"Birmingham-Hoover, AL",33.485556,-86.915,,180,NEIGHBORHOOD,500 M TO 4KM,,"Jefferson County, AL  Department Of Health",HIGHEST CONCENTRATION,,,4,
2022-05-25,010731003,1,0.8,Parts per billion,0,Fairfield,24,100,42401,Sulfur dioxide,188,Instrumental - Ecotech Serinus 50,13820,"Birmingham-Hoover, AL",33.485556,-86.915,,180,NEIGHBORHOOD,500 M TO 4KM,,"Jefferson County, AL  Department Of Health",HIGHEST CONCENTRATION,,,4,
2022-05-26,010731003,1,1,Parts per billion,1,Fairfield,24,100,42401,Sulfur dioxide,188,Instrumental - Ecotech Serinus 50,13820,"Birmingham-Hoover, AL",33.485556,-86.915,,180,NEIGHBORHOOD,500 M TO 4KM,,"Jefferson County, AL  Department Of Health",HIGHEST CONCENTRATION,,,4,
2022-05-27,010731003,1,0.3,Parts per billion,0,Fairfield,24,100,42401,Sulfur dioxide,188,Instrumental - Ecotech Serinus 50,13820,"Birmingham-Hoover, AL",33.485556,-86.915,,180,NEIGHBORHOOD,500 M TO 4KM,,"Jefferson County, AL  Department Of Health",HIGHEST CONCENTRATION,,,4,
2022-05-28,010731003,1,0.5,Parts per billion,0,Fairfield,24,100,42401,Sulfur dioxide,188,Instrumental - Ecotech Serinus 50,13820,"Birmingham-Hoover, AL",33.485556,-86.915,,180,NEIGHBORHOOD,500 M TO 4KM,,"Jefferson County, AL  Department Of Health",HIGHEST CONCENTRATION,,,4,
2022-05-29,010731003,1,1.5,Parts per billion,1,Fairfield,24,100,42401,Sulfur dioxide,188,Instrumental - Ecotech Serinus 50,13820,"Birmingham-Hoover, AL",33.485556,-86.915,,180,NEIGHBORHOOD,500 M TO 4KM,,"Jefferson County, AL  Department Of Health",HIGHEST CONCENTRATION,,,4,
2022-05-30,010731003,1,2.4,Parts per billion,3,Fairfield,24,100,42401,Sulfur dioxide,188,Instrumental - Ecotech Serinus 50,13820,"Birmingham-Hoover, AL",33.485556,-86.915,,180,NEIGHBORHOOD,500 M TO 4KM,,"Jefferson County, AL  Department Of Health",HIGHEST CONCENTRATION,,,4,
2022-05-31,010731003,1,0.5,Parts per billion,0,Fairfield,23,96,42401,Sulfur dioxide,188,Instrumental - Ecotech Serinus 50,13820,"Birmingham-Hoover, AL",33.485556,-86.915,,180,NEIGHBORHOOD,500 M TO 4KM,,"Jefferson County, AL  Department Of Health",HIGHEST CONCENTRATION,,,4,
2022-06-01,010731003,1,0.2,Parts per billion,0,Fairfield,24,100,42401,Sulfur dioxide,188,Instrumental - Ecotech Serinus 50,13820,"Birmingham-Hoover, AL",33.485556,-86.915,,180,NEIGHBORHOOD,500 M TO 4KM,,"Jefferson County, AL  Department Of Health",HIGHEST CONCENTRATION,,,4,
2022-06-02,010731003,1,0.6,Parts per billion,0,Fairfield,24,100,42401,Sulfur dioxide,188,Instrumental - Ecotech Serinus 50,13820,"Birmingham-Hoover, AL",33.485556,-86.915,,180,NEIGHBORHOOD,500 M TO 4KM,,"Jefferson County, AL  Department Of Health",HIGHEST CONCENTRATION,,,4,
2022-06-03,010731003,1,0.7,Parts per billion,0,Fairfield,24,100,42401,Sulfur dioxide,188,Instrumental - Ecotech Serinus 50,13820,"Birmingham-Hoover, AL",33.485556,-86.915,,180,NEIGHBORHOOD,500 M TO 4KM,,"Jefferson County, AL  Department Of Health",HIGHEST CONCENTRATION,,,4,
2022-06-04,010731003,1,0.6,Parts per billion,0,Fairfield,24,100,42401,Sulfur dioxide,188,Instrumental - Ecotech Serinus 50,13820,"Birmingham-Hoover, AL",33.485556,-86.915,,180,NEIGHBORHOOD,500 M TO 4KM,,"Jefferson County, AL  Department Of Health",HIGHEST CONCENTRATION,,,4,
2022-06-05,010731003,1,0.7,Parts per billion,0,Fairfield,24,100,42401,Sulfur dioxide,188,Instrumental - Ecotech Serinus 50,13820,"Birmingham-Hoover, AL",33.485556,-86.915,,180,NEIGHBORHOOD,500 M TO 4KM,,"Jefferson County, AL  Department Of Health",HIGHEST CONCENTRATION,,,4,
2022-06-06,010731003,1,1.2,Parts per billion,1,Fairfield,24,100,42401,Sulfur dioxide,188,Instrumental - Ecotech Serinus 50,13820,"Birmingham-Hoover, AL",33.485556,-86.915,,180,NEIGHBORHOOD,500 M TO 4KM,,"Jefferson County, AL  Department Of Health",HIGHEST CONCENTRATION,,,4,
2022-06-07,010731003,1,1.4,Parts per billion,1,Fairfield,24,100,42401,Sulfur dioxide,188,Instrumental - Ecotech Serinus 50,13820,"Birmingham-Hoover, AL",33.485556,-86.915,,180,NEIGHBORHOOD,500 M TO 4KM,,"Jefferson County, AL  Department Of Health",HIGHEST CONCENTRATION,,,4,
2022-06-08,010731003,1,0.1,Parts per billion,0,Fairfield,21,88,42401,Sulfur dioxide,188,Instrumental - Ecotech Serinus 50,13820,"Birmingham-Hoover, AL",33.485556,-86.915,,180,NEIGHBORHOOD,500 M TO 4KM,,"Jefferson County, AL  Department Of Health",HIGHEST CONCENTRATION,,,4,
2022-06-09,010731003,1,0.1,Parts per billion,0,Fairfield,24,100,42401,Sulfur dioxide,188,Instrumental - Ecotech Serinus 50,13820,"Birmingham-Hoover, AL",33.485556,-86.915,,180,NEIGHBORHOOD,500 M TO 4KM,,"Jefferson County, AL  Department Of Health",HIGHEST CONCENTRATION,,,4,
2022-06-10,010731003,1,0.2,Parts per billion,0,Fairfield,23,96,42401,Sulfur dioxide,188,Instrumental - Ecotech Serinus 50,13820,"Birmingham-Hoover, AL",33.485556,-86.915,,180,NEIGHBORHOOD,500 M TO 4KM,,"Jefferson County, AL  Department Of Health",HIGHEST CONCENTRATION,,,4,
2022-06-11,010731003,1,0.2,Parts per billion,0,Fairfield,24,100,42401,Sulfur dioxide,188,Instrumental - Ecotech Serinus 50,13820,"Birmingham-Hoover, AL",33.485556,-86.915,,180,NEIGHBORHOOD,500 M TO 4KM,,"Jefferson County, AL  Department Of Health",HIGHEST CONCENTRATION,,,4,
2022-06-12,010731003,1,0.8,Parts per billion,0,Fairfield,24,100,42401,Sulfur dioxide,188,Instrumental - Ecotech Serinus 50,13820,"Birmingham-Hoover, AL",33.485556,-86.915,,180,NEIGHBORHOOD,500 M TO 4KM,,"Jefferson County, AL  Department Of Health",HIGHEST CONCENTRATION,,,4,
2022-06-13,010731003,1,1.7,Parts per billion,1,Fairfield,24,100,42401,Sulfur dioxide,188,Instrumental - Ecotech Serinus 50,13820,"Birmingham-Hoover, AL",33.485556,-86.915,,180,NEIGHBORHOOD,500 M TO 4KM,,"Jefferson County, AL  Department Of Health",HIGHEST CONCENTRATION,,,4,
2022-06-14,010731003,1,0.2,Parts per billion,0,Fairfield,24,100,42401,Sulfur dioxide,188,Instrumental - Ecotech Serinus 50,13820,"Birmingham-Hoover, AL",33.485556,-86.915,,180,NEIGHBORHOOD,500 M TO 4KM,,"Jefferson County, AL  Department Of Health",HIGHEST CONCENTRATION,,,4,
2022-06-15,010731003,1,0.3,Parts per billion,0,Fairfield,24,100,42401,Sulfur dioxide,188,Instrumental - Ecotech Serinus 50,13820,"Birmingham-Hoover, AL",33.485556,-86.915,,180,NEIGHBORHOOD,500 M TO 4KM,,"Jefferson County, AL  Department Of Health",HIGHEST CONCENTRATION,,,4,
2022-06-16,010731003,1,1,Parts per billion,1,Fairfield,24,100,42401,Sulfur dioxide,188,Instrumental - Ecotech Serinus 50,13820,"Birmingham-Hoover, AL",33.485556,-86.915,,180,NEIGHBORHOOD,500 M TO 4KM,,"Jefferson County, AL  Department Of Health",HIGHEST CONCENTRATION,,,4,
2022-06-17,010731003,1,0.2,Parts per billion,0,Fairfield,24,100,42401,Sulfur dioxide,188,Instrumental - Ecotech Serinus 50,13820,"Birmingham-Hoover, AL",33.485556,-86.915,,180,NEIGHBORHOOD,500 M TO 4KM,,"Jefferson County, AL  Department Of Health",HIGHEST CONCENTRATION,,,4,
2022-06-18,010731003,1,0.8,Parts per billion,0,Fairfield,24,100,42401,Sulfur dioxide,188,Instrumental - Ecotech Serinus 50,13820,"Birmingham-Hoover, AL",33.485556,-86.915,,180,NEIGHBORHOOD,500 M TO 4KM,,"Jefferson County, AL  Department Of Health",HIGHEST CONCENTRATION,,,4,
2022-06-19,010731003,1,0.7,Parts per billion,0,Fairfield,24,100,42401,Sulfur dioxide,188,Instrumental - Ecotech Serinus 50,13820,"Birmingham-Hoover, AL",33.485556,-86.915,,180,NEIGHBORHOOD,500 M TO 4KM,,"Jefferson County, AL  Department Of Health",HIGHEST CONCENTRATION,,,4,
2022-06-20,010731003,1,0.9,Parts per billion,0,Fairfield,24,100,42401,Sulfur dioxide,188,Instrumental - Ecotech Serinus 50,13820,"Birmingham-Hoover, AL",33.485556,-86.915,,180,NEIGHBORHOOD,500 M TO 4KM,,"Jefferson County, AL  Department Of Health",HIGHEST CONCENTRATION,,,4,
2022-06-21,010731003,1,1.6,Parts per billion,1,Fairfield,24,100,42401,Sulfur dioxide,188,Instrumental - Ecotech Serinus 50,13820,"Birmingham-Hoover, AL",33.485556,-86.915,,180,NEIGHBORHOOD,500 M TO 4KM,,"Jefferson County, AL  Department Of Health",HIGHEST CONCENTRATION,,,4,
2022-06-22,010731003,1,1.4,Parts per billion,1,Fairfield,23,96,42401,Sulfur dioxide,188,Instrumental - Ecotech Serinus 50,13820,"Birmingham-Hoover, AL",33.485556,-86.915,,180,NEIGHBORHOOD,500 M TO 4KM,,"Jefferson County, AL  Department Of Health",HIGHEST CONCENTRATION,,,4,
2022-06-23,010731003,1,0.9,Parts per billion,0,Fairfield,24,100,42401,Sulfur dioxide,188,Instrumental - Ecotech Serinus 50,13820,"Birmingham-Hoover, AL",33.485556,-86.915,,180,NEIGHBORHOOD,500 M TO 4KM,,"Jefferson County, AL  Department Of Health",HIGHEST CONCENTRATION,,,4,
2022-06-24,010731003,1,0.6,Parts per billion,0,Fairfield,24,100,42401,Sulfur dioxide,188,Instrumental - Ecotech Serinus 50,13820,"Birmingham-Hoover, AL",33.485556,-86.915,,180,NEIGHBORHOOD,500 M TO 4KM,,"Jefferson County, AL  Department Of Health",HIGHEST CONCENTRATION,,,4,
2022-06-25,010731003,1,0.3,Parts per billion,0,Fairfield,24,100,42401,Sulfur dioxide,188,Instrumental - Ecotech Serinus 50,13820,"Birmingham-Hoover, AL",33.485556,-86.915,,180,NEIGHBORHOOD,500 M TO 4KM,,"Jefferson County, AL  Department Of Health",HIGHEST CONCENTRATION,,,4,
2022-06-26,010731003,1,0.6,Parts per billion,0,Fairfield,24,100,42401,Sulfur dioxide,188,Instrumental - Ecotech Serinus 50,13820,"Birmingham-Hoover, AL",33.485556,-86.915,,180,NEIGHBORHOOD,500 M TO 4KM,,"Jefferson County, AL  Department Of Health",HIGHEST CONCENTRATION,,,4,
2022-06-27,010731003,1,0.6,Parts per billion,0,Fairfield,24,100,42401,Sulfur dioxide,188,Instrumental - Ecotech Serinus 50,13820,"Birmingham-Hoover, AL",33.485556,-86.915,,180,NEIGHBORHOOD,500 M TO 4KM,,"Jefferson County, AL  Department Of Health",HIGHEST CONCENTRATION,,,4,
2022-06-28,010731003,1,0.4,Parts per billion,0,Fairfield,24,100,42401,Sulfur dioxide,188,Instrumental - Ecotech Serinus 50,13820,"Birmingham-Hoover, AL",33.485556,-86.915,,180,NEIGHBORHOOD,500 M TO 4KM,,"Jefferson County, AL  Department Of Health",HIGHEST CONCENTRATION,,,4,
2022-06-29,010731003,1,1.4,Parts per billion,1,Fairfield,24,100,42401,Sulfur dioxide,188,Instrumental - Ecotech Serinus 50,13820,"Birmingham-Hoover, AL",33.485556,-86.915,,180,NEIGHBORHOOD,500 M TO 4KM,,"Jefferson County, AL  Department Of Health",HIGHEST CONCENTRATION,,,4,
2022-06-30,010731003,1,0.6,Parts per billion,0,Fairfield,24,100,42401,Sulfur dioxide,188,Instrumental - Ecotech Serinus 50,13820,"Birmingham-Hoover, AL",33.485556,-86.915,,180,NEIGHBORHOOD,500 M TO 4KM,,"Jefferson County, AL  Department Of Health",HIGHEST CONCENTRATION,,,4,
2022-07-01,010731003,1,12.4,Parts per billion,17,Fairfield,24,100,42401,Sulfur dioxide,188,Instrumental - Ecotech Serinus 50,13820,"Birmingham-Hoover, AL",33.485556,-86.915,,180,NEIGHBORHOOD,500 M TO 4KM,,"Jefferson County, AL  Department Of Health",HIGHEST CONCENTRATION,,,4,
2022-07-02,010731003,1,1.2,Parts per billion,1,Fairfield,24,100,42401,Sulfur dioxide,188,Instrumental - Ecotech Serinus 50,13820,"Birmingham-Hoover, AL",33.485556,-86.915,,180,NEIGHBORHOOD,500 M TO 4KM,,"Jefferson County, AL  Department Of Health",HIGHEST CONCENTRATION,,,4,
2022-07-03,010731003,1,0.2,Parts per billion,0,Fairfield,24,100,42401,Sulfur dioxide,188,Instrumental - Ecotech Serinus 50,13820,"Birmingham-Hoover, AL",33.485556,-86.915,,180,NEIGHBORHOOD,500 M TO 4KM,,"Jefferson County, AL  Department Of Health",HIGHEST CONCENTRATION,,,4,
2022-07-04,010731003,1,3.2,Parts per billion,4,Fairfield,24,100,42401,Sulfur dioxide,188,Instrumental - Ecotech Serinus 50,13820,"Birmingham-Hoover, AL",33.485556,-86.915,,180,NEIGHBORHOOD,500 M TO 4KM,,"Jefferson County, AL  Department Of Health",HIGHEST CONCENTRATION,,,4,
2022-07-05,010731003,1,0.3,Parts per billion,0,Fairfield,20,83,42401,Sulfur dioxide,188,Instrumental - Ecotech Serinus 50,13820,"Birmingham-Hoover, AL",33.485556,-86.915,,180,NEIGHBORHOOD,500 M TO 4KM,,"Jefferson County, AL  Department Of Health",HIGHEST CONCENTRATION,,,4,
2022-07-06,010731003,1,1.4,Parts per billion,1,Fairfield,24,100,42401,Sulfur dioxide,188,Instrumental - Ecotech Serinus 50,13820,"Birmingham-Hoover, AL",33.485556,-86.915,,180,NEIGHBORHOOD,500 M TO 4KM,,"Jefferson County, AL  Department Of Health",HIGHEST CONCENTRATION,,,4,
2022-07-07,010731003,1,0.4,Parts per billion,0,Fairfield,24,100,42401,Sulfur dioxide,188,Instrumental - Ecotech Serinus 50,13820,"Birmingham-Hoover, AL",33.485556,-86.915,,180,NEIGHBORHOOD,500 M TO 4KM,,"Jefferson County, AL  Department Of Health",HIGHEST CONCENTRATION,,,4,
2022-07-08,010731003,1,1.6,Parts per billion,1,Fairfield,24,100,42401,Sulfur dioxide,188,Instrumental - Ecotech Serinus 50,13820,"Birmingham-Hoover, AL",33.485556,-86.915,,180,NEIGHBORHOOD,500 M TO 4KM,,"Jefferson County, AL  Department Of Health",HIGHEST CONCENTRATION,,,4,
2022-07-09,010731003,1,0.5,Parts per billion,0,Fairfield,24,100,42401,Sulfur dioxide,188,Instrumental - Ecotech Serinus 50,13820,"Birmingham-Hoover, AL",33.485556,-86.915,,180,NEIGHBORHOOD,500 M TO 4KM,,"Jefferson County, AL  Department Of Health",HIGHEST CONCENTRATION,,,4,
2022-07-10,010731003,1,0.6,Parts per billion,0,Fairfield,24,100,42401,Sulfur dioxide,188,Instrumental - Ecotech Serinus 50,13820,"Birmingham-Hoover, AL",33.485556,-86.915,,180,NEIGHBORHOOD,500 M TO 4KM,,"Jefferson County, AL  Department Of Health",HIGHEST CONCENTRATION,,,4,
2022-07-11,010731003,1,0.4,Parts per billion,0,Fairfield,24,100,42401,Sulfur dioxide,188,Instrumental - Ecotech Serinus 50,13820,"Birmingham-Hoover, AL",33.485556,-86.915,,180,NEIGHBORHOOD,500 M TO 4KM,,"Jefferson County, AL  Department Of Health",HIGHEST CONCENTRATION,,,4,
2022-07-12,010731003,1,1,Parts per billion,1,Fairfield,24,100,42401,Sulfur dioxide,188,Instrumental - Ecotech Serinus 50,13820,"Birmingham-Hoover, AL",33.485556,-86.915,,180,NEIGHBORHOOD,500 M TO 4KM,,"Jefferson County, AL  Department Of Health",HIGHEST CONCENTRATION,,,4,
2022-07-13,010731003,1,1.2,Parts per billion,1,Fairfield,24,100,42401,Sulfur dioxide,188,Instrumental - Ecotech Serinus 50,13820,"Birmingham-Hoover, AL",33.485556,-86.915,,180,NEIGHBORHOOD,500 M TO 4KM,,"Jefferson County, AL  Department Of Health",HIGHEST CONCENTRATION,,,4,
2022-07-14,010731003,1,2,Parts per billion,3,Fairfield,24,100,42401,Sulfur dioxide,188,Instrumental - Ecotech Serinus 50,13820,"Birmingham-Hoover, AL",33.485556,-86.915,,180,NEIGHBORHOOD,500 M TO 4KM,,"Jefferson County, AL  Department Of Health",HIGHEST CONCENTRATION,,,4,
2022-07-15,010731003,1,2.2,Parts per billion,3,Fairfield,24,100,42401,Sulfur dioxide,188,Instrumental - Ecotech Serinus 50,13820,"Birmingham-Hoover, AL",33.485556,-86.915,,180,NEIGHBORHOOD,500 M TO 4KM,,"Jefferson County, AL  Department Of Health",HIGHEST CONCENTRATION,,,4,
2022-07-16,010731003,1,0.6,Parts per billion,0,Fairfield,24,100,42401,Sulfur dioxide,188,Instrumental - Ecotech Serinus 50,13820,"Birmingham-Hoover, AL",33.485556,-86.915,,180,NEIGHBORHOOD,500 M TO 4KM,,"Jefferson County, AL  Department Of Health",HIGHEST CONCENTRATION,,,4,
2022-07-17,010731003,1,1.2,Parts per billion,1,Fairfield,24,100,42401,Sulfur dioxide,188,Instrumental - Ecotech Serinus 50,13820,"Birmingham-Hoover, AL",33.485556,-86.915,,180,NEIGHBORHOOD,500 M TO 4KM,,"Jefferson County, AL  Department Of Health",HIGHEST CONCENTRATION,,,4,
2022-07-18,010731003,1,0.7,Parts per billion,0,Fairfield,23,96,42401,Sulfur dioxide,188,Instrumental - Ecotech Serinus 50,13820,"Birmingham-Hoover, AL",33.485556,-86.915,,180,NEIGHBORHOOD,500 M TO 4KM,,"Jefferson County, AL  Department Of Health",HIGHEST CONCENTRATION,,,4,
2022-07-19,010731003,1,0.3,Parts per billion,0,Fairfield,23,96,42401,Sulfur dioxide,188,Instrumental - Ecotech Serinus 50,13820,"Birmingham-Hoover, AL",33.485556,-86.915,,180,NEIGHBORHOOD,500 M TO 4KM,,"Jefferson County, AL  Department Of Health",HIGHEST CONCENTRATION,,,4,
2022-07-20,010731003,1,0.7,Parts per billion,0,Fairfield,23,96,42401,Sulfur dioxide,188,Instrumental - Ecotech Serinus 50,13820,"Birmingham-Hoover, AL",33.485556,-86.915,,180,NEIGHBORHOOD,500 M TO 4KM,,"Jefferson County, AL  Department Of Health",HIGHEST CONCENTRATION,,,4,
2022-07-21,010731003,1,0.7,Parts per billion,0,Fairfield,24,100,42401,Sulfur dioxide,188,Instrumental - Ecotech Serinus 50,13820,"Birmingham-Hoover, AL",33.485556,-86.915,,180,NEIGHBORHOOD,500 M TO 4KM,,"Jefferson County, AL  Department Of Health",HIGHEST CONCENTRATION,,,4,
2022-07-22,010731003,1,0.6,Parts per billion,0,Fairfield,24,100,42401,Sulfur dioxide,188,Instrumental - Ecotech Serinus 50,13820,"Birmingham-Hoover, AL",33.485556,-86.915,,180,NEIGHBORHOOD,500 M TO 4KM,,"Jefferson County, AL  Department Of Health",HIGHEST CONCENTRATION,,,4,
2022-07-23,010731003,1,4.9,Parts per billion,6,Fairfield,24,100,42401,Sulfur dioxide,188,Instrumental - Ecotech Serinus 50,13820,"Birmingham-Hoover, AL",33.485556,-86.915,,180,NEIGHBORHOOD,500 M TO 4KM,,"Jefferson County, AL  Department Of Health",HIGHEST CONCENTRATION,,,4,
2022-07-24,010731003,1,1.1,Parts per billion,1,Fairfield,24,100,42401,Sulfur dioxide,188,Instrumental - Ecotech Serinus 50,13820,"Birmingham-Hoover, AL",33.485556,-86.915,,180,NEIGHBORHOOD,500 M TO 4KM,,"Jefferson County, AL  Department Of Health",HIGHEST CONCENTRATION,,,4,
2022-07-25,010731003,1,2.3,Parts per billion,3,Fairfield,24,100,42401,Sulfur dioxide,188,Instrumental - Ecotech Serinus 50,13820,"Birmingham-Hoover, AL",33.485556,-86.915,,180,NEIGHBORHOOD,500 M TO 4KM,,"Jefferson County, AL  Department Of Health",HIGHEST CONCENTRATION,,,4,
2022-07-26,010731003,1,0.7,Parts per billion,0,Fairfield,24,100,42401,Sulfur dioxide,188,Instrumental - Ecotech Serinus 50,13820,"Birmingham-Hoover, AL",33.485556,-86.915,,180,NEIGHBORHOOD,500 M TO 4KM,,"Jefferson County, AL  Department Of Health",HIGHEST CONCENTRATION,,,4,
2022-07-27,010731003,1,0.8,Parts per billion,0,Fairfield,24,100,42401,Sulfur dioxide,188,Instrumental - Ecotech Serinus 50,13820,"Birmingham-Hoover, AL",33.485556,-86.915,,180,NEIGHBORHOOD,500 M TO 4KM,,"Jefferson County, AL  Department Of Health",HIGHEST CONCENTRATION,,,4,
2022-07-28,010731003,1,0.2,Parts per billion,0,Fairfield,23,96,42401,Sulfur dioxide,188,Instrumental - Ecotech Serinus 50,13820,"Birmingham-Hoover, AL",33.485556,-86.915,,180,NEIGHBORHOOD,500 M TO 4KM,,"Jefferson County, AL  Department Of Health",HIGHEST CONCENTRATION,,,4,
2022-07-29,010731003,1,1,Parts per billion,1,Fairfield,24,100,42401,Sulfur dioxide,188,Instrumental - Ecotech Serinus 50,13820,"Birmingham-Hoover, AL",33.485556,-86.915,,180,NEIGHBORHOOD,500 M TO 4KM,,"Jefferson County, AL  Department Of Health",HIGHEST CONCENTRATION,,,4,
2022-07-30,010731003,1,0.9,Parts per billion,0,Fairfield,24,100,42401,Sulfur dioxide,188,Instrumental - Ecotech Serinus 50,13820,"Birmingham-Hoover, AL",33.485556,-86.915,,180,NEIGHBORHOOD,500 M TO 4KM,,"Jefferson County, AL  Department Of Health",HIGHEST CONCENTRATION,,,4,
2022-07-31,010731003,1,0.2,Parts per billion,0,Fairfield,24,100,42401,Sulfur dioxide,188,Instrumental - Ecotech Serinus 50,13820,"Birmingham-Hoover, AL",33.485556,-86.915,,180,NEIGHBORHOOD,500 M TO 4KM,,"Jefferson County, AL  Department Of Health",HIGHEST CONCENTRATION,,,4,
2022-08-01,010731003,1,1.4,Parts per billion,1,Fairfield,24,100,42401,Sulfur dioxide,188,Instrumental - Ecotech Serinus 50,13820,"Birmingham-Hoover, AL",33.485556,-86.915,,180,NEIGHBORHOOD,500 M TO 4KM,,"Jefferson County, AL  Department Of Health",HIGHEST CONCENTRATION,,,4,
2022-08-02,010731003,1,0.2,Parts per billion,0,Fairfield,24,100,42401,Sulfur dioxide,188,Instrumental - Ecotech Serinus 50,13820,"Birmingham-Hoover, AL",33.485556,-86.915,,180,NEIGHBORHOOD,500 M TO 4KM,,"Jefferson County, AL  Department Of Health",HIGHEST CONCENTRATION,,,4,
2022-08-03,010731003,1,2,Parts per billion,3,Fairfield,24,100,42401,Sulfur dioxide,188,Instrumental - Ecotech Serinus 50,13820,"Birmingham-Hoover, AL",33.485556,-86.915,,180,NEIGHBORHOOD,500 M TO 4KM,,"Jefferson County, AL  Department Of Health",HIGHEST CONCENTRATION,,,4,
2022-08-04,010731003,1,1.1,Parts per billion,1,Fairfield,24,100,42401,Sulfur dioxide,188,Instrumental - Ecotech Serinus 50,13820,"Birmingham-Hoover, AL",33.485556,-86.915,,180,NEIGHBORHOOD,500 M TO 4KM,,"Jefferson County, AL  Department Of Health",HIGHEST CONCENTRATION,,,4,
2022-08-06,010731003,1,0.6,Parts per billion,0,Fairfield,24,100,42401,Sulfur dioxide,188,Instrumental - Ecotech Serinus 50,13820,"Birmingham-Hoover, AL",33.485556,-86.915,,180,NEIGHBORHOOD,500 M TO 4KM,,"Jefferson County, AL  Department Of Health",HIGHEST CONCENTRATION,,,4,
2022-08-05,010731003,1,0.7,Parts per billion,0,Fairfield,24,100,42401,Sulfur dioxide,188,Instrumental - Ecotech Serinus 50,13820,"Birmingham-Hoover, AL",33.485556,-86.915,,180,NEIGHBORHOOD,500 M TO 4KM,,"Jefferson County, AL  Department Of Health",HIGHEST CONCENTRATION,,,4,
2022-08-07,010731003,1,0.2,Parts per billion,0,Fairfield,24,100,42401,Sulfur dioxide,188,Instrumental - Ecotech Serinus 50,13820,"Birmingham-Hoover, AL",33.485556,-86.915,,180,NEIGHBORHOOD,500 M TO 4KM,,"Jefferson County, AL  Department Of Health",HIGHEST CONCENTRATION,,,4,
2022-08-08,010731003,1,3.8,Parts per billion,4,Fairfield,24,100,42401,Sulfur dioxide,188,Instrumental - Ecotech Serinus 50,13820,"Birmingham-Hoover, AL",33.485556,-86.915,,180,NEIGHBORHOOD,500 M TO 4KM,,"Jefferson County, AL  Department Of Health",HIGHEST CONCENTRATION,,,4,
2022-08-09,010731003,1,0.3,Parts per billion,0,Fairfield,24,100,42401,Sulfur dioxide,188,Instrumental - Ecotech Serinus 50,13820,"Birmingham-Hoover, AL",33.485556,-86.915,,180,NEIGHBORHOOD,500 M TO 4KM,,"Jefferson County, AL  Department Of Health",HIGHEST CONCENTRATION,,,4,
2022-08-10,010731003,1,1.4,Parts per billion,1,Fairfield,24,100,42401,Sulfur dioxide,188,Instrumental - Ecotech Serinus 50,13820,"Birmingham-Hoover, AL",33.485556,-86.915,,180,NEIGHBORHOOD,500 M TO 4KM,,"Jefferson County, AL  Department Of Health",HIGHEST CONCENTRATION,,,4,
2022-08-11,010731003,1,0.6,Parts per billion,0,Fairfield,22,92,42401,Sulfur dioxide,188,Instrumental - Ecotech Serinus 50,13820,"Birmingham-Hoover, AL",33.485556,-86.915,,180,NEIGHBORHOOD,500 M TO 4KM,,"Jefferson County, AL  Department Of Health",HIGHEST CONCENTRATION,,,4,
2022-08-12,010731003,1,0.5,Parts per billion,0,Fairfield,24,100,42401,Sulfur dioxide,188,Instrumental - Ecotech Serinus 50,13820,"Birmingham-Hoover, AL",33.485556,-86.915,,180,NEIGHBORHOOD,500 M TO 4KM,,"Jefferson County, AL  Department Of Health",HIGHEST CONCENTRATION,,,4,
2022-08-13,010731003,1,0.6,Parts per billion,0,Fairfield,24,100,42401,Sulfur dioxide,188,Instrumental - Ecotech Serinus 50,13820,"Birmingham-Hoover, AL",33.485556,-86.915,,180,NEIGHBORHOOD,500 M TO 4KM,,"Jefferson County, AL  Department Of Health",HIGHEST CONCENTRATION,,,4,
2022-08-14,010731003,1,1.3,Parts per billion,1,Fairfield,24,100,42401,Sulfur dioxide,188,Instrumental - Ecotech Serinus 50,13820,"Birmingham-Hoover, AL",33.485556,-86.915,,180,NEIGHBORHOOD,500 M TO 4KM,,"Jefferson County, AL  Department Of Health",HIGHEST CONCENTRATION,,,4,
2022-08-15,010731003,1,0.5,Parts per billion,0,Fairfield,24,100,42401,Sulfur dioxide,188,Instrumental - Ecotech Serinus 50,13820,"Birmingham-Hoover, AL",33.485556,-86.915,,180,NEIGHBORHOOD,500 M TO 4KM,,"Jefferson County, AL  Department Of Health",HIGHEST CONCENTRATION,,,4,
2022-08-16,010731003,1,0.4,Parts per billion,0,Fairfield,24,100,42401,Sulfur dioxide,188,Instrumental - Ecotech Serinus 50,13820,"Birmingham-Hoover, AL",33.485556,-86.915,,180,NEIGHBORHOOD,500 M TO 4KM,,"Jefferson County, AL  Department Of Health",HIGHEST CONCENTRATION,,,4,
2022-08-17,010731003,1,0.2,Parts per billion,0,Fairfield,24,100,42401,Sulfur dioxide,188,Instrumental - Ecotech Serinus 50,13820,"Birmingham-Hoover, AL",33.485556,-86.915,,180,NEIGHBORHOOD,500 M TO 4KM,,"Jefferson County, AL  Department Of Health",HIGHEST CONCENTRATION,,,4,
2022-08-18,010731003,1,1.5,Parts per billion,1,Fairfield,24,100,42401,Sulfur dioxide,188,Instrumental - Ecotech Serinus 50,13820,"Birmingham-Hoover, AL",33.485556,-86.915,,180,NEIGHBORHOOD,500 M TO 4KM,,"Jefferson County, AL  Department Of Health",HIGHEST CONCENTRATION,,,4,
2022-08-19,010731003,1,2.1,Parts per billion,3,Fairfield,24,100,42401,Sulfur dioxide,188,Instrumental - Ecotech Serinus 50,13820,"Birmingham-Hoover, AL",33.485556,-86.915,,180,NEIGHBORHOOD,500 M TO 4KM,,"Jefferson County, AL  Department Of Health",HIGHEST CONCENTRATION,,,4,
2022-08-20,010731003,1,1,Parts per billion,1,Fairfield,24,100,42401,Sulfur dioxide,188,Instrumental - Ecotech Serinus 50,13820,"Birmingham-Hoover, AL",33.485556,-86.915,,180,NEIGHBORHOOD,500 M TO 4KM,,"Jefferson County, AL  Department Of Health",HIGHEST CONCENTRATION,,,4,
2022-08-21,010731003,1,0.4,Parts per billion,0,Fairfield,24,100,42401,Sulfur dioxide,188,Instrumental - Ecotech Serinus 50,13820,"Birmingham-Hoover, AL",33.485556,-86.915,,180,NEIGHBORHOOD,500 M TO 4KM,,"Jefferson County, AL  Department Of Health",HIGHEST CONCENTRATION,,,4,
2022-08-22,010731003,1,0.2,Parts per billion,0,Fairfield,23,96,42401,Sulfur dioxide,188,Instrumental - Ecotech Serinus 50,13820,"Birmingham-Hoover, AL",33.485556,-86.915,,180,NEIGHBORHOOD,500 M TO 4KM,,"Jefferson County, AL  Department Of Health",HIGHEST CONCENTRATION,,,4,
2022-08-23,010731003,1,0.5,Parts per billion,0,Fairfield,24,100,42401,Sulfur dioxide,188,Instrumental - Ecotech Serinus 50,13820,"Birmingham-Hoover, AL",33.485556,-86.915,,180,NEIGHBORHOOD,500 M TO 4KM,,"Jefferson County, AL  Department Of Health",HIGHEST CONCENTRATION,,,4,
2022-08-24,010731003,1,0.9,Parts per billion,0,Fairfield,24,100,42401,Sulfur dioxide,188,Instrumental - Ecotech Serinus 50,13820,"Birmingham-Hoover, AL",33.485556,-86.915,,180,NEIGHBORHOOD,500 M TO 4KM,,"Jefferson County, AL  Department Of Health",HIGHEST CONCENTRATION,,,4,
2022-08-25,010731003,1,0.4,Parts per billion,0,Fairfield,24,100,42401,Sulfur dioxide,188,Instrumental - Ecotech Serinus 50,13820,"Birmingham-Hoover, AL",33.485556,-86.915,,180,NEIGHBORHOOD,500 M TO 4KM,,"Jefferson County, AL  Department Of Health",HIGHEST CONCENTRATION,,,4,
2022-08-26,010731003,1,0.6,Parts per billion,0,Fairfield,24,100,42401,Sulfur dioxide,188,Instrumental - Ecotech Serinus 50,13820,"Birmingham-Hoover, AL",33.485556,-86.915,,180,NEIGHBORHOOD,500 M TO 4KM,,"Jefferson County, AL  Department Of Health",HIGHEST CONCENTRATION,,,4,
2022-08-27,010731003,1,0.6,Parts per billion,0,Fairfield,24,100,42401,Sulfur dioxide,188,Instrumental - Ecotech Serinus 50,13820,"Birmingham-Hoover, AL",33.485556,-86.915,,180,NEIGHBORHOOD,500 M TO 4KM,,"Jefferson County, AL  Department Of Health",HIGHEST CONCENTRATION,,,4,
2022-08-28,010731003,1,0.8,Parts per billion,0,Fairfield,24,100,42401,Sulfur dioxide,188,Instrumental - Ecotech Serinus 50,13820,"Birmingham-Hoover, AL",33.485556,-86.915,,180,NEIGHBORHOOD,500 M TO 4KM,,"Jefferson County, AL  Department Of Health",HIGHEST CONCENTRATION,,,4,
2022-08-29,010731003,1,0.3,Parts per billion,0,Fairfield,24,100,42401,Sulfur dioxide,188,Instrumental - Ecotech Serinus 50,13820,"Birmingham-Hoover, AL",33.485556,-86.915,,180,NEIGHBORHOOD,500 M TO 4KM,,"Jefferson County, AL  Department Of Health",HIGHEST CONCENTRATION,,,4,
2022-08-30,010731003,1,1.6,Parts per billion,1,Fairfield,24,100,42401,Sulfur dioxide,188,Instrumental - Ecotech Serinus 50,13820,"Birmingham-Hoover, AL",33.485556,-86.915,,180,NEIGHBORHOOD,500 M TO 4KM,,"Jefferson County, AL  Department Of Health",HIGHEST CONCENTRATION,,,4,
2022-08-31,010731003,1,1.2,Parts per billion,1,Fairfield,24,100,42401,Sulfur dioxide,188,Instrumental - Ecotech Serinus 50,13820,"Birmingham-Hoover, AL",33.485556,-86.915,,180,NEIGHBORHOOD,500 M TO 4KM,,"Jefferson County, AL  Department Of Health",HIGHEST CONCENTRATION,,,4,
2022-09-01,010731003,1,0.8,Parts per billion,0,Fairfield,24,100,42401,Sulfur dioxide,188,Instrumental - Ecotech Serinus 50,13820,"Birmingham-Hoover, AL",33.485556,-86.915,,180,NEIGHBORHOOD,500 M TO 4KM,,"Jefferson County, AL  Department Of Health",HIGHEST CONCENTRATION,,,4,
2022-09-02,010731003,1,0.6,Parts per billion,0,Fairfield,23,96,42401,Sulfur dioxide,188,Instrumental - Ecotech Serinus 50,13820,"Birmingham-Hoover, AL",33.485556,-86.915,,180,NEIGHBORHOOD,500 M TO 4KM,,"Jefferson County, AL  Department Of Health",HIGHEST CONCENTRATION,,,4,
2022-09-03,010731003,1,0.5,Parts per billion,0,Fairfield,24,100,42401,Sulfur dioxide,188,Instrumental - Ecotech Serinus 50,13820,"Birmingham-Hoover, AL",33.485556,-86.915,,180,NEIGHBORHOOD,500 M TO 4KM,,"Jefferson County, AL  Department Of Health",HIGHEST CONCENTRATION,,,4,
2022-09-04,010731003,1,1,Parts per billion,1,Fairfield,24,100,42401,Sulfur dioxide,188,Instrumental - Ecotech Serinus 50,13820,"Birmingham-Hoover, AL",33.485556,-86.915,,180,NEIGHBORHOOD,500 M TO 4KM,,"Jefferson County, AL  Department Of Health",HIGHEST CONCENTRATION,,,4,
2022-09-05,010731003,1,0.2,Parts per billion,0,Fairfield,24,100,42401,Sulfur dioxide,188,Instrumental - Ecotech Serinus 50,13820,"Birmingham-Hoover, AL",33.485556,-86.915,,180,NEIGHBORHOOD,500 M TO 4KM,,"Jefferson County, AL  Department Of Health",HIGHEST CONCENTRATION,,,4,
2022-09-06,010731003,1,0.6,Parts per billion,0,Fairfield,24,100,42401,Sulfur dioxide,188,Instrumental - Ecotech Serinus 50,13820,"Birmingham-Hoover, AL",33.485556,-86.915,,180,NEIGHBORHOOD,500 M TO 4KM,,"Jefferson County, AL  Department Of Health",HIGHEST CONCENTRATION,,,4,
2022-09-07,010731003,1,0.4,Parts per billion,0,Fairfield,24,100,42401,Sulfur dioxide,188,Instrumental - Ecotech Serinus 50,13820,"Birmingham-Hoover, AL",33.485556,-86.915,,180,NEIGHBORHOOD,500 M TO 4KM,,"Jefferson County, AL  Department Of Health",HIGHEST CONCENTRATION,,,4,
2022-09-08,010731003,1,0.3,Parts per billion,0,Fairfield,24,100,42401,Sulfur dioxide,188,Instrumental - Ecotech Serinus 50,13820,"Birmingham-Hoover, AL",33.485556,-86.915,,180,NEIGHBORHOOD,500 M TO 4KM,,"Jefferson County, AL  Department Of Health",HIGHEST CONCENTRATION,,,4,
2022-09-09,010731003,1,0.2,Parts per billion,0,Fairfield,24,100,42401,Sulfur dioxide,188,Instrumental - Ecotech Serinus 50,13820,"Birmingham-Hoover, AL",33.485556,-86.915,,180,NEIGHBORHOOD,500 M TO 4KM,,"Jefferson County, AL  Department Of Health",HIGHEST CONCENTRATION,,,4,
2022-09-10,010731003,1,0.2,Parts per billion,0,Fairfield,24,100,42401,Sulfur dioxide,188,Instrumental - Ecotech Serinus 50,13820,"Birmingham-Hoover, AL",33.485556,-86.915,,180,NEIGHBORHOOD,500 M TO 4KM,,"Jefferson County, AL  Department Of Health",HIGHEST CONCENTRATION,,,4,
2022-09-11,010731003,1,0.3,Parts per billion,0,Fairfield,24,100,42401,Sulfur dioxide,188,Instrumental - Ecotech Serinus 50,13820,"Birmingham-Hoover, AL",33.485556,-86.915,,180,NEIGHBORHOOD,500 M TO 4KM,,"Jefferson County, AL  Department Of Health",HIGHEST CONCENTRATION,,,4,
2022-09-12,010731003,1,0.3,Parts per billion,0,Fairfield,24,100,42401,Sulfur dioxide,188,Instrumental - Ecotech Serinus 50,13820,"Birmingham-Hoover, AL",33.485556,-86.915,,180,NEIGHBORHOOD,500 M TO 4KM,,"Jefferson County, AL  Department Of Health",HIGHEST CONCENTRATION,,,4,
2022-09-13,010731003,1,0.3,Parts per billion,0,Fairfield,24,100,42401,Sulfur dioxide,188,Instrumental - Ecotech Serinus 50,13820,"Birmingham-Hoover, AL",33.485556,-86.915,,180,NEIGHBORHOOD,500 M TO 4KM,,"Jefferson County, AL  Department Of Health",HIGHEST CONCENTRATION,,,4,
2022-09-14,010731003,1,3.4,Parts per billion,4,Fairfield,23,96,42401,Sulfur dioxide,188,Instrumental - Ecotech Serinus 50,13820,"Birmingham-Hoover, AL",33.485556,-86.915,,180,NEIGHBORHOOD,500 M TO 4KM,,"Jefferson County, AL  Department Of Health",HIGHEST CONCENTRATION,,,4,
2022-09-15,010731003,1,0.4,Parts per billion,0,Fairfield,24,100,42401,Sulfur dioxide,188,Instrumental - Ecotech Serinus 50,13820,"Birmingham-Hoover, AL",33.485556,-86.915,,180,NEIGHBORHOOD,500 M TO 4KM,,"Jefferson County, AL  Department Of Health",HIGHEST CONCENTRATION,,,4,
2022-09-16,010731003,1,0.6,Parts per billion,0,Fairfield,24,100,42401,Sulfur dioxide,188,Instrumental - Ecotech Serinus 50,13820,"Birmingham-Hoover, AL",33.485556,-86.915,,180,NEIGHBORHOOD,500 M TO 4KM,,"Jefferson County, AL  Department Of Health",HIGHEST CONCENTRATION,,,4,
2022-09-17,010731003,1,0.4,Parts per billion,0,Fairfield,24,100,42401,Sulfur dioxide,188,Instrumental - Ecotech Serinus 50,13820,"Birmingham-Hoover, AL",33.485556,-86.915,,180,NEIGHBORHOOD,500 M TO 4KM,,"Jefferson County, AL  Department Of Health",HIGHEST CONCENTRATION,,,4,
2022-09-18,010731003,1,0.4,Parts per billion,0,Fairfield,24,100,42401,Sulfur dioxide,188,Instrumental - Ecotech Serinus 50,13820,"Birmingham-Hoover, AL",33.485556,-86.915,,180,NEIGHBORHOOD,500 M TO 4KM,,"Jefferson County, AL  Department Of Health",HIGHEST CONCENTRATION,,,4,
2022-09-19,010731003,1,1.6,Parts per billion,1,Fairfield,24,100,42401,Sulfur dioxide,188,Instrumental - Ecotech Serinus 50,13820,"Birmingham-Hoover, AL",33.485556,-86.915,,180,NEIGHBORHOOD,500 M TO 4KM,,"Jefferson County, AL  Department Of Health",HIGHEST CONCENTRATION,,,4,
2022-09-20,010731003,1,2.9,Parts per billion,3,Fairfield,22,92,42401,Sulfur dioxide,188,Instrumental - Ecotech Serinus 50,13820,"Birmingham-Hoover, AL",33.485556,-86.915,,180,NEIGHBORHOOD,500 M TO 4KM,,"Jefferson County, AL  Department Of Health",HIGHEST CONCENTRATION,,,4,
2022-09-21,010731003,1,3.1,Parts per billion,4,Fairfield,24,100,42401,Sulfur dioxide,188,Instrumental - Ecotech Serinus 50,13820,"Birmingham-Hoover, AL",33.485556,-86.915,,180,NEIGHBORHOOD,500 M TO 4KM,,"Jefferson County, AL  Department Of Health",HIGHEST CONCENTRATION,,,4,
2022-09-22,010731003,1,0.6,Parts per billion,0,Fairfield,24,100,42401,Sulfur dioxide,188,Instrumental - Ecotech Serinus 50,13820,"Birmingham-Hoover, AL",33.485556,-86.915,,180,NEIGHBORHOOD,500 M TO 4KM,,"Jefferson County, AL  Department Of Health",HIGHEST CONCENTRATION,,,4,
2022-09-23,010731003,1,0.6,Parts per billion,0,Fairfield,24,100,42401,Sulfur dioxide,188,Instrumental - Ecotech Serinus 50,13820,"Birmingham-Hoover, AL",33.485556,-86.915,,180,NEIGHBORHOOD,500 M TO 4KM,,"Jefferson County, AL  Department Of Health",HIGHEST CONCENTRATION,,,4,
2022-09-24,010731003,1,2.3,Parts per billion,3,Fairfield,24,100,42401,Sulfur dioxide,188,Instrumental - Ecotech Serinus 50,13820,"Birmingham-Hoover, AL",33.485556,-86.915,,180,NEIGHBORHOOD,500 M TO 4KM,,"Jefferson County, AL  Department Of Health",HIGHEST CONCENTRATION,,,4,
2022-09-25,010731003,1,1.1,Parts per billion,1,Fairfield,24,100,42401,Sulfur dioxide,188,Instrumental - Ecotech Serinus 50,13820,"Birmingham-Hoover, AL",33.485556,-86.915,,180,NEIGHBORHOOD,500 M TO 4KM,,"Jefferson County, AL  Department Of Health",HIGHEST CONCENTRATION,,,4,
2022-09-26,010731003,1,0.3,Parts per billion,0,Fairfield,23,96,42401,Sulfur dioxide,188,Instrumental - Ecotech Serinus 50,13820,"Birmingham-Hoover, AL",33.485556,-86.915,,180,NEIGHBORHOOD,500 M TO 4KM,,"Jefferson County, AL  Department Of Health",HIGHEST CONCENTRATION,,,4,
2022-09-27,010731003,1,0.3,Parts per billion,0,Fairfield,24,100,42401,Sulfur dioxide,188,Instrumental - Ecotech Serinus 50,13820,"Birmingham-Hoover, AL",33.485556,-86.915,,180,NEIGHBORHOOD,500 M TO 4KM,,"Jefferson County, AL  Department Of Health",HIGHEST CONCENTRATION,,,4,
2022-09-28,010731003,1,0.3,Parts per billion,0,Fairfield,24,100,42401,Sulfur dioxide,188,Instrumental - Ecotech Serinus 50,13820,"Birmingham-Hoover, AL",33.485556,-86.915,,180,NEIGHBORHOOD,500 M TO 4KM,,"Jefferson County, AL  Department Of Health",HIGHEST CONCENTRATION,,,4,
2022-09-29,010731003,1,0.5,Parts per billion,0,Fairfield,20,83,42401,Sulfur dioxide,188,Instrumental - Ecotech Serinus 50,13820,"Birmingham-Hoover, AL",33.485556,-86.915,,180,NEIGHBORHOOD,500 M TO 4KM,,"Jefferson County, AL  Department Of Health",HIGHEST CONCENTRATION,,,4,
2022-09-30,010731003,1,0.2,Parts per billion,0,Fairfield,24,100,42401,Sulfur dioxide,188,Instrumental - Ecotech Serinus 50,13820,"Birmingham-Hoover, AL",33.485556,-86.915,,180,NEIGHBORHOOD,500 M TO 4KM,,"Jefferson County, AL  Department Of Health",HIGHEST CONCENTRATION,,,4,
2022-10-01,010731003,1,0.6,Parts per billion,0,Fairfield,24,100,42401,Sulfur dioxide,188,Instrumental - Ecotech Serinus 50,13820,"Birmingham-Hoover, AL",33.485556,-86.915,,180,NEIGHBORHOOD,500 M TO 4KM,,"Jefferson County, AL  Department Of Health",HIGHEST CONCENTRATION,,,4,
2022-10-02,010731003,1,0.3,Parts per billion,0,Fairfield,24,100,42401,Sulfur dioxide,188,Instrumental - Ecotech Serinus 50,13820,"Birmingham-Hoover, AL",33.485556,-86.915,,180,NEIGHBORHOOD,500 M TO 4KM,,"Jefferson County, AL  Department Of Health",HIGHEST CONCENTRATION,,,4,
2022-10-03,010731003,1,0.6,Parts per billion,0,Fairfield,24,100,42401,Sulfur dioxide,188,Instrumental - Ecotech Serinus 50,13820,"Birmingham-Hoover, AL",33.485556,-86.915,,180,NEIGHBORHOOD,500 M TO 4KM,,"Jefferson County, AL  Department Of Health",HIGHEST CONCENTRATION,,,4,
2022-10-04,010731003,1,2,Parts per billion,3,Fairfield,24,100,42401,Sulfur dioxide,188,Instrumental - Ecotech Serinus 50,13820,"Birmingham-Hoover, AL",33.485556,-86.915,,180,NEIGHBORHOOD,500 M TO 4KM,,"Jefferson County, AL  Department Of Health",HIGHEST CONCENTRATION,,,4,
2022-10-05,010731003,1,1.7,Parts per billion,1,Fairfield,24,100,42401,Sulfur dioxide,188,Instrumental - Ecotech Serinus 50,13820,"Birmingham-Hoover, AL",33.485556,-86.915,,180,NEIGHBORHOOD,500 M TO 4KM,,"Jefferson County, AL  Department Of Health",HIGHEST CONCENTRATION,,,4,
2022-10-06,010731003,1,12,Parts per billion,17,Fairfield,24,100,42401,Sulfur dioxide,188,Instrumental - Ecotech Serinus 50,13820,"Birmingham-Hoover, AL",33.485556,-86.915,,180,NEIGHBORHOOD,500 M TO 4KM,,"Jefferson County, AL  Department Of Health",HIGHEST CONCENTRATION,,,4,
2022-10-07,010731003,1,1.7,Parts per billion,1,Fairfield,24,100,42401,Sulfur dioxide,188,Instrumental - Ecotech Serinus 50,13820,"Birmingham-Hoover, AL",33.485556,-86.915,,180,NEIGHBORHOOD,500 M TO 4KM,,"Jefferson County, AL  Department Of Health",HIGHEST CONCENTRATION,,,4,
2022-10-08,010731003,1,0.3,Parts per billion,0,Fairfield,24,100,42401,Sulfur dioxide,188,Instrumental - Ecotech Serinus 50,13820,"Birmingham-Hoover, AL",33.485556,-86.915,,180,NEIGHBORHOOD,500 M TO 4KM,,"Jefferson County, AL  Department Of Health",HIGHEST CONCENTRATION,,,4,
2022-10-09,010731003,1,0.3,Parts per billion,0,Fairfield,24,100,42401,Sulfur dioxide,188,Instrumental - Ecotech Serinus 50,13820,"Birmingham-Hoover, AL",33.485556,-86.915,,180,NEIGHBORHOOD,500 M TO 4KM,,"Jefferson County, AL  Department Of Health",HIGHEST CONCENTRATION,,,4,
2022-10-10,010731003,1,4.9,Parts per billion,6,Fairfield,24,100,42401,Sulfur dioxide,188,Instrumental - Ecotech Serinus 50,13820,"Birmingham-Hoover, AL",33.485556,-86.915,,180,NEIGHBORHOOD,500 M TO 4KM,,"Jefferson County, AL  Department Of Health",HIGHEST CONCENTRATION,,,4,
2022-10-11,010731003,1,1,Parts per billion,1,Fairfield,24,100,42401,Sulfur dioxide,188,Instrumental - Ecotech Serinus 50,13820,"Birmingham-Hoover, AL",33.485556,-86.915,,180,NEIGHBORHOOD,500 M TO 4KM,,"Jefferson County, AL  Department Of Health",HIGHEST CONCENTRATION,,,4,
2022-10-12,010731003,1,0.9,Parts per billion,0,Fairfield,22,92,42401,Sulfur dioxide,188,Instrumental - Ecotech Serinus 50,13820,"Birmingham-Hoover, AL",33.485556,-86.915,,180,NEIGHBORHOOD,500 M TO 4KM,,"Jefferson County, AL  Department Of Health",HIGHEST CONCENTRATION,,,4,
2022-10-13,010731003,1,0.3,Parts per billion,0,Fairfield,24,100,42401,Sulfur dioxide,188,Instrumental - Ecotech Serinus 50,13820,"Birmingham-Hoover, AL",33.485556,-86.915,,180,NEIGHBORHOOD,500 M TO 4KM,,"Jefferson County, AL  Department Of Health",HIGHEST CONCENTRATION,,,4,
2022-10-14,010731003,1,4.9,Parts per billion,6,Fairfield,24,100,42401,Sulfur dioxide,188,Instrumental - Ecotech Serinus 50,13820,"Birmingham-Hoover, AL",33.485556,-86.915,,180,NEIGHBORHOOD,500 M TO 4KM,,"Jefferson County, AL  Department Of Health",HIGHEST CONCENTRATION,,,4,
2022-10-15,010731003,1,0.9,Parts per billion,0,Fairfield,24,100,42401,Sulfur dioxide,188,Instrumental - Ecotech Serinus 50,13820,"Birmingham-Hoover, AL",33.485556,-86.915,,180,NEIGHBORHOOD,500 M TO 4KM,,"Jefferson County, AL  Department Of Health",HIGHEST CONCENTRATION,,,4,
2022-10-16,010731003,1,0.9,Parts per billion,0,Fairfield,24,100,42401,Sulfur dioxide,188,Instrumental - Ecotech Serinus 50,13820,"Birmingham-Hoover, AL",33.485556,-86.915,,180,NEIGHBORHOOD,500 M TO 4KM,,"Jefferson County, AL  Department Of Health",HIGHEST CONCENTRATION,,,4,
2022-10-17,010731003,1,0.7,Parts per billion,0,Fairfield,24,100,42401,Sulfur dioxide,188,Instrumental - Ecotech Serinus 50,13820,"Birmingham-Hoover, AL",33.485556,-86.915,,180,NEIGHBORHOOD,500 M TO 4KM,,"Jefferson County, AL  Department Of Health",HIGHEST CONCENTRATION,,,4,
2022-10-18,010731003,1,0.2,Parts per billion,0,Fairfield,24,100,42401,Sulfur dioxide,188,Instrumental - Ecotech Serinus 50,13820,"Birmingham-Hoover, AL",33.485556,-86.915,,180,NEIGHBORHOOD,500 M TO 4KM,,"Jefferson County, AL  Department Of Health",HIGHEST CONCENTRATION,,,4,
2022-10-19,010731003,1,1.5,Parts per billion,1,Fairfield,24,100,42401,Sulfur dioxide,188,Instrumental - Ecotech Serinus 50,13820,"Birmingham-Hoover, AL",33.485556,-86.915,,180,NEIGHBORHOOD,500 M TO 4KM,,"Jefferson County, AL  Department Of Health",HIGHEST CONCENTRATION,,,4,
2022-10-20,010731003,1,0.8,Parts per billion,0,Fairfield,24,100,42401,Sulfur dioxide,188,Instrumental - Ecotech Serinus 50,13820,"Birmingham-Hoover, AL",33.485556,-86.915,,180,NEIGHBORHOOD,500 M TO 4KM,,"Jefferson County, AL  Department Of Health",HIGHEST CONCENTRATION,,,4,
2022-10-21,010731003,1,3.4,Parts per billion,4,Fairfield,24,100,42401,Sulfur dioxide,188,Instrumental - Ecotech Serinus 50,13820,"Birmingham-Hoover, AL",33.485556,-86.915,,180,NEIGHBORHOOD,500 M TO 4KM,,"Jefferson County, AL  Department Of Health",HIGHEST CONCENTRATION,,,4,
2022-10-22,010731003,1,6.1,Parts per billion,9,Fairfield,24,100,42401,Sulfur dioxide,188,Instrumental - Ecotech Serinus 50,13820,"Birmingham-Hoover, AL",33.485556,-86.915,,180,NEIGHBORHOOD,500 M TO 4KM,,"Jefferson County, AL  Department Of Health",HIGHEST CONCENTRATION,,,4,
2022-10-23,010731003,1,2.6,Parts per billion,3,Fairfield,24,100,42401,Sulfur dioxide,188,Instrumental - Ecotech Serinus 50,13820,"Birmingham-Hoover, AL",33.485556,-86.915,,180,NEIGHBORHOOD,500 M TO 4KM,,"Jefferson County, AL  Department Of Health",HIGHEST CONCENTRATION,,,4,
2022-10-24,010731003,1,1.7,Parts per billion,1,Fairfield,24,100,42401,Sulfur dioxide,188,Instrumental - Ecotech Serinus 50,13820,"Birmingham-Hoover, AL",33.485556,-86.915,,180,NEIGHBORHOOD,500 M TO 4KM,,"Jefferson County, AL  Department Of Health",HIGHEST CONCENTRATION,,,4,
2022-10-25,010731003,1,2.6,Parts per billion,3,Fairfield,24,100,42401,Sulfur dioxide,188,Instrumental - Ecotech Serinus 50,13820,"Birmingham-Hoover, AL",33.485556,-86.915,,180,NEIGHBORHOOD,500 M TO 4KM,,"Jefferson County, AL  Department Of Health",HIGHEST CONCENTRATION,,,4,
2022-10-26,010731003,1,0.5,Parts per billion,0,Fairfield,23,96,42401,Sulfur dioxide,188,Instrumental - Ecotech Serinus 50,13820,"Birmingham-Hoover, AL",33.485556,-86.915,,180,NEIGHBORHOOD,500 M TO 4KM,,"Jefferson County, AL  Department Of Health",HIGHEST CONCENTRATION,,,4,
2022-10-28,010731003,1,0.3,Parts per billion,0,Fairfield,24,100,42401,Sulfur dioxide,188,Instrumental - Ecotech Serinus 50,13820,"Birmingham-Hoover, AL",33.485556,-86.915,,180,NEIGHBORHOOD,500 M TO 4KM,,"Jefferson County, AL  Department Of Health",HIGHEST CONCENTRATION,,,4,
2022-10-27,010731003,1,0.3,Parts per billion,0,Fairfield,24,100,42401,Sulfur dioxide,188,Instrumental - Ecotech Serinus 50,13820,"Birmingham-Hoover, AL",33.485556,-86.915,,180,NEIGHBORHOOD,500 M TO 4KM,,"Jefferson County, AL  Department Of Health",HIGHEST CONCENTRATION,,,4,
2022-10-29,010731003,1,0.4,Parts per billion,0,Fairfield,24,100,42401,Sulfur dioxide,188,Instrumental - Ecotech Serinus 50,13820,"Birmingham-Hoover, AL",33.485556,-86.915,,180,NEIGHBORHOOD,500 M TO 4KM,,"Jefferson County, AL  Department Of Health",HIGHEST CONCENTRATION,,,4,
2022-10-30,010731003,1,0.2,Parts per billion,0,Fairfield,24,100,42401,Sulfur dioxide,188,Instrumental - Ecotech Serinus 50,13820,"Birmingham-Hoover, AL",33.485556,-86.915,,180,NEIGHBORHOOD,500 M TO 4KM,,"Jefferson County, AL  Department Of Health",HIGHEST CONCENTRATION,,,4,
2022-10-31,010731003,1,0.3,Parts per billion,0,Fairfield,24,100,42401,Sulfur dioxide,188,Instrumental - Ecotech Serinus 50,13820,"Birmingham-Hoover, AL",33.485556,-86.915,,180,NEIGHBORHOOD,500 M TO 4KM,,"Jefferson County, AL  Department Of Health",HIGHEST CONCENTRATION,,,4,
2022-11-01,010731003,1,0.4,Parts per billion,0,Fairfield,24,100,42401,Sulfur dioxide,188,Instrumental - Ecotech Serinus 50,13820,"Birmingham-Hoover, AL",33.485556,-86.915,,180,NEIGHBORHOOD,500 M TO 4KM,,"Jefferson County, AL  Department Of Health",HIGHEST CONCENTRATION,,,4,
2022-11-02,010731003,1,1.9,Parts per billion,1,Fairfield,24,100,42401,Sulfur dioxide,188,Instrumental - Ecotech Serinus 50,13820,"Birmingham-Hoover, AL",33.485556,-86.915,,180,NEIGHBORHOOD,500 M TO 4KM,,"Jefferson County, AL  Department Of Health",HIGHEST CONCENTRATION,,,4,
2022-11-03,010731003,1,0.6,Parts per billion,0,Fairfield,24,100,42401,Sulfur dioxide,188,Instrumental - Ecotech Serinus 50,13820,"Birmingham-Hoover, AL",33.485556,-86.915,,180,NEIGHBORHOOD,500 M TO 4KM,,"Jefferson County, AL  Department Of Health",HIGHEST CONCENTRATION,,,4,
2022-11-04,010731003,1,0.5,Parts per billion,0,Fairfield,24,100,42401,Sulfur dioxide,188,Instrumental - Ecotech Serinus 50,13820,"Birmingham-Hoover, AL",33.485556,-86.915,,180,NEIGHBORHOOD,500 M TO 4KM,,"Jefferson County, AL  Department Of Health",HIGHEST CONCENTRATION,,,4,
2022-11-05,010731003,1,0.7,Parts per billion,0,Fairfield,24,100,42401,Sulfur dioxide,188,Instrumental - Ecotech Serinus 50,13820,"Birmingham-Hoover, AL",33.485556,-86.915,,180,NEIGHBORHOOD,500 M TO 4KM,,"Jefferson County, AL  Department Of Health",HIGHEST CONCENTRATION,,,4,
2022-11-06,010731003,1,2,Parts per billion,3,Fairfield,24,100,42401,Sulfur dioxide,188,Instrumental - Ecotech Serinus 50,13820,"Birmingham-Hoover, AL",33.485556,-86.915,,180,NEIGHBORHOOD,500 M TO 4KM,,"Jefferson County, AL  Department Of Health",HIGHEST CONCENTRATION,,,4,
2022-11-07,010731003,1,0.6,Parts per billion,0,Fairfield,24,100,42401,Sulfur dioxide,188,Instrumental - Ecotech Serinus 50,13820,"Birmingham-Hoover, AL",33.485556,-86.915,,180,NEIGHBORHOOD,500 M TO 4KM,,"Jefferson County, AL  Department Of Health",HIGHEST CONCENTRATION,,,4,
2022-11-08,010731003,1,0.3,Parts per billion,0,Fairfield,24,100,42401,Sulfur dioxide,188,Instrumental - Ecotech Serinus 50,13820,"Birmingham-Hoover, AL",33.485556,-86.915,,180,NEIGHBORHOOD,500 M TO 4KM,,"Jefferson County, AL  Department Of Health",HIGHEST CONCENTRATION,,,4,
2022-11-09,010731003,1,0.5,Parts per billion,0,Fairfield,23,96,42401,Sulfur dioxide,188,Instrumental - Ecotech Serinus 50,13820,"Birmingham-Hoover, AL",33.485556,-86.915,,180,NEIGHBORHOOD,500 M TO 4KM,,"Jefferson County, AL  Department Of Health",HIGHEST CONCENTRATION,,,4,
2022-11-10,010731003,1,1,Parts per billion,1,Fairfield,24,100,42401,Sulfur dioxide,188,Instrumental - Ecotech Serinus 50,13820,"Birmingham-Hoover, AL",33.485556,-86.915,,180,NEIGHBORHOOD,500 M TO 4KM,,"Jefferson County, AL  Department Of Health",HIGHEST CONCENTRATION,,,4,
2022-11-11,010731003,1,0.3,Parts per billion,0,Fairfield,24,100,42401,Sulfur dioxide,188,Instrumental - Ecotech Serinus 50,13820,"Birmingham-Hoover, AL",33.485556,-86.915,,180,NEIGHBORHOOD,500 M TO 4KM,,"Jefferson County, AL  Department Of Health",HIGHEST CONCENTRATION,,,4,
2022-11-12,010731003,1,0.4,Parts per billion,0,Fairfield,24,100,42401,Sulfur dioxide,188,Instrumental - Ecotech Serinus 50,13820,"Birmingham-Hoover, AL",33.485556,-86.915,,180,NEIGHBORHOOD,500 M TO 4KM,,"Jefferson County, AL  Department Of Health",HIGHEST CONCENTRATION,,,4,
2022-11-13,010731003,1,0.2,Parts per billion,0,Fairfield,24,100,42401,Sulfur dioxide,188,Instrumental - Ecotech Serinus 50,13820,"Birmingham-Hoover, AL",33.485556,-86.915,,180,NEIGHBORHOOD,500 M TO 4KM,,"Jefferson County, AL  Department Of Health",HIGHEST CONCENTRATION,,,4,
2022-11-14,010731003,1,0.7,Parts per billion,0,Fairfield,24,100,42401,Sulfur dioxide,188,Instrumental - Ecotech Serinus 50,13820,"Birmingham-Hoover, AL",33.485556,-86.915,,180,NEIGHBORHOOD,500 M TO 4KM,,"Jefferson County, AL  Department Of Health",HIGHEST CONCENTRATION,,,4,
2022-11-15,010731003,1,0.2,Parts per billion,0,Fairfield,24,100,42401,Sulfur dioxide,188,Instrumental - Ecotech Serinus 50,13820,"Birmingham-Hoover, AL",33.485556,-86.915,,180,NEIGHBORHOOD,500 M TO 4KM,,"Jefferson County, AL  Department Of Health",HIGHEST CONCENTRATION,,,4,
2022-11-16,010731003,1,0.2,Parts per billion,0,Fairfield,24,100,42401,Sulfur dioxide,188,Instrumental - Ecotech Serinus 50,13820,"Birmingham-Hoover, AL",33.485556,-86.915,,180,NEIGHBORHOOD,500 M TO 4KM,,"Jefferson County, AL  Department Of Health",HIGHEST CONCENTRATION,,,4,
2022-11-17,010731003,1,0.4,Parts per billion,0,Fairfield,24,100,42401,Sulfur dioxide,188,Instrumental - Ecotech Serinus 50,13820,"Birmingham-Hoover, AL",33.485556,-86.915,,180,NEIGHBORHOOD,500 M TO 4KM,,"Jefferson County, AL  Department Of Health",HIGHEST CONCENTRATION,,,4,
2022-11-18,010731003,1,0.5,Parts per billion,0,Fairfield,24,100,42401,Sulfur dioxide,188,Instrumental - Ecotech Serinus 50,13820,"Birmingham-Hoover, AL",33.485556,-86.915,,180,NEIGHBORHOOD,500 M TO 4KM,,"Jefferson County, AL  Department Of Health",HIGHEST CONCENTRATION,,,4,
2022-11-19,010731003,1,1.8,Parts per billion,1,Fairfield,24,100,42401,Sulfur dioxide,188,Instrumental - Ecotech Serinus 50,13820,"Birmingham-Hoover, AL",33.485556,-86.915,,180,NEIGHBORHOOD,500 M TO 4KM,,"Jefferson County, AL  Department Of Health",HIGHEST CONCENTRATION,,,4,
2022-11-20,010731003,1,0.3,Parts per billion,0,Fairfield,24,100,42401,Sulfur dioxide,188,Instrumental - Ecotech Serinus 50,13820,"Birmingham-Hoover, AL",33.485556,-86.915,,180,NEIGHBORHOOD,500 M TO 4KM,,"Jefferson County, AL  Department Of Health",HIGHEST CONCENTRATION,,,4,
2022-11-21,010731003,1,2.4,Parts per billion,3,Fairfield,24,100,42401,Sulfur dioxide,188,Instrumental - Ecotech Serinus 50,13820,"Birmingham-Hoover, AL",33.485556,-86.915,,180,NEIGHBORHOOD,500 M TO 4KM,,"Jefferson County, AL  Department Of Health",HIGHEST CONCENTRATION,,,4,
2022-11-22,010731003,1,2,Parts per billion,3,Fairfield,24,100,42401,Sulfur dioxide,188,Instrumental - Ecotech Serinus 50,13820,"Birmingham-Hoover, AL",33.485556,-86.915,,180,NEIGHBORHOOD,500 M TO 4KM,,"Jefferson County, AL  Department Of Health",HIGHEST CONCENTRATION,,,4,
2022-11-23,010731003,1,4.1,Parts per billion,6,Fairfield,20,83,42401,Sulfur dioxide,188,Instrumental - Ecotech Serinus 50,13820,"Birmingham-Hoover, AL",33.485556,-86.915,,180,NEIGHBORHOOD,500 M TO 4KM,,"Jefferson County, AL  Department Of Health",HIGHEST CONCENTRATION,,,4,
2022-11-24,010731003,1,1.2,Parts per billion,1,Fairfield,24,100,42401,Sulfur dioxide,188,Instrumental - Ecotech Serinus 50,13820,"Birmingham-Hoover, AL",33.485556,-86.915,,180,NEIGHBORHOOD,500 M TO 4KM,,"Jefferson County, AL  Department Of Health",HIGHEST CONCENTRATION,,,4,
2022-11-25,010731003,1,0.8,Parts per billion,0,Fairfield,24,100,42401,Sulfur dioxide,188,Instrumental - Ecotech Serinus 50,13820,"Birmingham-Hoover, AL",33.485556,-86.915,,180,NEIGHBORHOOD,500 M TO 4KM,,"Jefferson County, AL  Department Of Health",HIGHEST CONCENTRATION,,,4,
2022-11-26,010731003,1,0.2,Parts per billion,0,Fairfield,24,100,42401,Sulfur dioxide,188,Instrumental - Ecotech Serinus 50,13820,"Birmingham-Hoover, AL",33.485556,-86.915,,180,NEIGHBORHOOD,500 M TO 4KM,,"Jefferson County, AL  Department Of Health",HIGHEST CONCENTRATION,,,4,
2022-11-27,010731003,1,0.2,Parts per billion,0,Fairfield,24,100,42401,Sulfur dioxide,188,Instrumental - Ecotech Serinus 50,13820,"Birmingham-Hoover, AL",33.485556,-86.915,,180,NEIGHBORHOOD,500 M TO 4KM,,"Jefferson County, AL  Department Of Health",HIGHEST CONCENTRATION,,,4,
2022-11-28,010731003,1,0.9,Parts per billion,0,Fairfield,24,100,42401,Sulfur dioxide,188,Instrumental - Ecotech Serinus 50,13820,"Birmingham-Hoover, AL",33.485556,-86.915,,180,NEIGHBORHOOD,500 M TO 4KM,,"Jefferson County, AL  Department Of Health",HIGHEST CONCENTRATION,,,4,
2022-11-29,010731003,1,0.5,Parts per billion,0,Fairfield,24,100,42401,Sulfur dioxide,188,Instrumental - Ecotech Serinus 50,13820,"Birmingham-Hoover, AL",33.485556,-86.915,,180,NEIGHBORHOOD,500 M TO 4KM,,"Jefferson County, AL  Department Of Health",HIGHEST CONCENTRATION,,,4,
2022-11-30,010731003,1,0.2,Parts per billion,0,Fairfield,24,100,42401,Sulfur dioxide,188,Instrumental - Ecotech Serinus 50,13820,"Birmingham-Hoover, AL",33.485556,-86.915,,180,NEIGHBORHOOD,500 M TO 4KM,,"Jefferson County, AL  Department Of Health",HIGHEST CONCENTRATION,,,4,
2022-12-01,010731003,1,1.1,Parts per billion,1,Fairfield,24,100,42401,Sulfur dioxide,188,Instrumental - Ecotech Serinus 50,13820,"Birmingham-Hoover, AL",33.485556,-86.915,,180,NEIGHBORHOOD,500 M TO 4KM,,"Jefferson County, AL  Department Of Health",HIGHEST CONCENTRATION,,,4,
2022-12-02,010731003,1,2.9,Parts per billion,3,Fairfield,24,100,42401,Sulfur dioxide,188,Instrumental - Ecotech Serinus 50,13820,"Birmingham-Hoover, AL",33.485556,-86.915,,180,NEIGHBORHOOD,500 M TO 4KM,,"Jefferson County, AL  Department Of Health",HIGHEST CONCENTRATION,,,4,
2022-12-03,010731003,1,4.3,Parts per billion,6,Fairfield,24,100,42401,Sulfur dioxide,188,Instrumental - Ecotech Serinus 50,13820,"Birmingham-Hoover, AL",33.485556,-86.915,,180,NEIGHBORHOOD,500 M TO 4KM,,"Jefferson County, AL  Department Of Health",HIGHEST CONCENTRATION,,,4,
2022-12-04,010731003,1,0.2,Parts per billion,0,Fairfield,24,100,42401,Sulfur dioxide,188,Instrumental - Ecotech Serinus 50,13820,"Birmingham-Hoover, AL",33.485556,-86.915,,180,NEIGHBORHOOD,500 M TO 4KM,,"Jefferson County, AL  Department Of Health",HIGHEST CONCENTRATION,,,4,
2022-12-05,010731003,1,0.3,Parts per billion,0,Fairfield,24,100,42401,Sulfur dioxide,188,Instrumental - Ecotech Serinus 50,13820,"Birmingham-Hoover, AL",33.485556,-86.915,,180,NEIGHBORHOOD,500 M TO 4KM,,"Jefferson County, AL  Department Of Health",HIGHEST CONCENTRATION,,,4,
2022-12-06,010731003,1,0.3,Parts per billion,0,Fairfield,24,100,42401,Sulfur dioxide,188,Instrumental - Ecotech Serinus 50,13820,"Birmingham-Hoover, AL",33.485556,-86.915,,180,NEIGHBORHOOD,500 M TO 4KM,,"Jefferson County, AL  Department Of Health",HIGHEST CONCENTRATION,,,4,
2022-12-07,010731003,1,0.5,Parts per billion,0,Fairfield,24,100,42401,Sulfur dioxide,188,Instrumental - Ecotech Serinus 50,13820,"Birmingham-Hoover, AL",33.485556,-86.915,,180,NEIGHBORHOOD,500 M TO 4KM,,"Jefferson County, AL  Department Of Health",HIGHEST CONCENTRATION,,,4,
2022-12-08,010731003,1,0.4,Parts per billion,0,Fairfield,22,92,42401,Sulfur dioxide,188,Instrumental - Ecotech Serinus 50,13820,"Birmingham-Hoover, AL",33.485556,-86.915,,180,NEIGHBORHOOD,500 M TO 4KM,,"Jefferson County, AL  Department Of Health",HIGHEST CONCENTRATION,,,4,
2022-12-09,010731003,1,0.9,Parts per billion,0,Fairfield,24,100,42401,Sulfur dioxide,188,Instrumental - Ecotech Serinus 50,13820,"Birmingham-Hoover, AL",33.485556,-86.915,,180,NEIGHBORHOOD,500 M TO 4KM,,"Jefferson County, AL  Department Of Health",HIGHEST CONCENTRATION,,,4,
2022-12-10,010731003,1,0.2,Parts per billion,0,Fairfield,24,100,42401,Sulfur dioxide,188,Instrumental - Ecotech Serinus 50,13820,"Birmingham-Hoover, AL",33.485556,-86.915,,180,NEIGHBORHOOD,500 M TO 4KM,,"Jefferson County, AL  Department Of Health",HIGHEST CONCENTRATION,,,4,
2022-12-11,010731003,1,1.4,Parts per billion,1,Fairfield,24,100,42401,Sulfur dioxide,188,Instrumental - Ecotech Serinus 50,13820,"Birmingham-Hoover, AL",33.485556,-86.915,,180,NEIGHBORHOOD,500 M TO 4KM,,"Jefferson County, AL  Department Of Health",HIGHEST CONCENTRATION,,,4,
2022-12-12,010731003,1,0.3,Parts per billion,0,Fairfield,24,100,42401,Sulfur dioxide,188,Instrumental - Ecotech Serinus 50,13820,"Birmingham-Hoover, AL",33.485556,-86.915,,180,NEIGHBORHOOD,500 M TO 4KM,,"Jefferson County, AL  Department Of Health",HIGHEST CONCENTRATION,,,4,
2022-12-13,010731003,1,0.2,Parts per billion,0,Fairfield,24,100,42401,Sulfur dioxide,188,Instrumental - Ecotech Serinus 50,13820,"Birmingham-Hoover, AL",33.485556,-86.915,,180,NEIGHBORHOOD,500 M TO 4KM,,"Jefferson County, AL  Department Of Health",HIGHEST CONCENTRATION,,,4,
2022-12-14,010731003,1,0.6,Parts per billion,0,Fairfield,24,100,42401,Sulfur dioxide,188,Instrumental - Ecotech Serinus 50,13820,"Birmingham-Hoover, AL",33.485556,-86.915,,180,NEIGHBORHOOD,500 M TO 4KM,,"Jefferson County, AL  Department Of Health",HIGHEST CONCENTRATION,,,4,
2022-12-15,010731003,1,0.4,Parts per billion,0,Fairfield,24,100,42401,Sulfur dioxide,188,Instrumental - Ecotech Serinus 50,13820,"Birmingham-Hoover, AL",33.485556,-86.915,,180,NEIGHBORHOOD,500 M TO 4KM,,"Jefferson County, AL  Department Of Health",HIGHEST CONCENTRATION,,,4,
2022-12-16,010731003,1,0.2,Parts per billion,0,Fairfield,24,100,42401,Sulfur dioxide,188,Instrumental - Ecotech Serinus 50,13820,"Birmingham-Hoover, AL",33.485556,-86.915,,180,NEIGHBORHOOD,500 M TO 4KM,,"Jefferson County, AL  Department Of Health",HIGHEST CONCENTRATION,,,4,
2022-12-17,010731003,1,0.5,Parts per billion,0,Fairfield,24,100,42401,Sulfur dioxide,188,Instrumental - Ecotech Serinus 50,13820,"Birmingham-Hoover, AL",33.485556,-86.915,,180,NEIGHBORHOOD,500 M TO 4KM,,"Jefferson County, AL  Department Of Health",HIGHEST CONCENTRATION,,,4,
2022-12-18,010731003,1,0.5,Parts per billion,0,Fairfield,24,100,42401,Sulfur dioxide,188,Instrumental - Ecotech Serinus 50,13820,"Birmingham-Hoover, AL",33.485556,-86.915,,180,NEIGHBORHOOD,500 M TO 4KM,,"Jefferson County, AL  Department Of Health",HIGHEST CONCENTRATION,,,4,
2022-12-19,010731003,1,1.5,Parts per billion,1,Fairfield,24,100,42401,Sulfur dioxide,188,Instrumental - Ecotech Serinus 50,13820,"Birmingham-Hoover, AL",33.485556,-86.915,,180,NEIGHBORHOOD,500 M TO 4KM,,"Jefferson County, AL  Department Of Health",HIGHEST CONCENTRATION,,,4,
2022-12-20,010731003,1,0.5,Parts per billion,0,Fairfield,21,88,42401,Sulfur dioxide,188,Instrumental - Ecotech Serinus 50,13820,"Birmingham-Hoover, AL",33.485556,-86.915,,180,NEIGHBORHOOD,500 M TO 4KM,,"Jefferson County, AL  Department Of Health",HIGHEST CONCENTRATION,,,4,
2022-12-21,010731003,1,0.8,Parts per billion,0,Fairfield,24,100,42401,Sulfur dioxide,188,Instrumental - Ecotech Serinus 50,13820,"Birmingham-Hoover, AL",33.485556,-86.915,,180,NEIGHBORHOOD,500 M TO 4KM,,"Jefferson County, AL  Department Of Health",HIGHEST CONCENTRATION,,,4,
2022-12-22,010731003,1,0.4,Parts per billion,0,Fairfield,24,100,42401,Sulfur dioxide,188,Instrumental - Ecotech Serinus 50,13820,"Birmingham-Hoover, AL",33.485556,-86.915,,180,NEIGHBORHOOD,500 M TO 4KM,,"Jefferson County, AL  Department Of Health",HIGHEST CONCENTRATION,,,4,
2022-12-23,010731003,1,0.2,Parts per billion,0,Fairfield,24,100,42401,Sulfur dioxide,188,Instrumental - Ecotech Serinus 50,13820,"Birmingham-Hoover, AL",33.485556,-86.915,,180,NEIGHBORHOOD,500 M TO 4KM,,"Jefferson County, AL  Department Of Health",HIGHEST CONCENTRATION,,,4,
2022-12-24,010731003,1,0,Parts per billion,0,Fairfield,24,100,42401,Sulfur dioxide,188,Instrumental - Ecotech Serinus 50,13820,"Birmingham-Hoover, AL",33.485556,-86.915,,180,NEIGHBORHOOD,500 M TO 4KM,,"Jefferson County, AL  Department Of Health",HIGHEST CONCENTRATION,,,4,
2022-12-25,010731003,1,0.8,Parts per billion,0,Fairfield,24,100,42401,Sulfur dioxide,188,Instrumental - Ecotech Serinus 50,13820,"Birmingham-Hoover, AL",33.485556,-86.915,,180,NEIGHBORHOOD,500 M TO 4KM,,"Jefferson County, AL  Department Of Health",HIGHEST CONCENTRATION,,,4,
2022-12-26,010731003,1,1.5,Parts per billion,1,Fairfield,24,100,42401,Sulfur dioxide,188,Instrumental - Ecotech Serinus 50,13820,"Birmingham-Hoover, AL",33.485556,-86.915,,180,NEIGHBORHOOD,500 M TO 4KM,,"Jefferson County, AL  Department Of Health",HIGHEST CONCENTRATION,,,4,
2022-12-27,010731003,1,0.9,Parts per billion,0,Fairfield,24,100,42401,Sulfur dioxide,188,Instrumental - Ecotech Serinus 50,13820,"Birmingham-Hoover, AL",33.485556,-86.915,,180,NEIGHBORHOOD,500 M TO 4KM,,"Jefferson County, AL  Department Of Health",HIGHEST CONCENTRATION,,,4,
2022-12-28,010731003,1,1.3,Parts per billion,1,Fairfield,24,100,42401,Sulfur dioxide,188,Instrumental - Ecotech Serinus 50,13820,"Birmingham-Hoover, AL",33.485556,-86.915,,180,NEIGHBORHOOD,500 M TO 4KM,,"Jefferson County, AL  Department Of Health",HIGHEST CONCENTRATION,,,4,
2022-12-29,010731003,1,2.3,Parts per billion,3,Fairfield,24,100,42401,Sulfur dioxide,188,Instrumental - Ecotech Serinus 50,13820,"Birmingham-Hoover, AL",33.485556,-86.915,,180,NEIGHBORHOOD,500 M TO 4KM,,"Jefferson County, AL  Department Of Health",HIGHEST CONCENTRATION,,,4,
2022-12-30,010731003,1,2,Parts per billion,3,Fairfield,24,100,42401,Sulfur dioxide,188,Instrumental - Ecotech Serinus 50,13820,"Birmingham-Hoover, AL",33.485556,-86.915,,180,NEIGHBORHOOD,500 M TO 4KM,,"Jefferson County, AL  Department Of Health",HIGHEST CONCENTRATION,,,4,
2022-12-31,010731003,1,1.3,Parts per billion,1,Fairfield,24,100,42401,Sulfur dioxide,188,Instrumental - Ecotech Serinus 50,13820,"Birmingham-Hoover, AL",33.485556,-86.915,,180,NEIGHBORHOOD,500 M TO 4KM,,"Jefferson County, AL  Department Of Health",HIGHEST CONCENTRATION,,,4,
2023-01-01,010731003,1,3.6,Parts per billion,4,Fairfield,24,100,42401,Sulfur dioxide,188,Instrumental - Ecotech Serinus 50,13820,"Birmingham-Hoover, AL",33.485556,-86.915,,180,NEIGHBORHOOD,500 M TO 4KM,,"Jefferson County, AL  Department Of Health",HIGHEST CONCENTRATION,,,4,
2023-01-02,010731003,1,4.5,Parts per billion,6,Fairfield,24,100,42401,Sulfur dioxide,188,Instrumental - Ecotech Serinus 50,13820,"Birmingham-Hoover, AL",33.485556,-86.915,,180,NEIGHBORHOOD,500 M TO 4KM,,"Jefferson County, AL  Department Of Health",HIGHEST CONCENTRATION,,,4,
2023-01-03,010731003,1,0.4,Parts per billion,0,Fairfield,21,88,42401,Sulfur dioxide,188,Instrumental - Ecotech Serinus 50,13820,"Birmingham-Hoover, AL",33.485556,-86.915,,180,NEIGHBORHOOD,500 M TO 4KM,,"Jefferson County, AL  Department Of Health",HIGHEST CONCENTRATION,,,4,
2023-01-04,010731003,1,0.3,Parts per billion,0,Fairfield,24,100,42401,Sulfur dioxide,188,Instrumental - Ecotech Serinus 50,13820,"Birmingham-Hoover, AL",33.485556,-86.915,,180,NEIGHBORHOOD,500 M TO 4KM,,"Jefferson County, AL  Department Of Health",HIGHEST CONCENTRATION,,,4,
2023-01-05,010731003,1,3.4,Parts per billion,4,Fairfield,24,100,42401,Sulfur dioxide,188,Instrumental - Ecotech Serinus 50,13820,"Birmingham-Hoover, AL",33.485556,-86.915,,180,NEIGHBORHOOD,500 M TO 4KM,,"Jefferson County, AL  Department Of Health",HIGHEST CONCENTRATION,,,4,
2023-01-06,010731003,1,0.9,Parts per billion,0,Fairfield,24,100,42401,Sulfur dioxide,188,Instrumental - Ecotech Serinus 50,13820,"Birmingham-Hoover, AL",33.485556,-86.915,,180,NEIGHBORHOOD,500 M TO 4KM,,"Jefferson County, AL  Department Of Health",HIGHEST CONCENTRATION,,,4,
2023-01-07,010731003,1,3.2,Parts per billion,4,Fairfield,24,100,42401,Sulfur dioxide,188,Instrumental - Ecotech Serinus 50,13820,"Birmingham-Hoover, AL",33.485556,-86.915,,180,NEIGHBORHOOD,500 M TO 4KM,,"Jefferson County, AL  Department Of Health",HIGHEST CONCENTRATION,,,4,
2023-01-08,010731003,1,1.4,Parts per billion,1,Fairfield,24,100,42401,Sulfur dioxide,188,Instrumental - Ecotech Serinus 50,13820,"Birmingham-Hoover, AL",33.485556,-86.915,,180,NEIGHBORHOOD,500 M TO 4KM,,"Jefferson County, AL  Department Of Health",HIGHEST CONCENTRATION,,,4,
2023-01-09,010731003,1,0.3,Parts per billion,0,Fairfield,24,100,42401,Sulfur dioxide,188,Instrumental - Ecotech Serinus 50,13820,"Birmingham-Hoover, AL",33.485556,-86.915,,180,NEIGHBORHOOD,500 M TO 4KM,,"Jefferson County, AL  Department Of Health",HIGHEST CONCENTRATION,,,4,
2023-01-10,010731003,1,1.2,Parts per billion,1,Fairfield,24,100,42401,Sulfur dioxide,188,Instrumental - Ecotech Serinus 50,13820,"Birmingham-Hoover, AL",33.485556,-86.915,,180,NEIGHBORHOOD,500 M TO 4KM,,"Jefferson County, AL  Department Of Health",HIGHEST CONCENTRATION,,,4,
2023-01-11,010731003,1,1.3,Parts per billion,1,Fairfield,24,100,42401,Sulfur dioxide,188,Instrumental - Ecotech Serinus 50,13820,"Birmingham-Hoover, AL",33.485556,-86.915,,180,NEIGHBORHOOD,500 M TO 4KM,,"Jefferson County, AL  Department Of Health",HIGHEST CONCENTRATION,,,4,
2023-01-12,010731003,1,1.4,Parts per billion,1,Fairfield,24,100,42401,Sulfur dioxide,188,Instrumental - Ecotech Serinus 50,13820,"Birmingham-Hoover, AL",33.485556,-86.915,,180,NEIGHBORHOOD,500 M TO 4KM,,"Jefferson County, AL  Department Of Health",HIGHEST CONCENTRATION,,,4,
2023-01-13,010731003,1,0.1,Parts per billion,0,Fairfield,24,100,42401,Sulfur dioxide,188,Instrumental - Ecotech Serinus 50,13820,"Birmingham-Hoover, AL",33.485556,-86.915,,180,NEIGHBORHOOD,500 M TO 4KM,,"Jefferson County, AL  Department Of Health",HIGHEST CONCENTRATION,,,4,
2023-01-14,010731003,1,0,Parts per billion,0,Fairfield,24,100,42401,Sulfur dioxide,188,Instrumental - Ecotech Serinus 50,13820,"Birmingham-Hoover, AL",33.485556,-86.915,,180,NEIGHBORHOOD,500 M TO 4KM,,"Jefferson County, AL  Department Of Health",HIGHEST CONCENTRATION,,,4,
2023-01-15,010731003,1,4.6,Parts per billion,6,Fairfield,24,100,42401,Sulfur dioxide,188,Instrumental - Ecotech Serinus 50,13820,"Birmingham-Hoover, AL",33.485556,-86.915,,180,NEIGHBORHOOD,500 M TO 4KM,,"Jefferson County, AL  Department Of Health",HIGHEST CONCENTRATION,,,4,
2023-01-16,010731003,1,3,Parts per billion,4,Fairfield,24,100,42401,Sulfur dioxide,188,Instrumental - Ecotech Serinus 50,13820,"Birmingham-Hoover, AL",33.485556,-86.915,,180,NEIGHBORHOOD,500 M TO 4KM,,"Jefferson County, AL  Department Of Health",HIGHEST CONCENTRATION,,,4,
2023-01-17,010731003,1,0.5,Parts per billion,0,Fairfield,24,100,42401,Sulfur dioxide,188,Instrumental - Ecotech Serinus 50,13820,"Birmingham-Hoover, AL",33.485556,-86.915,,180,NEIGHBORHOOD,500 M TO 4KM,,"Jefferson County, AL  Department Of Health",HIGHEST CONCENTRATION,,,4,
2023-01-18,010731003,1,1.1,Parts per billion,1,Fairfield,20,83,42401,Sulfur dioxide,188,Instrumental - Ecotech Serinus 50,13820,"Birmingham-Hoover, AL",33.485556,-86.915,,180,NEIGHBORHOOD,500 M TO 4KM,,"Jefferson County, AL  Department Of Health",HIGHEST CONCENTRATION,,,4,
2023-01-19,010731003,1,0.8,Parts per billion,0,Fairfield,24,100,42401,Sulfur dioxide,188,Instrumental - Ecotech Serinus 50,13820,"Birmingham-Hoover, AL",33.485556,-86.915,,180,NEIGHBORHOOD,500 M TO 4KM,,"Jefferson County, AL  Department Of Health",HIGHEST CONCENTRATION,,,4,
2023-01-20,010731003,1,0.7,Parts per billion,0,Fairfield,24,100,42401,Sulfur dioxide,188,Instrumental - Ecotech Serinus 50,13820,"Birmingham-Hoover, AL",33.485556,-86.915,,180,NEIGHBORHOOD,500 M TO 4KM,,"Jefferson County, AL  Department Of Health",HIGHEST CONCENTRATION,,,4,
2023-01-21,010731003,1,0.5,Parts per billion,0,Fairfield,24,100,42401,Sulfur dioxide,188,Instrumental - Ecotech Serinus 50,13820,"Birmingham-Hoover, AL",33.485556,-86.915,,180,NEIGHBORHOOD,500 M TO 4KM,,"Jefferson County, AL  Department Of Health",HIGHEST CONCENTRATION,,,4,
2023-01-22,010731003,1,1.5,Parts per billion,1,Fairfield,24,100,42401,Sulfur dioxide,188,Instrumental - Ecotech Serinus 50,13820,"Birmingham-Hoover, AL",33.485556,-86.915,,180,NEIGHBORHOOD,500 M TO 4KM,,"Jefferson County, AL  Department Of Health",HIGHEST CONCENTRATION,,,4,
2023-01-23,010731003,1,0.5,Parts per billion,0,Fairfield,24,100,42401,Sulfur dioxide,188,Instrumental - Ecotech Serinus 50,13820,"Birmingham-Hoover, AL",33.485556,-86.915,,180,NEIGHBORHOOD,500 M TO 4KM,,"Jefferson County, AL  Department Of Health",HIGHEST CONCENTRATION,,,4,
2023-01-24,010731003,1,1.5,Parts per billion,1,Fairfield,24,100,42401,Sulfur dioxide,188,Instrumental - Ecotech Serinus 50,13820,"Birmingham-Hoover, AL",33.485556,-86.915,,180,NEIGHBORHOOD,500 M TO 4KM,,"Jefferson County, AL  Department Of Health",HIGHEST CONCENTRATION,,,4,
2023-01-25,010731003,1,0.4,Parts per billion,0,Fairfield,24,100,42401,Sulfur dioxide,188,Instrumental - Ecotech Serinus 50,13820,"Birmingham-Hoover, AL",33.485556,-86.915,,180,NEIGHBORHOOD,500 M TO 4KM,,"Jefferson County, AL  Department Of Health",HIGHEST CONCENTRATION,,,4,
2023-01-26,010731003,1,1.2,Parts per billion,1,Fairfield,24,100,42401,Sulfur dioxide,188,Instrumental - Ecotech Serinus 50,13820,"Birmingham-Hoover, AL",33.485556,-86.915,,180,NEIGHBORHOOD,500 M TO 4KM,,"Jefferson County, AL  Department Of Health",HIGHEST CONCENTRATION,,,4,
2023-01-27,010731003,1,1.1,Parts per billion,1,Fairfield,24,100,42401,Sulfur dioxide,188,Instrumental - Ecotech Serinus 50,13820,"Birmingham-Hoover, AL",33.485556,-86.915,,180,NEIGHBORHOOD,500 M TO 4KM,,"Jefferson County, AL  Department Of Health",HIGHEST CONCENTRATION,,,4,
2023-01-28,010731003,1,3.6,Parts per billion,4,Fairfield,24,100,42401,Sulfur dioxide,188,Instrumental - Ecotech Serinus 50,13820,"Birmingham-Hoover, AL",33.485556,-86.915,,180,NEIGHBORHOOD,500 M TO 4KM,,"Jefferson County, AL  Department Of Health",HIGHEST CONCENTRATION,,,4,
2023-01-29,010731003,1,5.2,Parts per billion,7,Fairfield,24,100,42401,Sulfur dioxide,188,Instrumental - Ecotech Serinus 50,13820,"Birmingham-Hoover, AL",33.485556,-86.915,,180,NEIGHBORHOOD,500 M TO 4KM,,"Jefferson County, AL  Department Of Health",HIGHEST CONCENTRATION,,,4,
2023-01-30,010731003,1,0.2,Parts per billion,0,Fairfield,24,100,42401,Sulfur dioxide,188,Instrumental - Ecotech Serinus 50,13820,"Birmingham-Hoover, AL",33.485556,-86.915,,180,NEIGHBORHOOD,500 M TO 4KM,,"Jefferson County, AL  Department Of Health",HIGHEST CONCENTRATION,,,4,
2023-01-31,010731003,1,2.4,Parts per billion,3,Fairfield,22,92,42401,Sulfur dioxide,188,Instrumental - Ecotech Serinus 50,13820,"Birmingham-Hoover, AL",33.485556,-86.915,,180,NEIGHBORHOOD,500 M TO 4KM,,"Jefferson County, AL  Department Of Health",HIGHEST CONCENTRATION,,,4,
2023-02-01,010731003,1,0.2,Parts per billion,0,Fairfield,20,83,42401,Sulfur dioxide,188,Instrumental - Ecotech Serinus 50,13820,"Birmingham-Hoover, AL",33.485556,-86.915,,180,NEIGHBORHOOD,500 M TO 4KM,,"Jefferson County, AL  Department Of Health",HIGHEST CONCENTRATION,,,4,
2023-02-02,010731003,1,0.5,Parts per billion,0,Fairfield,24,100,42401,Sulfur dioxide,188,Instrumental - Ecotech Serinus 50,13820,"Birmingham-Hoover, AL",33.485556,-86.915,,180,NEIGHBORHOOD,500 M TO 4KM,,"Jefferson County, AL  Department Of Health",HIGHEST CONCENTRATION,,,4,
2023-02-03,010731003,1,1.1,Parts per billion,1,Fairfield,24,100,42401,Sulfur dioxide,188,Instrumental - Ecotech Serinus 50,13820,"Birmingham-Hoover, AL",33.485556,-86.915,,180,NEIGHBORHOOD,500 M TO 4KM,,"Jefferson County, AL  Department Of Health",HIGHEST CONCENTRATION,,,4,
2023-02-04,010731003,1,0.2,Parts per billion,0,Fairfield,24,100,42401,Sulfur dioxide,188,Instrumental - Ecotech Serinus 50,13820,"Birmingham-Hoover, AL",33.485556,-86.915,,180,NEIGHBORHOOD,500 M TO 4KM,,"Jefferson County, AL  Department Of Health",HIGHEST CONCENTRATION,,,4,
2023-02-05,010731003,1,2.4,Parts per billion,3,Fairfield,24,100,42401,Sulfur dioxide,188,Instrumental - Ecotech Serinus 50,13820,"Birmingham-Hoover, AL",33.485556,-86.915,,180,NEIGHBORHOOD,500 M TO 4KM,,"Jefferson County, AL  Department Of Health",HIGHEST CONCENTRATION,,,4,
2023-02-06,010731003,1,1.3,Parts per billion,1,Fairfield,24,100,42401,Sulfur dioxide,188,Instrumental - Ecotech Serinus 50,13820,"Birmingham-Hoover, AL",33.485556,-86.915,,180,NEIGHBORHOOD,500 M TO 4KM,,"Jefferson County, AL  Department Of Health",HIGHEST CONCENTRATION,,,4,
2023-02-07,010731003,1,1.5,Parts per billion,1,Fairfield,24,100,42401,Sulfur dioxide,188,Instrumental - Ecotech Serinus 50,13820,"Birmingham-Hoover, AL",33.485556,-86.915,,180,NEIGHBORHOOD,500 M TO 4KM,,"Jefferson County, AL  Department Of Health",HIGHEST CONCENTRATION,,,4,
2023-02-08,010731003,1,1.8,Parts per billion,1,Fairfield,24,100,42401,Sulfur dioxide,188,Instrumental - Ecotech Serinus 50,13820,"Birmingham-Hoover, AL",33.485556,-86.915,,180,NEIGHBORHOOD,500 M TO 4KM,,"Jefferson County, AL  Department Of Health",HIGHEST CONCENTRATION,,,4,
2023-02-09,010731003,1,0.4,Parts per billion,0,Fairfield,24,100,42401,Sulfur dioxide,188,Instrumental - Ecotech Serinus 50,13820,"Birmingham-Hoover, AL",33.485556,-86.915,,180,NEIGHBORHOOD,500 M TO 4KM,,"Jefferson County, AL  Department Of Health",HIGHEST CONCENTRATION,,,4,
2023-02-10,010731003,1,0.2,Parts per billion,0,Fairfield,24,100,42401,Sulfur dioxide,188,Instrumental - Ecotech Serinus 50,13820,"Birmingham-Hoover, AL",33.485556,-86.915,,180,NEIGHBORHOOD,500 M TO 4KM,,"Jefferson County, AL  Department Of Health",HIGHEST CONCENTRATION,,,4,
2023-02-11,010731003,1,0.1,Parts per billion,0,Fairfield,24,100,42401,Sulfur dioxide,188,Instrumental - Ecotech Serinus 50,13820,"Birmingham-Hoover, AL",33.485556,-86.915,,180,NEIGHBORHOOD,500 M TO 4KM,,"Jefferson County, AL  Department Of Health",HIGHEST CONCENTRATION,,,4,
2023-02-12,010731003,1,0.1,Parts per billion,0,Fairfield,24,100,42401,Sulfur dioxide,188,Instrumental - Ecotech Serinus 50,13820,"Birmingham-Hoover, AL",33.485556,-86.915,,180,NEIGHBORHOOD,500 M TO 4KM,,"Jefferson County, AL  Department Of Health",HIGHEST CONCENTRATION,,,4,
2023-02-13,010731003,1,0.6,Parts per billion,0,Fairfield,24,100,42401,Sulfur dioxide,188,Instrumental - Ecotech Serinus 50,13820,"Birmingham-Hoover, AL",33.485556,-86.915,,180,NEIGHBORHOOD,500 M TO 4KM,,"Jefferson County, AL  Department Of Health",HIGHEST CONCENTRATION,,,4,
2023-02-14,010731003,1,5.5,Parts per billion,7,Fairfield,24,100,42401,Sulfur dioxide,188,Instrumental - Ecotech Serinus 50,13820,"Birmingham-Hoover, AL",33.485556,-86.915,,180,NEIGHBORHOOD,500 M TO 4KM,,"Jefferson County, AL  Department Of Health",HIGHEST CONCENTRATION,,,4,
2023-02-15,010731003,1,2.3,Parts per billion,3,Fairfield,21,88,42401,Sulfur dioxide,188,Instrumental - Ecotech Serinus 50,13820,"Birmingham-Hoover, AL",33.485556,-86.915,,180,NEIGHBORHOOD,500 M TO 4KM,,"Jefferson County, AL  Department Of Health",HIGHEST CONCENTRATION,,,4,
2023-02-16,010731003,1,1.5,Parts per billion,1,Fairfield,24,100,42401,Sulfur dioxide,188,Instrumental - Ecotech Serinus 50,13820,"Birmingham-Hoover, AL",33.485556,-86.915,,180,NEIGHBORHOOD,500 M TO 4KM,,"Jefferson County, AL  Department Of Health",HIGHEST CONCENTRATION,,,4,
2023-02-17,010731003,1,0.2,Parts per billion,0,Fairfield,24,100,42401,Sulfur dioxide,188,Instrumental - Ecotech Serinus 50,13820,"Birmingham-Hoover, AL",33.485556,-86.915,,180,NEIGHBORHOOD,500 M TO 4KM,,"Jefferson County, AL  Department Of Health",HIGHEST CONCENTRATION,,,4,
2023-02-18,010731003,1,2.1,Parts per billion,3,Fairfield,24,100,42401,Sulfur dioxide,188,Instrumental - Ecotech Serinus 50,13820,"Birmingham-Hoover, AL",33.485556,-86.915,,180,NEIGHBORHOOD,500 M TO 4KM,,"Jefferson County, AL  Department Of Health",HIGHEST CONCENTRATION,,,4,
2023-02-19,010731003,1,12.6,Parts per billion,17,Fairfield,24,100,42401,Sulfur dioxide,188,Instrumental - Ecotech Serinus 50,13820,"Birmingham-Hoover, AL",33.485556,-86.915,,180,NEIGHBORHOOD,500 M TO 4KM,,"Jefferson County, AL  Department Of Health",HIGHEST CONCENTRATION,,,4,
2023-02-20,010731003,1,0.8,Parts per billion,0,Fairfield,24,100,42401,Sulfur dioxide,188,Instrumental - Ecotech Serinus 50,13820,"Birmingham-Hoover, AL",33.485556,-86.915,,180,NEIGHBORHOOD,500 M TO 4KM,,"Jefferson County, AL  Department Of Health",HIGHEST CONCENTRATION,,,4,
2023-02-21,010731003,1,0.2,Parts per billion,0,Fairfield,24,100,42401,Sulfur dioxide,188,Instrumental - Ecotech Serinus 50,13820,"Birmingham-Hoover, AL",33.485556,-86.915,,180,NEIGHBORHOOD,500 M TO 4KM,,"Jefferson County, AL  Department Of Health",HIGHEST CONCENTRATION,,,4,
2023-02-22,010731003,1,0.4,Parts per billion,0,Fairfield,21,88,42401,Sulfur dioxide,188,Instrumental - Ecotech Serinus 50,13820,"Birmingham-Hoover, AL",33.485556,-86.915,,180,NEIGHBORHOOD,500 M TO 4KM,,"Jefferson County, AL  Department Of Health",HIGHEST CONCENTRATION,,,4,
2023-02-23,010731003,1,0.2,Parts per billion,0,Fairfield,24,100,42401,Sulfur dioxide,188,Instrumental - Ecotech Serinus 50,13820,"Birmingham-Hoover, AL",33.485556,-86.915,,180,NEIGHBORHOOD,500 M TO 4KM,,"Jefferson County, AL  Department Of Health",HIGHEST CONCENTRATION,,,4,
2023-02-24,010731003,1,0.2,Parts per billion,0,Fairfield,24,100,42401,Sulfur dioxide,188,Instrumental - Ecotech Serinus 50,13820,"Birmingham-Hoover, AL",33.485556,-86.915,,180,NEIGHBORHOOD,500 M TO 4KM,,"Jefferson County, AL  Department Of Health",HIGHEST CONCENTRATION,,,4,
2023-02-25,010731003,1,0.9,Parts per billion,0,Fairfield,24,100,42401,Sulfur dioxide,188,Instrumental - Ecotech Serinus 50,13820,"Birmingham-Hoover, AL",33.485556,-86.915,,180,NEIGHBORHOOD,500 M TO 4KM,,"Jefferson County, AL  Department Of Health",HIGHEST CONCENTRATION,,,4,
2023-02-26,010731003,1,0.2,Parts per billion,0,Fairfield,24,100,42401,Sulfur dioxide,188,Instrumental - Ecotech Serinus 50,13820,"Birmingham-Hoover, AL",33.485556,-86.915,,180,NEIGHBORHOOD,500 M TO 4KM,,"Jefferson County, AL  Department Of Health",HIGHEST CONCENTRATION,,,4,
2023-02-27,010731003,1,1.2,Parts per billion,1,Fairfield,24,100,42401,Sulfur dioxide,188,Instrumental - Ecotech Serinus 50,13820,"Birmingham-Hoover, AL",33.485556,-86.915,,180,NEIGHBORHOOD,500 M TO 4KM,,"Jefferson County, AL  Department Of Health",HIGHEST CONCENTRATION,,,4,
2023-02-28,010731003,1,1.3,Parts per billion,1,Fairfield,24,100,42401,Sulfur dioxide,188,Instrumental - Ecotech Serinus 50,13820,"Birmingham-Hoover, AL",33.485556,-86.915,,180,NEIGHBORHOOD,500 M TO 4KM,,"Jefferson County, AL  Department Of Health",HIGHEST CONCENTRATION,,,4,
2023-03-01,010731003,1,0.2,Parts per billion,0,Fairfield,23,96,42401,Sulfur dioxide,188,Instrumental - Ecotech Serinus 50,13820,"Birmingham-Hoover, AL",33.485556,-86.915,,180,NEIGHBORHOOD,500 M TO 4KM,,"Jefferson County, AL  Department Of Health",HIGHEST CONCENTRATION,,,4,
2023-03-03,010731003,1,1.2,Parts per billion,1,Fairfield,24,100,42401,Sulfur dioxide,188,Instrumental - Ecotech Serinus 50,13820,"Birmingham-Hoover, AL",33.485556,-86.915,,180,NEIGHBORHOOD,500 M TO 4KM,,"Jefferson County, AL  Department Of Health",HIGHEST CONCENTRATION,,,4,
2023-03-02,010731003,1,0.1,Parts per billion,0,Fairfield,24,100,42401,Sulfur dioxide,188,Instrumental - Ecotech Serinus 50,13820,"Birmingham-Hoover, AL",33.485556,-86.915,,180,NEIGHBORHOOD,500 M TO 4KM,,"Jefferson County, AL  Department Of Health",HIGHEST CONCENTRATION,,,4,
2023-03-04,010731003,1,0.4,Parts per billion,0,Fairfield,24,100,42401,Sulfur dioxide,188,Instrumental - Ecotech Serinus 50,13820,"Birmingham-Hoover, AL",33.485556,-86.915,,180,NEIGHBORHOOD,500 M TO 4KM,,"Jefferson County, AL  Department Of Health",HIGHEST CONCENTRATION,,,4,
2023-03-05,010731003,1,0.2,Parts per billion,0,Fairfield,24,100,42401,Sulfur dioxide,188,Instrumental - Ecotech Serinus 50,13820,"Birmingham-Hoover, AL",33.485556,-86.915,,180,NEIGHBORHOOD,500 M TO 4KM,,"Jefferson County, AL  Department Of Health",HIGHEST CONCENTRATION,,,4,
2023-03-06,010731003,1,1.3,Parts per billion,1,Fairfield,24,100,42401,Sulfur dioxide,188,Instrumental - Ecotech Serinus 50,13820,"Birmingham-Hoover, AL",33.485556,-86.915,,180,NEIGHBORHOOD,500 M TO 4KM,,"Jefferson County, AL  Department Of Health",HIGHEST CONCENTRATION,,,4,
2023-03-07,010731003,1,0.1,Parts per billion,0,Fairfield,24,100,42401,Sulfur dioxide,188,Instrumental - Ecotech Serinus 50,13820,"Birmingham-Hoover, AL",33.485556,-86.915,,180,NEIGHBORHOOD,500 M TO 4KM,,"Jefferson County, AL  Department Of Health",HIGHEST CONCENTRATION,,,4,
2023-03-08,010731003,1,2.3,Parts per billion,3,Fairfield,24,100,42401,Sulfur dioxide,188,Instrumental - Ecotech Serinus 50,13820,"Birmingham-Hoover, AL",33.485556,-86.915,,180,NEIGHBORHOOD,500 M TO 4KM,,"Jefferson County, AL  Department Of Health",HIGHEST CONCENTRATION,,,4,
2023-03-09,010731003,1,0.3,Parts per billion,0,Fairfield,24,100,42401,Sulfur dioxide,188,Instrumental - Ecotech Serinus 50,13820,"Birmingham-Hoover, AL",33.485556,-86.915,,180,NEIGHBORHOOD,500 M TO 4KM,,"Jefferson County, AL  Department Of Health",HIGHEST CONCENTRATION,,,4,
2023-03-10,010731003,1,0.1,Parts per billion,0,Fairfield,24,100,42401,Sulfur dioxide,188,Instrumental - Ecotech Serinus 50,13820,"Birmingham-Hoover, AL",33.485556,-86.915,,180,NEIGHBORHOOD,500 M TO 4KM,,"Jefferson County, AL  Department Of Health",HIGHEST CONCENTRATION,,,4,
2023-03-11,010731003,1,4.7,Parts per billion,6,Fairfield,24,100,42401,Sulfur dioxide,188,Instrumental - Ecotech Serinus 50,13820,"Birmingham-Hoover, AL",33.485556,-86.915,,180,NEIGHBORHOOD,500 M TO 4KM,,"Jefferson County, AL  Department Of Health",HIGHEST CONCENTRATION,,,4,
2023-03-12,010731003,1,0.8,Parts per billion,0,Fairfield,24,100,42401,Sulfur dioxide,188,Instrumental - Ecotech Serinus 50,13820,"Birmingham-Hoover, AL",33.485556,-86.915,,180,NEIGHBORHOOD,500 M TO 4KM,,"Jefferson County, AL  Department Of Health",HIGHEST CONCENTRATION,,,4,
2023-03-13,010731003,1,0.1,Parts per billion,0,Fairfield,24,100,42401,Sulfur dioxide,188,Instrumental - Ecotech Serinus 50,13820,"Birmingham-Hoover, AL",33.485556,-86.915,,180,NEIGHBORHOOD,500 M TO 4KM,,"Jefferson County, AL  Department Of Health",HIGHEST CONCENTRATION,,,4,
2023-03-14,010731003,1,0.2,Parts per billion,0,Fairfield,24,100,42401,Sulfur dioxide,188,Instrumental - Ecotech Serinus 50,13820,"Birmingham-Hoover, AL",33.485556,-86.915,,180,NEIGHBORHOOD,500 M TO 4KM,,"Jefferson County, AL  Department Of Health",HIGHEST CONCENTRATION,,,4,
2023-03-15,010731003,1,0.7,Parts per billion,0,Fairfield,22,92,42401,Sulfur dioxide,188,Instrumental - Ecotech Serinus 50,13820,"Birmingham-Hoover, AL",33.485556,-86.915,,180,NEIGHBORHOOD,500 M TO 4KM,,"Jefferson County, AL  Department Of Health",HIGHEST CONCENTRATION,,,4,
2023-03-16,010731003,1,2,Parts per billion,3,Fairfield,24,100,42401,Sulfur dioxide,188,Instrumental - Ecotech Serinus 50,13820,"Birmingham-Hoover, AL",33.485556,-86.915,,180,NEIGHBORHOOD,500 M TO 4KM,,"Jefferson County, AL  Department Of Health",HIGHEST CONCENTRATION,,,4,
2023-03-17,010731003,1,0.4,Parts per billion,0,Fairfield,24,100,42401,Sulfur dioxide,188,Instrumental - Ecotech Serinus 50,13820,"Birmingham-Hoover, AL",33.485556,-86.915,,180,NEIGHBORHOOD,500 M TO 4KM,,"Jefferson County, AL  Department Of Health",HIGHEST CONCENTRATION,,,4,
2023-03-18,010731003,1,0.1,Parts per billion,0,Fairfield,24,100,42401,Sulfur dioxide,188,Instrumental - Ecotech Serinus 50,13820,"Birmingham-Hoover, AL",33.485556,-86.915,,180,NEIGHBORHOOD,500 M TO 4KM,,"Jefferson County, AL  Department Of Health",HIGHEST CONCENTRATION,,,4,
2023-03-19,010731003,1,0.1,Parts per billion,0,Fairfield,24,100,42401,Sulfur dioxide,188,Instrumental - Ecotech Serinus 50,13820,"Birmingham-Hoover, AL",33.485556,-86.915,,180,NEIGHBORHOOD,500 M TO 4KM,,"Jefferson County, AL  Department Of Health",HIGHEST CONCENTRATION,,,4,
2023-03-20,010731003,1,0,Parts per billion,0,Fairfield,24,100,42401,Sulfur dioxide,188,Instrumental - Ecotech Serinus 50,13820,"Birmingham-Hoover, AL",33.485556,-86.915,,180,NEIGHBORHOOD,500 M TO 4KM,,"Jefferson County, AL  Department Of Health",HIGHEST CONCENTRATION,,,4,
2023-03-21,010731003,1,0.5,Parts per billion,0,Fairfield,24,100,42401,Sulfur dioxide,188,Instrumental - Ecotech Serinus 50,13820,"Birmingham-Hoover, AL",33.485556,-86.915,,180,NEIGHBORHOOD,500 M TO 4KM,,"Jefferson County, AL  Department Of Health",HIGHEST CONCENTRATION,,,4,
2023-03-22,010731003,1,4.6,Parts per billion,6,Fairfield,24,100,42401,Sulfur dioxide,188,Instrumental - Ecotech Serinus 50,13820,"Birmingham-Hoover, AL",33.485556,-86.915,,180,NEIGHBORHOOD,500 M TO 4KM,,"Jefferson County, AL  Department Of Health",HIGHEST CONCENTRATION,,,4,
2023-03-23,010731003,1,2.9,Parts per billion,3,Fairfield,24,100,42401,Sulfur dioxide,188,Instrumental - Ecotech Serinus 50,13820,"Birmingham-Hoover, AL",33.485556,-86.915,,180,NEIGHBORHOOD,500 M TO 4KM,,"Jefferson County, AL  Department Of Health",HIGHEST CONCENTRATION,,,4,
2023-03-24,010731003,1,0.1,Parts per billion,0,Fairfield,24,100,42401,Sulfur dioxide,188,Instrumental - Ecotech Serinus 50,13820,"Birmingham-Hoover, AL",33.485556,-86.915,,180,NEIGHBORHOOD,500 M TO 4KM,,"Jefferson County, AL  Department Of Health",HIGHEST CONCENTRATION,,,4,
2023-03-25,010731003,1,0,Parts per billion,0,Fairfield,24,100,42401,Sulfur dioxide,188,Instrumental - Ecotech Serinus 50,13820,"Birmingham-Hoover, AL",33.485556,-86.915,,180,NEIGHBORHOOD,500 M TO 4KM,,"Jefferson County, AL  Department Of Health",HIGHEST CONCENTRATION,,,4,
2023-03-26,010731003,1,1.5,Parts per billion,1,Fairfield,24,100,42401,Sulfur dioxide,188,Instrumental - Ecotech Serinus 50,13820,"Birmingham-Hoover, AL",33.485556,-86.915,,180,NEIGHBORHOOD,500 M TO 4KM,,"Jefferson County, AL  Department Of Health",HIGHEST CONCENTRATION,,,4,
2023-03-27,010731003,1,0.2,Parts per billion,0,Fairfield,24,100,42401,Sulfur dioxide,188,Instrumental - Ecotech Serinus 50,13820,"Birmingham-Hoover, AL",33.485556,-86.915,,180,NEIGHBORHOOD,500 M TO 4KM,,"Jefferson County, AL  Department Of Health",HIGHEST CONCENTRATION,,,4,
2023-03-28,010731003,1,0.5,Parts per billion,0,Fairfield,24,100,42401,Sulfur dioxide,188,Instrumental - Ecotech Serinus 50,13820,"Birmingham-Hoover, AL",33.485556,-86.915,,180,NEIGHBORHOOD,500 M TO 4KM,,"Jefferson County, AL  Department Of Health",HIGHEST CONCENTRATION,,,4,
2023-03-29,010731003,1,0.9,Parts per billion,0,Fairfield,22,92,42401,Sulfur dioxide,188,Instrumental - Ecotech Serinus 50,13820,"Birmingham-Hoover, AL",33.485556,-86.915,,180,NEIGHBORHOOD,500 M TO 4KM,,"Jefferson County, AL  Department Of Health",HIGHEST CONCENTRATION,,,4,
2023-03-30,010731003,1,2.5,Parts per billion,3,Fairfield,24,100,42401,Sulfur dioxide,188,Instrumental - Ecotech Serinus 50,13820,"Birmingham-Hoover, AL",33.485556,-86.915,,180,NEIGHBORHOOD,500 M TO 4KM,,"Jefferson County, AL  Department Of Health",HIGHEST CONCENTRATION,,,4,
2023-03-31,010731003,1,1.8,Parts per billion,1,Fairfield,24,100,42401,Sulfur dioxide,188,Instrumental - Ecotech Serinus 50,13820,"Birmingham-Hoover, AL",33.485556,-86.915,,180,NEIGHBORHOOD,500 M TO 4KM,,"Jefferson County, AL  Department Of Health",HIGHEST CONCENTRATION,,,4,
2023-04-01,010731003,1,0.2,Parts per billion,0,Fairfield,24,100,42401,Sulfur dioxide,188,Instrumental - Ecotech Serinus 50,13820,"Birmingham-Hoover, AL",33.485556,-86.915,,180,NEIGHBORHOOD,500 M TO 4KM,,"Jefferson County, AL  Department Of Health",HIGHEST CONCENTRATION,,,4,
2023-04-02,010731003,1,2,Parts per billion,3,Fairfield,24,100,42401,Sulfur dioxide,188,Instrumental - Ecotech Serinus 50,13820,"Birmingham-Hoover, AL",33.485556,-86.915,,180,NEIGHBORHOOD,500 M TO 4KM,,"Jefferson County, AL  Department Of Health",HIGHEST CONCENTRATION,,,4,
2023-04-03,010731003,1,2.8,Parts per billion,3,Fairfield,24,100,42401,Sulfur dioxide,188,Instrumental - Ecotech Serinus 50,13820,"Birmingham-Hoover, AL",33.485556,-86.915,,180,NEIGHBORHOOD,500 M TO 4KM,,"Jefferson County, AL  Department Of Health",HIGHEST CONCENTRATION,,,4,
2023-04-04,010731003,1,0.4,Parts per billion,0,Fairfield,24,100,42401,Sulfur dioxide,188,Instrumental - Ecotech Serinus 50,13820,"Birmingham-Hoover, AL",33.485556,-86.915,,180,NEIGHBORHOOD,500 M TO 4KM,,"Jefferson County, AL  Department Of Health",HIGHEST CONCENTRATION,,,4,
2023-04-05,010731003,1,1.9,Parts per billion,1,Fairfield,24,100,42401,Sulfur dioxide,188,Instrumental - Ecotech Serinus 50,13820,"Birmingham-Hoover, AL",33.485556,-86.915,,180,NEIGHBORHOOD,500 M TO 4KM,,"Jefferson County, AL  Department Of Health",HIGHEST CONCENTRATION,,,4,
2023-04-06,010731003,1,0.4,Parts per billion,0,Fairfield,24,100,42401,Sulfur dioxide,188,Instrumental - Ecotech Serinus 50,13820,"Birmingham-Hoover, AL",33.485556,-86.915,,180,NEIGHBORHOOD,500 M TO 4KM,,"Jefferson County, AL  Department Of Health",HIGHEST CONCENTRATION,,,4,
2023-04-07,010731003,1,0.3,Parts per billion,0,Fairfield,24,100,42401,Sulfur dioxide,188,Instrumental - Ecotech Serinus 50,13820,"Birmingham-Hoover, AL",33.485556,-86.915,,180,NEIGHBORHOOD,500 M TO 4KM,,"Jefferson County, AL  Department Of Health",HIGHEST CONCENTRATION,,,4,
2023-04-08,010731003,1,0,Parts per billion,0,Fairfield,24,100,42401,Sulfur dioxide,188,Instrumental - Ecotech Serinus 50,13820,"Birmingham-Hoover, AL",33.485556,-86.915,,180,NEIGHBORHOOD,500 M TO 4KM,,"Jefferson County, AL  Department Of Health",HIGHEST CONCENTRATION,,,4,
2023-04-09,010731003,1,0.5,Parts per billion,0,Fairfield,24,100,42401,Sulfur dioxide,188,Instrumental - Ecotech Serinus 50,13820,"Birmingham-Hoover, AL",33.485556,-86.915,,180,NEIGHBORHOOD,500 M TO 4KM,,"Jefferson County, AL  Department Of Health",HIGHEST CONCENTRATION,,,4,
2023-04-10,010731003,1,0,Parts per billion,0,Fairfield,24,100,42401,Sulfur dioxide,188,Instrumental - Ecotech Serinus 50,13820,"Birmingham-Hoover, AL",33.485556,-86.915,,180,NEIGHBORHOOD,500 M TO 4KM,,"Jefferson County, AL  Department Of Health",HIGHEST CONCENTRATION,,,4,
2023-04-11,010731003,1,1.4,Parts per billion,1,Fairfield,24,100,42401,Sulfur dioxide,188,Instrumental - Ecotech Serinus 50,13820,"Birmingham-Hoover, AL",33.485556,-86.915,,180,NEIGHBORHOOD,500 M TO 4KM,,"Jefferson County, AL  Department Of Health",HIGHEST CONCENTRATION,,,4,
2023-04-12,010731003,1,2.8,Parts per billion,3,Fairfield,21,88,42401,Sulfur dioxide,188,Instrumental - Ecotech Serinus 50,13820,"Birmingham-Hoover, AL",33.485556,-86.915,,180,NEIGHBORHOOD,500 M TO 4KM,,"Jefferson County, AL  Department Of Health",HIGHEST CONCENTRATION,,,4,
2023-04-13,010731003,1,0.4,Parts per billion,0,Fairfield,24,100,42401,Sulfur dioxide,188,Instrumental - Ecotech Serinus 50,13820,"Birmingham-Hoover, AL",33.485556,-86.915,,180,NEIGHBORHOOD,500 M TO 4KM,,"Jefferson County, AL  Department Of Health",HIGHEST CONCENTRATION,,,4,
2023-04-14,010731003,1,0.1,Parts per billion,0,Fairfield,24,100,42401,Sulfur dioxide,188,Instrumental - Ecotech Serinus 50,13820,"Birmingham-Hoover, AL",33.485556,-86.915,,180,NEIGHBORHOOD,500 M TO 4KM,,"Jefferson County, AL  Department Of Health",HIGHEST CONCENTRATION,,,4,
2023-04-15,010731003,1,0.1,Parts per billion,0,Fairfield,24,100,42401,Sulfur dioxide,188,Instrumental - Ecotech Serinus 50,13820,"Birmingham-Hoover, AL",33.485556,-86.915,,180,NEIGHBORHOOD,500 M TO 4KM,,"Jefferson County, AL  Department Of Health",HIGHEST CONCENTRATION,,,4,
2023-04-16,010731003,1,0.1,Parts per billion,0,Fairfield,24,100,42401,Sulfur dioxide,188,Instrumental - Ecotech Serinus 50,13820,"Birmingham-Hoover, AL",33.485556,-86.915,,180,NEIGHBORHOOD,500 M TO 4KM,,"Jefferson County, AL  Department Of Health",HIGHEST CONCENTRATION,,,4,
2023-04-17,010731003,1,3,Parts per billion,4,Fairfield,24,100,42401,Sulfur dioxide,188,Instrumental - Ecotech Serinus 50,13820,"Birmingham-Hoover, AL",33.485556,-86.915,,180,NEIGHBORHOOD,500 M TO 4KM,,"Jefferson County, AL  Department Of Health",HIGHEST CONCENTRATION,,,4,
2023-04-18,010731003,1,1.5,Parts per billion,1,Fairfield,24,100,42401,Sulfur dioxide,188,Instrumental - Ecotech Serinus 50,13820,"Birmingham-Hoover, AL",33.485556,-86.915,,180,NEIGHBORHOOD,500 M TO 4KM,,"Jefferson County, AL  Department Of Health",HIGHEST CONCENTRATION,,,4,
2023-04-19,010731003,1,1.8,Parts per billion,1,Fairfield,24,100,42401,Sulfur dioxide,188,Instrumental - Ecotech Serinus 50,13820,"Birmingham-Hoover, AL",33.485556,-86.915,,180,NEIGHBORHOOD,500 M TO 4KM,,"Jefferson County, AL  Department Of Health",HIGHEST CONCENTRATION,,,4,
2023-04-20,010731003,1,4.5,Parts per billion,6,Fairfield,24,100,42401,Sulfur dioxide,188,Instrumental - Ecotech Serinus 50,13820,"Birmingham-Hoover, AL",33.485556,-86.915,,180,NEIGHBORHOOD,500 M TO 4KM,,"Jefferson County, AL  Department Of Health",HIGHEST CONCENTRATION,,,4,
2023-04-21,010731003,1,1.5,Parts per billion,1,Fairfield,24,100,42401,Sulfur dioxide,188,Instrumental - Ecotech Serinus 50,13820,"Birmingham-Hoover, AL",33.485556,-86.915,,180,NEIGHBORHOOD,500 M TO 4KM,,"Jefferson County, AL  Department Of Health",HIGHEST CONCENTRATION,,,4,
2023-04-22,010731003,1,0.9,Parts per billion,0,Fairfield,24,100,42401,Sulfur dioxide,188,Instrumental - Ecotech Serinus 50,13820,"Birmingham-Hoover, AL",33.485556,-86.915,,180,NEIGHBORHOOD,500 M TO 4KM,,"Jefferson County, AL  Department Of Health",HIGHEST CONCENTRATION,,,4,
2023-04-23,010731003,1,0.6,Parts per billion,0,Fairfield,24,100,42401,Sulfur dioxide,188,Instrumental - Ecotech Serinus 50,13820,"Birmingham-Hoover, AL",33.485556,-86.915,,180,NEIGHBORHOOD,500 M TO 4KM,,"Jefferson County, AL  Department Of Health",HIGHEST CONCENTRATION,,,4,
2023-04-24,010731003,1,0.8,Parts per billion,0,Fairfield,24,100,42401,Sulfur dioxide,188,Instrumental - Ecotech Serinus 50,13820,"Birmingham-Hoover, AL",33.485556,-86.915,,180,NEIGHBORHOOD,500 M TO 4KM,,"Jefferson County, AL  Department Of Health",HIGHEST CONCENTRATION,,,4,
2023-04-25,010731003,1,1,Parts per billion,1,Fairfield,24,100,42401,Sulfur dioxide,188,Instrumental - Ecotech Serinus 50,13820,"Birmingham-Hoover, AL",33.485556,-86.915,,180,NEIGHBORHOOD,500 M TO 4KM,,"Jefferson County, AL  Department Of Health",HIGHEST CONCENTRATION,,,4,
2023-04-26,010731003,1,0.8,Parts per billion,0,Fairfield,22,92,42401,Sulfur dioxide,188,Instrumental - Ecotech Serinus 50,13820,"Birmingham-Hoover, AL",33.485556,-86.915,,180,NEIGHBORHOOD,500 M TO 4KM,,"Jefferson County, AL  Department Of Health",HIGHEST CONCENTRATION,,,4,
2023-04-27,010731003,1,0.9,Parts per billion,0,Fairfield,24,100,42401,Sulfur dioxide,188,Instrumental - Ecotech Serinus 50,13820,"Birmingham-Hoover, AL",33.485556,-86.915,,180,NEIGHBORHOOD,500 M TO 4KM,,"Jefferson County, AL  Department Of Health",HIGHEST CONCENTRATION,,,4,
2023-04-28,010731003,1,0.3,Parts per billion,0,Fairfield,24,100,42401,Sulfur dioxide,188,Instrumental - Ecotech Serinus 50,13820,"Birmingham-Hoover, AL",33.485556,-86.915,,180,NEIGHBORHOOD,500 M TO 4KM,,"Jefferson County, AL  Department Of Health",HIGHEST CONCENTRATION,,,4,
2023-04-29,010731003,1,0.6,Parts per billion,0,Fairfield,24,100,42401,Sulfur dioxide,188,Instrumental - Ecotech Serinus 50,13820,"Birmingham-Hoover, AL",33.485556,-86.915,,180,NEIGHBORHOOD,500 M TO 4KM,,"Jefferson County, AL  Department Of Health",HIGHEST CONCENTRATION,,,4,
2023-04-30,010731003,1,0,Parts per billion,0,Fairfield,24,100,42401,Sulfur dioxide,188,Instrumental - Ecotech Serinus 50,13820,"Birmingham-Hoover, AL",33.485556,-86.915,,180,NEIGHBORHOOD,500 M TO 4KM,,"Jefferson County, AL  Department Of Health",HIGHEST CONCENTRATION,,,4,
2023-05-01,010731003,1,0.2,Parts per billion,0,Fairfield,24,100,42401,Sulfur dioxide,188,Instrumental - Ecotech Serinus 50,13820,"Birmingham-Hoover, AL",33.485556,-86.915,,180,NEIGHBORHOOD,500 M TO 4KM,,"Jefferson County, AL  Department Of Health",HIGHEST CONCENTRATION,,,4,
2023-05-02,010731003,1,0.4,Parts per billion,0,Fairfield,24,100,42401,Sulfur dioxide,188,Instrumental - Ecotech Serinus 50,13820,"Birmingham-Hoover, AL",33.485556,-86.915,,180,NEIGHBORHOOD,500 M TO 4KM,,"Jefferson County, AL  Department Of Health",HIGHEST CONCENTRATION,,,4,
2023-05-03,010731003,1,0.2,Parts per billion,0,Fairfield,24,100,42401,Sulfur dioxide,188,Instrumental - Ecotech Serinus 50,13820,"Birmingham-Hoover, AL",33.485556,-86.915,,180,NEIGHBORHOOD,500 M TO 4KM,,"Jefferson County, AL  Department Of Health",HIGHEST CONCENTRATION,,,4,
2023-05-04,010731003,1,1.8,Parts per billion,1,Fairfield,24,100,42401,Sulfur dioxide,188,Instrumental - Ecotech Serinus 50,13820,"Birmingham-Hoover, AL",33.485556,-86.915,,180,NEIGHBORHOOD,500 M TO 4KM,,"Jefferson County, AL  Department Of Health",HIGHEST CONCENTRATION,,,4,
2023-05-05,010731003,1,0.8,Parts per billion,0,Fairfield,24,100,42401,Sulfur dioxide,188,Instrumental - Ecotech Serinus 50,13820,"Birmingham-Hoover, AL",33.485556,-86.915,,180,NEIGHBORHOOD,500 M TO 4KM,,"Jefferson County, AL  Department Of Health",HIGHEST CONCENTRATION,,,4,
2023-05-06,010731003,1,1.7,Parts per billion,1,Fairfield,24,100,42401,Sulfur dioxide,188,Instrumental - Ecotech Serinus 50,13820,"Birmingham-Hoover, AL",33.485556,-86.915,,180,NEIGHBORHOOD,500 M TO 4KM,,"Jefferson County, AL  Department Of Health",HIGHEST CONCENTRATION,,,4,
2023-05-07,010731003,1,1.6,Parts per billion,1,Fairfield,24,100,42401,Sulfur dioxide,188,Instrumental - Ecotech Serinus 50,13820,"Birmingham-Hoover, AL",33.485556,-86.915,,180,NEIGHBORHOOD,500 M TO 4KM,,"Jefferson County, AL  Department Of Health",HIGHEST CONCENTRATION,,,4,
2023-05-08,010731003,1,0.4,Parts per billion,0,Fairfield,24,100,42401,Sulfur dioxide,188,Instrumental - Ecotech Serinus 50,13820,"Birmingham-Hoover, AL",33.485556,-86.915,,180,NEIGHBORHOOD,500 M TO 4KM,,"Jefferson County, AL  Department Of Health",HIGHEST CONCENTRATION,,,4,
2023-05-09,010731003,1,1.6,Parts per billion,1,Fairfield,24,100,42401,Sulfur dioxide,188,Instrumental - Ecotech Serinus 50,13820,"Birmingham-Hoover, AL",33.485556,-86.915,,180,NEIGHBORHOOD,500 M TO 4KM,,"Jefferson County, AL  Department Of Health",HIGHEST CONCENTRATION,,,4,
2023-05-10,010731003,1,0.8,Parts per billion,0,Fairfield,20,83,42401,Sulfur dioxide,188,Instrumental - Ecotech Serinus 50,13820,"Birmingham-Hoover, AL",33.485556,-86.915,,180,NEIGHBORHOOD,500 M TO 4KM,,"Jefferson County, AL  Department Of Health",HIGHEST CONCENTRATION,,,4,
2023-05-11,010731003,1,0.3,Parts per billion,0,Fairfield,24,100,42401,Sulfur dioxide,188,Instrumental - Ecotech Serinus 50,13820,"Birmingham-Hoover, AL",33.485556,-86.915,,180,NEIGHBORHOOD,500 M TO 4KM,,"Jefferson County, AL  Department Of Health",HIGHEST CONCENTRATION,,,4,
2023-05-12,010731003,1,0.7,Parts per billion,0,Fairfield,24,100,42401,Sulfur dioxide,188,Instrumental - Ecotech Serinus 50,13820,"Birmingham-Hoover, AL",33.485556,-86.915,,180,NEIGHBORHOOD,500 M TO 4KM,,"Jefferson County, AL  Department Of Health",HIGHEST CONCENTRATION,,,4,
2023-05-13,010731003,1,0.9,Parts per billion,0,Fairfield,24,100,42401,Sulfur dioxide,188,Instrumental - Ecotech Serinus 50,13820,"Birmingham-Hoover, AL",33.485556,-86.915,,180,NEIGHBORHOOD,500 M TO 4KM,,"Jefferson County, AL  Department Of Health",HIGHEST CONCENTRATION,,,4,
2023-05-14,010731003,1,1.1,Parts per billion,1,Fairfield,24,100,42401,Sulfur dioxide,188,Instrumental - Ecotech Serinus 50,13820,"Birmingham-Hoover, AL",33.485556,-86.915,,180,NEIGHBORHOOD,500 M TO 4KM,,"Jefferson County, AL  Department Of Health",HIGHEST CONCENTRATION,,,4,
2023-05-15,010731003,1,1.4,Parts per billion,1,Fairfield,24,100,42401,Sulfur dioxide,188,Instrumental - Ecotech Serinus 50,13820,"Birmingham-Hoover, AL",33.485556,-86.915,,180,NEIGHBORHOOD,500 M TO 4KM,,"Jefferson County, AL  Department Of Health",HIGHEST CONCENTRATION,,,4,
2023-05-17,010731003,1,0.3,Parts per billion,0,Fairfield,24,100,42401,Sulfur dioxide,188,Instrumental - Ecotech Serinus 50,13820,"Birmingham-Hoover, AL",33.485556,-86.915,,180,NEIGHBORHOOD,500 M TO 4KM,,"Jefferson County, AL  Department Of Health",HIGHEST CONCENTRATION,,,4,
2023-05-16,010731003,1,0.6,Parts per billion,0,Fairfield,24,100,42401,Sulfur dioxide,188,Instrumental - Ecotech Serinus 50,13820,"Birmingham-Hoover, AL",33.485556,-86.915,,180,NEIGHBORHOOD,500 M TO 4KM,,"Jefferson County, AL  Department Of Health",HIGHEST CONCENTRATION,,,4,
2023-05-18,010731003,1,0.7,Parts per billion,0,Fairfield,24,100,42401,Sulfur dioxide,188,Instrumental - Ecotech Serinus 50,13820,"Birmingham-Hoover, AL",33.485556,-86.915,,180,NEIGHBORHOOD,500 M TO 4KM,,"Jefferson County, AL  Department Of Health",HIGHEST CONCENTRATION,,,4,
2023-05-19,010731003,1,0.2,Parts per billion,0,Fairfield,24,100,42401,Sulfur dioxide,188,Instrumental - Ecotech Serinus 50,13820,"Birmingham-Hoover, AL",33.485556,-86.915,,180,NEIGHBORHOOD,500 M TO 4KM,,"Jefferson County, AL  Department Of Health",HIGHEST CONCENTRATION,,,4,
2023-05-20,010731003,1,5,Parts per billion,7,Fairfield,24,100,42401,Sulfur dioxide,188,Instrumental - Ecotech Serinus 50,13820,"Birmingham-Hoover, AL",33.485556,-86.915,,180,NEIGHBORHOOD,500 M TO 4KM,,"Jefferson County, AL  Department Of Health",HIGHEST CONCENTRATION,,,4,
2023-05-21,010731003,1,0.7,Parts per billion,0,Fairfield,24,100,42401,Sulfur dioxide,188,Instrumental - Ecotech Serinus 50,13820,"Birmingham-Hoover, AL",33.485556,-86.915,,180,NEIGHBORHOOD,500 M TO 4KM,,"Jefferson County, AL  Department Of Health",HIGHEST CONCENTRATION,,,4,
2023-05-22,010731003,1,0.3,Parts per billion,0,Fairfield,22,92,42401,Sulfur dioxide,188,Instrumental - Ecotech Serinus 50,13820,"Birmingham-Hoover, AL",33.485556,-86.915,,180,NEIGHBORHOOD,500 M TO 4KM,,"Jefferson County, AL  Department Of Health",HIGHEST CONCENTRATION,,,4,
2023-05-23,010731003,1,0.3,Parts per billion,0,Fairfield,24,100,42401,Sulfur dioxide,188,Instrumental - Ecotech Serinus 50,13820,"Birmingham-Hoover, AL",33.485556,-86.915,,180,NEIGHBORHOOD,500 M TO 4KM,,"Jefferson County, AL  Department Of Health",HIGHEST CONCENTRATION,,,4,
2023-05-24,010731003,1,0.3,Parts per billion,0,Fairfield,24,100,42401,Sulfur dioxide,188,Instrumental - Ecotech Serinus 50,13820,"Birmingham-Hoover, AL",33.485556,-86.915,,180,NEIGHBORHOOD,500 M TO 4KM,,"Jefferson County, AL  Department Of Health",HIGHEST CONCENTRATION,,,4,
2023-05-25,010731003,1,0.3,Parts per billion,0,Fairfield,24,100,42401,Sulfur dioxide,188,Instrumental - Ecotech Serinus 50,13820,"Birmingham-Hoover, AL",33.485556,-86.915,,180,NEIGHBORHOOD,500 M TO 4KM,,"Jefferson County, AL  Department Of Health",HIGHEST CONCENTRATION,,,4,
2023-05-26,010731003,1,1.2,Parts per billion,1,Fairfield,24,100,42401,Sulfur dioxide,188,Instrumental - Ecotech Serinus 50,13820,"Birmingham-Hoover, AL",33.485556,-86.915,,180,NEIGHBORHOOD,500 M TO 4KM,,"Jefferson County, AL  Department Of Health",HIGHEST CONCENTRATION,,,4,
2023-05-27,010731003,1,0.2,Parts per billion,0,Fairfield,24,100,42401,Sulfur dioxide,188,Instrumental - Ecotech Serinus 50,13820,"Birmingham-Hoover, AL",33.485556,-86.915,,180,NEIGHBORHOOD,500 M TO 4KM,,"Jefferson County, AL  Department Of Health",HIGHEST CONCENTRATION,,,4,
2023-05-28,010731003,1,1.3,Parts per billion,1,Fairfield,24,100,42401,Sulfur dioxide,188,Instrumental - Ecotech Serinus 50,13820,"Birmingham-Hoover, AL",33.485556,-86.915,,180,NEIGHBORHOOD,500 M TO 4KM,,"Jefferson County, AL  Department Of Health",HIGHEST CONCENTRATION,,,4,
2023-05-29,010731003,1,0.9,Parts per billion,0,Fairfield,24,100,42401,Sulfur dioxide,188,Instrumental - Ecotech Serinus 50,13820,"Birmingham-Hoover, AL",33.485556,-86.915,,180,NEIGHBORHOOD,500 M TO 4KM,,"Jefferson County, AL  Department Of Health",HIGHEST CONCENTRATION,,,4,
2023-05-30,010731003,1,0.7,Parts per billion,0,Fairfield,24,100,42401,Sulfur dioxide,188,Instrumental - Ecotech Serinus 50,13820,"Birmingham-Hoover, AL",33.485556,-86.915,,180,NEIGHBORHOOD,500 M TO 4KM,,"Jefferson County, AL  Department Of Health",HIGHEST CONCENTRATION,,,4,
2023-05-31,010731003,1,0,Parts per billion,0,Fairfield,24,100,42401,Sulfur dioxide,188,Instrumental - Ecotech Serinus 50,13820,"Birmingham-Hoover, AL",33.485556,-86.915,,180,NEIGHBORHOOD,500 M TO 4KM,,"Jefferson County, AL  Department Of Health",HIGHEST CONCENTRATION,,,4,
2023-06-01,010731003,1,0.8,Parts per billion,0,Fairfield,24,100,42401,Sulfur dioxide,188,Instrumental - Ecotech Serinus 50,13820,"Birmingham-Hoover, AL",33.485556,-86.915,,180,NEIGHBORHOOD,500 M TO 4KM,,"Jefferson County, AL  Department Of Health",HIGHEST CONCENTRATION,,,4,
2023-06-02,010731003,1,1.1,Parts per billion,1,Fairfield,24,100,42401,Sulfur dioxide,188,Instrumental - Ecotech Serinus 50,13820,"Birmingham-Hoover, AL",33.485556,-86.915,,180,NEIGHBORHOOD,500 M TO 4KM,,"Jefferson County, AL  Department Of Health",HIGHEST CONCENTRATION,,,4,
2023-06-03,010731003,1,0.9,Parts per billion,0,Fairfield,24,100,42401,Sulfur dioxide,188,Instrumental - Ecotech Serinus 50,13820,"Birmingham-Hoover, AL",33.485556,-86.915,,180,NEIGHBORHOOD,500 M TO 4KM,,"Jefferson County, AL  Department Of Health",HIGHEST CONCENTRATION,,,4,
2023-06-04,010731003,1,1.2,Parts per billion,1,Fairfield,24,100,42401,Sulfur dioxide,188,Instrumental - Ecotech Serinus 50,13820,"Birmingham-Hoover, AL",33.485556,-86.915,,180,NEIGHBORHOOD,500 M TO 4KM,,"Jefferson County, AL  Department Of Health",HIGHEST CONCENTRATION,,,4,
2023-06-05,010731003,1,1.7,Parts per billion,1,Fairfield,24,100,42401,Sulfur dioxide,188,Instrumental - Ecotech Serinus 50,13820,"Birmingham-Hoover, AL",33.485556,-86.915,,180,NEIGHBORHOOD,500 M TO 4KM,,"Jefferson County, AL  Department Of Health",HIGHEST CONCENTRATION,,,4,
2023-06-06,010731003,1,1,Parts per billion,1,Fairfield,24,100,42401,Sulfur dioxide,188,Instrumental - Ecotech Serinus 50,13820,"Birmingham-Hoover, AL",33.485556,-86.915,,180,NEIGHBORHOOD,500 M TO 4KM,,"Jefferson County, AL  Department Of Health",HIGHEST CONCENTRATION,,,4,
2023-06-07,010731003,1,0.8,Parts per billion,0,Fairfield,21,88,42401,Sulfur dioxide,188,Instrumental - Ecotech Serinus 50,13820,"Birmingham-Hoover, AL",33.485556,-86.915,,180,NEIGHBORHOOD,500 M TO 4KM,,"Jefferson County, AL  Department Of Health",HIGHEST CONCENTRATION,,,4,
2023-06-08,010731003,1,0.7,Parts per billion,0,Fairfield,24,100,42401,Sulfur dioxide,188,Instrumental - Ecotech Serinus 50,13820,"Birmingham-Hoover, AL",33.485556,-86.915,,180,NEIGHBORHOOD,500 M TO 4KM,,"Jefferson County, AL  Department Of Health",HIGHEST CONCENTRATION,,,4,
2023-06-09,010731003,1,0.7,Parts per billion,0,Fairfield,24,100,42401,Sulfur dioxide,188,Instrumental - Ecotech Serinus 50,13820,"Birmingham-Hoover, AL",33.485556,-86.915,,180,NEIGHBORHOOD,500 M TO 4KM,,"Jefferson County, AL  Department Of Health",HIGHEST CONCENTRATION,,,4,
2023-06-10,010731003,1,1.4,Parts per billion,1,Fairfield,24,100,42401,Sulfur dioxide,188,Instrumental - Ecotech Serinus 50,13820,"Birmingham-Hoover, AL",33.485556,-86.915,,180,NEIGHBORHOOD,500 M TO 4KM,,"Jefferson County, AL  Department Of Health",HIGHEST CONCENTRATION,,,4,
2023-06-11,010731003,1,0.7,Parts per billion,0,Fairfield,24,100,42401,Sulfur dioxide,188,Instrumental - Ecotech Serinus 50,13820,"Birmingham-Hoover, AL",33.485556,-86.915,,180,NEIGHBORHOOD,500 M TO 4KM,,"Jefferson County, AL  Department Of Health",HIGHEST CONCENTRATION,,,4,
2023-06-12,010731003,1,0.7,Parts per billion,0,Fairfield,24,100,42401,Sulfur dioxide,188,Instrumental - Ecotech Serinus 50,13820,"Birmingham-Hoover, AL",33.485556,-86.915,,180,NEIGHBORHOOD,500 M TO 4KM,,"Jefferson County, AL  Department Of Health",HIGHEST CONCENTRATION,,,4,
2023-06-13,010731003,1,0.7,Parts per billion,0,Fairfield,24,100,42401,Sulfur dioxide,188,Instrumental - Ecotech Serinus 50,13820,"Birmingham-Hoover, AL",33.485556,-86.915,,180,NEIGHBORHOOD,500 M TO 4KM,,"Jefferson County, AL  Department Of Health",HIGHEST CONCENTRATION,,,4,
2023-06-14,010731003,1,0.7,Parts per billion,0,Fairfield,24,100,42401,Sulfur dioxide,188,Instrumental - Ecotech Serinus 50,13820,"Birmingham-Hoover, AL",33.485556,-86.915,,180,NEIGHBORHOOD,500 M TO 4KM,,"Jefferson County, AL  Department Of Health",HIGHEST CONCENTRATION,,,4,
2023-06-15,010731003,1,0.5,Parts per billion,0,Fairfield,24,100,42401,Sulfur dioxide,188,Instrumental - Ecotech Serinus 50,13820,"Birmingham-Hoover, AL",33.485556,-86.915,,180,NEIGHBORHOOD,500 M TO 4KM,,"Jefferson County, AL  Department Of Health",HIGHEST CONCENTRATION,,,4,
2023-06-16,010731003,1,1.1,Parts per billion,1,Fairfield,24,100,42401,Sulfur dioxide,188,Instrumental - Ecotech Serinus 50,13820,"Birmingham-Hoover, AL",33.485556,-86.915,,180,NEIGHBORHOOD,500 M TO 4KM,,"Jefferson County, AL  Department Of Health",HIGHEST CONCENTRATION,,,4,
2023-06-17,010731003,1,1.4,Parts per billion,1,Fairfield,24,100,42401,Sulfur dioxide,188,Instrumental - Ecotech Serinus 50,13820,"Birmingham-Hoover, AL",33.485556,-86.915,,180,NEIGHBORHOOD,500 M TO 4KM,,"Jefferson County, AL  Department Of Health",HIGHEST CONCENTRATION,,,4,
2023-06-18,010731003,1,2.7,Parts per billion,3,Fairfield,24,100,42401,Sulfur dioxide,188,Instrumental - Ecotech Serinus 50,13820,"Birmingham-Hoover, AL",33.485556,-86.915,,180,NEIGHBORHOOD,500 M TO 4KM,,"Jefferson County, AL  Department Of Health",HIGHEST CONCENTRATION,,,4,
2023-06-19,010731003,1,0.7,Parts per billion,0,Fairfield,24,100,42401,Sulfur dioxide,188,Instrumental - Ecotech Serinus 50,13820,"Birmingham-Hoover, AL",33.485556,-86.915,,180,NEIGHBORHOOD,500 M TO 4KM,,"Jefferson County, AL  Department Of Health",HIGHEST CONCENTRATION,,,4,
2023-06-20,010731003,1,0.8,Parts per billion,0,Fairfield,24,100,42401,Sulfur dioxide,188,Instrumental - Ecotech Serinus 50,13820,"Birmingham-Hoover, AL",33.485556,-86.915,,180,NEIGHBORHOOD,500 M TO 4KM,,"Jefferson County, AL  Department Of Health",HIGHEST CONCENTRATION,,,4,
2023-06-21,010731003,1,0.7,Parts per billion,0,Fairfield,22,92,42401,Sulfur dioxide,188,Instrumental - Ecotech Serinus 50,13820,"Birmingham-Hoover, AL",33.485556,-86.915,,180,NEIGHBORHOOD,500 M TO 4KM,,"Jefferson County, AL  Department Of Health",HIGHEST CONCENTRATION,,,4,
2023-06-22,010731003,1,1,Parts per billion,1,Fairfield,24,100,42401,Sulfur dioxide,188,Instrumental - Ecotech Serinus 50,13820,"Birmingham-Hoover, AL",33.485556,-86.915,,180,NEIGHBORHOOD,500 M TO 4KM,,"Jefferson County, AL  Department Of Health",HIGHEST CONCENTRATION,,,4,
2023-06-23,010731003,1,0.9,Parts per billion,0,Fairfield,24,100,42401,Sulfur dioxide,188,Instrumental - Ecotech Serinus 50,13820,"Birmingham-Hoover, AL",33.485556,-86.915,,180,NEIGHBORHOOD,500 M TO 4KM,,"Jefferson County, AL  Department Of Health",HIGHEST CONCENTRATION,,,4,
2023-06-24,010731003,1,1.1,Parts per billion,1,Fairfield,24,100,42401,Sulfur dioxide,188,Instrumental - Ecotech Serinus 50,13820,"Birmingham-Hoover, AL",33.485556,-86.915,,180,NEIGHBORHOOD,500 M TO 4KM,,"Jefferson County, AL  Department Of Health",HIGHEST CONCENTRATION,,,4,
2023-06-25,010731003,1,0.9,Parts per billion,0,Fairfield,24,100,42401,Sulfur dioxide,188,Instrumental - Ecotech Serinus 50,13820,"Birmingham-Hoover, AL",33.485556,-86.915,,180,NEIGHBORHOOD,500 M TO 4KM,,"Jefferson County, AL  Department Of Health",HIGHEST CONCENTRATION,,,4,
2023-06-26,010731003,1,1.2,Parts per billion,1,Fairfield,24,100,42401,Sulfur dioxide,188,Instrumental - Ecotech Serinus 50,13820,"Birmingham-Hoover, AL",33.485556,-86.915,,180,NEIGHBORHOOD,500 M TO 4KM,,"Jefferson County, AL  Department Of Health",HIGHEST CONCENTRATION,,,4,
2023-06-27,010731003,1,1.5,Parts per billion,1,Fairfield,24,100,42401,Sulfur dioxide,188,Instrumental - Ecotech Serinus 50,13820,"Birmingham-Hoover, AL",33.485556,-86.915,,180,NEIGHBORHOOD,500 M TO 4KM,,"Jefferson County, AL  Department Of Health",HIGHEST CONCENTRATION,,,4,
2023-06-28,010731003,1,2.7,Parts per billion,3,Fairfield,24,100,42401,Sulfur dioxide,188,Instrumental - Ecotech Serinus 50,13820,"Birmingham-Hoover, AL",33.485556,-86.915,,180,NEIGHBORHOOD,500 M TO 4KM,,"Jefferson County, AL  Department Of Health",HIGHEST CONCENTRATION,,,4,
2023-06-29,010731003,1,2.2,Parts per billion,3,Fairfield,24,100,42401,Sulfur dioxide,188,Instrumental - Ecotech Serinus 50,13820,"Birmingham-Hoover, AL",33.485556,-86.915,,180,NEIGHBORHOOD,500 M TO 4KM,,"Jefferson County, AL  Department Of Health",HIGHEST CONCENTRATION,,,4,
2023-06-30,010731003,1,1.9,Parts per billion,1,Fairfield,24,100,42401,Sulfur dioxide,188,Instrumental - Ecotech Serinus 50,13820,"Birmingham-Hoover, AL",33.485556,-86.915,,180,NEIGHBORHOOD,500 M TO 4KM,,"Jefferson County, AL  Department Of Health",HIGHEST CONCENTRATION,,,4,
2023-07-01,010731003,1,1.4,Parts per billion,1,Fairfield,24,100,42401,Sulfur dioxide,188,Instrumental - Ecotech Serinus 50,13820,"Birmingham-Hoover, AL",33.485556,-86.915,,180,NEIGHBORHOOD,500 M TO 4KM,,"Jefferson County, AL  Department Of Health",HIGHEST CONCENTRATION,,,4,
2023-07-02,010731003,1,1.5,Parts per billion,1,Fairfield,24,100,42401,Sulfur dioxide,188,Instrumental - Ecotech Serinus 50,13820,"Birmingham-Hoover, AL",33.485556,-86.915,,180,NEIGHBORHOOD,500 M TO 4KM,,"Jefferson County, AL  Department Of Health",HIGHEST CONCENTRATION,,,4,
2023-07-03,010731003,1,1.3,Parts per billion,1,Fairfield,24,100,42401,Sulfur dioxide,188,Instrumental - Ecotech Serinus 50,13820,"Birmingham-Hoover, AL",33.485556,-86.915,,180,NEIGHBORHOOD,500 M TO 4KM,,"Jefferson County, AL  Department Of Health",HIGHEST CONCENTRATION,,,4,
2023-07-04,010731003,1,1.5,Parts per billion,1,Fairfield,24,100,42401,Sulfur dioxide,188,Instrumental - Ecotech Serinus 50,13820,"Birmingham-Hoover, AL",33.485556,-86.915,,180,NEIGHBORHOOD,500 M TO 4KM,,"Jefferson County, AL  Department Of Health",HIGHEST CONCENTRATION,,,4,
2023-07-05,010731003,1,1.1,Parts per billion,1,Fairfield,22,92,42401,Sulfur dioxide,188,Instrumental - Ecotech Serinus 50,13820,"Birmingham-Hoover, AL",33.485556,-86.915,,180,NEIGHBORHOOD,500 M TO 4KM,,"Jefferson County, AL  Department Of Health",HIGHEST CONCENTRATION,,,4,
2023-07-06,010731003,1,1.3,Parts per billion,1,Fairfield,24,100,42401,Sulfur dioxide,188,Instrumental - Ecotech Serinus 50,13820,"Birmingham-Hoover, AL",33.485556,-86.915,,180,NEIGHBORHOOD,500 M TO 4KM,,"Jefferson County, AL  Department Of Health",HIGHEST CONCENTRATION,,,4,
2023-07-07,010731003,1,1.3,Parts per billion,1,Fairfield,24,100,42401,Sulfur dioxide,188,Instrumental - Ecotech Serinus 50,13820,"Birmingham-Hoover, AL",33.485556,-86.915,,180,NEIGHBORHOOD,500 M TO 4KM,,"Jefferson County, AL  Department Of Health",HIGHEST CONCENTRATION,,,4,
2023-07-08,010731003,1,0.6,Parts per billion,0,Fairfield,24,100,42401,Sulfur dioxide,188,Instrumental - Ecotech Serinus 50,13820,"Birmingham-Hoover, AL",33.485556,-86.915,,180,NEIGHBORHOOD,500 M TO 4KM,,"Jefferson County, AL  Department Of Health",HIGHEST CONCENTRATION,,,4,
2023-07-09,010731003,1,1.3,Parts per billion,1,Fairfield,24,100,42401,Sulfur dioxide,188,Instrumental - Ecotech Serinus 50,13820,"Birmingham-Hoover, AL",33.485556,-86.915,,180,NEIGHBORHOOD,500 M TO 4KM,,"Jefferson County, AL  Department Of Health",HIGHEST CONCENTRATION,,,4,
2023-07-10,010731003,1,1.5,Parts per billion,1,Fairfield,24,100,42401,Sulfur dioxide,188,Instrumental - Ecotech Serinus 50,13820,"Birmingham-Hoover, AL",33.485556,-86.915,,180,NEIGHBORHOOD,500 M TO 4KM,,"Jefferson County, AL  Department Of Health",HIGHEST CONCENTRATION,,,4,
2023-07-11,010731003,1,0.9,Parts per billion,0,Fairfield,24,100,42401,Sulfur dioxide,188,Instrumental - Ecotech Serinus 50,13820,"Birmingham-Hoover, AL",33.485556,-86.915,,180,NEIGHBORHOOD,500 M TO 4KM,,"Jefferson County, AL  Department Of Health",HIGHEST CONCENTRATION,,,4,
2023-07-12,010731003,1,1.2,Parts per billion,1,Fairfield,24,100,42401,Sulfur dioxide,188,Instrumental - Ecotech Serinus 50,13820,"Birmingham-Hoover, AL",33.485556,-86.915,,180,NEIGHBORHOOD,500 M TO 4KM,,"Jefferson County, AL  Department Of Health",HIGHEST CONCENTRATION,,,4,
2023-07-13,010731003,1,0.2,Parts per billion,0,Fairfield,24,100,42401,Sulfur dioxide,188,Instrumental - Ecotech Serinus 50,13820,"Birmingham-Hoover, AL",33.485556,-86.915,,180,NEIGHBORHOOD,500 M TO 4KM,,"Jefferson County, AL  Department Of Health",HIGHEST CONCENTRATION,,,4,
2023-07-14,010731003,1,1,Parts per billion,1,Fairfield,24,100,42401,Sulfur dioxide,188,Instrumental - Ecotech Serinus 50,13820,"Birmingham-Hoover, AL",33.485556,-86.915,,180,NEIGHBORHOOD,500 M TO 4KM,,"Jefferson County, AL  Department Of Health",HIGHEST CONCENTRATION,,,4,
2023-07-15,010731003,1,1,Parts per billion,1,Fairfield,24,100,42401,Sulfur dioxide,188,Instrumental - Ecotech Serinus 50,13820,"Birmingham-Hoover, AL",33.485556,-86.915,,180,NEIGHBORHOOD,500 M TO 4KM,,"Jefferson County, AL  Department Of Health",HIGHEST CONCENTRATION,,,4,
2023-07-16,010731003,1,1.3,Parts per billion,1,Fairfield,24,100,42401,Sulfur dioxide,188,Instrumental - Ecotech Serinus 50,13820,"Birmingham-Hoover, AL",33.485556,-86.915,,180,NEIGHBORHOOD,500 M TO 4KM,,"Jefferson County, AL  Department Of Health",HIGHEST CONCENTRATION,,,4,
2023-07-18,010731003,1,1.5,Parts per billion,1,Fairfield,24,100,42401,Sulfur dioxide,188,Instrumental - Ecotech Serinus 50,13820,"Birmingham-Hoover, AL",33.485556,-86.915,,180,NEIGHBORHOOD,500 M TO 4KM,,"Jefferson County, AL  Department Of Health",HIGHEST CONCENTRATION,,,4,
2023-07-17,010731003,1,1.5,Parts per billion,1,Fairfield,24,100,42401,Sulfur dioxide,188,Instrumental - Ecotech Serinus 50,13820,"Birmingham-Hoover, AL",33.485556,-86.915,,180,NEIGHBORHOOD,500 M TO 4KM,,"Jefferson County, AL  Department Of Health",HIGHEST CONCENTRATION,,,4,
2023-07-19,010731003,1,0.7,Parts per billion,0,Fairfield,16,67,42401,Sulfur dioxide,188,Instrumental - Ecotech Serinus 50,13820,"Birmingham-Hoover, AL",33.485556,-86.915,,180,NEIGHBORHOOD,500 M TO 4KM,,"Jefferson County, AL  Department Of Health",HIGHEST CONCENTRATION,,,4,
2023-07-20,010731003,1,0.5,Parts per billion,0,Fairfield,24,100,42401,Sulfur dioxide,100,INSTRUMENTAL - ULTRAVIOLET FLUORESCENCE,13820,"Birmingham-Hoover, AL",33.485556,-86.915,,180,NEIGHBORHOOD,500 M TO 4KM,,"Jefferson County, AL  Department Of Health",HIGHEST CONCENTRATION,,,4,
2023-07-21,010731003,1,0.2,Parts per billion,0,Fairfield,24,100,42401,Sulfur dioxide,100,INSTRUMENTAL - ULTRAVIOLET FLUORESCENCE,13820,"Birmingham-Hoover, AL",33.485556,-86.915,,180,NEIGHBORHOOD,500 M TO 4KM,,"Jefferson County, AL  Department Of Health",HIGHEST CONCENTRATION,,,4,
2023-07-22,010731003,1,-0.4,Parts per billion,0,Fairfield,24,100,42401,Sulfur dioxide,100,INSTRUMENTAL - ULTRAVIOLET FLUORESCENCE,13820,"Birmingham-Hoover, AL",33.485556,-86.915,,180,NEIGHBORHOOD,500 M TO 4KM,,"Jefferson County, AL  Department Of Health",HIGHEST CONCENTRATION,,,4,
2023-07-23,010731003,1,-0.3,Parts per billion,0,Fairfield,24,100,42401,Sulfur dioxide,100,INSTRUMENTAL - ULTRAVIOLET FLUORESCENCE,13820,"Birmingham-Hoover, AL",33.485556,-86.915,,180,NEIGHBORHOOD,500 M TO 4KM,,"Jefferson County, AL  Department Of Health",HIGHEST CONCENTRATION,,,4,
2023-07-24,010731003,1,0.3,Parts per billion,0,Fairfield,24,100,42401,Sulfur dioxide,100,INSTRUMENTAL - ULTRAVIOLET FLUORESCENCE,13820,"Birmingham-Hoover, AL",33.485556,-86.915,,180,NEIGHBORHOOD,500 M TO 4KM,,"Jefferson County, AL  Department Of Health",HIGHEST CONCENTRATION,,,4,
2023-07-25,010731003,1,0.9,Parts per billion,0,Fairfield,20,83,42401,Sulfur dioxide,100,INSTRUMENTAL - ULTRAVIOLET FLUORESCENCE,13820,"Birmingham-Hoover, AL",33.485556,-86.915,,180,NEIGHBORHOOD,500 M TO 4KM,,"Jefferson County, AL  Department Of Health",HIGHEST CONCENTRATION,,,4,
2023-07-26,010731003,1,0.5,Parts per billion,0,Fairfield,24,100,42401,Sulfur dioxide,100,INSTRUMENTAL - ULTRAVIOLET FLUORESCENCE,13820,"Birmingham-Hoover, AL",33.485556,-86.915,,180,NEIGHBORHOOD,500 M TO 4KM,,"Jefferson County, AL  Department Of Health",HIGHEST CONCENTRATION,,,4,
2023-07-27,010731003,1,1.2,Parts per billion,1,Fairfield,24,100,42401,Sulfur dioxide,100,INSTRUMENTAL - ULTRAVIOLET FLUORESCENCE,13820,"Birmingham-Hoover, AL",33.485556,-86.915,,180,NEIGHBORHOOD,500 M TO 4KM,,"Jefferson County, AL  Department Of Health",HIGHEST CONCENTRATION,,,4,
2023-07-28,010731003,1,4.7,Parts per billion,6,Fairfield,24,100,42401,Sulfur dioxide,100,INSTRUMENTAL - ULTRAVIOLET FLUORESCENCE,13820,"Birmingham-Hoover, AL",33.485556,-86.915,,180,NEIGHBORHOOD,500 M TO 4KM,,"Jefferson County, AL  Department Of Health",HIGHEST CONCENTRATION,,,4,
2023-07-29,010731003,1,0.5,Parts per billion,0,Fairfield,24,100,42401,Sulfur dioxide,100,INSTRUMENTAL - ULTRAVIOLET FLUORESCENCE,13820,"Birmingham-Hoover, AL",33.485556,-86.915,,180,NEIGHBORHOOD,500 M TO 4KM,,"Jefferson County, AL  Department Of Health",HIGHEST CONCENTRATION,,,4,
2023-07-30,010731003,1,0.2,Parts per billion,0,Fairfield,24,100,42401,Sulfur dioxide,100,INSTRUMENTAL - ULTRAVIOLET FLUORESCENCE,13820,"Birmingham-Hoover, AL",33.485556,-86.915,,180,NEIGHBORHOOD,500 M TO 4KM,,"Jefferson County, AL  Department Of Health",HIGHEST CONCENTRATION,,,4,
2023-07-31,010731003,1,0.4,Parts per billion,0,Fairfield,24,100,42401,Sulfur dioxide,100,INSTRUMENTAL - ULTRAVIOLET FLUORESCENCE,13820,"Birmingham-Hoover, AL",33.485556,-86.915,,180,NEIGHBORHOOD,500 M TO 4KM,,"Jefferson County, AL  Department Of Health",HIGHEST CONCENTRATION,,,4,
2023-08-01,010731003,1,1,Parts per billion,1,Fairfield,24,100,42401,Sulfur dioxide,100,INSTRUMENTAL - ULTRAVIOLET FLUORESCENCE,13820,"Birmingham-Hoover, AL",33.485556,-86.915,,180,NEIGHBORHOOD,500 M TO 4KM,,"Jefferson County, AL  Department Of Health",HIGHEST CONCENTRATION,,,4,
2023-08-02,010731003,1,1,Parts per billion,1,Fairfield,21,88,42401,Sulfur dioxide,100,INSTRUMENTAL - ULTRAVIOLET FLUORESCENCE,13820,"Birmingham-Hoover, AL",33.485556,-86.915,,180,NEIGHBORHOOD,500 M TO 4KM,,"Jefferson County, AL  Department Of Health",HIGHEST CONCENTRATION,,,4,
2023-08-03,010731003,1,0.5,Parts per billion,0,Fairfield,24,100,42401,Sulfur dioxide,100,INSTRUMENTAL - ULTRAVIOLET FLUORESCENCE,13820,"Birmingham-Hoover, AL",33.485556,-86.915,,180,NEIGHBORHOOD,500 M TO 4KM,,"Jefferson County, AL  Department Of Health",HIGHEST CONCENTRATION,,,4,
2023-08-04,010731003,1,0.1,Parts per billion,0,Fairfield,24,100,42401,Sulfur dioxide,100,INSTRUMENTAL - ULTRAVIOLET FLUORESCENCE,13820,"Birmingham-Hoover, AL",33.485556,-86.915,,180,NEIGHBORHOOD,500 M TO 4KM,,"Jefferson County, AL  Department Of Health",HIGHEST CONCENTRATION,,,4,
2023-08-05,010731003,1,0.6,Parts per billion,0,Fairfield,24,100,42401,Sulfur dioxide,100,INSTRUMENTAL - ULTRAVIOLET FLUORESCENCE,13820,"Birmingham-Hoover, AL",33.485556,-86.915,,180,NEIGHBORHOOD,500 M TO 4KM,,"Jefferson County, AL  Department Of Health",HIGHEST CONCENTRATION,,,4,
2023-08-06,010731003,1,1.1,Parts per billion,1,Fairfield,24,100,42401,Sulfur dioxide,100,INSTRUMENTAL - ULTRAVIOLET FLUORESCENCE,13820,"Birmingham-Hoover, AL",33.485556,-86.915,,180,NEIGHBORHOOD,500 M TO 4KM,,"Jefferson County, AL  Department Of Health",HIGHEST CONCENTRATION,,,4,
2023-08-07,010731003,1,0.9,Parts per billion,0,Fairfield,24,100,42401,Sulfur dioxide,100,INSTRUMENTAL - ULTRAVIOLET FLUORESCENCE,13820,"Birmingham-Hoover, AL",33.485556,-86.915,,180,NEIGHBORHOOD,500 M TO 4KM,,"Jefferson County, AL  Department Of Health",HIGHEST CONCENTRATION,,,4,
2023-08-08,010731003,1,0.4,Parts per billion,0,Fairfield,24,100,42401,Sulfur dioxide,100,INSTRUMENTAL - ULTRAVIOLET FLUORESCENCE,13820,"Birmingham-Hoover, AL",33.485556,-86.915,,180,NEIGHBORHOOD,500 M TO 4KM,,"Jefferson County, AL  Department Of Health",HIGHEST CONCENTRATION,,,4,
2023-08-09,010731003,1,1,Parts per billion,1,Fairfield,21,88,42401,Sulfur dioxide,100,INSTRUMENTAL - ULTRAVIOLET FLUORESCENCE,13820,"Birmingham-Hoover, AL",33.485556,-86.915,,180,NEIGHBORHOOD,500 M TO 4KM,,"Jefferson County, AL  Department Of Health",HIGHEST CONCENTRATION,,,4,
2023-08-10,010731003,1,0.3,Parts per billion,0,Fairfield,24,100,42401,Sulfur dioxide,100,INSTRUMENTAL - ULTRAVIOLET FLUORESCENCE,13820,"Birmingham-Hoover, AL",33.485556,-86.915,,180,NEIGHBORHOOD,500 M TO 4KM,,"Jefferson County, AL  Department Of Health",HIGHEST CONCENTRATION,,,4,
2023-08-11,010731003,1,0.5,Parts per billion,0,Fairfield,24,100,42401,Sulfur dioxide,100,INSTRUMENTAL - ULTRAVIOLET FLUORESCENCE,13820,"Birmingham-Hoover, AL",33.485556,-86.915,,180,NEIGHBORHOOD,500 M TO 4KM,,"Jefferson County, AL  Department Of Health",HIGHEST CONCENTRATION,,,4,
2023-08-12,010731003,1,0.7,Parts per billion,0,Fairfield,24,100,42401,Sulfur dioxide,100,INSTRUMENTAL - ULTRAVIOLET FLUORESCENCE,13820,"Birmingham-Hoover, AL",33.485556,-86.915,,180,NEIGHBORHOOD,500 M TO 4KM,,"Jefferson County, AL  Department Of Health",HIGHEST CONCENTRATION,,,4,
2023-08-13,010731003,1,0.7,Parts per billion,0,Fairfield,24,100,42401,Sulfur dioxide,100,INSTRUMENTAL - ULTRAVIOLET FLUORESCENCE,13820,"Birmingham-Hoover, AL",33.485556,-86.915,,180,NEIGHBORHOOD,500 M TO 4KM,,"Jefferson County, AL  Department Of Health",HIGHEST CONCENTRATION,,,4,
2023-08-14,010731003,1,1,Parts per billion,1,Fairfield,24,100,42401,Sulfur dioxide,100,INSTRUMENTAL - ULTRAVIOLET FLUORESCENCE,13820,"Birmingham-Hoover, AL",33.485556,-86.915,,180,NEIGHBORHOOD,500 M TO 4KM,,"Jefferson County, AL  Department Of Health",HIGHEST CONCENTRATION,,,4,
2023-08-15,010731003,1,0.4,Parts per billion,0,Fairfield,24,100,42401,Sulfur dioxide,100,INSTRUMENTAL - ULTRAVIOLET FLUORESCENCE,13820,"Birmingham-Hoover, AL",33.485556,-86.915,,180,NEIGHBORHOOD,500 M TO 4KM,,"Jefferson County, AL  Department Of Health",HIGHEST CONCENTRATION,,,4,
2023-08-16,010731003,1,0.9,Parts per billion,0,Fairfield,24,100,42401,Sulfur dioxide,100,INSTRUMENTAL - ULTRAVIOLET FLUORESCENCE,13820,"Birmingham-Hoover, AL",33.485556,-86.915,,180,NEIGHBORHOOD,500 M TO 4KM,,"Jefferson County, AL  Department Of Health",HIGHEST CONCENTRATION,,,4,
2023-08-18,010731003,1,0.7,Parts per billion,0,Fairfield,24,100,42401,Sulfur dioxide,100,INSTRUMENTAL - ULTRAVIOLET FLUORESCENCE,13820,"Birmingham-Hoover, AL",33.485556,-86.915,,180,NEIGHBORHOOD,500 M TO 4KM,,"Jefferson County, AL  Department Of Health",HIGHEST CONCENTRATION,,,4,
2023-08-17,010731003,1,0.2,Parts per billion,0,Fairfield,21,88,42401,Sulfur dioxide,100,INSTRUMENTAL - ULTRAVIOLET FLUORESCENCE,13820,"Birmingham-Hoover, AL",33.485556,-86.915,,180,NEIGHBORHOOD,500 M TO 4KM,,"Jefferson County, AL  Department Of Health",HIGHEST CONCENTRATION,,,4,
2023-08-19,010731003,1,0.4,Parts per billion,0,Fairfield,24,100,42401,Sulfur dioxide,100,INSTRUMENTAL - ULTRAVIOLET FLUORESCENCE,13820,"Birmingham-Hoover, AL",33.485556,-86.915,,180,NEIGHBORHOOD,500 M TO 4KM,,"Jefferson County, AL  Department Of Health",HIGHEST CONCENTRATION,,,4,
2023-08-20,010731003,1,0.3,Parts per billion,0,Fairfield,24,100,42401,Sulfur dioxide,100,INSTRUMENTAL - ULTRAVIOLET FLUORESCENCE,13820,"Birmingham-Hoover, AL",33.485556,-86.915,,180,NEIGHBORHOOD,500 M TO 4KM,,"Jefferson County, AL  Department Of Health",HIGHEST CONCENTRATION,,,4,
2023-08-21,010731003,1,0.8,Parts per billion,0,Fairfield,24,100,42401,Sulfur dioxide,100,INSTRUMENTAL - ULTRAVIOLET FLUORESCENCE,13820,"Birmingham-Hoover, AL",33.485556,-86.915,,180,NEIGHBORHOOD,500 M TO 4KM,,"Jefferson County, AL  Department Of Health",HIGHEST CONCENTRATION,,,4,
2023-08-22,010731003,1,6.1,Parts per billion,9,Fairfield,24,100,42401,Sulfur dioxide,100,INSTRUMENTAL - ULTRAVIOLET FLUORESCENCE,13820,"Birmingham-Hoover, AL",33.485556,-86.915,,180,NEIGHBORHOOD,500 M TO 4KM,,"Jefferson County, AL  Department Of Health",HIGHEST CONCENTRATION,,,4,
2023-08-23,010731003,1,0.8,Parts per billion,0,Fairfield,24,100,42401,Sulfur dioxide,100,INSTRUMENTAL - ULTRAVIOLET FLUORESCENCE,13820,"Birmingham-Hoover, AL",33.485556,-86.915,,180,NEIGHBORHOOD,500 M TO 4KM,,"Jefferson County, AL  Department Of Health",HIGHEST CONCENTRATION,,,4,
2023-08-24,010731003,1,0.9,Parts per billion,0,Fairfield,24,100,42401,Sulfur dioxide,100,INSTRUMENTAL - ULTRAVIOLET FLUORESCENCE,13820,"Birmingham-Hoover, AL",33.485556,-86.915,,180,NEIGHBORHOOD,500 M TO 4KM,,"Jefferson County, AL  Department Of Health",HIGHEST CONCENTRATION,,,4,
2023-08-25,010731003,1,0.6,Parts per billion,0,Fairfield,19,79,42401,Sulfur dioxide,100,INSTRUMENTAL - ULTRAVIOLET FLUORESCENCE,13820,"Birmingham-Hoover, AL",33.485556,-86.915,,180,NEIGHBORHOOD,500 M TO 4KM,,"Jefferson County, AL  Department Of Health",HIGHEST CONCENTRATION,,,4,
2023-08-28,010731003,1,0.8,Parts per billion,0,Fairfield,17,71,42401,Sulfur dioxide,100,INSTRUMENTAL - ULTRAVIOLET FLUORESCENCE,13820,"Birmingham-Hoover, AL",33.485556,-86.915,,180,NEIGHBORHOOD,500 M TO 4KM,,"Jefferson County, AL  Department Of Health",HIGHEST CONCENTRATION,,,4,
2023-08-29,010731003,1,0.5,Parts per billion,0,Fairfield,24,100,42401,Sulfur dioxide,100,INSTRUMENTAL - ULTRAVIOLET FLUORESCENCE,13820,"Birmingham-Hoover, AL",33.485556,-86.915,,180,NEIGHBORHOOD,500 M TO 4KM,,"Jefferson County, AL  Department Of Health",HIGHEST CONCENTRATION,,,4,
2023-08-30,010731003,1,1,Parts per billion,1,Fairfield,19,79,42401,Sulfur dioxide,100,INSTRUMENTAL - ULTRAVIOLET FLUORESCENCE,13820,"Birmingham-Hoover, AL",33.485556,-86.915,,180,NEIGHBORHOOD,500 M TO 4KM,,"Jefferson County, AL  Department Of Health",HIGHEST CONCENTRATION,,,4,
2023-08-31,010731003,1,0.3,Parts per billion,0,Fairfield,22,92,42401,Sulfur dioxide,100,INSTRUMENTAL - ULTRAVIOLET FLUORESCENCE,13820,"Birmingham-Hoover, AL",33.485556,-86.915,,180,NEIGHBORHOOD,500 M TO 4KM,,"Jefferson County, AL  Department Of Health",HIGHEST CONCENTRATION,,,4,
2023-09-01,010731003,1,0.2,Parts per billion,0,Fairfield,24,100,42401,Sulfur dioxide,100,INSTRUMENTAL - ULTRAVIOLET FLUORESCENCE,13820,"Birmingham-Hoover, AL",33.485556,-86.915,,180,NEIGHBORHOOD,500 M TO 4KM,,"Jefferson County, AL  Department Of Health",HIGHEST CONCENTRATION,,,4,
2023-09-02,010731003,1,0.1,Parts per billion,0,Fairfield,24,100,42401,Sulfur dioxide,100,INSTRUMENTAL - ULTRAVIOLET FLUORESCENCE,13820,"Birmingham-Hoover, AL",33.485556,-86.915,,180,NEIGHBORHOOD,500 M TO 4KM,,"Jefferson County, AL  Department Of Health",HIGHEST CONCENTRATION,,,4,
2023-09-03,010731003,1,0.2,Parts per billion,0,Fairfield,24,100,42401,Sulfur dioxide,100,INSTRUMENTAL - ULTRAVIOLET FLUORESCENCE,13820,"Birmingham-Hoover, AL",33.485556,-86.915,,180,NEIGHBORHOOD,500 M TO 4KM,,"Jefferson County, AL  Department Of Health",HIGHEST CONCENTRATION,,,4,
2023-09-04,010731003,1,1.2,Parts per billion,1,Fairfield,24,100,42401,Sulfur dioxide,100,INSTRUMENTAL - ULTRAVIOLET FLUORESCENCE,13820,"Birmingham-Hoover, AL",33.485556,-86.915,,180,NEIGHBORHOOD,500 M TO 4KM,,"Jefferson County, AL  Department Of Health",HIGHEST CONCENTRATION,,,4,
2023-09-05,010731003,1,3,Parts per billion,4,Fairfield,24,100,42401,Sulfur dioxide,100,INSTRUMENTAL - ULTRAVIOLET FLUORESCENCE,13820,"Birmingham-Hoover, AL",33.485556,-86.915,,180,NEIGHBORHOOD,500 M TO 4KM,,"Jefferson County, AL  Department Of Health",HIGHEST CONCENTRATION,,,4,
2023-09-06,010731003,1,0.8,Parts per billion,0,Fairfield,24,100,42401,Sulfur dioxide,100,INSTRUMENTAL - ULTRAVIOLET FLUORESCENCE,13820,"Birmingham-Hoover, AL",33.485556,-86.915,,180,NEIGHBORHOOD,500 M TO 4KM,,"Jefferson County, AL  Department Of Health",HIGHEST CONCENTRATION,,,4,
2023-09-07,010731003,1,0.4,Parts per billion,0,Fairfield,24,100,42401,Sulfur dioxide,100,INSTRUMENTAL - ULTRAVIOLET FLUORESCENCE,13820,"Birmingham-Hoover, AL",33.485556,-86.915,,180,NEIGHBORHOOD,500 M TO 4KM,,"Jefferson County, AL  Department Of Health",HIGHEST CONCENTRATION,,,4,
2023-09-08,010731003,1,0.1,Parts per billion,0,Fairfield,24,100,42401,Sulfur dioxide,100,INSTRUMENTAL - ULTRAVIOLET FLUORESCENCE,13820,"Birmingham-Hoover, AL",33.485556,-86.915,,180,NEIGHBORHOOD,500 M TO 4KM,,"Jefferson County, AL  Department Of Health",HIGHEST CONCENTRATION,,,4,
2023-09-09,010731003,1,0.6,Parts per billion,0,Fairfield,24,100,42401,Sulfur dioxide,100,INSTRUMENTAL - ULTRAVIOLET FLUORESCENCE,13820,"Birmingham-Hoover, AL",33.485556,-86.915,,180,NEIGHBORHOOD,500 M TO 4KM,,"Jefferson County, AL  Department Of Health",HIGHEST CONCENTRATION,,,4,
2023-09-10,010731003,1,1.2,Parts per billion,1,Fairfield,24,100,42401,Sulfur dioxide,100,INSTRUMENTAL - ULTRAVIOLET FLUORESCENCE,13820,"Birmingham-Hoover, AL",33.485556,-86.915,,180,NEIGHBORHOOD,500 M TO 4KM,,"Jefferson County, AL  Department Of Health",HIGHEST CONCENTRATION,,,4,
2023-09-11,010731003,1,0.1,Parts per billion,0,Fairfield,24,100,42401,Sulfur dioxide,100,INSTRUMENTAL - ULTRAVIOLET FLUORESCENCE,13820,"Birmingham-Hoover, AL",33.485556,-86.915,,180,NEIGHBORHOOD,500 M TO 4KM,,"Jefferson County, AL  Department Of Health",HIGHEST CONCENTRATION,,,4,
2023-09-12,010731003,1,1,Parts per billion,1,Fairfield,24,100,42401,Sulfur dioxide,100,INSTRUMENTAL - ULTRAVIOLET FLUORESCENCE,13820,"Birmingham-Hoover, AL",33.485556,-86.915,,180,NEIGHBORHOOD,500 M TO 4KM,,"Jefferson County, AL  Department Of Health",HIGHEST CONCENTRATION,,,4,
2023-09-13,010731003,1,0.3,Parts per billion,0,Fairfield,22,92,42401,Sulfur dioxide,100,INSTRUMENTAL - ULTRAVIOLET FLUORESCENCE,13820,"Birmingham-Hoover, AL",33.485556,-86.915,,180,NEIGHBORHOOD,500 M TO 4KM,,"Jefferson County, AL  Department Of Health",HIGHEST CONCENTRATION,,,4,
2023-09-14,010731003,1,0.5,Parts per billion,0,Fairfield,24,100,42401,Sulfur dioxide,100,INSTRUMENTAL - ULTRAVIOLET FLUORESCENCE,13820,"Birmingham-Hoover, AL",33.485556,-86.915,,180,NEIGHBORHOOD,500 M TO 4KM,,"Jefferson County, AL  Department Of Health",HIGHEST CONCENTRATION,,,4,
2023-09-15,010731003,1,0.3,Parts per billion,0,Fairfield,24,100,42401,Sulfur dioxide,100,INSTRUMENTAL - ULTRAVIOLET FLUORESCENCE,13820,"Birmingham-Hoover, AL",33.485556,-86.915,,180,NEIGHBORHOOD,500 M TO 4KM,,"Jefferson County, AL  Department Of Health",HIGHEST CONCENTRATION,,,4,
2023-09-16,010731003,1,0,Parts per billion,0,Fairfield,24,100,42401,Sulfur dioxide,100,INSTRUMENTAL - ULTRAVIOLET FLUORESCENCE,13820,"Birmingham-Hoover, AL",33.485556,-86.915,,180,NEIGHBORHOOD,500 M TO 4KM,,"Jefferson County, AL  Department Of Health",HIGHEST CONCENTRATION,,,4,
2023-09-17,010731003,1,0.2,Parts per billion,0,Fairfield,24,100,42401,Sulfur dioxide,100,INSTRUMENTAL - ULTRAVIOLET FLUORESCENCE,13820,"Birmingham-Hoover, AL",33.485556,-86.915,,180,NEIGHBORHOOD,500 M TO 4KM,,"Jefferson County, AL  Department Of Health",HIGHEST CONCENTRATION,,,4,
2023-09-18,010731003,1,0.1,Parts per billion,0,Fairfield,24,100,42401,Sulfur dioxide,100,INSTRUMENTAL - ULTRAVIOLET FLUORESCENCE,13820,"Birmingham-Hoover, AL",33.485556,-86.915,,180,NEIGHBORHOOD,500 M TO 4KM,,"Jefferson County, AL  Department Of Health",HIGHEST CONCENTRATION,,,4,
2023-09-19,010731003,1,0.2,Parts per billion,0,Fairfield,24,100,42401,Sulfur dioxide,100,INSTRUMENTAL - ULTRAVIOLET FLUORESCENCE,13820,"Birmingham-Hoover, AL",33.485556,-86.915,,180,NEIGHBORHOOD,500 M TO 4KM,,"Jefferson County, AL  Department Of Health",HIGHEST CONCENTRATION,,,4,
2023-09-20,010731003,1,0,Parts per billion,0,Fairfield,24,100,42401,Sulfur dioxide,100,INSTRUMENTAL - ULTRAVIOLET FLUORESCENCE,13820,"Birmingham-Hoover, AL",33.485556,-86.915,,180,NEIGHBORHOOD,500 M TO 4KM,,"Jefferson County, AL  Department Of Health",HIGHEST CONCENTRATION,,,4,
2023-09-21,010731003,1,0,Parts per billion,0,Fairfield,24,100,42401,Sulfur dioxide,100,INSTRUMENTAL - ULTRAVIOLET FLUORESCENCE,13820,"Birmingham-Hoover, AL",33.485556,-86.915,,180,NEIGHBORHOOD,500 M TO 4KM,,"Jefferson County, AL  Department Of Health",HIGHEST CONCENTRATION,,,4,
2023-09-22,010731003,1,0.2,Parts per billion,0,Fairfield,24,100,42401,Sulfur dioxide,100,INSTRUMENTAL - ULTRAVIOLET FLUORESCENCE,13820,"Birmingham-Hoover, AL",33.485556,-86.915,,180,NEIGHBORHOOD,500 M TO 4KM,,"Jefferson County, AL  Department Of Health",HIGHEST CONCENTRATION,,,4,
2023-09-23,010731003,1,0.3,Parts per billion,0,Fairfield,24,100,42401,Sulfur dioxide,100,INSTRUMENTAL - ULTRAVIOLET FLUORESCENCE,13820,"Birmingham-Hoover, AL",33.485556,-86.915,,180,NEIGHBORHOOD,500 M TO 4KM,,"Jefferson County, AL  Department Of Health",HIGHEST CONCENTRATION,,,4,
2023-09-24,010731003,1,0.6,Parts per billion,0,Fairfield,24,100,42401,Sulfur dioxide,100,INSTRUMENTAL - ULTRAVIOLET FLUORESCENCE,13820,"Birmingham-Hoover, AL",33.485556,-86.915,,180,NEIGHBORHOOD,500 M TO 4KM,,"Jefferson County, AL  Department Of Health",HIGHEST CONCENTRATION,,,4,
2023-09-25,010731003,1,1.5,Parts per billion,1,Fairfield,24,100,42401,Sulfur dioxide,100,INSTRUMENTAL - ULTRAVIOLET FLUORESCENCE,13820,"Birmingham-Hoover, AL",33.485556,-86.915,,180,NEIGHBORHOOD,500 M TO 4KM,,"Jefferson County, AL  Department Of Health",HIGHEST CONCENTRATION,,,4,
2023-09-26,010731003,1,0.2,Parts per billion,0,Fairfield,24,100,42401,Sulfur dioxide,100,INSTRUMENTAL - ULTRAVIOLET FLUORESCENCE,13820,"Birmingham-Hoover, AL",33.485556,-86.915,,180,NEIGHBORHOOD,500 M TO 4KM,,"Jefferson County, AL  Department Of Health",HIGHEST CONCENTRATION,,,4,
2023-09-27,010731003,1,-0.1,Parts per billion,0,Fairfield,20,83,42401,Sulfur dioxide,100,INSTRUMENTAL - ULTRAVIOLET FLUORESCENCE,13820,"Birmingham-Hoover, AL",33.485556,-86.915,,180,NEIGHBORHOOD,500 M TO 4KM,,"Jefferson County, AL  Department Of Health",HIGHEST CONCENTRATION,,,4,
2023-09-28,010731003,1,-0.2,Parts per billion,0,Fairfield,24,100,42401,Sulfur dioxide,100,INSTRUMENTAL - ULTRAVIOLET FLUORESCENCE,13820,"Birmingham-Hoover, AL",33.485556,-86.915,,180,NEIGHBORHOOD,500 M TO 4KM,,"Jefferson County, AL  Department Of Health",HIGHEST CONCENTRATION,,,4,
2023-09-29,010731003,1,0.2,Parts per billion,0,Fairfield,24,100,42401,Sulfur dioxide,100,INSTRUMENTAL - ULTRAVIOLET FLUORESCENCE,13820,"Birmingham-Hoover, AL",33.485556,-86.915,,180,NEIGHBORHOOD,500 M TO 4KM,,"Jefferson County, AL  Department Of Health",HIGHEST CONCENTRATION,,,4,
2023-09-30,010731003,1,0.5,Parts per billion,0,Fairfield,24,100,42401,Sulfur dioxide,100,INSTRUMENTAL - ULTRAVIOLET FLUORESCENCE,13820,"Birmingham-Hoover, AL",33.485556,-86.915,,180,NEIGHBORHOOD,500 M TO 4KM,,"Jefferson County, AL  Department Of Health",HIGHEST CONCENTRATION,,,4,
2023-10-01,010731003,1,-0.1,Parts per billion,0,Fairfield,24,100,42401,Sulfur dioxide,100,INSTRUMENTAL - ULTRAVIOLET FLUORESCENCE,13820,"Birmingham-Hoover, AL",33.485556,-86.915,,180,NEIGHBORHOOD,500 M TO 4KM,,"Jefferson County, AL  Department Of Health",HIGHEST CONCENTRATION,,,4,
2023-10-02,010731003,1,0,Parts per billion,0,Fairfield,24,100,42401,Sulfur dioxide,100,INSTRUMENTAL - ULTRAVIOLET FLUORESCENCE,13820,"Birmingham-Hoover, AL",33.485556,-86.915,,180,NEIGHBORHOOD,500 M TO 4KM,,"Jefferson County, AL  Department Of Health",HIGHEST CONCENTRATION,,,4,
2023-10-03,010731003,1,0.2,Parts per billion,0,Fairfield,24,100,42401,Sulfur dioxide,100,INSTRUMENTAL - ULTRAVIOLET FLUORESCENCE,13820,"Birmingham-Hoover, AL",33.485556,-86.915,,180,NEIGHBORHOOD,500 M TO 4KM,,"Jefferson County, AL  Department Of Health",HIGHEST CONCENTRATION,,,4,
2023-10-04,010731003,1,-0.3,Parts per billion,0,Fairfield,24,100,42401,Sulfur dioxide,100,INSTRUMENTAL - ULTRAVIOLET FLUORESCENCE,13820,"Birmingham-Hoover, AL",33.485556,-86.915,,180,NEIGHBORHOOD,500 M TO 4KM,,"Jefferson County, AL  Department Of Health",HIGHEST CONCENTRATION,,,4,
2023-10-06,010731003,1,-0.2,Parts per billion,0,Fairfield,24,100,42401,Sulfur dioxide,100,INSTRUMENTAL - ULTRAVIOLET FLUORESCENCE,13820,"Birmingham-Hoover, AL",33.485556,-86.915,,180,NEIGHBORHOOD,500 M TO 4KM,,"Jefferson County, AL  Department Of Health",HIGHEST CONCENTRATION,,,4,
2023-10-05,010731003,1,0.5,Parts per billion,0,Fairfield,24,100,42401,Sulfur dioxide,100,INSTRUMENTAL - ULTRAVIOLET FLUORESCENCE,13820,"Birmingham-Hoover, AL",33.485556,-86.915,,180,NEIGHBORHOOD,500 M TO 4KM,,"Jefferson County, AL  Department Of Health",HIGHEST CONCENTRATION,,,4,
2023-10-07,010731003,1,-0.5,Parts per billion,0,Fairfield,24,100,42401,Sulfur dioxide,100,INSTRUMENTAL - ULTRAVIOLET FLUORESCENCE,13820,"Birmingham-Hoover, AL",33.485556,-86.915,,180,NEIGHBORHOOD,500 M TO 4KM,,"Jefferson County, AL  Department Of Health",HIGHEST CONCENTRATION,,,4,
2023-10-08,010731003,1,-0.3,Parts per billion,0,Fairfield,24,100,42401,Sulfur dioxide,100,INSTRUMENTAL - ULTRAVIOLET FLUORESCENCE,13820,"Birmingham-Hoover, AL",33.485556,-86.915,,180,NEIGHBORHOOD,500 M TO 4KM,,"Jefferson County, AL  Department Of Health",HIGHEST CONCENTRATION,,,4,
2023-10-09,010731003,1,0.4,Parts per billion,0,Fairfield,24,100,42401,Sulfur dioxide,100,INSTRUMENTAL - ULTRAVIOLET FLUORESCENCE,13820,"Birmingham-Hoover, AL",33.485556,-86.915,,180,NEIGHBORHOOD,500 M TO 4KM,,"Jefferson County, AL  Department Of Health",HIGHEST CONCENTRATION,,,4,
2023-10-10,010731003,1,0.4,Parts per billion,0,Fairfield,24,100,42401,Sulfur dioxide,100,INSTRUMENTAL - ULTRAVIOLET FLUORESCENCE,13820,"Birmingham-Hoover, AL",33.485556,-86.915,,180,NEIGHBORHOOD,500 M TO 4KM,,"Jefferson County, AL  Department Of Health",HIGHEST CONCENTRATION,,,4,
2023-10-11,010731003,1,0.7,Parts per billion,0,Fairfield,17,71,42401,Sulfur dioxide,100,INSTRUMENTAL - ULTRAVIOLET FLUORESCENCE,13820,"Birmingham-Hoover, AL",33.485556,-86.915,,180,NEIGHBORHOOD,500 M TO 4KM,,"Jefferson County, AL  Department Of Health",HIGHEST CONCENTRATION,,,4,
2023-10-12,010731003,1,0.3,Parts per billion,0,Fairfield,24,100,42401,Sulfur dioxide,100,INSTRUMENTAL - ULTRAVIOLET FLUORESCENCE,13820,"Birmingham-Hoover, AL",33.485556,-86.915,,180,NEIGHBORHOOD,500 M TO 4KM,,"Jefferson County, AL  Department Of Health",HIGHEST CONCENTRATION,,,4,
2023-10-13,010731003,1,0.3,Parts per billion,0,Fairfield,24,100,42401,Sulfur dioxide,100,INSTRUMENTAL - ULTRAVIOLET FLUORESCENCE,13820,"Birmingham-Hoover, AL",33.485556,-86.915,,180,NEIGHBORHOOD,500 M TO 4KM,,"Jefferson County, AL  Department Of Health",HIGHEST CONCENTRATION,,,4,
2023-10-14,010731003,1,0.3,Parts per billion,0,Fairfield,24,100,42401,Sulfur dioxide,100,INSTRUMENTAL - ULTRAVIOLET FLUORESCENCE,13820,"Birmingham-Hoover, AL",33.485556,-86.915,,180,NEIGHBORHOOD,500 M TO 4KM,,"Jefferson County, AL  Department Of Health",HIGHEST CONCENTRATION,,,4,
2023-10-15,010731003,1,0.1,Parts per billion,0,Fairfield,24,100,42401,Sulfur dioxide,100,INSTRUMENTAL - ULTRAVIOLET FLUORESCENCE,13820,"Birmingham-Hoover, AL",33.485556,-86.915,,180,NEIGHBORHOOD,500 M TO 4KM,,"Jefferson County, AL  Department Of Health",HIGHEST CONCENTRATION,,,4,
2023-10-16,010731003,1,0.2,Parts per billion,0,Fairfield,24,100,42401,Sulfur dioxide,100,INSTRUMENTAL - ULTRAVIOLET FLUORESCENCE,13820,"Birmingham-Hoover, AL",33.485556,-86.915,,180,NEIGHBORHOOD,500 M TO 4KM,,"Jefferson County, AL  Department Of Health",HIGHEST CONCENTRATION,,,4,
2023-10-17,010731003,1,0.3,Parts per billion,0,Fairfield,24,100,42401,Sulfur dioxide,100,INSTRUMENTAL - ULTRAVIOLET FLUORESCENCE,13820,"Birmingham-Hoover, AL",33.485556,-86.915,,180,NEIGHBORHOOD,500 M TO 4KM,,"Jefferson County, AL  Department Of Health",HIGHEST CONCENTRATION,,,4,
2023-10-18,010731003,1,1.2,Parts per billion,1,Fairfield,24,100,42401,Sulfur dioxide,100,INSTRUMENTAL - ULTRAVIOLET FLUORESCENCE,13820,"Birmingham-Hoover, AL",33.485556,-86.915,,180,NEIGHBORHOOD,500 M TO 4KM,,"Jefferson County, AL  Department Of Health",HIGHEST CONCENTRATION,,,4,
2023-10-19,010731003,1,1.1,Parts per billion,1,Fairfield,24,100,42401,Sulfur dioxide,100,INSTRUMENTAL - ULTRAVIOLET FLUORESCENCE,13820,"Birmingham-Hoover, AL",33.485556,-86.915,,180,NEIGHBORHOOD,500 M TO 4KM,,"Jefferson County, AL  Department Of Health",HIGHEST CONCENTRATION,,,4,
2023-10-20,010731003,1,0.5,Parts per billion,0,Fairfield,24,100,42401,Sulfur dioxide,100,INSTRUMENTAL - ULTRAVIOLET FLUORESCENCE,13820,"Birmingham-Hoover, AL",33.485556,-86.915,,180,NEIGHBORHOOD,500 M TO 4KM,,"Jefferson County, AL  Department Of Health",HIGHEST CONCENTRATION,,,4,
2023-10-21,010731003,1,0.5,Parts per billion,0,Fairfield,24,100,42401,Sulfur dioxide,100,INSTRUMENTAL - ULTRAVIOLET FLUORESCENCE,13820,"Birmingham-Hoover, AL",33.485556,-86.915,,180,NEIGHBORHOOD,500 M TO 4KM,,"Jefferson County, AL  Department Of Health",HIGHEST CONCENTRATION,,,4,
2023-10-22,010731003,1,0.5,Parts per billion,0,Fairfield,24,100,42401,Sulfur dioxide,100,INSTRUMENTAL - ULTRAVIOLET FLUORESCENCE,13820,"Birmingham-Hoover, AL",33.485556,-86.915,,180,NEIGHBORHOOD,500 M TO 4KM,,"Jefferson County, AL  Department Of Health",HIGHEST CONCENTRATION,,,4,
2023-10-23,010731003,1,0.5,Parts per billion,0,Fairfield,24,100,42401,Sulfur dioxide,100,INSTRUMENTAL - ULTRAVIOLET FLUORESCENCE,13820,"Birmingham-Hoover, AL",33.485556,-86.915,,180,NEIGHBORHOOD,500 M TO 4KM,,"Jefferson County, AL  Department Of Health",HIGHEST CONCENTRATION,,,4,
2023-10-24,010731003,1,0.2,Parts per billion,0,Fairfield,22,92,42401,Sulfur dioxide,100,INSTRUMENTAL - ULTRAVIOLET FLUORESCENCE,13820,"Birmingham-Hoover, AL",33.485556,-86.915,,180,NEIGHBORHOOD,500 M TO 4KM,,"Jefferson County, AL  Department Of Health",HIGHEST CONCENTRATION,,,4,
2023-10-25,010731003,1,0.1,Parts per billion,0,Fairfield,24,100,42401,Sulfur dioxide,100,INSTRUMENTAL - ULTRAVIOLET FLUORESCENCE,13820,"Birmingham-Hoover, AL",33.485556,-86.915,,180,NEIGHBORHOOD,500 M TO 4KM,,"Jefferson County, AL  Department Of Health",HIGHEST CONCENTRATION,,,4,
2023-10-26,010731003,1,0.2,Parts per billion,0,Fairfield,24,100,42401,Sulfur dioxide,100,INSTRUMENTAL - ULTRAVIOLET FLUORESCENCE,13820,"Birmingham-Hoover, AL",33.485556,-86.915,,180,NEIGHBORHOOD,500 M TO 4KM,,"Jefferson County, AL  Department Of Health",HIGHEST CONCENTRATION,,,4,
2023-10-27,010731003,1,1.4,Parts per billion,1,Fairfield,24,100,42401,Sulfur dioxide,100,INSTRUMENTAL - ULTRAVIOLET FLUORESCENCE,13820,"Birmingham-Hoover, AL",33.485556,-86.915,,180,NEIGHBORHOOD,500 M TO 4KM,,"Jefferson County, AL  Department Of Health",HIGHEST CONCENTRATION,,,4,
2023-10-28,010731003,1,4.9,Parts per billion,6,Fairfield,24,100,42401,Sulfur dioxide,100,INSTRUMENTAL - ULTRAVIOLET FLUORESCENCE,13820,"Birmingham-Hoover, AL",33.485556,-86.915,,180,NEIGHBORHOOD,500 M TO 4KM,,"Jefferson County, AL  Department Of Health",HIGHEST CONCENTRATION,,,4,
2023-10-29,010731003,1,1.1,Parts per billion,1,Fairfield,24,100,42401,Sulfur dioxide,100,INSTRUMENTAL - ULTRAVIOLET FLUORESCENCE,13820,"Birmingham-Hoover, AL",33.485556,-86.915,,180,NEIGHBORHOOD,500 M TO 4KM,,"Jefferson County, AL  Department Of Health",HIGHEST CONCENTRATION,,,4,
2023-10-30,010731003,1,0.5,Parts per billion,0,Fairfield,24,100,42401,Sulfur dioxide,100,INSTRUMENTAL - ULTRAVIOLET FLUORESCENCE,13820,"Birmingham-Hoover, AL",33.485556,-86.915,,180,NEIGHBORHOOD,500 M TO 4KM,,"Jefferson County, AL  Department Of Health",HIGHEST CONCENTRATION,,,4,
2023-10-31,010731003,1,0,Parts per billion,0,Fairfield,24,100,42401,Sulfur dioxide,100,INSTRUMENTAL - ULTRAVIOLET FLUORESCENCE,13820,"Birmingham-Hoover, AL",33.485556,-86.915,,180,NEIGHBORHOOD,500 M TO 4KM,,"Jefferson County, AL  Department Of Health",HIGHEST CONCENTRATION,,,4,
2023-11-01,010731003,1,0.1,Parts per billion,0,Fairfield,24,100,42401,Sulfur dioxide,100,INSTRUMENTAL - ULTRAVIOLET FLUORESCENCE,13820,"Birmingham-Hoover, AL",33.485556,-86.915,,180,NEIGHBORHOOD,500 M TO 4KM,,"Jefferson County, AL  Department Of Health",HIGHEST CONCENTRATION,,,4,
2023-11-02,010731003,1,1.2,Parts per billion,1,Fairfield,24,100,42401,Sulfur dioxide,100,INSTRUMENTAL - ULTRAVIOLET FLUORESCENCE,13820,"Birmingham-Hoover, AL",33.485556,-86.915,,180,NEIGHBORHOOD,500 M TO 4KM,,"Jefferson County, AL  Department Of Health",HIGHEST CONCENTRATION,,,4,
2023-11-03,010731003,1,1.5,Parts per billion,1,Fairfield,24,100,42401,Sulfur dioxide,100,INSTRUMENTAL - ULTRAVIOLET FLUORESCENCE,13820,"Birmingham-Hoover, AL",33.485556,-86.915,,180,NEIGHBORHOOD,500 M TO 4KM,,"Jefferson County, AL  Department Of Health",HIGHEST CONCENTRATION,,,4,
2023-11-04,010731003,1,1.6,Parts per billion,1,Fairfield,24,100,42401,Sulfur dioxide,100,INSTRUMENTAL - ULTRAVIOLET FLUORESCENCE,13820,"Birmingham-Hoover, AL",33.485556,-86.915,,180,NEIGHBORHOOD,500 M TO 4KM,,"Jefferson County, AL  Department Of Health",HIGHEST CONCENTRATION,,,4,
2023-11-05,010731003,1,1.2,Parts per billion,1,Fairfield,24,100,42401,Sulfur dioxide,100,INSTRUMENTAL - ULTRAVIOLET FLUORESCENCE,13820,"Birmingham-Hoover, AL",33.485556,-86.915,,180,NEIGHBORHOOD,500 M TO 4KM,,"Jefferson County, AL  Department Of Health",HIGHEST CONCENTRATION,,,4,
2023-11-06,010731003,1,6.2,Parts per billion,9,Fairfield,24,100,42401,Sulfur dioxide,100,INSTRUMENTAL - ULTRAVIOLET FLUORESCENCE,13820,"Birmingham-Hoover, AL",33.485556,-86.915,,180,NEIGHBORHOOD,500 M TO 4KM,,"Jefferson County, AL  Department Of Health",HIGHEST CONCENTRATION,,,4,
2023-11-07,010731003,1,3.2,Parts per billion,4,Fairfield,24,100,42401,Sulfur dioxide,100,INSTRUMENTAL - ULTRAVIOLET FLUORESCENCE,13820,"Birmingham-Hoover, AL",33.485556,-86.915,,180,NEIGHBORHOOD,500 M TO 4KM,,"Jefferson County, AL  Department Of Health",HIGHEST CONCENTRATION,,,4,
2023-11-08,010731003,1,1,Parts per billion,1,Fairfield,22,92,42401,Sulfur dioxide,100,INSTRUMENTAL - ULTRAVIOLET FLUORESCENCE,13820,"Birmingham-Hoover, AL",33.485556,-86.915,,180,NEIGHBORHOOD,500 M TO 4KM,,"Jefferson County, AL  Department Of Health",HIGHEST CONCENTRATION,,,4,
2023-11-09,010731003,1,0.3,Parts per billion,0,Fairfield,24,100,42401,Sulfur dioxide,100,INSTRUMENTAL - ULTRAVIOLET FLUORESCENCE,13820,"Birmingham-Hoover, AL",33.485556,-86.915,,180,NEIGHBORHOOD,500 M TO 4KM,,"Jefferson County, AL  Department Of Health",HIGHEST CONCENTRATION,,,4,
2023-11-10,010731003,1,0.6,Parts per billion,0,Fairfield,24,100,42401,Sulfur dioxide,100,INSTRUMENTAL - ULTRAVIOLET FLUORESCENCE,13820,"Birmingham-Hoover, AL",33.485556,-86.915,,180,NEIGHBORHOOD,500 M TO 4KM,,"Jefferson County, AL  Department Of Health",HIGHEST CONCENTRATION,,,4,
2023-11-11,010731003,1,0,Parts per billion,0,Fairfield,24,100,42401,Sulfur dioxide,100,INSTRUMENTAL - ULTRAVIOLET FLUORESCENCE,13820,"Birmingham-Hoover, AL",33.485556,-86.915,,180,NEIGHBORHOOD,500 M TO 4KM,,"Jefferson County, AL  Department Of Health",HIGHEST CONCENTRATION,,,4,
2023-11-12,010731003,1,0.3,Parts per billion,0,Fairfield,24,100,42401,Sulfur dioxide,100,INSTRUMENTAL - ULTRAVIOLET FLUORESCENCE,13820,"Birmingham-Hoover, AL",33.485556,-86.915,,180,NEIGHBORHOOD,500 M TO 4KM,,"Jefferson County, AL  Department Of Health",HIGHEST CONCENTRATION,,,4,
2023-11-13,010731003,1,0.6,Parts per billion,0,Fairfield,24,100,42401,Sulfur dioxide,100,INSTRUMENTAL - ULTRAVIOLET FLUORESCENCE,13820,"Birmingham-Hoover, AL",33.485556,-86.915,,180,NEIGHBORHOOD,500 M TO 4KM,,"Jefferson County, AL  Department Of Health",HIGHEST CONCENTRATION,,,4,
2023-11-14,010731003,1,0.4,Parts per billion,0,Fairfield,24,100,42401,Sulfur dioxide,100,INSTRUMENTAL - ULTRAVIOLET FLUORESCENCE,13820,"Birmingham-Hoover, AL",33.485556,-86.915,,180,NEIGHBORHOOD,500 M TO 4KM,,"Jefferson County, AL  Department Of Health",HIGHEST CONCENTRATION,,,4,
2023-11-15,010731003,1,0.3,Parts per billion,0,Fairfield,24,100,42401,Sulfur dioxide,100,INSTRUMENTAL - ULTRAVIOLET FLUORESCENCE,13820,"Birmingham-Hoover, AL",33.485556,-86.915,,180,NEIGHBORHOOD,500 M TO 4KM,,"Jefferson County, AL  Department Of Health",HIGHEST CONCENTRATION,,,4,
2023-11-16,010731003,1,0.4,Parts per billion,0,Fairfield,24,100,42401,Sulfur dioxide,100,INSTRUMENTAL - ULTRAVIOLET FLUORESCENCE,13820,"Birmingham-Hoover, AL",33.485556,-86.915,,180,NEIGHBORHOOD,500 M TO 4KM,,"Jefferson County, AL  Department Of Health",HIGHEST CONCENTRATION,,,4,
2023-11-17,010731003,1,0.6,Parts per billion,0,Fairfield,24,100,42401,Sulfur dioxide,100,INSTRUMENTAL - ULTRAVIOLET FLUORESCENCE,13820,"Birmingham-Hoover, AL",33.485556,-86.915,,180,NEIGHBORHOOD,500 M TO 4KM,,"Jefferson County, AL  Department Of Health",HIGHEST CONCENTRATION,,,4,
2023-11-18,010731003,1,0.1,Parts per billion,0,Fairfield,24,100,42401,Sulfur dioxide,100,INSTRUMENTAL - ULTRAVIOLET FLUORESCENCE,13820,"Birmingham-Hoover, AL",33.485556,-86.915,,180,NEIGHBORHOOD,500 M TO 4KM,,"Jefferson County, AL  Department Of Health",HIGHEST CONCENTRATION,,,4,
2023-11-19,010731003,1,0.7,Parts per billion,0,Fairfield,24,100,42401,Sulfur dioxide,100,INSTRUMENTAL - ULTRAVIOLET FLUORESCENCE,13820,"Birmingham-Hoover, AL",33.485556,-86.915,,180,NEIGHBORHOOD,500 M TO 4KM,,"Jefferson County, AL  Department Of Health",HIGHEST CONCENTRATION,,,4,
2023-11-20,010731003,1,1.3,Parts per billion,1,Fairfield,24,100,42401,Sulfur dioxide,100,INSTRUMENTAL - ULTRAVIOLET FLUORESCENCE,13820,"Birmingham-Hoover, AL",33.485556,-86.915,,180,NEIGHBORHOOD,500 M TO 4KM,,"Jefferson County, AL  Department Of Health",HIGHEST CONCENTRATION,,,4,
2023-11-21,010731003,1,0.2,Parts per billion,0,Fairfield,24,100,42401,Sulfur dioxide,100,INSTRUMENTAL - ULTRAVIOLET FLUORESCENCE,13820,"Birmingham-Hoover, AL",33.485556,-86.915,,180,NEIGHBORHOOD,500 M TO 4KM,,"Jefferson County, AL  Department Of Health",HIGHEST CONCENTRATION,,,4,
2023-11-22,010731003,1,0.1,Parts per billion,0,Fairfield,22,92,42401,Sulfur dioxide,100,INSTRUMENTAL - ULTRAVIOLET FLUORESCENCE,13820,"Birmingham-Hoover, AL",33.485556,-86.915,,180,NEIGHBORHOOD,500 M TO 4KM,,"Jefferson County, AL  Department Of Health",HIGHEST CONCENTRATION,,,4,
2023-11-23,010731003,1,0.1,Parts per billion,0,Fairfield,24,100,42401,Sulfur dioxide,100,INSTRUMENTAL - ULTRAVIOLET FLUORESCENCE,13820,"Birmingham-Hoover, AL",33.485556,-86.915,,180,NEIGHBORHOOD,500 M TO 4KM,,"Jefferson County, AL  Department Of Health",HIGHEST CONCENTRATION,,,4,
2023-11-24,010731003,1,0.1,Parts per billion,0,Fairfield,24,100,42401,Sulfur dioxide,100,INSTRUMENTAL - ULTRAVIOLET FLUORESCENCE,13820,"Birmingham-Hoover, AL",33.485556,-86.915,,180,NEIGHBORHOOD,500 M TO 4KM,,"Jefferson County, AL  Department Of Health",HIGHEST CONCENTRATION,,,4,
2023-11-25,010731003,1,0.8,Parts per billion,0,Fairfield,24,100,42401,Sulfur dioxide,100,INSTRUMENTAL - ULTRAVIOLET FLUORESCENCE,13820,"Birmingham-Hoover, AL",33.485556,-86.915,,180,NEIGHBORHOOD,500 M TO 4KM,,"Jefferson County, AL  Department Of Health",HIGHEST CONCENTRATION,,,4,
2023-11-26,010731003,1,0.1,Parts per billion,0,Fairfield,24,100,42401,Sulfur dioxide,100,INSTRUMENTAL - ULTRAVIOLET FLUORESCENCE,13820,"Birmingham-Hoover, AL",33.485556,-86.915,,180,NEIGHBORHOOD,500 M TO 4KM,,"Jefferson County, AL  Department Of Health",HIGHEST CONCENTRATION,,,4,
2023-11-27,010731003,1,0.5,Parts per billion,0,Fairfield,24,100,42401,Sulfur dioxide,100,INSTRUMENTAL - ULTRAVIOLET FLUORESCENCE,13820,"Birmingham-Hoover, AL",33.485556,-86.915,,180,NEIGHBORHOOD,500 M TO 4KM,,"Jefferson County, AL  Department Of Health",HIGHEST CONCENTRATION,,,4,
2023-11-28,010731003,1,0.2,Parts per billion,0,Fairfield,24,100,42401,Sulfur dioxide,100,INSTRUMENTAL - ULTRAVIOLET FLUORESCENCE,13820,"Birmingham-Hoover, AL",33.485556,-86.915,,180,NEIGHBORHOOD,500 M TO 4KM,,"Jefferson County, AL  Department Of Health",HIGHEST CONCENTRATION,,,4,
2023-11-29,010731003,1,1.8,Parts per billion,1,Fairfield,24,100,42401,Sulfur dioxide,100,INSTRUMENTAL - ULTRAVIOLET FLUORESCENCE,13820,"Birmingham-Hoover, AL",33.485556,-86.915,,180,NEIGHBORHOOD,500 M TO 4KM,,"Jefferson County, AL  Department Of Health",HIGHEST CONCENTRATION,,,4,
2023-11-30,010731003,1,2.2,Parts per billion,3,Fairfield,24,100,42401,Sulfur dioxide,100,INSTRUMENTAL - ULTRAVIOLET FLUORESCENCE,13820,"Birmingham-Hoover, AL",33.485556,-86.915,,180,NEIGHBORHOOD,500 M TO 4KM,,"Jefferson County, AL  Department Of Health",HIGHEST CONCENTRATION,,,4,
2023-12-01,010731003,1,0.6,Parts per billion,0,Fairfield,21,88,42401,Sulfur dioxide,100,INSTRUMENTAL - ULTRAVIOLET FLUORESCENCE,13820,"Birmingham-Hoover, AL",33.485556,-86.915,,180,NEIGHBORHOOD,500 M TO 4KM,,"Jefferson County, AL  Department Of Health",HIGHEST CONCENTRATION,,,4,
2023-12-02,010731003,1,0.3,Parts per billion,0,Fairfield,24,100,42401,Sulfur dioxide,100,INSTRUMENTAL - ULTRAVIOLET FLUORESCENCE,13820,"Birmingham-Hoover, AL",33.485556,-86.915,,180,NEIGHBORHOOD,500 M TO 4KM,,"Jefferson County, AL  Department Of Health",HIGHEST CONCENTRATION,,,4,
2023-12-03,010731003,1,0.4,Parts per billion,0,Fairfield,24,100,42401,Sulfur dioxide,100,INSTRUMENTAL - ULTRAVIOLET FLUORESCENCE,13820,"Birmingham-Hoover, AL",33.485556,-86.915,,180,NEIGHBORHOOD,500 M TO 4KM,,"Jefferson County, AL  Department Of Health",HIGHEST CONCENTRATION,,,4,
2023-12-04,010731003,1,0.5,Parts per billion,0,Fairfield,19,79,42401,Sulfur dioxide,100,INSTRUMENTAL - ULTRAVIOLET FLUORESCENCE,13820,"Birmingham-Hoover, AL",33.485556,-86.915,,180,NEIGHBORHOOD,500 M TO 4KM,,"Jefferson County, AL  Department Of Health",HIGHEST CONCENTRATION,,,4,
2023-12-06,010731003,1,0.5,Parts per billion,0,Fairfield,24,100,42401,Sulfur dioxide,100,INSTRUMENTAL - ULTRAVIOLET FLUORESCENCE,13820,"Birmingham-Hoover, AL",33.485556,-86.915,,180,NEIGHBORHOOD,500 M TO 4KM,,"Jefferson County, AL  Department Of Health",HIGHEST CONCENTRATION,,,4,
2023-12-05,010731003,1,1.1,Parts per billion,1,Fairfield,24,100,42401,Sulfur dioxide,100,INSTRUMENTAL - ULTRAVIOLET FLUORESCENCE,13820,"Birmingham-Hoover, AL",33.485556,-86.915,,180,NEIGHBORHOOD,500 M TO 4KM,,"Jefferson County, AL  Department Of Health",HIGHEST CONCENTRATION,,,4,
2023-12-07,010731003,1,4.6,Parts per billion,6,Fairfield,24,100,42401,Sulfur dioxide,100,INSTRUMENTAL - ULTRAVIOLET FLUORESCENCE,13820,"Birmingham-Hoover, AL",33.485556,-86.915,,180,NEIGHBORHOOD,500 M TO 4KM,,"Jefferson County, AL  Department Of Health",HIGHEST CONCENTRATION,,,4,
2023-12-08,010731003,1,1,Parts per billion,1,Fairfield,24,100,42401,Sulfur dioxide,100,INSTRUMENTAL - ULTRAVIOLET FLUORESCENCE,13820,"Birmingham-Hoover, AL",33.485556,-86.915,,180,NEIGHBORHOOD,500 M TO 4KM,,"Jefferson County, AL  Department Of Health",HIGHEST CONCENTRATION,,,4,
2023-12-09,010731003,1,0.6,Parts per billion,0,Fairfield,24,100,42401,Sulfur dioxide,100,INSTRUMENTAL - ULTRAVIOLET FLUORESCENCE,13820,"Birmingham-Hoover, AL",33.485556,-86.915,,180,NEIGHBORHOOD,500 M TO 4KM,,"Jefferson County, AL  Department Of Health",HIGHEST CONCENTRATION,,,4,
2023-12-10,010731003,1,0.1,Parts per billion,0,Fairfield,21,88,42401,Sulfur dioxide,100,INSTRUMENTAL - ULTRAVIOLET FLUORESCENCE,13820,"Birmingham-Hoover, AL",33.485556,-86.915,,180,NEIGHBORHOOD,500 M TO 4KM,,"Jefferson County, AL  Department Of Health",HIGHEST CONCENTRATION,,,4,
2023-12-11,010731003,1,0.8,Parts per billion,0,Fairfield,21,88,42401,Sulfur dioxide,100,INSTRUMENTAL - ULTRAVIOLET FLUORESCENCE,13820,"Birmingham-Hoover, AL",33.485556,-86.915,,180,NEIGHBORHOOD,500 M TO 4KM,,"Jefferson County, AL  Department Of Health",HIGHEST CONCENTRATION,,,4,
2023-12-12,010731003,1,1.9,Parts per billion,1,Fairfield,24,100,42401,Sulfur dioxide,100,INSTRUMENTAL - ULTRAVIOLET FLUORESCENCE,13820,"Birmingham-Hoover, AL",33.485556,-86.915,,180,NEIGHBORHOOD,500 M TO 4KM,,"Jefferson County, AL  Department Of Health",HIGHEST CONCENTRATION,,,4,
2023-12-13,010731003,1,1.7,Parts per billion,1,Fairfield,18,75,42401,Sulfur dioxide,100,INSTRUMENTAL - ULTRAVIOLET FLUORESCENCE,13820,"Birmingham-Hoover, AL",33.485556,-86.915,,180,NEIGHBORHOOD,500 M TO 4KM,,"Jefferson County, AL  Department Of Health",HIGHEST CONCENTRATION,,,4,
2023-12-14,010731003,1,1.1,Parts per billion,1,Fairfield,24,100,42401,Sulfur dioxide,100,INSTRUMENTAL - ULTRAVIOLET FLUORESCENCE,13820,"Birmingham-Hoover, AL",33.485556,-86.915,,180,NEIGHBORHOOD,500 M TO 4KM,,"Jefferson County, AL  Department Of Health",HIGHEST CONCENTRATION,,,4,
2023-12-15,010731003,1,0,Parts per billion,0,Fairfield,24,100,42401,Sulfur dioxide,100,INSTRUMENTAL - ULTRAVIOLET FLUORESCENCE,13820,"Birmingham-Hoover, AL",33.485556,-86.915,,180,NEIGHBORHOOD,500 M TO 4KM,,"Jefferson County, AL  Department Of Health",HIGHEST CONCENTRATION,,,4,
2023-12-16,010731003,1,0.2,Parts per billion,0,Fairfield,24,100,42401,Sulfur dioxide,100,INSTRUMENTAL - ULTRAVIOLET FLUORESCENCE,13820,"Birmingham-Hoover, AL",33.485556,-86.915,,180,NEIGHBORHOOD,500 M TO 4KM,,"Jefferson County, AL  Department Of Health",HIGHEST CONCENTRATION,,,4,
2023-12-17,010731003,1,0.1,Parts per billion,0,Fairfield,24,100,42401,Sulfur dioxide,100,INSTRUMENTAL - ULTRAVIOLET FLUORESCENCE,13820,"Birmingham-Hoover, AL",33.485556,-86.915,,180,NEIGHBORHOOD,500 M TO 4KM,,"Jefferson County, AL  Department Of Health",HIGHEST CONCENTRATION,,,4,
2023-12-18,010731003,1,0.3,Parts per billion,0,Fairfield,24,100,42401,Sulfur dioxide,100,INSTRUMENTAL - ULTRAVIOLET FLUORESCENCE,13820,"Birmingham-Hoover, AL",33.485556,-86.915,,180,NEIGHBORHOOD,500 M TO 4KM,,"Jefferson County, AL  Department Of Health",HIGHEST CONCENTRATION,,,4,
2023-12-19,010731003,1,1,Parts per billion,1,Fairfield,24,100,42401,Sulfur dioxide,100,INSTRUMENTAL - ULTRAVIOLET FLUORESCENCE,13820,"Birmingham-Hoover, AL",33.485556,-86.915,,180,NEIGHBORHOOD,500 M TO 4KM,,"Jefferson County, AL  Department Of Health",HIGHEST CONCENTRATION,,,4,
2023-12-20,010731003,1,1.5,Parts per billion,1,Fairfield,24,100,42401,Sulfur dioxide,100,INSTRUMENTAL - ULTRAVIOLET FLUORESCENCE,13820,"Birmingham-Hoover, AL",33.485556,-86.915,,180,NEIGHBORHOOD,500 M TO 4KM,,"Jefferson County, AL  Department Of Health",HIGHEST CONCENTRATION,,,4,
2023-12-21,010731003,1,2.9,Parts per billion,3,Fairfield,24,100,42401,Sulfur dioxide,100,INSTRUMENTAL - ULTRAVIOLET FLUORESCENCE,13820,"Birmingham-Hoover, AL",33.485556,-86.915,,180,NEIGHBORHOOD,500 M TO 4KM,,"Jefferson County, AL  Department Of Health",HIGHEST CONCENTRATION,,,4,
2023-12-22,010731003,1,2.2,Parts per billion,3,Fairfield,22,92,42401,Sulfur dioxide,100,INSTRUMENTAL - ULTRAVIOLET FLUORESCENCE,13820,"Birmingham-Hoover, AL",33.485556,-86.915,,180,NEIGHBORHOOD,500 M TO 4KM,,"Jefferson County, AL  Department Of Health",HIGHEST CONCENTRATION,,,4,
2023-12-23,010731003,1,1.8,Parts per billion,1,Fairfield,24,100,42401,Sulfur dioxide,100,INSTRUMENTAL - ULTRAVIOLET FLUORESCENCE,13820,"Birmingham-Hoover, AL",33.485556,-86.915,,180,NEIGHBORHOOD,500 M TO 4KM,,"Jefferson County, AL  Department Of Health",HIGHEST CONCENTRATION,,,4,
2023-12-24,010731003,1,0.5,Parts per billion,0,Fairfield,24,100,42401,Sulfur dioxide,100,INSTRUMENTAL - ULTRAVIOLET FLUORESCENCE,13820,"Birmingham-Hoover, AL",33.485556,-86.915,,180,NEIGHBORHOOD,500 M TO 4KM,,"Jefferson County, AL  Department Of Health",HIGHEST CONCENTRATION,,,4,
2023-12-25,010731003,1,0.2,Parts per billion,0,Fairfield,24,100,42401,Sulfur dioxide,100,INSTRUMENTAL - ULTRAVIOLET FLUORESCENCE,13820,"Birmingham-Hoover, AL",33.485556,-86.915,,180,NEIGHBORHOOD,500 M TO 4KM,,"Jefferson County, AL  Department Of Health",HIGHEST CONCENTRATION,,,4,
2023-12-26,010731003,1,0.4,Parts per billion,0,Fairfield,24,100,42401,Sulfur dioxide,100,INSTRUMENTAL - ULTRAVIOLET FLUORESCENCE,13820,"Birmingham-Hoover, AL",33.485556,-86.915,,180,NEIGHBORHOOD,500 M TO 4KM,,"Jefferson County, AL  Department Of Health",HIGHEST CONCENTRATION,,,4,
2023-12-27,010731003,1,1.6,Parts per billion,1,Fairfield,24,100,42401,Sulfur dioxide,100,INSTRUMENTAL - ULTRAVIOLET FLUORESCENCE,13820,"Birmingham-Hoover, AL",33.485556,-86.915,,180,NEIGHBORHOOD,500 M TO 4KM,,"Jefferson County, AL  Department Of Health",HIGHEST CONCENTRATION,,,4,
2023-12-28,010731003,1,0.1,Parts per billion,0,Fairfield,24,100,42401,Sulfur dioxide,100,INSTRUMENTAL - ULTRAVIOLET FLUORESCENCE,13820,"Birmingham-Hoover, AL",33.485556,-86.915,,180,NEIGHBORHOOD,500 M TO 4KM,,"Jefferson County, AL  Department Of Health",HIGHEST CONCENTRATION,,,4,
2023-12-29,010731003,1,0,Parts per billion,0,Fairfield,24,100,42401,Sulfur dioxide,100,INSTRUMENTAL - ULTRAVIOLET FLUORESCENCE,13820,"Birmingham-Hoover, AL",33.485556,-86.915,,180,NEIGHBORHOOD,500 M TO 4KM,,"Jefferson County, AL  Department Of Health",HIGHEST CONCENTRATION,,,4,
2023-12-30,010731003,1,0.8,Parts per billion,0,Fairfield,24,100,42401,Sulfur dioxide,100,INSTRUMENTAL - ULTRAVIOLET FLUORESCENCE,13820,"Birmingham-Hoover, AL",33.485556,-86.915,,180,NEIGHBORHOOD,500 M TO 4KM,,"Jefferson County, AL  Department Of Health",HIGHEST CONCENTRATION,,,4,
2023-12-31,010731003,1,2.2,Parts per billion,3,Fairfield,24,100,42401,Sulfur dioxide,100,INSTRUMENTAL - ULTRAVIOLET FLUORESCENCE,13820,"Birmingham-Hoover, AL",33.485556,-86.915,,180,NEIGHBORHOOD,500 M TO 4KM,,"Jefferson County, AL  Department Of Health",HIGHEST CONCENTRATION,,,4,
2022-01-02,010970003,1,3.8,Parts per billion,4,CHICKASAW,24,100,42401,Sulfur dioxide,100,INSTRUMENTAL - ULTRAVIOLET FLUORESCENCE,33660,"Mobile, AL",30.770181,-88.087761,AREA,10.67,NEIGHBORHOOD,500 M TO 4KM,SLAMS,Al Dept Of Env Mgt,POPULATION EXPOSURE,Y,,3,
2022-01-01,010970003,1,1.2,Parts per billion,1,CHICKASAW,10,42,42401,Sulfur dioxide,100,INSTRUMENTAL - ULTRAVIOLET FLUORESCENCE,33660,"Mobile, AL",30.770181,-88.087761,AREA,10.67,NEIGHBORHOOD,500 M TO 4KM,SLAMS,Al Dept Of Env Mgt,POPULATION EXPOSURE,Y,,3,
2022-01-03,010970003,1,0.8,Parts per billion,0,CHICKASAW,24,100,42401,Sulfur dioxide,100,INSTRUMENTAL - ULTRAVIOLET FLUORESCENCE,33660,"Mobile, AL",30.770181,-88.087761,AREA,10.67,NEIGHBORHOOD,500 M TO 4KM,SLAMS,Al Dept Of Env Mgt,POPULATION EXPOSURE,Y,,3,
2022-01-04,010970003,1,1.8,Parts per billion,1,CHICKASAW,24,100,42401,Sulfur dioxide,100,INSTRUMENTAL - ULTRAVIOLET FLUORESCENCE,33660,"Mobile, AL",30.770181,-88.087761,AREA,10.67,NEIGHBORHOOD,500 M TO 4KM,SLAMS,Al Dept Of Env Mgt,POPULATION EXPOSURE,Y,,3,
2022-01-05,010970003,1,1.8,Parts per billion,1,CHICKASAW,24,100,42401,Sulfur dioxide,100,INSTRUMENTAL - ULTRAVIOLET FLUORESCENCE,33660,"Mobile, AL",30.770181,-88.087761,AREA,10.67,NEIGHBORHOOD,500 M TO 4KM,SLAMS,Al Dept Of Env Mgt,POPULATION EXPOSURE,Y,,3,
2022-01-06,010970003,1,2.3,Parts per billion,3,CHICKASAW,24,100,42401,Sulfur dioxide,100,INSTRUMENTAL - ULTRAVIOLET FLUORESCENCE,33660,"Mobile, AL",30.770181,-88.087761,AREA,10.67,NEIGHBORHOOD,500 M TO 4KM,SLAMS,Al Dept Of Env Mgt,POPULATION EXPOSURE,Y,,3,
2022-01-07,010970003,1,6.6,Parts per billion,9,CHICKASAW,23,96,42401,Sulfur dioxide,100,INSTRUMENTAL - ULTRAVIOLET FLUORESCENCE,33660,"Mobile, AL",30.770181,-88.087761,AREA,10.67,NEIGHBORHOOD,500 M TO 4KM,SLAMS,Al Dept Of Env Mgt,POPULATION EXPOSURE,Y,,3,
2022-01-08,010970003,1,1.1,Parts per billion,1,CHICKASAW,23,96,42401,Sulfur dioxide,100,INSTRUMENTAL - ULTRAVIOLET FLUORESCENCE,33660,"Mobile, AL",30.770181,-88.087761,AREA,10.67,NEIGHBORHOOD,500 M TO 4KM,SLAMS,Al Dept Of Env Mgt,POPULATION EXPOSURE,Y,,3,
2022-01-09,010970003,1,0.7,Parts per billion,0,CHICKASAW,23,96,42401,Sulfur dioxide,100,INSTRUMENTAL - ULTRAVIOLET FLUORESCENCE,33660,"Mobile, AL",30.770181,-88.087761,AREA,10.67,NEIGHBORHOOD,500 M TO 4KM,SLAMS,Al Dept Of Env Mgt,POPULATION EXPOSURE,Y,,3,
2022-01-10,010970003,1,0.5,Parts per billion,0,CHICKASAW,23,96,42401,Sulfur dioxide,100,INSTRUMENTAL - ULTRAVIOLET FLUORESCENCE,33660,"Mobile, AL",30.770181,-88.087761,AREA,10.67,NEIGHBORHOOD,500 M TO 4KM,SLAMS,Al Dept Of Env Mgt,POPULATION EXPOSURE,Y,,3,
2022-01-11,010970003,1,8.5,Parts per billion,11,CHICKASAW,23,96,42401,Sulfur dioxide,100,INSTRUMENTAL - ULTRAVIOLET FLUORESCENCE,33660,"Mobile, AL",30.770181,-88.087761,AREA,10.67,NEIGHBORHOOD,500 M TO 4KM,SLAMS,Al Dept Of Env Mgt,POPULATION EXPOSURE,Y,,3,
2022-01-13,010970003,1,1.9,Parts per billion,1,CHICKASAW,22,92,42401,Sulfur dioxide,100,INSTRUMENTAL - ULTRAVIOLET FLUORESCENCE,33660,"Mobile, AL",30.770181,-88.087761,AREA,10.67,NEIGHBORHOOD,500 M TO 4KM,SLAMS,Al Dept Of Env Mgt,POPULATION EXPOSURE,Y,,3,
2022-01-12,010970003,1,2,Parts per billion,3,CHICKASAW,23,96,42401,Sulfur dioxide,100,INSTRUMENTAL - ULTRAVIOLET FLUORESCENCE,33660,"Mobile, AL",30.770181,-88.087761,AREA,10.67,NEIGHBORHOOD,500 M TO 4KM,SLAMS,Al Dept Of Env Mgt,POPULATION EXPOSURE,Y,,3,
2022-01-14,010970003,1,4.2,Parts per billion,6,CHICKASAW,23,96,42401,Sulfur dioxide,100,INSTRUMENTAL - ULTRAVIOLET FLUORESCENCE,33660,"Mobile, AL",30.770181,-88.087761,AREA,10.67,NEIGHBORHOOD,500 M TO 4KM,SLAMS,Al Dept Of Env Mgt,POPULATION EXPOSURE,Y,,3,
2022-01-15,010970003,1,1.5,Parts per billion,1,CHICKASAW,23,96,42401,Sulfur dioxide,100,INSTRUMENTAL - ULTRAVIOLET FLUORESCENCE,33660,"Mobile, AL",30.770181,-88.087761,AREA,10.67,NEIGHBORHOOD,500 M TO 4KM,SLAMS,Al Dept Of Env Mgt,POPULATION EXPOSURE,Y,,3,
2022-01-16,010970003,1,1.4,Parts per billion,1,CHICKASAW,23,96,42401,Sulfur dioxide,100,INSTRUMENTAL - ULTRAVIOLET FLUORESCENCE,33660,"Mobile, AL",30.770181,-88.087761,AREA,10.67,NEIGHBORHOOD,500 M TO 4KM,SLAMS,Al Dept Of Env Mgt,POPULATION EXPOSURE,Y,,3,
2022-01-17,010970003,1,0.8,Parts per billion,0,CHICKASAW,23,96,42401,Sulfur dioxide,100,INSTRUMENTAL - ULTRAVIOLET FLUORESCENCE,33660,"Mobile, AL",30.770181,-88.087761,AREA,10.67,NEIGHBORHOOD,500 M TO 4KM,SLAMS,Al Dept Of Env Mgt,POPULATION EXPOSURE,Y,,3,
2022-01-18,010970003,1,1.4,Parts per billion,1,CHICKASAW,23,96,42401,Sulfur dioxide,100,INSTRUMENTAL - ULTRAVIOLET FLUORESCENCE,33660,"Mobile, AL",30.770181,-88.087761,AREA,10.67,NEIGHBORHOOD,500 M TO 4KM,SLAMS,Al Dept Of Env Mgt,POPULATION EXPOSURE,Y,,3,
2022-01-19,010970003,1,1.1,Parts per billion,1,CHICKASAW,23,96,42401,Sulfur dioxide,100,INSTRUMENTAL - ULTRAVIOLET FLUORESCENCE,33660,"Mobile, AL",30.770181,-88.087761,AREA,10.67,NEIGHBORHOOD,500 M TO 4KM,SLAMS,Al Dept Of Env Mgt,POPULATION EXPOSURE,Y,,3,
2022-01-20,010970003,1,1.1,Parts per billion,1,CHICKASAW,23,96,42401,Sulfur dioxide,100,INSTRUMENTAL - ULTRAVIOLET FLUORESCENCE,33660,"Mobile, AL",30.770181,-88.087761,AREA,10.67,NEIGHBORHOOD,500 M TO 4KM,SLAMS,Al Dept Of Env Mgt,POPULATION EXPOSURE,Y,,3,
2022-01-21,010970003,1,2.7,Parts per billion,3,CHICKASAW,23,96,42401,Sulfur dioxide,100,INSTRUMENTAL - ULTRAVIOLET FLUORESCENCE,33660,"Mobile, AL",30.770181,-88.087761,AREA,10.67,NEIGHBORHOOD,500 M TO 4KM,SLAMS,Al Dept Of Env Mgt,POPULATION EXPOSURE,Y,,3,
2022-01-22,010970003,1,5.5,Parts per billion,7,CHICKASAW,23,96,42401,Sulfur dioxide,100,INSTRUMENTAL - ULTRAVIOLET FLUORESCENCE,33660,"Mobile, AL",30.770181,-88.087761,AREA,10.67,NEIGHBORHOOD,500 M TO 4KM,SLAMS,Al Dept Of Env Mgt,POPULATION EXPOSURE,Y,,3,
2022-01-23,010970003,1,0.9,Parts per billion,0,CHICKASAW,23,96,42401,Sulfur dioxide,100,INSTRUMENTAL - ULTRAVIOLET FLUORESCENCE,33660,"Mobile, AL",30.770181,-88.087761,AREA,10.67,NEIGHBORHOOD,500 M TO 4KM,SLAMS,Al Dept Of Env Mgt,POPULATION EXPOSURE,Y,,3,
2022-01-24,010970003,1,3,Parts per billion,4,CHICKASAW,23,96,42401,Sulfur dioxide,100,INSTRUMENTAL - ULTRAVIOLET FLUORESCENCE,33660,"Mobile, AL",30.770181,-88.087761,AREA,10.67,NEIGHBORHOOD,500 M TO 4KM,SLAMS,Al Dept Of Env Mgt,POPULATION EXPOSURE,Y,,3,
2022-01-25,010970003,1,1.2,Parts per billion,1,CHICKASAW,23,96,42401,Sulfur dioxide,100,INSTRUMENTAL - ULTRAVIOLET FLUORESCENCE,33660,"Mobile, AL",30.770181,-88.087761,AREA,10.67,NEIGHBORHOOD,500 M TO 4KM,SLAMS,Al Dept Of Env Mgt,POPULATION EXPOSURE,Y,,3,
2022-01-26,010970003,1,4.6,Parts per billion,6,CHICKASAW,22,92,42401,Sulfur dioxide,100,INSTRUMENTAL - ULTRAVIOLET FLUORESCENCE,33660,"Mobile, AL",30.770181,-88.087761,AREA,10.67,NEIGHBORHOOD,500 M TO 4KM,SLAMS,Al Dept Of Env Mgt,POPULATION EXPOSURE,Y,,3,
2022-01-27,010970003,1,9.2,Parts per billion,13,CHICKASAW,23,96,42401,Sulfur dioxide,100,INSTRUMENTAL - ULTRAVIOLET FLUORESCENCE,33660,"Mobile, AL",30.770181,-88.087761,AREA,10.67,NEIGHBORHOOD,500 M TO 4KM,SLAMS,Al Dept Of Env Mgt,POPULATION EXPOSURE,Y,,3,
2022-01-28,010970003,1,1.3,Parts per billion,1,CHICKASAW,23,96,42401,Sulfur dioxide,100,INSTRUMENTAL - ULTRAVIOLET FLUORESCENCE,33660,"Mobile, AL",30.770181,-88.087761,AREA,10.67,NEIGHBORHOOD,500 M TO 4KM,SLAMS,Al Dept Of Env Mgt,POPULATION EXPOSURE,Y,,3,
2022-01-29,010970003,1,0.8,Parts per billion,0,CHICKASAW,23,96,42401,Sulfur dioxide,100,INSTRUMENTAL - ULTRAVIOLET FLUORESCENCE,33660,"Mobile, AL",30.770181,-88.087761,AREA,10.67,NEIGHBORHOOD,500 M TO 4KM,SLAMS,Al Dept Of Env Mgt,POPULATION EXPOSURE,Y,,3,
2022-01-30,010970003,1,1.7,Parts per billion,1,CHICKASAW,23,96,42401,Sulfur dioxide,100,INSTRUMENTAL - ULTRAVIOLET FLUORESCENCE,33660,"Mobile, AL",30.770181,-88.087761,AREA,10.67,NEIGHBORHOOD,500 M TO 4KM,SLAMS,Al Dept Of Env Mgt,POPULATION EXPOSURE,Y,,3,
2022-01-31,010970003,1,2.3,Parts per billion,3,CHICKASAW,23,96,42401,Sulfur dioxide,100,INSTRUMENTAL - ULTRAVIOLET FLUORESCENCE,33660,"Mobile, AL",30.770181,-88.087761,AREA,10.67,NEIGHBORHOOD,500 M TO 4KM,SLAMS,Al Dept Of Env Mgt,POPULATION EXPOSURE,Y,,3,
2022-02-02,010970003,1,1.4,Parts per billion,1,CHICKASAW,23,96,42401,Sulfur dioxide,100,INSTRUMENTAL - ULTRAVIOLET FLUORESCENCE,33660,"Mobile, AL",30.770181,-88.087761,AREA,10.67,NEIGHBORHOOD,500 M TO 4KM,SLAMS,Al Dept Of Env Mgt,POPULATION EXPOSURE,Y,,3,
2022-02-03,010970003,1,1.6,Parts per billion,1,CHICKASAW,23,96,42401,Sulfur dioxide,100,INSTRUMENTAL - ULTRAVIOLET FLUORESCENCE,33660,"Mobile, AL",30.770181,-88.087761,AREA,10.67,NEIGHBORHOOD,500 M TO 4KM,SLAMS,Al Dept Of Env Mgt,POPULATION EXPOSURE,Y,,3,
2022-02-04,010970003,1,1.2,Parts per billion,1,CHICKASAW,23,96,42401,Sulfur dioxide,100,INSTRUMENTAL - ULTRAVIOLET FLUORESCENCE,33660,"Mobile, AL",30.770181,-88.087761,AREA,10.67,NEIGHBORHOOD,500 M TO 4KM,SLAMS,Al Dept Of Env Mgt,POPULATION EXPOSURE,Y,,3,
2022-02-05,010970003,1,3.4,Parts per billion,4,CHICKASAW,23,96,42401,Sulfur dioxide,100,INSTRUMENTAL - ULTRAVIOLET FLUORESCENCE,33660,"Mobile, AL",30.770181,-88.087761,AREA,10.67,NEIGHBORHOOD,500 M TO 4KM,SLAMS,Al Dept Of Env Mgt,POPULATION EXPOSURE,Y,,3,
2022-02-06,010970003,1,9.3,Parts per billion,13,CHICKASAW,23,96,42401,Sulfur dioxide,100,INSTRUMENTAL - ULTRAVIOLET FLUORESCENCE,33660,"Mobile, AL",30.770181,-88.087761,AREA,10.67,NEIGHBORHOOD,500 M TO 4KM,SLAMS,Al Dept Of Env Mgt,POPULATION EXPOSURE,Y,,3,
2022-02-07,010970003,1,4.5,Parts per billion,6,CHICKASAW,23,96,42401,Sulfur dioxide,100,INSTRUMENTAL - ULTRAVIOLET FLUORESCENCE,33660,"Mobile, AL",30.770181,-88.087761,AREA,10.67,NEIGHBORHOOD,500 M TO 4KM,SLAMS,Al Dept Of Env Mgt,POPULATION EXPOSURE,Y,,3,
2022-02-08,010970003,1,11.3,Parts per billion,16,CHICKASAW,23,96,42401,Sulfur dioxide,100,INSTRUMENTAL - ULTRAVIOLET FLUORESCENCE,33660,"Mobile, AL",30.770181,-88.087761,AREA,10.67,NEIGHBORHOOD,500 M TO 4KM,SLAMS,Al Dept Of Env Mgt,POPULATION EXPOSURE,Y,,3,
2022-02-09,010970003,1,1.6,Parts per billion,1,CHICKASAW,22,92,42401,Sulfur dioxide,100,INSTRUMENTAL - ULTRAVIOLET FLUORESCENCE,33660,"Mobile, AL",30.770181,-88.087761,AREA,10.67,NEIGHBORHOOD,500 M TO 4KM,SLAMS,Al Dept Of Env Mgt,POPULATION EXPOSURE,Y,,3,
2022-02-10,010970003,1,2,Parts per billion,3,CHICKASAW,23,96,42401,Sulfur dioxide,100,INSTRUMENTAL - ULTRAVIOLET FLUORESCENCE,33660,"Mobile, AL",30.770181,-88.087761,AREA,10.67,NEIGHBORHOOD,500 M TO 4KM,SLAMS,Al Dept Of Env Mgt,POPULATION EXPOSURE,Y,,3,
2022-02-11,010970003,1,1.5,Parts per billion,1,CHICKASAW,23,96,42401,Sulfur dioxide,100,INSTRUMENTAL - ULTRAVIOLET FLUORESCENCE,33660,"Mobile, AL",30.770181,-88.087761,AREA,10.67,NEIGHBORHOOD,500 M TO 4KM,SLAMS,Al Dept Of Env Mgt,POPULATION EXPOSURE,Y,,3,
2022-02-12,010970003,1,1.8,Parts per billion,1,CHICKASAW,23,96,42401,Sulfur dioxide,100,INSTRUMENTAL - ULTRAVIOLET FLUORESCENCE,33660,"Mobile, AL",30.770181,-88.087761,AREA,10.67,NEIGHBORHOOD,500 M TO 4KM,SLAMS,Al Dept Of Env Mgt,POPULATION EXPOSURE,Y,,3,
2022-02-13,010970003,1,1,Parts per billion,1,CHICKASAW,23,96,42401,Sulfur dioxide,100,INSTRUMENTAL - ULTRAVIOLET FLUORESCENCE,33660,"Mobile, AL",30.770181,-88.087761,AREA,10.67,NEIGHBORHOOD,500 M TO 4KM,SLAMS,Al Dept Of Env Mgt,POPULATION EXPOSURE,Y,,3,
2022-02-14,010970003,1,1.3,Parts per billion,1,CHICKASAW,24,100,42401,Sulfur dioxide,100,INSTRUMENTAL - ULTRAVIOLET FLUORESCENCE,33660,"Mobile, AL",30.770181,-88.087761,AREA,10.67,NEIGHBORHOOD,500 M TO 4KM,SLAMS,Al Dept Of Env Mgt,POPULATION EXPOSURE,Y,,3,
2022-02-15,010970003,1,1.7,Parts per billion,1,CHICKASAW,23,96,42401,Sulfur dioxide,100,INSTRUMENTAL - ULTRAVIOLET FLUORESCENCE,33660,"Mobile, AL",30.770181,-88.087761,AREA,10.67,NEIGHBORHOOD,500 M TO 4KM,SLAMS,Al Dept Of Env Mgt,POPULATION EXPOSURE,Y,,3,
2022-02-16,010970003,1,1.2,Parts per billion,1,CHICKASAW,23,96,42401,Sulfur dioxide,100,INSTRUMENTAL - ULTRAVIOLET FLUORESCENCE,33660,"Mobile, AL",30.770181,-88.087761,AREA,10.67,NEIGHBORHOOD,500 M TO 4KM,SLAMS,Al Dept Of Env Mgt,POPULATION EXPOSURE,Y,,3,
2022-02-17,010970003,1,1.6,Parts per billion,1,CHICKASAW,23,96,42401,Sulfur dioxide,100,INSTRUMENTAL - ULTRAVIOLET FLUORESCENCE,33660,"Mobile, AL",30.770181,-88.087761,AREA,10.67,NEIGHBORHOOD,500 M TO 4KM,SLAMS,Al Dept Of Env Mgt,POPULATION EXPOSURE,Y,,3,
2022-02-18,010970003,1,1.5,Parts per billion,1,CHICKASAW,23,96,42401,Sulfur dioxide,100,INSTRUMENTAL - ULTRAVIOLET FLUORESCENCE,33660,"Mobile, AL",30.770181,-88.087761,AREA,10.67,NEIGHBORHOOD,500 M TO 4KM,SLAMS,Al Dept Of Env Mgt,POPULATION EXPOSURE,Y,,3,
2022-02-20,010970003,1,1.4,Parts per billion,1,CHICKASAW,23,96,42401,Sulfur dioxide,100,INSTRUMENTAL - ULTRAVIOLET FLUORESCENCE,33660,"Mobile, AL",30.770181,-88.087761,AREA,10.67,NEIGHBORHOOD,500 M TO 4KM,SLAMS,Al Dept Of Env Mgt,POPULATION EXPOSURE,Y,,3,
2022-02-19,010970003,1,11.7,Parts per billion,16,CHICKASAW,23,96,42401,Sulfur dioxide,100,INSTRUMENTAL - ULTRAVIOLET FLUORESCENCE,33660,"Mobile, AL",30.770181,-88.087761,AREA,10.67,NEIGHBORHOOD,500 M TO 4KM,SLAMS,Al Dept Of Env Mgt,POPULATION EXPOSURE,Y,,3,
2022-02-21,010970003,1,1.4,Parts per billion,1,CHICKASAW,23,96,42401,Sulfur dioxide,100,INSTRUMENTAL - ULTRAVIOLET FLUORESCENCE,33660,"Mobile, AL",30.770181,-88.087761,AREA,10.67,NEIGHBORHOOD,500 M TO 4KM,SLAMS,Al Dept Of Env Mgt,POPULATION EXPOSURE,Y,,3,
2022-02-22,010970003,1,1.4,Parts per billion,1,CHICKASAW,22,92,42401,Sulfur dioxide,100,INSTRUMENTAL - ULTRAVIOLET FLUORESCENCE,33660,"Mobile, AL",30.770181,-88.087761,AREA,10.67,NEIGHBORHOOD,500 M TO 4KM,SLAMS,Al Dept Of Env Mgt,POPULATION EXPOSURE,Y,,3,
2022-02-23,010970003,1,1.4,Parts per billion,1,CHICKASAW,23,96,42401,Sulfur dioxide,100,INSTRUMENTAL - ULTRAVIOLET FLUORESCENCE,33660,"Mobile, AL",30.770181,-88.087761,AREA,10.67,NEIGHBORHOOD,500 M TO 4KM,SLAMS,Al Dept Of Env Mgt,POPULATION EXPOSURE,Y,,3,
2022-02-24,010970003,1,1.4,Parts per billion,1,CHICKASAW,23,96,42401,Sulfur dioxide,100,INSTRUMENTAL - ULTRAVIOLET FLUORESCENCE,33660,"Mobile, AL",30.770181,-88.087761,AREA,10.67,NEIGHBORHOOD,500 M TO 4KM,SLAMS,Al Dept Of Env Mgt,POPULATION EXPOSURE,Y,,3,
2022-02-25,010970003,1,1.6,Parts per billion,1,CHICKASAW,23,96,42401,Sulfur dioxide,100,INSTRUMENTAL - ULTRAVIOLET FLUORESCENCE,33660,"Mobile, AL",30.770181,-88.087761,AREA,10.67,NEIGHBORHOOD,500 M TO 4KM,SLAMS,Al Dept Of Env Mgt,POPULATION EXPOSURE,Y,,3,
2022-02-26,010970003,1,9.7,Parts per billion,13,CHICKASAW,23,96,42401,Sulfur dioxide,100,INSTRUMENTAL - ULTRAVIOLET FLUORESCENCE,33660,"Mobile, AL",30.770181,-88.087761,AREA,10.67,NEIGHBORHOOD,500 M TO 4KM,SLAMS,Al Dept Of Env Mgt,POPULATION EXPOSURE,Y,,3,
2022-02-27,010970003,1,2.9,Parts per billion,3,CHICKASAW,23,96,42401,Sulfur dioxide,100,INSTRUMENTAL - ULTRAVIOLET FLUORESCENCE,33660,"Mobile, AL",30.770181,-88.087761,AREA,10.67,NEIGHBORHOOD,500 M TO 4KM,SLAMS,Al Dept Of Env Mgt,POPULATION EXPOSURE,Y,,3,
2022-02-28,010970003,1,1.9,Parts per billion,1,CHICKASAW,23,96,42401,Sulfur dioxide,100,INSTRUMENTAL - ULTRAVIOLET FLUORESCENCE,33660,"Mobile, AL",30.770181,-88.087761,AREA,10.67,NEIGHBORHOOD,500 M TO 4KM,SLAMS,Al Dept Of Env Mgt,POPULATION EXPOSURE,Y,,3,
2022-03-01,010970003,1,5.9,Parts per billion,7,CHICKASAW,23,96,42401,Sulfur dioxide,100,INSTRUMENTAL - ULTRAVIOLET FLUORESCENCE,33660,"Mobile, AL",30.770181,-88.087761,AREA,10.67,NEIGHBORHOOD,500 M TO 4KM,SLAMS,Al Dept Of Env Mgt,POPULATION EXPOSURE,Y,,3,
2022-03-02,010970003,1,5.3,Parts per billion,7,CHICKASAW,23,96,42401,Sulfur dioxide,100,INSTRUMENTAL - ULTRAVIOLET FLUORESCENCE,33660,"Mobile, AL",30.770181,-88.087761,AREA,10.67,NEIGHBORHOOD,500 M TO 4KM,SLAMS,Al Dept Of Env Mgt,POPULATION EXPOSURE,Y,,3,
2022-03-03,010970003,1,3.9,Parts per billion,4,CHICKASAW,23,96,42401,Sulfur dioxide,100,INSTRUMENTAL - ULTRAVIOLET FLUORESCENCE,33660,"Mobile, AL",30.770181,-88.087761,AREA,10.67,NEIGHBORHOOD,500 M TO 4KM,SLAMS,Al Dept Of Env Mgt,POPULATION EXPOSURE,Y,,3,
2022-03-04,010970003,1,2.5,Parts per billion,3,CHICKASAW,23,96,42401,Sulfur dioxide,100,INSTRUMENTAL - ULTRAVIOLET FLUORESCENCE,33660,"Mobile, AL",30.770181,-88.087761,AREA,10.67,NEIGHBORHOOD,500 M TO 4KM,SLAMS,Al Dept Of Env Mgt,POPULATION EXPOSURE,Y,,3,
2022-03-05,010970003,1,1.5,Parts per billion,1,CHICKASAW,23,96,42401,Sulfur dioxide,100,INSTRUMENTAL - ULTRAVIOLET FLUORESCENCE,33660,"Mobile, AL",30.770181,-88.087761,AREA,10.67,NEIGHBORHOOD,500 M TO 4KM,SLAMS,Al Dept Of Env Mgt,POPULATION EXPOSURE,Y,,3,
2022-03-06,010970003,1,1.5,Parts per billion,1,CHICKASAW,23,96,42401,Sulfur dioxide,100,INSTRUMENTAL - ULTRAVIOLET FLUORESCENCE,33660,"Mobile, AL",30.770181,-88.087761,AREA,10.67,NEIGHBORHOOD,500 M TO 4KM,SLAMS,Al Dept Of Env Mgt,POPULATION EXPOSURE,Y,,3,
2022-03-07,010970003,1,1.9,Parts per billion,1,CHICKASAW,23,96,42401,Sulfur dioxide,100,INSTRUMENTAL - ULTRAVIOLET FLUORESCENCE,33660,"Mobile, AL",30.770181,-88.087761,AREA,10.67,NEIGHBORHOOD,500 M TO 4KM,SLAMS,Al Dept Of Env Mgt,POPULATION EXPOSURE,Y,,3,
2022-03-08,010970003,1,4.5,Parts per billion,6,CHICKASAW,23,96,42401,Sulfur dioxide,100,INSTRUMENTAL - ULTRAVIOLET FLUORESCENCE,33660,"Mobile, AL",30.770181,-88.087761,AREA,10.67,NEIGHBORHOOD,500 M TO 4KM,SLAMS,Al Dept Of Env Mgt,POPULATION EXPOSURE,Y,,3,
2022-03-10,010970003,1,7.7,Parts per billion,10,CHICKASAW,23,96,42401,Sulfur dioxide,100,INSTRUMENTAL - ULTRAVIOLET FLUORESCENCE,33660,"Mobile, AL",30.770181,-88.087761,AREA,10.67,NEIGHBORHOOD,500 M TO 4KM,SLAMS,Al Dept Of Env Mgt,POPULATION EXPOSURE,Y,,3,
2022-03-09,010970003,1,2.6,Parts per billion,3,CHICKASAW,23,96,42401,Sulfur dioxide,100,INSTRUMENTAL - ULTRAVIOLET FLUORESCENCE,33660,"Mobile, AL",30.770181,-88.087761,AREA,10.67,NEIGHBORHOOD,500 M TO 4KM,SLAMS,Al Dept Of Env Mgt,POPULATION EXPOSURE,Y,,3,
2022-03-11,010970003,1,2.5,Parts per billion,3,CHICKASAW,23,96,42401,Sulfur dioxide,100,INSTRUMENTAL - ULTRAVIOLET FLUORESCENCE,33660,"Mobile, AL",30.770181,-88.087761,AREA,10.67,NEIGHBORHOOD,500 M TO 4KM,SLAMS,Al Dept Of Env Mgt,POPULATION EXPOSURE,Y,,3,
2022-03-12,010970003,1,1.9,Parts per billion,1,CHICKASAW,23,96,42401,Sulfur dioxide,100,INSTRUMENTAL - ULTRAVIOLET FLUORESCENCE,33660,"Mobile, AL",30.770181,-88.087761,AREA,10.67,NEIGHBORHOOD,500 M TO 4KM,SLAMS,Al Dept Of Env Mgt,POPULATION EXPOSURE,Y,,3,
2022-03-13,010970003,1,1.4,Parts per billion,1,CHICKASAW,23,96,42401,Sulfur dioxide,100,INSTRUMENTAL - ULTRAVIOLET FLUORESCENCE,33660,"Mobile, AL",30.770181,-88.087761,AREA,10.67,NEIGHBORHOOD,500 M TO 4KM,SLAMS,Al Dept Of Env Mgt,POPULATION EXPOSURE,Y,,3,
2022-03-14,010970003,1,1.7,Parts per billion,1,CHICKASAW,23,96,42401,Sulfur dioxide,100,INSTRUMENTAL - ULTRAVIOLET FLUORESCENCE,33660,"Mobile, AL",30.770181,-88.087761,AREA,10.67,NEIGHBORHOOD,500 M TO 4KM,SLAMS,Al Dept Of Env Mgt,POPULATION EXPOSURE,Y,,3,
2022-03-15,010970003,1,2.1,Parts per billion,3,CHICKASAW,23,96,42401,Sulfur dioxide,100,INSTRUMENTAL - ULTRAVIOLET FLUORESCENCE,33660,"Mobile, AL",30.770181,-88.087761,AREA,10.67,NEIGHBORHOOD,500 M TO 4KM,SLAMS,Al Dept Of Env Mgt,POPULATION EXPOSURE,Y,,3,
2022-03-16,010970003,1,2.2,Parts per billion,3,CHICKASAW,19,79,42401,Sulfur dioxide,100,INSTRUMENTAL - ULTRAVIOLET FLUORESCENCE,33660,"Mobile, AL",30.770181,-88.087761,AREA,10.67,NEIGHBORHOOD,500 M TO 4KM,SLAMS,Al Dept Of Env Mgt,POPULATION EXPOSURE,Y,,3,
2022-03-17,010970003,1,2.3,Parts per billion,3,CHICKASAW,21,88,42401,Sulfur dioxide,100,INSTRUMENTAL - ULTRAVIOLET FLUORESCENCE,33660,"Mobile, AL",30.770181,-88.087761,AREA,10.67,NEIGHBORHOOD,500 M TO 4KM,SLAMS,Al Dept Of Env Mgt,POPULATION EXPOSURE,Y,,3,
2022-03-18,010970003,1,2.4,Parts per billion,3,CHICKASAW,23,96,42401,Sulfur dioxide,100,INSTRUMENTAL - ULTRAVIOLET FLUORESCENCE,33660,"Mobile, AL",30.770181,-88.087761,AREA,10.67,NEIGHBORHOOD,500 M TO 4KM,SLAMS,Al Dept Of Env Mgt,POPULATION EXPOSURE,Y,,3,
2022-03-19,010970003,1,2.2,Parts per billion,3,CHICKASAW,23,96,42401,Sulfur dioxide,100,INSTRUMENTAL - ULTRAVIOLET FLUORESCENCE,33660,"Mobile, AL",30.770181,-88.087761,AREA,10.67,NEIGHBORHOOD,500 M TO 4KM,SLAMS,Al Dept Of Env Mgt,POPULATION EXPOSURE,Y,,3,
2022-03-20,010970003,1,4.3,Parts per billion,6,CHICKASAW,23,96,42401,Sulfur dioxide,100,INSTRUMENTAL - ULTRAVIOLET FLUORESCENCE,33660,"Mobile, AL",30.770181,-88.087761,AREA,10.67,NEIGHBORHOOD,500 M TO 4KM,SLAMS,Al Dept Of Env Mgt,POPULATION EXPOSURE,Y,,3,
2022-03-21,010970003,1,2.4,Parts per billion,3,CHICKASAW,23,96,42401,Sulfur dioxide,100,INSTRUMENTAL - ULTRAVIOLET FLUORESCENCE,33660,"Mobile, AL",30.770181,-88.087761,AREA,10.67,NEIGHBORHOOD,500 M TO 4KM,SLAMS,Al Dept Of Env Mgt,POPULATION EXPOSURE,Y,,3,
2022-03-22,010970003,1,2.6,Parts per billion,3,CHICKASAW,22,92,42401,Sulfur dioxide,100,INSTRUMENTAL - ULTRAVIOLET FLUORESCENCE,33660,"Mobile, AL",30.770181,-88.087761,AREA,10.67,NEIGHBORHOOD,500 M TO 4KM,SLAMS,Al Dept Of Env Mgt,POPULATION EXPOSURE,Y,,3,
2022-03-23,010970003,1,2.6,Parts per billion,3,CHICKASAW,23,96,42401,Sulfur dioxide,100,INSTRUMENTAL - ULTRAVIOLET FLUORESCENCE,33660,"Mobile, AL",30.770181,-88.087761,AREA,10.67,NEIGHBORHOOD,500 M TO 4KM,SLAMS,Al Dept Of Env Mgt,POPULATION EXPOSURE,Y,,3,
2022-03-24,010970003,1,2.8,Parts per billion,3,CHICKASAW,23,96,42401,Sulfur dioxide,100,INSTRUMENTAL - ULTRAVIOLET FLUORESCENCE,33660,"Mobile, AL",30.770181,-88.087761,AREA,10.67,NEIGHBORHOOD,500 M TO 4KM,SLAMS,Al Dept Of Env Mgt,POPULATION EXPOSURE,Y,,3,
2022-03-25,010970003,1,2.5,Parts per billion,3,CHICKASAW,23,96,42401,Sulfur dioxide,100,INSTRUMENTAL - ULTRAVIOLET FLUORESCENCE,33660,"Mobile, AL",30.770181,-88.087761,AREA,10.67,NEIGHBORHOOD,500 M TO 4KM,SLAMS,Al Dept Of Env Mgt,POPULATION EXPOSURE,Y,,3,
2022-03-26,010970003,1,2.3,Parts per billion,3,CHICKASAW,23,96,42401,Sulfur dioxide,100,INSTRUMENTAL - ULTRAVIOLET FLUORESCENCE,33660,"Mobile, AL",30.770181,-88.087761,AREA,10.67,NEIGHBORHOOD,500 M TO 4KM,SLAMS,Al Dept Of Env Mgt,POPULATION EXPOSURE,Y,,3,
2022-03-27,010970003,1,3.3,Parts per billion,4,CHICKASAW,23,96,42401,Sulfur dioxide,100,INSTRUMENTAL - ULTRAVIOLET FLUORESCENCE,33660,"Mobile, AL",30.770181,-88.087761,AREA,10.67,NEIGHBORHOOD,500 M TO 4KM,SLAMS,Al Dept Of Env Mgt,POPULATION EXPOSURE,Y,,3,
2022-03-28,010970003,1,2.1,Parts per billion,3,CHICKASAW,23,96,42401,Sulfur dioxide,100,INSTRUMENTAL - ULTRAVIOLET FLUORESCENCE,33660,"Mobile, AL",30.770181,-88.087761,AREA,10.67,NEIGHBORHOOD,500 M TO 4KM,SLAMS,Al Dept Of Env Mgt,POPULATION EXPOSURE,Y,,3,
2022-03-29,010970003,1,2.3,Parts per billion,3,CHICKASAW,23,96,42401,Sulfur dioxide,100,INSTRUMENTAL - ULTRAVIOLET FLUORESCENCE,33660,"Mobile, AL",30.770181,-88.087761,AREA,10.67,NEIGHBORHOOD,500 M TO 4KM,SLAMS,Al Dept Of Env Mgt,POPULATION EXPOSURE,Y,,3,
2022-03-30,010970003,1,6.3,Parts per billion,9,CHICKASAW,23,96,42401,Sulfur dioxide,100,INSTRUMENTAL - ULTRAVIOLET FLUORESCENCE,33660,"Mobile, AL",30.770181,-88.087761,AREA,10.67,NEIGHBORHOOD,500 M TO 4KM,SLAMS,Al Dept Of Env Mgt,POPULATION EXPOSURE,Y,,3,
2022-03-31,010970003,1,2.9,Parts per billion,3,CHICKASAW,23,96,42401,Sulfur dioxide,100,INSTRUMENTAL - ULTRAVIOLET FLUORESCENCE,33660,"Mobile, AL",30.770181,-88.087761,AREA,10.67,NEIGHBORHOOD,500 M TO 4KM,SLAMS,Al Dept Of Env Mgt,POPULATION EXPOSURE,Y,,3,
2022-04-01,010970003,1,7.1,Parts per billion,10,CHICKASAW,23,96,42401,Sulfur dioxide,100,INSTRUMENTAL - ULTRAVIOLET FLUORESCENCE,33660,"Mobile, AL",30.770181,-88.087761,AREA,10.67,NEIGHBORHOOD,500 M TO 4KM,SLAMS,Al Dept Of Env Mgt,POPULATION EXPOSURE,Y,,3,
2022-04-02,010970003,1,10.2,Parts per billion,14,CHICKASAW,23,96,42401,Sulfur dioxide,100,INSTRUMENTAL - ULTRAVIOLET FLUORESCENCE,33660,"Mobile, AL",30.770181,-88.087761,AREA,10.67,NEIGHBORHOOD,500 M TO 4KM,SLAMS,Al Dept Of Env Mgt,POPULATION EXPOSURE,Y,,3,
2022-04-03,010970003,1,4.5,Parts per billion,6,CHICKASAW,23,96,42401,Sulfur dioxide,100,INSTRUMENTAL - ULTRAVIOLET FLUORESCENCE,33660,"Mobile, AL",30.770181,-88.087761,AREA,10.67,NEIGHBORHOOD,500 M TO 4KM,SLAMS,Al Dept Of Env Mgt,POPULATION EXPOSURE,Y,,3,
2022-04-04,010970003,1,2.9,Parts per billion,3,CHICKASAW,23,96,42401,Sulfur dioxide,100,INSTRUMENTAL - ULTRAVIOLET FLUORESCENCE,33660,"Mobile, AL",30.770181,-88.087761,AREA,10.67,NEIGHBORHOOD,500 M TO 4KM,SLAMS,Al Dept Of Env Mgt,POPULATION EXPOSURE,Y,,3,
2022-04-05,010970003,1,3,Parts per billion,4,CHICKASAW,23,96,42401,Sulfur dioxide,100,INSTRUMENTAL - ULTRAVIOLET FLUORESCENCE,33660,"Mobile, AL",30.770181,-88.087761,AREA,10.67,NEIGHBORHOOD,500 M TO 4KM,SLAMS,Al Dept Of Env Mgt,POPULATION EXPOSURE,Y,,3,
2022-04-06,010970003,1,3,Parts per billion,4,CHICKASAW,20,83,42401,Sulfur dioxide,100,INSTRUMENTAL - ULTRAVIOLET FLUORESCENCE,33660,"Mobile, AL",30.770181,-88.087761,AREA,10.67,NEIGHBORHOOD,500 M TO 4KM,SLAMS,Al Dept Of Env Mgt,POPULATION EXPOSURE,Y,,3,
2022-04-07,010970003,1,0,Parts per billion,0,CHICKASAW,23,96,42401,Sulfur dioxide,100,INSTRUMENTAL - ULTRAVIOLET FLUORESCENCE,33660,"Mobile, AL",30.770181,-88.087761,AREA,10.67,NEIGHBORHOOD,500 M TO 4KM,SLAMS,Al Dept Of Env Mgt,POPULATION EXPOSURE,Y,,3,
2022-04-08,010970003,1,0,Parts per billion,0,CHICKASAW,23,96,42401,Sulfur dioxide,100,INSTRUMENTAL - ULTRAVIOLET FLUORESCENCE,33660,"Mobile, AL",30.770181,-88.087761,AREA,10.67,NEIGHBORHOOD,500 M TO 4KM,SLAMS,Al Dept Of Env Mgt,POPULATION EXPOSURE,Y,,3,
2022-04-09,010970003,1,-0.1,Parts per billion,0,CHICKASAW,23,96,42401,Sulfur dioxide,100,INSTRUMENTAL - ULTRAVIOLET FLUORESCENCE,33660,"Mobile, AL",30.770181,-88.087761,AREA,10.67,NEIGHBORHOOD,500 M TO 4KM,SLAMS,Al Dept Of Env Mgt,POPULATION EXPOSURE,Y,,3,
2022-04-10,010970003,1,0,Parts per billion,0,CHICKASAW,23,96,42401,Sulfur dioxide,100,INSTRUMENTAL - ULTRAVIOLET FLUORESCENCE,33660,"Mobile, AL",30.770181,-88.087761,AREA,10.67,NEIGHBORHOOD,500 M TO 4KM,SLAMS,Al Dept Of Env Mgt,POPULATION EXPOSURE,Y,,3,
2022-04-11,010970003,1,-0.2,Parts per billion,0,CHICKASAW,23,96,42401,Sulfur dioxide,100,INSTRUMENTAL - ULTRAVIOLET FLUORESCENCE,33660,"Mobile, AL",30.770181,-88.087761,AREA,10.67,NEIGHBORHOOD,500 M TO 4KM,SLAMS,Al Dept Of Env Mgt,POPULATION EXPOSURE,Y,,3,
2022-04-12,010970003,1,-0.1,Parts per billion,0,CHICKASAW,23,96,42401,Sulfur dioxide,100,INSTRUMENTAL - ULTRAVIOLET FLUORESCENCE,33660,"Mobile, AL",30.770181,-88.087761,AREA,10.67,NEIGHBORHOOD,500 M TO 4KM,SLAMS,Al Dept Of Env Mgt,POPULATION EXPOSURE,Y,,3,
2022-04-13,010970003,1,0.1,Parts per billion,0,CHICKASAW,21,88,42401,Sulfur dioxide,100,INSTRUMENTAL - ULTRAVIOLET FLUORESCENCE,33660,"Mobile, AL",30.770181,-88.087761,AREA,10.67,NEIGHBORHOOD,500 M TO 4KM,SLAMS,Al Dept Of Env Mgt,POPULATION EXPOSURE,Y,,3,
2022-04-14,010970003,1,0,Parts per billion,0,CHICKASAW,23,96,42401,Sulfur dioxide,100,INSTRUMENTAL - ULTRAVIOLET FLUORESCENCE,33660,"Mobile, AL",30.770181,-88.087761,AREA,10.67,NEIGHBORHOOD,500 M TO 4KM,SLAMS,Al Dept Of Env Mgt,POPULATION EXPOSURE,Y,,3,
2022-04-15,010970003,1,0,Parts per billion,0,CHICKASAW,23,96,42401,Sulfur dioxide,100,INSTRUMENTAL - ULTRAVIOLET FLUORESCENCE,33660,"Mobile, AL",30.770181,-88.087761,AREA,10.67,NEIGHBORHOOD,500 M TO 4KM,SLAMS,Al Dept Of Env Mgt,POPULATION EXPOSURE,Y,,3,
2022-04-16,010970003,1,-0.1,Parts per billion,0,CHICKASAW,23,96,42401,Sulfur dioxide,100,INSTRUMENTAL - ULTRAVIOLET FLUORESCENCE,33660,"Mobile, AL",30.770181,-88.087761,AREA,10.67,NEIGHBORHOOD,500 M TO 4KM,SLAMS,Al Dept Of Env Mgt,POPULATION EXPOSURE,Y,,3,
2022-04-17,010970003,1,0.1,Parts per billion,0,CHICKASAW,23,96,42401,Sulfur dioxide,100,INSTRUMENTAL - ULTRAVIOLET FLUORESCENCE,33660,"Mobile, AL",30.770181,-88.087761,AREA,10.67,NEIGHBORHOOD,500 M TO 4KM,SLAMS,Al Dept Of Env Mgt,POPULATION EXPOSURE,Y,,3,
2022-04-19,010970003,1,1.6,Parts per billion,1,CHICKASAW,23,96,42401,Sulfur dioxide,100,INSTRUMENTAL - ULTRAVIOLET FLUORESCENCE,33660,"Mobile, AL",30.770181,-88.087761,AREA,10.67,NEIGHBORHOOD,500 M TO 4KM,SLAMS,Al Dept Of Env Mgt,POPULATION EXPOSURE,Y,,3,
2022-04-18,010970003,1,0.1,Parts per billion,0,CHICKASAW,23,96,42401,Sulfur dioxide,100,INSTRUMENTAL - ULTRAVIOLET FLUORESCENCE,33660,"Mobile, AL",30.770181,-88.087761,AREA,10.67,NEIGHBORHOOD,500 M TO 4KM,SLAMS,Al Dept Of Env Mgt,POPULATION EXPOSURE,Y,,3,
2022-04-20,010970003,1,-0.2,Parts per billion,0,CHICKASAW,23,96,42401,Sulfur dioxide,100,INSTRUMENTAL - ULTRAVIOLET FLUORESCENCE,33660,"Mobile, AL",30.770181,-88.087761,AREA,10.67,NEIGHBORHOOD,500 M TO 4KM,SLAMS,Al Dept Of Env Mgt,POPULATION EXPOSURE,Y,,3,
2022-04-21,010970003,1,-0.3,Parts per billion,0,CHICKASAW,22,92,42401,Sulfur dioxide,100,INSTRUMENTAL - ULTRAVIOLET FLUORESCENCE,33660,"Mobile, AL",30.770181,-88.087761,AREA,10.67,NEIGHBORHOOD,500 M TO 4KM,SLAMS,Al Dept Of Env Mgt,POPULATION EXPOSURE,Y,,3,
2022-04-22,010970003,1,-0.3,Parts per billion,0,CHICKASAW,23,96,42401,Sulfur dioxide,100,INSTRUMENTAL - ULTRAVIOLET FLUORESCENCE,33660,"Mobile, AL",30.770181,-88.087761,AREA,10.67,NEIGHBORHOOD,500 M TO 4KM,SLAMS,Al Dept Of Env Mgt,POPULATION EXPOSURE,Y,,3,
2022-04-23,010970003,1,-0.2,Parts per billion,0,CHICKASAW,23,96,42401,Sulfur dioxide,100,INSTRUMENTAL - ULTRAVIOLET FLUORESCENCE,33660,"Mobile, AL",30.770181,-88.087761,AREA,10.67,NEIGHBORHOOD,500 M TO 4KM,SLAMS,Al Dept Of Env Mgt,POPULATION EXPOSURE,Y,,3,
2022-04-24,010970003,1,-0.2,Parts per billion,0,CHICKASAW,23,96,42401,Sulfur dioxide,100,INSTRUMENTAL - ULTRAVIOLET FLUORESCENCE,33660,"Mobile, AL",30.770181,-88.087761,AREA,10.67,NEIGHBORHOOD,500 M TO 4KM,SLAMS,Al Dept Of Env Mgt,POPULATION EXPOSURE,Y,,3,
2022-04-25,010970003,1,-0.1,Parts per billion,0,CHICKASAW,23,96,42401,Sulfur dioxide,100,INSTRUMENTAL - ULTRAVIOLET FLUORESCENCE,33660,"Mobile, AL",30.770181,-88.087761,AREA,10.67,NEIGHBORHOOD,500 M TO 4KM,SLAMS,Al Dept Of Env Mgt,POPULATION EXPOSURE,Y,,3,
2022-04-26,010970003,1,0.3,Parts per billion,0,CHICKASAW,23,96,42401,Sulfur dioxide,100,INSTRUMENTAL - ULTRAVIOLET FLUORESCENCE,33660,"Mobile, AL",30.770181,-88.087761,AREA,10.67,NEIGHBORHOOD,500 M TO 4KM,SLAMS,Al Dept Of Env Mgt,POPULATION EXPOSURE,Y,,3,
2022-04-27,010970003,1,3.4,Parts per billion,4,CHICKASAW,23,96,42401,Sulfur dioxide,100,INSTRUMENTAL - ULTRAVIOLET FLUORESCENCE,33660,"Mobile, AL",30.770181,-88.087761,AREA,10.67,NEIGHBORHOOD,500 M TO 4KM,SLAMS,Al Dept Of Env Mgt,POPULATION EXPOSURE,Y,,3,
2022-04-28,010970003,1,5.5,Parts per billion,7,CHICKASAW,23,96,42401,Sulfur dioxide,100,INSTRUMENTAL - ULTRAVIOLET FLUORESCENCE,33660,"Mobile, AL",30.770181,-88.087761,AREA,10.67,NEIGHBORHOOD,500 M TO 4KM,SLAMS,Al Dept Of Env Mgt,POPULATION EXPOSURE,Y,,3,
2022-04-29,010970003,1,0.2,Parts per billion,0,CHICKASAW,23,96,42401,Sulfur dioxide,100,INSTRUMENTAL - ULTRAVIOLET FLUORESCENCE,33660,"Mobile, AL",30.770181,-88.087761,AREA,10.67,NEIGHBORHOOD,500 M TO 4KM,SLAMS,Al Dept Of Env Mgt,POPULATION EXPOSURE,Y,,3,
2022-04-30,010970003,1,0.2,Parts per billion,0,CHICKASAW,23,96,42401,Sulfur dioxide,100,INSTRUMENTAL - ULTRAVIOLET FLUORESCENCE,33660,"Mobile, AL",30.770181,-88.087761,AREA,10.67,NEIGHBORHOOD,500 M TO 4KM,SLAMS,Al Dept Of Env Mgt,POPULATION EXPOSURE,Y,,3,
2022-05-01,010970003,1,0,Parts per billion,0,CHICKASAW,23,96,42401,Sulfur dioxide,100,INSTRUMENTAL - ULTRAVIOLET FLUORESCENCE,33660,"Mobile, AL",30.770181,-88.087761,AREA,10.67,NEIGHBORHOOD,500 M TO 4KM,SLAMS,Al Dept Of Env Mgt,POPULATION EXPOSURE,Y,,3,
2022-05-02,010970003,1,0.3,Parts per billion,0,CHICKASAW,23,96,42401,Sulfur dioxide,100,INSTRUMENTAL - ULTRAVIOLET FLUORESCENCE,33660,"Mobile, AL",30.770181,-88.087761,AREA,10.67,NEIGHBORHOOD,500 M TO 4KM,SLAMS,Al Dept Of Env Mgt,POPULATION EXPOSURE,Y,,3,
2022-05-03,010970003,1,0.6,Parts per billion,0,CHICKASAW,23,96,42401,Sulfur dioxide,100,INSTRUMENTAL - ULTRAVIOLET FLUORESCENCE,33660,"Mobile, AL",30.770181,-88.087761,AREA,10.67,NEIGHBORHOOD,500 M TO 4KM,SLAMS,Al Dept Of Env Mgt,POPULATION EXPOSURE,Y,,3,
2022-05-04,010970003,1,0.4,Parts per billion,0,CHICKASAW,22,92,42401,Sulfur dioxide,100,INSTRUMENTAL - ULTRAVIOLET FLUORESCENCE,33660,"Mobile, AL",30.770181,-88.087761,AREA,10.67,NEIGHBORHOOD,500 M TO 4KM,SLAMS,Al Dept Of Env Mgt,POPULATION EXPOSURE,Y,,3,
2022-05-05,010970003,1,0.5,Parts per billion,0,CHICKASAW,23,96,42401,Sulfur dioxide,100,INSTRUMENTAL - ULTRAVIOLET FLUORESCENCE,33660,"Mobile, AL",30.770181,-88.087761,AREA,10.67,NEIGHBORHOOD,500 M TO 4KM,SLAMS,Al Dept Of Env Mgt,POPULATION EXPOSURE,Y,,3,
2022-05-06,010970003,1,1,Parts per billion,1,CHICKASAW,23,96,42401,Sulfur dioxide,100,INSTRUMENTAL - ULTRAVIOLET FLUORESCENCE,33660,"Mobile, AL",30.770181,-88.087761,AREA,10.67,NEIGHBORHOOD,500 M TO 4KM,SLAMS,Al Dept Of Env Mgt,POPULATION EXPOSURE,Y,,3,
2022-05-08,010970003,1,1.2,Parts per billion,1,CHICKASAW,23,96,42401,Sulfur dioxide,100,INSTRUMENTAL - ULTRAVIOLET FLUORESCENCE,33660,"Mobile, AL",30.770181,-88.087761,AREA,10.67,NEIGHBORHOOD,500 M TO 4KM,SLAMS,Al Dept Of Env Mgt,POPULATION EXPOSURE,Y,,3,
2022-05-07,010970003,1,0.8,Parts per billion,0,CHICKASAW,23,96,42401,Sulfur dioxide,100,INSTRUMENTAL - ULTRAVIOLET FLUORESCENCE,33660,"Mobile, AL",30.770181,-88.087761,AREA,10.67,NEIGHBORHOOD,500 M TO 4KM,SLAMS,Al Dept Of Env Mgt,POPULATION EXPOSURE,Y,,3,
2022-05-09,010970003,1,0.6,Parts per billion,0,CHICKASAW,23,96,42401,Sulfur dioxide,100,INSTRUMENTAL - ULTRAVIOLET FLUORESCENCE,33660,"Mobile, AL",30.770181,-88.087761,AREA,10.67,NEIGHBORHOOD,500 M TO 4KM,SLAMS,Al Dept Of Env Mgt,POPULATION EXPOSURE,Y,,3,
2022-05-10,010970003,1,0.5,Parts per billion,0,CHICKASAW,23,96,42401,Sulfur dioxide,100,INSTRUMENTAL - ULTRAVIOLET FLUORESCENCE,33660,"Mobile, AL",30.770181,-88.087761,AREA,10.67,NEIGHBORHOOD,500 M TO 4KM,SLAMS,Al Dept Of Env Mgt,POPULATION EXPOSURE,Y,,3,
2022-05-11,010970003,1,2.4,Parts per billion,3,CHICKASAW,23,96,42401,Sulfur dioxide,100,INSTRUMENTAL - ULTRAVIOLET FLUORESCENCE,33660,"Mobile, AL",30.770181,-88.087761,AREA,10.67,NEIGHBORHOOD,500 M TO 4KM,SLAMS,Al Dept Of Env Mgt,POPULATION EXPOSURE,Y,,3,
2022-05-12,010970003,1,1,Parts per billion,1,CHICKASAW,23,96,42401,Sulfur dioxide,100,INSTRUMENTAL - ULTRAVIOLET FLUORESCENCE,33660,"Mobile, AL",30.770181,-88.087761,AREA,10.67,NEIGHBORHOOD,500 M TO 4KM,SLAMS,Al Dept Of Env Mgt,POPULATION EXPOSURE,Y,,3,
2022-05-13,010970003,1,0.8,Parts per billion,0,CHICKASAW,23,96,42401,Sulfur dioxide,100,INSTRUMENTAL - ULTRAVIOLET FLUORESCENCE,33660,"Mobile, AL",30.770181,-88.087761,AREA,10.67,NEIGHBORHOOD,500 M TO 4KM,SLAMS,Al Dept Of Env Mgt,POPULATION EXPOSURE,Y,,3,
2022-05-14,010970003,1,2.3,Parts per billion,3,CHICKASAW,23,96,42401,Sulfur dioxide,100,INSTRUMENTAL - ULTRAVIOLET FLUORESCENCE,33660,"Mobile, AL",30.770181,-88.087761,AREA,10.67,NEIGHBORHOOD,500 M TO 4KM,SLAMS,Al Dept Of Env Mgt,POPULATION EXPOSURE,Y,,3,
2022-05-15,010970003,1,2.4,Parts per billion,3,CHICKASAW,23,96,42401,Sulfur dioxide,100,INSTRUMENTAL - ULTRAVIOLET FLUORESCENCE,33660,"Mobile, AL",30.770181,-88.087761,AREA,10.67,NEIGHBORHOOD,500 M TO 4KM,SLAMS,Al Dept Of Env Mgt,POPULATION EXPOSURE,Y,,3,
2022-05-16,010970003,1,0.9,Parts per billion,0,CHICKASAW,23,96,42401,Sulfur dioxide,100,INSTRUMENTAL - ULTRAVIOLET FLUORESCENCE,33660,"Mobile, AL",30.770181,-88.087761,AREA,10.67,NEIGHBORHOOD,500 M TO 4KM,SLAMS,Al Dept Of Env Mgt,POPULATION EXPOSURE,Y,,3,
2022-05-17,010970003,1,1.3,Parts per billion,1,CHICKASAW,23,96,42401,Sulfur dioxide,100,INSTRUMENTAL - ULTRAVIOLET FLUORESCENCE,33660,"Mobile, AL",30.770181,-88.087761,AREA,10.67,NEIGHBORHOOD,500 M TO 4KM,SLAMS,Al Dept Of Env Mgt,POPULATION EXPOSURE,Y,,3,
2022-05-18,010970003,1,0.8,Parts per billion,0,CHICKASAW,22,92,42401,Sulfur dioxide,100,INSTRUMENTAL - ULTRAVIOLET FLUORESCENCE,33660,"Mobile, AL",30.770181,-88.087761,AREA,10.67,NEIGHBORHOOD,500 M TO 4KM,SLAMS,Al Dept Of Env Mgt,POPULATION EXPOSURE,Y,,3,
2022-05-19,010970003,1,0.9,Parts per billion,0,CHICKASAW,23,96,42401,Sulfur dioxide,100,INSTRUMENTAL - ULTRAVIOLET FLUORESCENCE,33660,"Mobile, AL",30.770181,-88.087761,AREA,10.67,NEIGHBORHOOD,500 M TO 4KM,SLAMS,Al Dept Of Env Mgt,POPULATION EXPOSURE,Y,,3,
2022-05-20,010970003,1,0.8,Parts per billion,0,CHICKASAW,23,96,42401,Sulfur dioxide,100,INSTRUMENTAL - ULTRAVIOLET FLUORESCENCE,33660,"Mobile, AL",30.770181,-88.087761,AREA,10.67,NEIGHBORHOOD,500 M TO 4KM,SLAMS,Al Dept Of Env Mgt,POPULATION EXPOSURE,Y,,3,
2022-05-21,010970003,1,0.7,Parts per billion,0,CHICKASAW,23,96,42401,Sulfur dioxide,100,INSTRUMENTAL - ULTRAVIOLET FLUORESCENCE,33660,"Mobile, AL",30.770181,-88.087761,AREA,10.67,NEIGHBORHOOD,500 M TO 4KM,SLAMS,Al Dept Of Env Mgt,POPULATION EXPOSURE,Y,,3,
2022-05-22,010970003,1,0.6,Parts per billion,0,CHICKASAW,23,96,42401,Sulfur dioxide,100,INSTRUMENTAL - ULTRAVIOLET FLUORESCENCE,33660,"Mobile, AL",30.770181,-88.087761,AREA,10.67,NEIGHBORHOOD,500 M TO 4KM,SLAMS,Al Dept Of Env Mgt,POPULATION EXPOSURE,Y,,3,
2022-05-23,010970003,1,1.3,Parts per billion,1,CHICKASAW,23,96,42401,Sulfur dioxide,100,INSTRUMENTAL - ULTRAVIOLET FLUORESCENCE,33660,"Mobile, AL",30.770181,-88.087761,AREA,10.67,NEIGHBORHOOD,500 M TO 4KM,SLAMS,Al Dept Of Env Mgt,POPULATION EXPOSURE,Y,,3,
2022-05-24,010970003,1,0.9,Parts per billion,0,CHICKASAW,23,96,42401,Sulfur dioxide,100,INSTRUMENTAL - ULTRAVIOLET FLUORESCENCE,33660,"Mobile, AL",30.770181,-88.087761,AREA,10.67,NEIGHBORHOOD,500 M TO 4KM,SLAMS,Al Dept Of Env Mgt,POPULATION EXPOSURE,Y,,3,
2022-05-25,010970003,1,0.9,Parts per billion,0,CHICKASAW,23,96,42401,Sulfur dioxide,100,INSTRUMENTAL - ULTRAVIOLET FLUORESCENCE,33660,"Mobile, AL",30.770181,-88.087761,AREA,10.67,NEIGHBORHOOD,500 M TO 4KM,SLAMS,Al Dept Of Env Mgt,POPULATION EXPOSURE,Y,,3,
2022-05-27,010970003,1,1.2,Parts per billion,1,CHICKASAW,23,96,42401,Sulfur dioxide,100,INSTRUMENTAL - ULTRAVIOLET FLUORESCENCE,33660,"Mobile, AL",30.770181,-88.087761,AREA,10.67,NEIGHBORHOOD,500 M TO 4KM,SLAMS,Al Dept Of Env Mgt,POPULATION EXPOSURE,Y,,3,
2022-05-26,010970003,1,1,Parts per billion,1,CHICKASAW,23,96,42401,Sulfur dioxide,100,INSTRUMENTAL - ULTRAVIOLET FLUORESCENCE,33660,"Mobile, AL",30.770181,-88.087761,AREA,10.67,NEIGHBORHOOD,500 M TO 4KM,SLAMS,Al Dept Of Env Mgt,POPULATION EXPOSURE,Y,,3,
2022-05-28,010970003,1,1.4,Parts per billion,1,CHICKASAW,23,96,42401,Sulfur dioxide,100,INSTRUMENTAL - ULTRAVIOLET FLUORESCENCE,33660,"Mobile, AL",30.770181,-88.087761,AREA,10.67,NEIGHBORHOOD,500 M TO 4KM,SLAMS,Al Dept Of Env Mgt,POPULATION EXPOSURE,Y,,3,
2022-05-29,010970003,1,1,Parts per billion,1,CHICKASAW,23,96,42401,Sulfur dioxide,100,INSTRUMENTAL - ULTRAVIOLET FLUORESCENCE,33660,"Mobile, AL",30.770181,-88.087761,AREA,10.67,NEIGHBORHOOD,500 M TO 4KM,SLAMS,Al Dept Of Env Mgt,POPULATION EXPOSURE,Y,,3,
2022-05-30,010970003,1,0.9,Parts per billion,0,CHICKASAW,23,96,42401,Sulfur dioxide,100,INSTRUMENTAL - ULTRAVIOLET FLUORESCENCE,33660,"Mobile, AL",30.770181,-88.087761,AREA,10.67,NEIGHBORHOOD,500 M TO 4KM,SLAMS,Al Dept Of Env Mgt,POPULATION EXPOSURE,Y,,3,
2022-05-31,010970003,1,0.9,Parts per billion,0,CHICKASAW,23,96,42401,Sulfur dioxide,100,INSTRUMENTAL - ULTRAVIOLET FLUORESCENCE,33660,"Mobile, AL",30.770181,-88.087761,AREA,10.67,NEIGHBORHOOD,500 M TO 4KM,SLAMS,Al Dept Of Env Mgt,POPULATION EXPOSURE,Y,,3,
2022-06-01,010970003,1,3.6,Parts per billion,4,CHICKASAW,23,96,42401,Sulfur dioxide,100,INSTRUMENTAL - ULTRAVIOLET FLUORESCENCE,33660,"Mobile, AL",30.770181,-88.087761,AREA,10.67,NEIGHBORHOOD,500 M TO 4KM,SLAMS,Al Dept Of Env Mgt,POPULATION EXPOSURE,Y,,3,
2022-06-02,010970003,1,1.3,Parts per billion,1,CHICKASAW,22,92,42401,Sulfur dioxide,100,INSTRUMENTAL - ULTRAVIOLET FLUORESCENCE,33660,"Mobile, AL",30.770181,-88.087761,AREA,10.67,NEIGHBORHOOD,500 M TO 4KM,SLAMS,Al Dept Of Env Mgt,POPULATION EXPOSURE,Y,,3,
2022-06-03,010970003,1,4.4,Parts per billion,6,CHICKASAW,23,96,42401,Sulfur dioxide,100,INSTRUMENTAL - ULTRAVIOLET FLUORESCENCE,33660,"Mobile, AL",30.770181,-88.087761,AREA,10.67,NEIGHBORHOOD,500 M TO 4KM,SLAMS,Al Dept Of Env Mgt,POPULATION EXPOSURE,Y,,3,
2022-06-04,010970003,1,6,Parts per billion,9,CHICKASAW,23,96,42401,Sulfur dioxide,100,INSTRUMENTAL - ULTRAVIOLET FLUORESCENCE,33660,"Mobile, AL",30.770181,-88.087761,AREA,10.67,NEIGHBORHOOD,500 M TO 4KM,SLAMS,Al Dept Of Env Mgt,POPULATION EXPOSURE,Y,,3,
2022-06-05,010970003,1,3,Parts per billion,4,CHICKASAW,23,96,42401,Sulfur dioxide,100,INSTRUMENTAL - ULTRAVIOLET FLUORESCENCE,33660,"Mobile, AL",30.770181,-88.087761,AREA,10.67,NEIGHBORHOOD,500 M TO 4KM,SLAMS,Al Dept Of Env Mgt,POPULATION EXPOSURE,Y,,3,
2022-06-06,010970003,1,1.3,Parts per billion,1,CHICKASAW,23,96,42401,Sulfur dioxide,100,INSTRUMENTAL - ULTRAVIOLET FLUORESCENCE,33660,"Mobile, AL",30.770181,-88.087761,AREA,10.67,NEIGHBORHOOD,500 M TO 4KM,SLAMS,Al Dept Of Env Mgt,POPULATION EXPOSURE,Y,,3,
2022-06-07,010970003,1,1.3,Parts per billion,1,CHICKASAW,23,96,42401,Sulfur dioxide,100,INSTRUMENTAL - ULTRAVIOLET FLUORESCENCE,33660,"Mobile, AL",30.770181,-88.087761,AREA,10.67,NEIGHBORHOOD,500 M TO 4KM,SLAMS,Al Dept Of Env Mgt,POPULATION EXPOSURE,Y,,3,
2022-06-08,010970003,1,1.3,Parts per billion,1,CHICKASAW,23,96,42401,Sulfur dioxide,100,INSTRUMENTAL - ULTRAVIOLET FLUORESCENCE,33660,"Mobile, AL",30.770181,-88.087761,AREA,10.67,NEIGHBORHOOD,500 M TO 4KM,SLAMS,Al Dept Of Env Mgt,POPULATION EXPOSURE,Y,,3,
2022-06-09,010970003,1,1.3,Parts per billion,1,CHICKASAW,23,96,42401,Sulfur dioxide,100,INSTRUMENTAL - ULTRAVIOLET FLUORESCENCE,33660,"Mobile, AL",30.770181,-88.087761,AREA,10.67,NEIGHBORHOOD,500 M TO 4KM,SLAMS,Al Dept Of Env Mgt,POPULATION EXPOSURE,Y,,3,
2022-06-10,010970003,1,1.6,Parts per billion,1,CHICKASAW,23,96,42401,Sulfur dioxide,100,INSTRUMENTAL - ULTRAVIOLET FLUORESCENCE,33660,"Mobile, AL",30.770181,-88.087761,AREA,10.67,NEIGHBORHOOD,500 M TO 4KM,SLAMS,Al Dept Of Env Mgt,POPULATION EXPOSURE,Y,,3,
2022-06-11,010970003,1,1.6,Parts per billion,1,CHICKASAW,23,96,42401,Sulfur dioxide,100,INSTRUMENTAL - ULTRAVIOLET FLUORESCENCE,33660,"Mobile, AL",30.770181,-88.087761,AREA,10.67,NEIGHBORHOOD,500 M TO 4KM,SLAMS,Al Dept Of Env Mgt,POPULATION EXPOSURE,Y,,3,
2022-06-12,010970003,1,1.5,Parts per billion,1,CHICKASAW,23,96,42401,Sulfur dioxide,100,INSTRUMENTAL - ULTRAVIOLET FLUORESCENCE,33660,"Mobile, AL",30.770181,-88.087761,AREA,10.67,NEIGHBORHOOD,500 M TO 4KM,SLAMS,Al Dept Of Env Mgt,POPULATION EXPOSURE,Y,,3,
2022-06-13,010970003,1,1.7,Parts per billion,1,CHICKASAW,23,96,42401,Sulfur dioxide,100,INSTRUMENTAL - ULTRAVIOLET FLUORESCENCE,33660,"Mobile, AL",30.770181,-88.087761,AREA,10.67,NEIGHBORHOOD,500 M TO 4KM,SLAMS,Al Dept Of Env Mgt,POPULATION EXPOSURE,Y,,3,
2022-06-14,010970003,1,1.6,Parts per billion,1,CHICKASAW,23,96,42401,Sulfur dioxide,100,INSTRUMENTAL - ULTRAVIOLET FLUORESCENCE,33660,"Mobile, AL",30.770181,-88.087761,AREA,10.67,NEIGHBORHOOD,500 M TO 4KM,SLAMS,Al Dept Of Env Mgt,POPULATION EXPOSURE,Y,,3,
2022-06-15,010970003,1,1.9,Parts per billion,1,CHICKASAW,22,92,42401,Sulfur dioxide,100,INSTRUMENTAL - ULTRAVIOLET FLUORESCENCE,33660,"Mobile, AL",30.770181,-88.087761,AREA,10.67,NEIGHBORHOOD,500 M TO 4KM,SLAMS,Al Dept Of Env Mgt,POPULATION EXPOSURE,Y,,3,
2022-06-16,010970003,1,2,Parts per billion,3,CHICKASAW,23,96,42401,Sulfur dioxide,100,INSTRUMENTAL - ULTRAVIOLET FLUORESCENCE,33660,"Mobile, AL",30.770181,-88.087761,AREA,10.67,NEIGHBORHOOD,500 M TO 4KM,SLAMS,Al Dept Of Env Mgt,POPULATION EXPOSURE,Y,,3,
2022-06-17,010970003,1,1.9,Parts per billion,1,CHICKASAW,22,92,42401,Sulfur dioxide,100,INSTRUMENTAL - ULTRAVIOLET FLUORESCENCE,33660,"Mobile, AL",30.770181,-88.087761,AREA,10.67,NEIGHBORHOOD,500 M TO 4KM,SLAMS,Al Dept Of Env Mgt,POPULATION EXPOSURE,Y,,3,
2022-06-18,010970003,1,1.7,Parts per billion,1,CHICKASAW,23,96,42401,Sulfur dioxide,100,INSTRUMENTAL - ULTRAVIOLET FLUORESCENCE,33660,"Mobile, AL",30.770181,-88.087761,AREA,10.67,NEIGHBORHOOD,500 M TO 4KM,SLAMS,Al Dept Of Env Mgt,POPULATION EXPOSURE,Y,,3,
2022-06-19,010970003,1,3.4,Parts per billion,4,CHICKASAW,23,96,42401,Sulfur dioxide,100,INSTRUMENTAL - ULTRAVIOLET FLUORESCENCE,33660,"Mobile, AL",30.770181,-88.087761,AREA,10.67,NEIGHBORHOOD,500 M TO 4KM,SLAMS,Al Dept Of Env Mgt,POPULATION EXPOSURE,Y,,3,
2022-06-20,010970003,1,1.5,Parts per billion,1,CHICKASAW,23,96,42401,Sulfur dioxide,100,INSTRUMENTAL - ULTRAVIOLET FLUORESCENCE,33660,"Mobile, AL",30.770181,-88.087761,AREA,10.67,NEIGHBORHOOD,500 M TO 4KM,SLAMS,Al Dept Of Env Mgt,POPULATION EXPOSURE,Y,,3,
2022-06-21,010970003,1,1.6,Parts per billion,1,CHICKASAW,23,96,42401,Sulfur dioxide,100,INSTRUMENTAL - ULTRAVIOLET FLUORESCENCE,33660,"Mobile, AL",30.770181,-88.087761,AREA,10.67,NEIGHBORHOOD,500 M TO 4KM,SLAMS,Al Dept Of Env Mgt,POPULATION EXPOSURE,Y,,3,
2022-06-22,010970003,1,2.2,Parts per billion,3,CHICKASAW,23,96,42401,Sulfur dioxide,100,INSTRUMENTAL - ULTRAVIOLET FLUORESCENCE,33660,"Mobile, AL",30.770181,-88.087761,AREA,10.67,NEIGHBORHOOD,500 M TO 4KM,SLAMS,Al Dept Of Env Mgt,POPULATION EXPOSURE,Y,,3,
2022-06-23,010970003,1,5.3,Parts per billion,7,CHICKASAW,23,96,42401,Sulfur dioxide,100,INSTRUMENTAL - ULTRAVIOLET FLUORESCENCE,33660,"Mobile, AL",30.770181,-88.087761,AREA,10.67,NEIGHBORHOOD,500 M TO 4KM,SLAMS,Al Dept Of Env Mgt,POPULATION EXPOSURE,Y,,3,
2022-06-24,010970003,1,4.8,Parts per billion,6,CHICKASAW,23,96,42401,Sulfur dioxide,100,INSTRUMENTAL - ULTRAVIOLET FLUORESCENCE,33660,"Mobile, AL",30.770181,-88.087761,AREA,10.67,NEIGHBORHOOD,500 M TO 4KM,SLAMS,Al Dept Of Env Mgt,POPULATION EXPOSURE,Y,,3,
2022-06-25,010970003,1,2,Parts per billion,3,CHICKASAW,23,96,42401,Sulfur dioxide,100,INSTRUMENTAL - ULTRAVIOLET FLUORESCENCE,33660,"Mobile, AL",30.770181,-88.087761,AREA,10.67,NEIGHBORHOOD,500 M TO 4KM,SLAMS,Al Dept Of Env Mgt,POPULATION EXPOSURE,Y,,3,
2022-06-26,010970003,1,1.6,Parts per billion,1,CHICKASAW,23,96,42401,Sulfur dioxide,100,INSTRUMENTAL - ULTRAVIOLET FLUORESCENCE,33660,"Mobile, AL",30.770181,-88.087761,AREA,10.67,NEIGHBORHOOD,500 M TO 4KM,SLAMS,Al Dept Of Env Mgt,POPULATION EXPOSURE,Y,,3,
2022-06-27,010970003,1,4.1,Parts per billion,6,CHICKASAW,23,96,42401,Sulfur dioxide,100,INSTRUMENTAL - ULTRAVIOLET FLUORESCENCE,33660,"Mobile, AL",30.770181,-88.087761,AREA,10.67,NEIGHBORHOOD,500 M TO 4KM,SLAMS,Al Dept Of Env Mgt,POPULATION EXPOSURE,Y,,3,
2022-06-28,010970003,1,5.3,Parts per billion,7,CHICKASAW,23,96,42401,Sulfur dioxide,100,INSTRUMENTAL - ULTRAVIOLET FLUORESCENCE,33660,"Mobile, AL",30.770181,-88.087761,AREA,10.67,NEIGHBORHOOD,500 M TO 4KM,SLAMS,Al Dept Of Env Mgt,POPULATION EXPOSURE,Y,,3,
2022-06-29,010970003,1,1.5,Parts per billion,1,CHICKASAW,22,92,42401,Sulfur dioxide,100,INSTRUMENTAL - ULTRAVIOLET FLUORESCENCE,33660,"Mobile, AL",30.770181,-88.087761,AREA,10.67,NEIGHBORHOOD,500 M TO 4KM,SLAMS,Al Dept Of Env Mgt,POPULATION EXPOSURE,Y,,3,
2022-06-30,010970003,1,1.5,Parts per billion,1,CHICKASAW,23,96,42401,Sulfur dioxide,100,INSTRUMENTAL - ULTRAVIOLET FLUORESCENCE,33660,"Mobile, AL",30.770181,-88.087761,AREA,10.67,NEIGHBORHOOD,500 M TO 4KM,SLAMS,Al Dept Of Env Mgt,POPULATION EXPOSURE,Y,,3,
2022-07-01,010970003,1,1.6,Parts per billion,1,CHICKASAW,23,96,42401,Sulfur dioxide,100,INSTRUMENTAL - ULTRAVIOLET FLUORESCENCE,33660,"Mobile, AL",30.770181,-88.087761,AREA,10.67,NEIGHBORHOOD,500 M TO 4KM,SLAMS,Al Dept Of Env Mgt,POPULATION EXPOSURE,Y,,3,
2022-07-03,010970003,1,1.8,Parts per billion,1,CHICKASAW,23,96,42401,Sulfur dioxide,100,INSTRUMENTAL - ULTRAVIOLET FLUORESCENCE,33660,"Mobile, AL",30.770181,-88.087761,AREA,10.67,NEIGHBORHOOD,500 M TO 4KM,SLAMS,Al Dept Of Env Mgt,POPULATION EXPOSURE,Y,,3,
2022-07-02,010970003,1,1.9,Parts per billion,1,CHICKASAW,23,96,42401,Sulfur dioxide,100,INSTRUMENTAL - ULTRAVIOLET FLUORESCENCE,33660,"Mobile, AL",30.770181,-88.087761,AREA,10.67,NEIGHBORHOOD,500 M TO 4KM,SLAMS,Al Dept Of Env Mgt,POPULATION EXPOSURE,Y,,3,
2022-07-04,010970003,1,2,Parts per billion,3,CHICKASAW,23,96,42401,Sulfur dioxide,100,INSTRUMENTAL - ULTRAVIOLET FLUORESCENCE,33660,"Mobile, AL",30.770181,-88.087761,AREA,10.67,NEIGHBORHOOD,500 M TO 4KM,SLAMS,Al Dept Of Env Mgt,POPULATION EXPOSURE,Y,,3,
2022-07-05,010970003,1,1.9,Parts per billion,1,CHICKASAW,23,96,42401,Sulfur dioxide,100,INSTRUMENTAL - ULTRAVIOLET FLUORESCENCE,33660,"Mobile, AL",30.770181,-88.087761,AREA,10.67,NEIGHBORHOOD,500 M TO 4KM,SLAMS,Al Dept Of Env Mgt,POPULATION EXPOSURE,Y,,3,
2022-07-06,010970003,1,2.1,Parts per billion,3,CHICKASAW,23,96,42401,Sulfur dioxide,100,INSTRUMENTAL - ULTRAVIOLET FLUORESCENCE,33660,"Mobile, AL",30.770181,-88.087761,AREA,10.67,NEIGHBORHOOD,500 M TO 4KM,SLAMS,Al Dept Of Env Mgt,POPULATION EXPOSURE,Y,,3,
2022-07-07,010970003,1,2.2,Parts per billion,3,CHICKASAW,23,96,42401,Sulfur dioxide,100,INSTRUMENTAL - ULTRAVIOLET FLUORESCENCE,33660,"Mobile, AL",30.770181,-88.087761,AREA,10.67,NEIGHBORHOOD,500 M TO 4KM,SLAMS,Al Dept Of Env Mgt,POPULATION EXPOSURE,Y,,3,
2022-07-08,010970003,1,1.9,Parts per billion,1,CHICKASAW,23,96,42401,Sulfur dioxide,100,INSTRUMENTAL - ULTRAVIOLET FLUORESCENCE,33660,"Mobile, AL",30.770181,-88.087761,AREA,10.67,NEIGHBORHOOD,500 M TO 4KM,SLAMS,Al Dept Of Env Mgt,POPULATION EXPOSURE,Y,,3,
2022-07-09,010970003,1,2,Parts per billion,3,CHICKASAW,23,96,42401,Sulfur dioxide,100,INSTRUMENTAL - ULTRAVIOLET FLUORESCENCE,33660,"Mobile, AL",30.770181,-88.087761,AREA,10.67,NEIGHBORHOOD,500 M TO 4KM,SLAMS,Al Dept Of Env Mgt,POPULATION EXPOSURE,Y,,3,
2022-07-10,010970003,1,2.2,Parts per billion,3,CHICKASAW,23,96,42401,Sulfur dioxide,100,INSTRUMENTAL - ULTRAVIOLET FLUORESCENCE,33660,"Mobile, AL",30.770181,-88.087761,AREA,10.67,NEIGHBORHOOD,500 M TO 4KM,SLAMS,Al Dept Of Env Mgt,POPULATION EXPOSURE,Y,,3,
2022-07-11,010970003,1,3.2,Parts per billion,4,CHICKASAW,22,92,42401,Sulfur dioxide,100,INSTRUMENTAL - ULTRAVIOLET FLUORESCENCE,33660,"Mobile, AL",30.770181,-88.087761,AREA,10.67,NEIGHBORHOOD,500 M TO 4KM,SLAMS,Al Dept Of Env Mgt,POPULATION EXPOSURE,Y,,3,
2022-07-12,010970003,1,2.2,Parts per billion,3,CHICKASAW,23,96,42401,Sulfur dioxide,100,INSTRUMENTAL - ULTRAVIOLET FLUORESCENCE,33660,"Mobile, AL",30.770181,-88.087761,AREA,10.67,NEIGHBORHOOD,500 M TO 4KM,SLAMS,Al Dept Of Env Mgt,POPULATION EXPOSURE,Y,,3,
2022-07-13,010970003,1,2,Parts per billion,3,CHICKASAW,23,96,42401,Sulfur dioxide,100,INSTRUMENTAL - ULTRAVIOLET FLUORESCENCE,33660,"Mobile, AL",30.770181,-88.087761,AREA,10.67,NEIGHBORHOOD,500 M TO 4KM,SLAMS,Al Dept Of Env Mgt,POPULATION EXPOSURE,Y,,3,
2022-07-14,010970003,1,2,Parts per billion,3,CHICKASAW,22,92,42401,Sulfur dioxide,100,INSTRUMENTAL - ULTRAVIOLET FLUORESCENCE,33660,"Mobile, AL",30.770181,-88.087761,AREA,10.67,NEIGHBORHOOD,500 M TO 4KM,SLAMS,Al Dept Of Env Mgt,POPULATION EXPOSURE,Y,,3,
2022-07-15,010970003,1,2.1,Parts per billion,3,CHICKASAW,22,92,42401,Sulfur dioxide,100,INSTRUMENTAL - ULTRAVIOLET FLUORESCENCE,33660,"Mobile, AL",30.770181,-88.087761,AREA,10.67,NEIGHBORHOOD,500 M TO 4KM,SLAMS,Al Dept Of Env Mgt,POPULATION EXPOSURE,Y,,3,
2022-07-16,010970003,1,2.6,Parts per billion,3,CHICKASAW,23,96,42401,Sulfur dioxide,100,INSTRUMENTAL - ULTRAVIOLET FLUORESCENCE,33660,"Mobile, AL",30.770181,-88.087761,AREA,10.67,NEIGHBORHOOD,500 M TO 4KM,SLAMS,Al Dept Of Env Mgt,POPULATION EXPOSURE,Y,,3,
2022-07-17,010970003,1,2,Parts per billion,3,CHICKASAW,23,96,42401,Sulfur dioxide,100,INSTRUMENTAL - ULTRAVIOLET FLUORESCENCE,33660,"Mobile, AL",30.770181,-88.087761,AREA,10.67,NEIGHBORHOOD,500 M TO 4KM,SLAMS,Al Dept Of Env Mgt,POPULATION EXPOSURE,Y,,3,
2022-07-18,010970003,1,2.1,Parts per billion,3,CHICKASAW,23,96,42401,Sulfur dioxide,100,INSTRUMENTAL - ULTRAVIOLET FLUORESCENCE,33660,"Mobile, AL",30.770181,-88.087761,AREA,10.67,NEIGHBORHOOD,500 M TO 4KM,SLAMS,Al Dept Of Env Mgt,POPULATION EXPOSURE,Y,,3,
2022-07-19,010970003,1,2.1,Parts per billion,3,CHICKASAW,23,96,42401,Sulfur dioxide,100,INSTRUMENTAL - ULTRAVIOLET FLUORESCENCE,33660,"Mobile, AL",30.770181,-88.087761,AREA,10.67,NEIGHBORHOOD,500 M TO 4KM,SLAMS,Al Dept Of Env Mgt,POPULATION EXPOSURE,Y,,3,
2022-07-20,010970003,1,2.2,Parts per billion,3,CHICKASAW,23,96,42401,Sulfur dioxide,100,INSTRUMENTAL - ULTRAVIOLET FLUORESCENCE,33660,"Mobile, AL",30.770181,-88.087761,AREA,10.67,NEIGHBORHOOD,500 M TO 4KM,SLAMS,Al Dept Of Env Mgt,POPULATION EXPOSURE,Y,,3,
2022-07-21,010970003,1,2.3,Parts per billion,3,CHICKASAW,23,96,42401,Sulfur dioxide,100,INSTRUMENTAL - ULTRAVIOLET FLUORESCENCE,33660,"Mobile, AL",30.770181,-88.087761,AREA,10.67,NEIGHBORHOOD,500 M TO 4KM,SLAMS,Al Dept Of Env Mgt,POPULATION EXPOSURE,Y,,3,
2022-07-22,010970003,1,2.6,Parts per billion,3,CHICKASAW,23,96,42401,Sulfur dioxide,100,INSTRUMENTAL - ULTRAVIOLET FLUORESCENCE,33660,"Mobile, AL",30.770181,-88.087761,AREA,10.67,NEIGHBORHOOD,500 M TO 4KM,SLAMS,Al Dept Of Env Mgt,POPULATION EXPOSURE,Y,,3,
2022-07-23,010970003,1,2,Parts per billion,3,CHICKASAW,23,96,42401,Sulfur dioxide,100,INSTRUMENTAL - ULTRAVIOLET FLUORESCENCE,33660,"Mobile, AL",30.770181,-88.087761,AREA,10.67,NEIGHBORHOOD,500 M TO 4KM,SLAMS,Al Dept Of Env Mgt,POPULATION EXPOSURE,Y,,3,
2022-07-24,010970003,1,2,Parts per billion,3,CHICKASAW,23,96,42401,Sulfur dioxide,100,INSTRUMENTAL - ULTRAVIOLET FLUORESCENCE,33660,"Mobile, AL",30.770181,-88.087761,AREA,10.67,NEIGHBORHOOD,500 M TO 4KM,SLAMS,Al Dept Of Env Mgt,POPULATION EXPOSURE,Y,,3,
2022-07-25,010970003,1,2.1,Parts per billion,3,CHICKASAW,23,96,42401,Sulfur dioxide,100,INSTRUMENTAL - ULTRAVIOLET FLUORESCENCE,33660,"Mobile, AL",30.770181,-88.087761,AREA,10.67,NEIGHBORHOOD,500 M TO 4KM,SLAMS,Al Dept Of Env Mgt,POPULATION EXPOSURE,Y,,3,
2022-07-26,010970003,1,2.4,Parts per billion,3,CHICKASAW,21,88,42401,Sulfur dioxide,100,INSTRUMENTAL - ULTRAVIOLET FLUORESCENCE,33660,"Mobile, AL",30.770181,-88.087761,AREA,10.67,NEIGHBORHOOD,500 M TO 4KM,SLAMS,Al Dept Of Env Mgt,POPULATION EXPOSURE,Y,,3,
2022-07-27,010970003,1,2.2,Parts per billion,3,CHICKASAW,23,96,42401,Sulfur dioxide,100,INSTRUMENTAL - ULTRAVIOLET FLUORESCENCE,33660,"Mobile, AL",30.770181,-88.087761,AREA,10.67,NEIGHBORHOOD,500 M TO 4KM,SLAMS,Al Dept Of Env Mgt,POPULATION EXPOSURE,Y,,3,
2022-07-28,010970003,1,2.3,Parts per billion,3,CHICKASAW,23,96,42401,Sulfur dioxide,100,INSTRUMENTAL - ULTRAVIOLET FLUORESCENCE,33660,"Mobile, AL",30.770181,-88.087761,AREA,10.67,NEIGHBORHOOD,500 M TO 4KM,SLAMS,Al Dept Of Env Mgt,POPULATION EXPOSURE,Y,,3,
2022-07-29,010970003,1,2.2,Parts per billion,3,CHICKASAW,23,96,42401,Sulfur dioxide,100,INSTRUMENTAL - ULTRAVIOLET FLUORESCENCE,33660,"Mobile, AL",30.770181,-88.087761,AREA,10.67,NEIGHBORHOOD,500 M TO 4KM,SLAMS,Al Dept Of Env Mgt,POPULATION EXPOSURE,Y,,3,
2022-07-30,010970003,1,2.2,Parts per billion,3,CHICKASAW,23,96,42401,Sulfur dioxide,100,INSTRUMENTAL - ULTRAVIOLET FLUORESCENCE,33660,"Mobile, AL",30.770181,-88.087761,AREA,10.67,NEIGHBORHOOD,500 M TO 4KM,SLAMS,Al Dept Of Env Mgt,POPULATION EXPOSURE,Y,,3,
2022-07-31,010970003,1,2.3,Parts per billion,3,CHICKASAW,23,96,42401,Sulfur dioxide,100,INSTRUMENTAL - ULTRAVIOLET FLUORESCENCE,33660,"Mobile, AL",30.770181,-88.087761,AREA,10.67,NEIGHBORHOOD,500 M TO 4KM,SLAMS,Al Dept Of Env Mgt,POPULATION EXPOSURE,Y,,3,
2022-08-01,010970003,1,2.3,Parts per billion,3,CHICKASAW,23,96,42401,Sulfur dioxide,100,INSTRUMENTAL - ULTRAVIOLET FLUORESCENCE,33660,"Mobile, AL",30.770181,-88.087761,AREA,10.67,NEIGHBORHOOD,500 M TO 4KM,SLAMS,Al Dept Of Env Mgt,POPULATION EXPOSURE,Y,,3,
2022-08-02,010970003,1,6,Parts per billion,9,CHICKASAW,23,96,42401,Sulfur dioxide,100,INSTRUMENTAL - ULTRAVIOLET FLUORESCENCE,33660,"Mobile, AL",30.770181,-88.087761,AREA,10.67,NEIGHBORHOOD,500 M TO 4KM,SLAMS,Al Dept Of Env Mgt,POPULATION EXPOSURE,Y,,3,
2022-08-03,010970003,1,2.6,Parts per billion,3,CHICKASAW,23,96,42401,Sulfur dioxide,100,INSTRUMENTAL - ULTRAVIOLET FLUORESCENCE,33660,"Mobile, AL",30.770181,-88.087761,AREA,10.67,NEIGHBORHOOD,500 M TO 4KM,SLAMS,Al Dept Of Env Mgt,POPULATION EXPOSURE,Y,,3,
2022-08-04,010970003,1,2.6,Parts per billion,3,CHICKASAW,23,96,42401,Sulfur dioxide,100,INSTRUMENTAL - ULTRAVIOLET FLUORESCENCE,33660,"Mobile, AL",30.770181,-88.087761,AREA,10.67,NEIGHBORHOOD,500 M TO 4KM,SLAMS,Al Dept Of Env Mgt,POPULATION EXPOSURE,Y,,3,
2022-08-05,010970003,1,2.4,Parts per billion,3,CHICKASAW,23,96,42401,Sulfur dioxide,100,INSTRUMENTAL - ULTRAVIOLET FLUORESCENCE,33660,"Mobile, AL",30.770181,-88.087761,AREA,10.67,NEIGHBORHOOD,500 M TO 4KM,SLAMS,Al Dept Of Env Mgt,POPULATION EXPOSURE,Y,,3,
2022-08-06,010970003,1,2.3,Parts per billion,3,CHICKASAW,23,96,42401,Sulfur dioxide,100,INSTRUMENTAL - ULTRAVIOLET FLUORESCENCE,33660,"Mobile, AL",30.770181,-88.087761,AREA,10.67,NEIGHBORHOOD,500 M TO 4KM,SLAMS,Al Dept Of Env Mgt,POPULATION EXPOSURE,Y,,3,
2022-08-07,010970003,1,2.4,Parts per billion,3,CHICKASAW,23,96,42401,Sulfur dioxide,100,INSTRUMENTAL - ULTRAVIOLET FLUORESCENCE,33660,"Mobile, AL",30.770181,-88.087761,AREA,10.67,NEIGHBORHOOD,500 M TO 4KM,SLAMS,Al Dept Of Env Mgt,POPULATION EXPOSURE,Y,,3,
2022-08-08,010970003,1,8.9,Parts per billion,11,CHICKASAW,23,96,42401,Sulfur dioxide,100,INSTRUMENTAL - ULTRAVIOLET FLUORESCENCE,33660,"Mobile, AL",30.770181,-88.087761,AREA,10.67,NEIGHBORHOOD,500 M TO 4KM,SLAMS,Al Dept Of Env Mgt,POPULATION EXPOSURE,Y,,3,
2022-08-09,010970003,1,2.6,Parts per billion,3,CHICKASAW,23,96,42401,Sulfur dioxide,100,INSTRUMENTAL - ULTRAVIOLET FLUORESCENCE,33660,"Mobile, AL",30.770181,-88.087761,AREA,10.67,NEIGHBORHOOD,500 M TO 4KM,SLAMS,Al Dept Of Env Mgt,POPULATION EXPOSURE,Y,,3,
2022-08-10,010970003,1,2.5,Parts per billion,3,CHICKASAW,22,92,42401,Sulfur dioxide,100,INSTRUMENTAL - ULTRAVIOLET FLUORESCENCE,33660,"Mobile, AL",30.770181,-88.087761,AREA,10.67,NEIGHBORHOOD,500 M TO 4KM,SLAMS,Al Dept Of Env Mgt,POPULATION EXPOSURE,Y,,3,
2022-08-11,010970003,1,2.6,Parts per billion,3,CHICKASAW,23,96,42401,Sulfur dioxide,100,INSTRUMENTAL - ULTRAVIOLET FLUORESCENCE,33660,"Mobile, AL",30.770181,-88.087761,AREA,10.67,NEIGHBORHOOD,500 M TO 4KM,SLAMS,Al Dept Of Env Mgt,POPULATION EXPOSURE,Y,,3,
2022-08-12,010970003,1,2.7,Parts per billion,3,CHICKASAW,23,96,42401,Sulfur dioxide,100,INSTRUMENTAL - ULTRAVIOLET FLUORESCENCE,33660,"Mobile, AL",30.770181,-88.087761,AREA,10.67,NEIGHBORHOOD,500 M TO 4KM,SLAMS,Al Dept Of Env Mgt,POPULATION EXPOSURE,Y,,3,
2022-08-13,010970003,1,2.9,Parts per billion,3,CHICKASAW,23,96,42401,Sulfur dioxide,100,INSTRUMENTAL - ULTRAVIOLET FLUORESCENCE,33660,"Mobile, AL",30.770181,-88.087761,AREA,10.67,NEIGHBORHOOD,500 M TO 4KM,SLAMS,Al Dept Of Env Mgt,POPULATION EXPOSURE,Y,,3,
2022-08-14,010970003,1,2.8,Parts per billion,3,CHICKASAW,23,96,42401,Sulfur dioxide,100,INSTRUMENTAL - ULTRAVIOLET FLUORESCENCE,33660,"Mobile, AL",30.770181,-88.087761,AREA,10.67,NEIGHBORHOOD,500 M TO 4KM,SLAMS,Al Dept Of Env Mgt,POPULATION EXPOSURE,Y,,3,
2022-08-15,010970003,1,2.9,Parts per billion,3,CHICKASAW,23,96,42401,Sulfur dioxide,100,INSTRUMENTAL - ULTRAVIOLET FLUORESCENCE,33660,"Mobile, AL",30.770181,-88.087761,AREA,10.67,NEIGHBORHOOD,500 M TO 4KM,SLAMS,Al Dept Of Env Mgt,POPULATION EXPOSURE,Y,,3,
2022-08-16,010970003,1,2.9,Parts per billion,3,CHICKASAW,20,83,42401,Sulfur dioxide,100,INSTRUMENTAL - ULTRAVIOLET FLUORESCENCE,33660,"Mobile, AL",30.770181,-88.087761,AREA,10.67,NEIGHBORHOOD,500 M TO 4KM,SLAMS,Al Dept Of Env Mgt,POPULATION EXPOSURE,Y,,3,
2022-08-17,010970003,1,0.1,Parts per billion,0,CHICKASAW,22,92,42401,Sulfur dioxide,100,INSTRUMENTAL - ULTRAVIOLET FLUORESCENCE,33660,"Mobile, AL",30.770181,-88.087761,AREA,10.67,NEIGHBORHOOD,500 M TO 4KM,SLAMS,Al Dept Of Env Mgt,POPULATION EXPOSURE,Y,,3,
2022-08-18,010970003,1,0.2,Parts per billion,0,CHICKASAW,13,54,42401,Sulfur dioxide,100,INSTRUMENTAL - ULTRAVIOLET FLUORESCENCE,33660,"Mobile, AL",30.770181,-88.087761,AREA,10.67,NEIGHBORHOOD,500 M TO 4KM,SLAMS,Al Dept Of Env Mgt,POPULATION EXPOSURE,Y,,3,
2022-08-19,010970003,1,0.2,Parts per billion,0,CHICKASAW,23,96,42401,Sulfur dioxide,100,INSTRUMENTAL - ULTRAVIOLET FLUORESCENCE,33660,"Mobile, AL",30.770181,-88.087761,AREA,10.67,NEIGHBORHOOD,500 M TO 4KM,SLAMS,Al Dept Of Env Mgt,POPULATION EXPOSURE,Y,,3,
2022-08-20,010970003,1,0.3,Parts per billion,0,CHICKASAW,23,96,42401,Sulfur dioxide,100,INSTRUMENTAL - ULTRAVIOLET FLUORESCENCE,33660,"Mobile, AL",30.770181,-88.087761,AREA,10.67,NEIGHBORHOOD,500 M TO 4KM,SLAMS,Al Dept Of Env Mgt,POPULATION EXPOSURE,Y,,3,
2022-08-21,010970003,1,0,Parts per billion,0,CHICKASAW,23,96,42401,Sulfur dioxide,100,INSTRUMENTAL - ULTRAVIOLET FLUORESCENCE,33660,"Mobile, AL",30.770181,-88.087761,AREA,10.67,NEIGHBORHOOD,500 M TO 4KM,SLAMS,Al Dept Of Env Mgt,POPULATION EXPOSURE,Y,,3,
2022-08-22,010970003,1,1.9,Parts per billion,1,CHICKASAW,23,96,42401,Sulfur dioxide,100,INSTRUMENTAL - ULTRAVIOLET FLUORESCENCE,33660,"Mobile, AL",30.770181,-88.087761,AREA,10.67,NEIGHBORHOOD,500 M TO 4KM,SLAMS,Al Dept Of Env Mgt,POPULATION EXPOSURE,Y,,3,
2022-08-23,010970003,1,0.7,Parts per billion,0,CHICKASAW,23,96,42401,Sulfur dioxide,100,INSTRUMENTAL - ULTRAVIOLET FLUORESCENCE,33660,"Mobile, AL",30.770181,-88.087761,AREA,10.67,NEIGHBORHOOD,500 M TO 4KM,SLAMS,Al Dept Of Env Mgt,POPULATION EXPOSURE,Y,,3,
2022-08-24,010970003,1,0.3,Parts per billion,0,CHICKASAW,22,92,42401,Sulfur dioxide,100,INSTRUMENTAL - ULTRAVIOLET FLUORESCENCE,33660,"Mobile, AL",30.770181,-88.087761,AREA,10.67,NEIGHBORHOOD,500 M TO 4KM,SLAMS,Al Dept Of Env Mgt,POPULATION EXPOSURE,Y,,3,
2022-08-25,010970003,1,0.4,Parts per billion,0,CHICKASAW,23,96,42401,Sulfur dioxide,100,INSTRUMENTAL - ULTRAVIOLET FLUORESCENCE,33660,"Mobile, AL",30.770181,-88.087761,AREA,10.67,NEIGHBORHOOD,500 M TO 4KM,SLAMS,Al Dept Of Env Mgt,POPULATION EXPOSURE,Y,,3,
2022-08-26,010970003,1,0.5,Parts per billion,0,CHICKASAW,23,96,42401,Sulfur dioxide,100,INSTRUMENTAL - ULTRAVIOLET FLUORESCENCE,33660,"Mobile, AL",30.770181,-88.087761,AREA,10.67,NEIGHBORHOOD,500 M TO 4KM,SLAMS,Al Dept Of Env Mgt,POPULATION EXPOSURE,Y,,3,
2022-08-27,010970003,1,0.6,Parts per billion,0,CHICKASAW,23,96,42401,Sulfur dioxide,100,INSTRUMENTAL - ULTRAVIOLET FLUORESCENCE,33660,"Mobile, AL",30.770181,-88.087761,AREA,10.67,NEIGHBORHOOD,500 M TO 4KM,SLAMS,Al Dept Of Env Mgt,POPULATION EXPOSURE,Y,,3,
2022-08-28,010970003,1,0.5,Parts per billion,0,CHICKASAW,23,96,42401,Sulfur dioxide,100,INSTRUMENTAL - ULTRAVIOLET FLUORESCENCE,33660,"Mobile, AL",30.770181,-88.087761,AREA,10.67,NEIGHBORHOOD,500 M TO 4KM,SLAMS,Al Dept Of Env Mgt,POPULATION EXPOSURE,Y,,3,
2022-08-29,010970003,1,0.7,Parts per billion,0,CHICKASAW,23,96,42401,Sulfur dioxide,100,INSTRUMENTAL - ULTRAVIOLET FLUORESCENCE,33660,"Mobile, AL",30.770181,-88.087761,AREA,10.67,NEIGHBORHOOD,500 M TO 4KM,SLAMS,Al Dept Of Env Mgt,POPULATION EXPOSURE,Y,,3,
2022-08-30,010970003,1,2.2,Parts per billion,3,CHICKASAW,23,96,42401,Sulfur dioxide,100,INSTRUMENTAL - ULTRAVIOLET FLUORESCENCE,33660,"Mobile, AL",30.770181,-88.087761,AREA,10.67,NEIGHBORHOOD,500 M TO 4KM,SLAMS,Al Dept Of Env Mgt,POPULATION EXPOSURE,Y,,3,
2022-08-31,010970003,1,3,Parts per billion,4,CHICKASAW,23,96,42401,Sulfur dioxide,100,INSTRUMENTAL - ULTRAVIOLET FLUORESCENCE,33660,"Mobile, AL",30.770181,-88.087761,AREA,10.67,NEIGHBORHOOD,500 M TO 4KM,SLAMS,Al Dept Of Env Mgt,POPULATION EXPOSURE,Y,,3,
2022-09-01,010970003,1,4.9,Parts per billion,6,CHICKASAW,23,96,42401,Sulfur dioxide,100,INSTRUMENTAL - ULTRAVIOLET FLUORESCENCE,33660,"Mobile, AL",30.770181,-88.087761,AREA,10.67,NEIGHBORHOOD,500 M TO 4KM,SLAMS,Al Dept Of Env Mgt,POPULATION EXPOSURE,Y,,3,
2022-09-02,010970003,1,0.8,Parts per billion,0,CHICKASAW,23,96,42401,Sulfur dioxide,100,INSTRUMENTAL - ULTRAVIOLET FLUORESCENCE,33660,"Mobile, AL",30.770181,-88.087761,AREA,10.67,NEIGHBORHOOD,500 M TO 4KM,SLAMS,Al Dept Of Env Mgt,POPULATION EXPOSURE,Y,,3,
2022-09-03,010970003,1,0.8,Parts per billion,0,CHICKASAW,23,96,42401,Sulfur dioxide,100,INSTRUMENTAL - ULTRAVIOLET FLUORESCENCE,33660,"Mobile, AL",30.770181,-88.087761,AREA,10.67,NEIGHBORHOOD,500 M TO 4KM,SLAMS,Al Dept Of Env Mgt,POPULATION EXPOSURE,Y,,3,
2022-09-04,010970003,1,2.6,Parts per billion,3,CHICKASAW,23,96,42401,Sulfur dioxide,100,INSTRUMENTAL - ULTRAVIOLET FLUORESCENCE,33660,"Mobile, AL",30.770181,-88.087761,AREA,10.67,NEIGHBORHOOD,500 M TO 4KM,SLAMS,Al Dept Of Env Mgt,POPULATION EXPOSURE,Y,,3,
2022-09-05,010970003,1,0.8,Parts per billion,0,CHICKASAW,23,96,42401,Sulfur dioxide,100,INSTRUMENTAL - ULTRAVIOLET FLUORESCENCE,33660,"Mobile, AL",30.770181,-88.087761,AREA,10.67,NEIGHBORHOOD,500 M TO 4KM,SLAMS,Al Dept Of Env Mgt,POPULATION EXPOSURE,Y,,3,
2022-09-06,010970003,1,0.5,Parts per billion,0,CHICKASAW,23,96,42401,Sulfur dioxide,100,INSTRUMENTAL - ULTRAVIOLET FLUORESCENCE,33660,"Mobile, AL",30.770181,-88.087761,AREA,10.67,NEIGHBORHOOD,500 M TO 4KM,SLAMS,Al Dept Of Env Mgt,POPULATION EXPOSURE,Y,,3,
2022-09-07,010970003,1,0.5,Parts per billion,0,CHICKASAW,22,92,42401,Sulfur dioxide,100,INSTRUMENTAL - ULTRAVIOLET FLUORESCENCE,33660,"Mobile, AL",30.770181,-88.087761,AREA,10.67,NEIGHBORHOOD,500 M TO 4KM,SLAMS,Al Dept Of Env Mgt,POPULATION EXPOSURE,Y,,3,
2022-09-08,010970003,1,1.8,Parts per billion,1,CHICKASAW,23,96,42401,Sulfur dioxide,100,INSTRUMENTAL - ULTRAVIOLET FLUORESCENCE,33660,"Mobile, AL",30.770181,-88.087761,AREA,10.67,NEIGHBORHOOD,500 M TO 4KM,SLAMS,Al Dept Of Env Mgt,POPULATION EXPOSURE,Y,,3,
2022-09-09,010970003,1,1.2,Parts per billion,1,CHICKASAW,23,96,42401,Sulfur dioxide,100,INSTRUMENTAL - ULTRAVIOLET FLUORESCENCE,33660,"Mobile, AL",30.770181,-88.087761,AREA,10.67,NEIGHBORHOOD,500 M TO 4KM,SLAMS,Al Dept Of Env Mgt,POPULATION EXPOSURE,Y,,3,
2022-09-10,010970003,1,0.8,Parts per billion,0,CHICKASAW,8,33,42401,Sulfur dioxide,100,INSTRUMENTAL - ULTRAVIOLET FLUORESCENCE,33660,"Mobile, AL",30.770181,-88.087761,AREA,10.67,NEIGHBORHOOD,500 M TO 4KM,SLAMS,Al Dept Of Env Mgt,POPULATION EXPOSURE,Y,,3,
2022-09-13,010970003,1,1.5,Parts per billion,1,CHICKASAW,13,54,42401,Sulfur dioxide,100,INSTRUMENTAL - ULTRAVIOLET FLUORESCENCE,33660,"Mobile, AL",30.770181,-88.087761,AREA,10.67,NEIGHBORHOOD,500 M TO 4KM,SLAMS,Al Dept Of Env Mgt,POPULATION EXPOSURE,Y,,3,
2022-09-14,010970003,1,1.4,Parts per billion,1,CHICKASAW,23,96,42401,Sulfur dioxide,100,INSTRUMENTAL - ULTRAVIOLET FLUORESCENCE,33660,"Mobile, AL",30.770181,-88.087761,AREA,10.67,NEIGHBORHOOD,500 M TO 4KM,SLAMS,Al Dept Of Env Mgt,POPULATION EXPOSURE,Y,,3,
2022-09-15,010970003,1,2.5,Parts per billion,3,CHICKASAW,23,96,42401,Sulfur dioxide,100,INSTRUMENTAL - ULTRAVIOLET FLUORESCENCE,33660,"Mobile, AL",30.770181,-88.087761,AREA,10.67,NEIGHBORHOOD,500 M TO 4KM,SLAMS,Al Dept Of Env Mgt,POPULATION EXPOSURE,Y,,3,
2022-09-16,010970003,1,0.7,Parts per billion,0,CHICKASAW,23,96,42401,Sulfur dioxide,100,INSTRUMENTAL - ULTRAVIOLET FLUORESCENCE,33660,"Mobile, AL",30.770181,-88.087761,AREA,10.67,NEIGHBORHOOD,500 M TO 4KM,SLAMS,Al Dept Of Env Mgt,POPULATION EXPOSURE,Y,,3,
2022-09-17,010970003,1,0.6,Parts per billion,0,CHICKASAW,23,96,42401,Sulfur dioxide,100,INSTRUMENTAL - ULTRAVIOLET FLUORESCENCE,33660,"Mobile, AL",30.770181,-88.087761,AREA,10.67,NEIGHBORHOOD,500 M TO 4KM,SLAMS,Al Dept Of Env Mgt,POPULATION EXPOSURE,Y,,3,
2022-09-18,010970003,1,0.5,Parts per billion,0,CHICKASAW,23,96,42401,Sulfur dioxide,100,INSTRUMENTAL - ULTRAVIOLET FLUORESCENCE,33660,"Mobile, AL",30.770181,-88.087761,AREA,10.67,NEIGHBORHOOD,500 M TO 4KM,SLAMS,Al Dept Of Env Mgt,POPULATION EXPOSURE,Y,,3,
2022-09-19,010970003,1,4.7,Parts per billion,6,CHICKASAW,23,96,42401,Sulfur dioxide,100,INSTRUMENTAL - ULTRAVIOLET FLUORESCENCE,33660,"Mobile, AL",30.770181,-88.087761,AREA,10.67,NEIGHBORHOOD,500 M TO 4KM,SLAMS,Al Dept Of Env Mgt,POPULATION EXPOSURE,Y,,3,
2022-09-20,010970003,1,11.2,Parts per billion,16,CHICKASAW,23,96,42401,Sulfur dioxide,100,INSTRUMENTAL - ULTRAVIOLET FLUORESCENCE,33660,"Mobile, AL",30.770181,-88.087761,AREA,10.67,NEIGHBORHOOD,500 M TO 4KM,SLAMS,Al Dept Of Env Mgt,POPULATION EXPOSURE,Y,,3,
2022-09-21,010970003,1,2.3,Parts per billion,3,CHICKASAW,23,96,42401,Sulfur dioxide,100,INSTRUMENTAL - ULTRAVIOLET FLUORESCENCE,33660,"Mobile, AL",30.770181,-88.087761,AREA,10.67,NEIGHBORHOOD,500 M TO 4KM,SLAMS,Al Dept Of Env Mgt,POPULATION EXPOSURE,Y,,3,
2022-09-22,010970003,1,1.3,Parts per billion,1,CHICKASAW,18,75,42401,Sulfur dioxide,100,INSTRUMENTAL - ULTRAVIOLET FLUORESCENCE,33660,"Mobile, AL",30.770181,-88.087761,AREA,10.67,NEIGHBORHOOD,500 M TO 4KM,SLAMS,Al Dept Of Env Mgt,POPULATION EXPOSURE,Y,,3,
2022-09-23,010970003,1,3.1,Parts per billion,4,CHICKASAW,23,96,42401,Sulfur dioxide,100,INSTRUMENTAL - ULTRAVIOLET FLUORESCENCE,33660,"Mobile, AL",30.770181,-88.087761,AREA,10.67,NEIGHBORHOOD,500 M TO 4KM,SLAMS,Al Dept Of Env Mgt,POPULATION EXPOSURE,Y,,3,
2022-09-24,010970003,1,2.8,Parts per billion,3,CHICKASAW,23,96,42401,Sulfur dioxide,100,INSTRUMENTAL - ULTRAVIOLET FLUORESCENCE,33660,"Mobile, AL",30.770181,-88.087761,AREA,10.67,NEIGHBORHOOD,500 M TO 4KM,SLAMS,Al Dept Of Env Mgt,POPULATION EXPOSURE,Y,,3,
2022-09-25,010970003,1,0.6,Parts per billion,0,CHICKASAW,23,96,42401,Sulfur dioxide,100,INSTRUMENTAL - ULTRAVIOLET FLUORESCENCE,33660,"Mobile, AL",30.770181,-88.087761,AREA,10.67,NEIGHBORHOOD,500 M TO 4KM,SLAMS,Al Dept Of Env Mgt,POPULATION EXPOSURE,Y,,3,
2022-09-26,010970003,1,3.4,Parts per billion,4,CHICKASAW,23,96,42401,Sulfur dioxide,100,INSTRUMENTAL - ULTRAVIOLET FLUORESCENCE,33660,"Mobile, AL",30.770181,-88.087761,AREA,10.67,NEIGHBORHOOD,500 M TO 4KM,SLAMS,Al Dept Of Env Mgt,POPULATION EXPOSURE,Y,,3,
2022-09-27,010970003,1,8.4,Parts per billion,11,CHICKASAW,23,96,42401,Sulfur dioxide,100,INSTRUMENTAL - ULTRAVIOLET FLUORESCENCE,33660,"Mobile, AL",30.770181,-88.087761,AREA,10.67,NEIGHBORHOOD,500 M TO 4KM,SLAMS,Al Dept Of Env Mgt,POPULATION EXPOSURE,Y,,3,
2022-09-28,010970003,1,9.3,Parts per billion,13,CHICKASAW,23,96,42401,Sulfur dioxide,100,INSTRUMENTAL - ULTRAVIOLET FLUORESCENCE,33660,"Mobile, AL",30.770181,-88.087761,AREA,10.67,NEIGHBORHOOD,500 M TO 4KM,SLAMS,Al Dept Of Env Mgt,POPULATION EXPOSURE,Y,,3,
2022-09-29,010970003,1,2.1,Parts per billion,3,CHICKASAW,23,96,42401,Sulfur dioxide,100,INSTRUMENTAL - ULTRAVIOLET FLUORESCENCE,33660,"Mobile, AL",30.770181,-88.087761,AREA,10.67,NEIGHBORHOOD,500 M TO 4KM,SLAMS,Al Dept Of Env Mgt,POPULATION EXPOSURE,Y,,3,
2022-09-30,010970003,1,3.9,Parts per billion,4,CHICKASAW,16,67,42401,Sulfur dioxide,100,INSTRUMENTAL - ULTRAVIOLET FLUORESCENCE,33660,"Mobile, AL",30.770181,-88.087761,AREA,10.67,NEIGHBORHOOD,500 M TO 4KM,SLAMS,Al Dept Of Env Mgt,POPULATION EXPOSURE,Y,,3,
2022-10-01,010970003,1,1.7,Parts per billion,1,CHICKASAW,24,100,42401,Sulfur dioxide,100,INSTRUMENTAL - ULTRAVIOLET FLUORESCENCE,33660,"Mobile, AL",30.770181,-88.087761,AREA,10.67,NEIGHBORHOOD,500 M TO 4KM,SLAMS,Al Dept Of Env Mgt,POPULATION EXPOSURE,Y,,3,
2022-10-02,010970003,1,6.2,Parts per billion,9,CHICKASAW,24,100,42401,Sulfur dioxide,100,INSTRUMENTAL - ULTRAVIOLET FLUORESCENCE,33660,"Mobile, AL",30.770181,-88.087761,AREA,10.67,NEIGHBORHOOD,500 M TO 4KM,SLAMS,Al Dept Of Env Mgt,POPULATION EXPOSURE,Y,,3,
2022-10-03,010970003,1,3.9,Parts per billion,4,CHICKASAW,24,100,42401,Sulfur dioxide,100,INSTRUMENTAL - ULTRAVIOLET FLUORESCENCE,33660,"Mobile, AL",30.770181,-88.087761,AREA,10.67,NEIGHBORHOOD,500 M TO 4KM,SLAMS,Al Dept Of Env Mgt,POPULATION EXPOSURE,Y,,3,
2022-10-04,010970003,1,1.4,Parts per billion,1,CHICKASAW,23,96,42401,Sulfur dioxide,100,INSTRUMENTAL - ULTRAVIOLET FLUORESCENCE,33660,"Mobile, AL",30.770181,-88.087761,AREA,10.67,NEIGHBORHOOD,500 M TO 4KM,SLAMS,Al Dept Of Env Mgt,POPULATION EXPOSURE,Y,,3,
2022-10-06,010970003,1,3.5,Parts per billion,4,CHICKASAW,23,96,42401,Sulfur dioxide,100,INSTRUMENTAL - ULTRAVIOLET FLUORESCENCE,33660,"Mobile, AL",30.770181,-88.087761,AREA,10.67,NEIGHBORHOOD,500 M TO 4KM,SLAMS,Al Dept Of Env Mgt,POPULATION EXPOSURE,Y,,3,
2022-10-05,010970003,1,0.7,Parts per billion,0,CHICKASAW,23,96,42401,Sulfur dioxide,100,INSTRUMENTAL - ULTRAVIOLET FLUORESCENCE,33660,"Mobile, AL",30.770181,-88.087761,AREA,10.67,NEIGHBORHOOD,500 M TO 4KM,SLAMS,Al Dept Of Env Mgt,POPULATION EXPOSURE,Y,,3,
2022-10-07,010970003,1,3.6,Parts per billion,4,CHICKASAW,13,54,42401,Sulfur dioxide,100,INSTRUMENTAL - ULTRAVIOLET FLUORESCENCE,33660,"Mobile, AL",30.770181,-88.087761,AREA,10.67,NEIGHBORHOOD,500 M TO 4KM,SLAMS,Al Dept Of Env Mgt,POPULATION EXPOSURE,Y,,3,
2022-10-11,010970003,1,2.7,Parts per billion,3,CHICKASAW,16,67,42401,Sulfur dioxide,100,INSTRUMENTAL - ULTRAVIOLET FLUORESCENCE,33660,"Mobile, AL",30.770181,-88.087761,AREA,10.67,NEIGHBORHOOD,500 M TO 4KM,SLAMS,Al Dept Of Env Mgt,POPULATION EXPOSURE,Y,,3,
2022-10-12,010970003,1,0,Parts per billion,0,CHICKASAW,23,96,42401,Sulfur dioxide,100,INSTRUMENTAL - ULTRAVIOLET FLUORESCENCE,33660,"Mobile, AL",30.770181,-88.087761,AREA,10.67,NEIGHBORHOOD,500 M TO 4KM,SLAMS,Al Dept Of Env Mgt,POPULATION EXPOSURE,Y,,3,
2022-10-13,010970003,1,1,Parts per billion,1,CHICKASAW,23,96,42401,Sulfur dioxide,100,INSTRUMENTAL - ULTRAVIOLET FLUORESCENCE,33660,"Mobile, AL",30.770181,-88.087761,AREA,10.67,NEIGHBORHOOD,500 M TO 4KM,SLAMS,Al Dept Of Env Mgt,POPULATION EXPOSURE,Y,,3,
2022-10-14,010970003,1,0.6,Parts per billion,0,CHICKASAW,23,96,42401,Sulfur dioxide,100,INSTRUMENTAL - ULTRAVIOLET FLUORESCENCE,33660,"Mobile, AL",30.770181,-88.087761,AREA,10.67,NEIGHBORHOOD,500 M TO 4KM,SLAMS,Al Dept Of Env Mgt,POPULATION EXPOSURE,Y,,3,
2022-10-15,010970003,1,0.2,Parts per billion,0,CHICKASAW,23,96,42401,Sulfur dioxide,100,INSTRUMENTAL - ULTRAVIOLET FLUORESCENCE,33660,"Mobile, AL",30.770181,-88.087761,AREA,10.67,NEIGHBORHOOD,500 M TO 4KM,SLAMS,Al Dept Of Env Mgt,POPULATION EXPOSURE,Y,,3,
2022-10-16,010970003,1,0.6,Parts per billion,0,CHICKASAW,23,96,42401,Sulfur dioxide,100,INSTRUMENTAL - ULTRAVIOLET FLUORESCENCE,33660,"Mobile, AL",30.770181,-88.087761,AREA,10.67,NEIGHBORHOOD,500 M TO 4KM,SLAMS,Al Dept Of Env Mgt,POPULATION EXPOSURE,Y,,3,
2022-10-17,010970003,1,0.1,Parts per billion,0,CHICKASAW,23,96,42401,Sulfur dioxide,100,INSTRUMENTAL - ULTRAVIOLET FLUORESCENCE,33660,"Mobile, AL",30.770181,-88.087761,AREA,10.67,NEIGHBORHOOD,500 M TO 4KM,SLAMS,Al Dept Of Env Mgt,POPULATION EXPOSURE,Y,,3,
2022-10-18,010970003,1,0.1,Parts per billion,0,CHICKASAW,23,96,42401,Sulfur dioxide,100,INSTRUMENTAL - ULTRAVIOLET FLUORESCENCE,33660,"Mobile, AL",30.770181,-88.087761,AREA,10.67,NEIGHBORHOOD,500 M TO 4KM,SLAMS,Al Dept Of Env Mgt,POPULATION EXPOSURE,Y,,3,
2022-10-19,010970003,1,4.1,Parts per billion,6,CHICKASAW,23,96,42401,Sulfur dioxide,100,INSTRUMENTAL - ULTRAVIOLET FLUORESCENCE,33660,"Mobile, AL",30.770181,-88.087761,AREA,10.67,NEIGHBORHOOD,500 M TO 4KM,SLAMS,Al Dept Of Env Mgt,POPULATION EXPOSURE,Y,,3,
2022-10-20,010970003,1,7,Parts per billion,10,CHICKASAW,23,96,42401,Sulfur dioxide,100,INSTRUMENTAL - ULTRAVIOLET FLUORESCENCE,33660,"Mobile, AL",30.770181,-88.087761,AREA,10.67,NEIGHBORHOOD,500 M TO 4KM,SLAMS,Al Dept Of Env Mgt,POPULATION EXPOSURE,Y,,3,
2022-10-21,010970003,1,0.7,Parts per billion,0,CHICKASAW,23,96,42401,Sulfur dioxide,100,INSTRUMENTAL - ULTRAVIOLET FLUORESCENCE,33660,"Mobile, AL",30.770181,-88.087761,AREA,10.67,NEIGHBORHOOD,500 M TO 4KM,SLAMS,Al Dept Of Env Mgt,POPULATION EXPOSURE,Y,,3,
2022-10-22,010970003,1,0.1,Parts per billion,0,CHICKASAW,6,25,42401,Sulfur dioxide,100,INSTRUMENTAL - ULTRAVIOLET FLUORESCENCE,33660,"Mobile, AL",30.770181,-88.087761,AREA,10.67,NEIGHBORHOOD,500 M TO 4KM,SLAMS,Al Dept Of Env Mgt,POPULATION EXPOSURE,Y,,3,
2022-10-24,010970003,1,0,Parts per billion,0,CHICKASAW,9,38,42401,Sulfur dioxide,100,INSTRUMENTAL - ULTRAVIOLET FLUORESCENCE,33660,"Mobile, AL",30.770181,-88.087761,AREA,10.67,NEIGHBORHOOD,500 M TO 4KM,SLAMS,Al Dept Of Env Mgt,POPULATION EXPOSURE,Y,,3,
2022-10-25,010970003,1,0.1,Parts per billion,0,CHICKASAW,12,50,42401,Sulfur dioxide,100,INSTRUMENTAL - ULTRAVIOLET FLUORESCENCE,33660,"Mobile, AL",30.770181,-88.087761,AREA,10.67,NEIGHBORHOOD,500 M TO 4KM,SLAMS,Al Dept Of Env Mgt,POPULATION EXPOSURE,Y,,3,
2022-10-26,010970003,1,0,Parts per billion,0,CHICKASAW,23,96,42401,Sulfur dioxide,100,INSTRUMENTAL - ULTRAVIOLET FLUORESCENCE,33660,"Mobile, AL",30.770181,-88.087761,AREA,10.67,NEIGHBORHOOD,500 M TO 4KM,SLAMS,Al Dept Of Env Mgt,POPULATION EXPOSURE,Y,,3,
2022-10-27,010970003,1,0.5,Parts per billion,0,CHICKASAW,23,96,42401,Sulfur dioxide,100,INSTRUMENTAL - ULTRAVIOLET FLUORESCENCE,33660,"Mobile, AL",30.770181,-88.087761,AREA,10.67,NEIGHBORHOOD,500 M TO 4KM,SLAMS,Al Dept Of Env Mgt,POPULATION EXPOSURE,Y,,3,
2022-10-28,010970003,1,0.5,Parts per billion,0,CHICKASAW,23,96,42401,Sulfur dioxide,100,INSTRUMENTAL - ULTRAVIOLET FLUORESCENCE,33660,"Mobile, AL",30.770181,-88.087761,AREA,10.67,NEIGHBORHOOD,500 M TO 4KM,SLAMS,Al Dept Of Env Mgt,POPULATION EXPOSURE,Y,,3,
2022-10-29,010970003,1,0,Parts per billion,0,CHICKASAW,23,96,42401,Sulfur dioxide,100,INSTRUMENTAL - ULTRAVIOLET FLUORESCENCE,33660,"Mobile, AL",30.770181,-88.087761,AREA,10.67,NEIGHBORHOOD,500 M TO 4KM,SLAMS,Al Dept Of Env Mgt,POPULATION EXPOSURE,Y,,3,
2022-10-30,010970003,1,0,Parts per billion,0,CHICKASAW,23,96,42401,Sulfur dioxide,100,INSTRUMENTAL - ULTRAVIOLET FLUORESCENCE,33660,"Mobile, AL",30.770181,-88.087761,AREA,10.67,NEIGHBORHOOD,500 M TO 4KM,SLAMS,Al Dept Of Env Mgt,POPULATION EXPOSURE,Y,,3,
2022-10-31,010970003,1,0.4,Parts per billion,0,CHICKASAW,23,96,42401,Sulfur dioxide,100,INSTRUMENTAL - ULTRAVIOLET FLUORESCENCE,33660,"Mobile, AL",30.770181,-88.087761,AREA,10.67,NEIGHBORHOOD,500 M TO 4KM,SLAMS,Al Dept Of Env Mgt,POPULATION EXPOSURE,Y,,3,
2022-11-01,010970003,1,1.9,Parts per billion,1,CHICKASAW,23,96,42401,Sulfur dioxide,100,INSTRUMENTAL - ULTRAVIOLET FLUORESCENCE,33660,"Mobile, AL",30.770181,-88.087761,AREA,10.67,NEIGHBORHOOD,500 M TO 4KM,SLAMS,Al Dept Of Env Mgt,POPULATION EXPOSURE,Y,,3,
2022-11-02,010970003,1,0.6,Parts per billion,0,CHICKASAW,23,96,42401,Sulfur dioxide,100,INSTRUMENTAL - ULTRAVIOLET FLUORESCENCE,33660,"Mobile, AL",30.770181,-88.087761,AREA,10.67,NEIGHBORHOOD,500 M TO 4KM,SLAMS,Al Dept Of Env Mgt,POPULATION EXPOSURE,Y,,3,
2022-11-03,010970003,1,1.7,Parts per billion,1,CHICKASAW,23,96,42401,Sulfur dioxide,100,INSTRUMENTAL - ULTRAVIOLET FLUORESCENCE,33660,"Mobile, AL",30.770181,-88.087761,AREA,10.67,NEIGHBORHOOD,500 M TO 4KM,SLAMS,Al Dept Of Env Mgt,POPULATION EXPOSURE,Y,,3,
2022-11-04,010970003,1,0.1,Parts per billion,0,CHICKASAW,15,63,42401,Sulfur dioxide,100,INSTRUMENTAL - ULTRAVIOLET FLUORESCENCE,33660,"Mobile, AL",30.770181,-88.087761,AREA,10.67,NEIGHBORHOOD,500 M TO 4KM,SLAMS,Al Dept Of Env Mgt,POPULATION EXPOSURE,Y,,3,
2022-11-05,010970003,1,0,Parts per billion,0,CHICKASAW,23,96,42401,Sulfur dioxide,100,INSTRUMENTAL - ULTRAVIOLET FLUORESCENCE,33660,"Mobile, AL",30.770181,-88.087761,AREA,10.67,NEIGHBORHOOD,500 M TO 4KM,SLAMS,Al Dept Of Env Mgt,POPULATION EXPOSURE,Y,,3,
2022-11-06,010970003,1,0.3,Parts per billion,0,CHICKASAW,23,96,42401,Sulfur dioxide,100,INSTRUMENTAL - ULTRAVIOLET FLUORESCENCE,33660,"Mobile, AL",30.770181,-88.087761,AREA,10.67,NEIGHBORHOOD,500 M TO 4KM,SLAMS,Al Dept Of Env Mgt,POPULATION EXPOSURE,Y,,3,
2022-11-07,010970003,1,0.5,Parts per billion,0,CHICKASAW,23,96,42401,Sulfur dioxide,100,INSTRUMENTAL - ULTRAVIOLET FLUORESCENCE,33660,"Mobile, AL",30.770181,-88.087761,AREA,10.67,NEIGHBORHOOD,500 M TO 4KM,SLAMS,Al Dept Of Env Mgt,POPULATION EXPOSURE,Y,,3,
2022-11-08,010970003,1,0.5,Parts per billion,0,CHICKASAW,23,96,42401,Sulfur dioxide,100,INSTRUMENTAL - ULTRAVIOLET FLUORESCENCE,33660,"Mobile, AL",30.770181,-88.087761,AREA,10.67,NEIGHBORHOOD,500 M TO 4KM,SLAMS,Al Dept Of Env Mgt,POPULATION EXPOSURE,Y,,3,
2022-11-09,010970003,1,2.2,Parts per billion,3,CHICKASAW,23,96,42401,Sulfur dioxide,100,INSTRUMENTAL - ULTRAVIOLET FLUORESCENCE,33660,"Mobile, AL",30.770181,-88.087761,AREA,10.67,NEIGHBORHOOD,500 M TO 4KM,SLAMS,Al Dept Of Env Mgt,POPULATION EXPOSURE,Y,,3,
2022-11-10,010970003,1,2.8,Parts per billion,3,CHICKASAW,23,96,42401,Sulfur dioxide,100,INSTRUMENTAL - ULTRAVIOLET FLUORESCENCE,33660,"Mobile, AL",30.770181,-88.087761,AREA,10.67,NEIGHBORHOOD,500 M TO 4KM,SLAMS,Al Dept Of Env Mgt,POPULATION EXPOSURE,Y,,3,
2022-11-11,010970003,1,0.1,Parts per billion,0,CHICKASAW,23,96,42401,Sulfur dioxide,100,INSTRUMENTAL - ULTRAVIOLET FLUORESCENCE,33660,"Mobile, AL",30.770181,-88.087761,AREA,10.67,NEIGHBORHOOD,500 M TO 4KM,SLAMS,Al Dept Of Env Mgt,POPULATION EXPOSURE,Y,,3,
2022-11-12,010970003,1,0,Parts per billion,0,CHICKASAW,23,96,42401,Sulfur dioxide,100,INSTRUMENTAL - ULTRAVIOLET FLUORESCENCE,33660,"Mobile, AL",30.770181,-88.087761,AREA,10.67,NEIGHBORHOOD,500 M TO 4KM,SLAMS,Al Dept Of Env Mgt,POPULATION EXPOSURE,Y,,3,
2022-11-13,010970003,1,0.9,Parts per billion,0,CHICKASAW,23,96,42401,Sulfur dioxide,100,INSTRUMENTAL - ULTRAVIOLET FLUORESCENCE,33660,"Mobile, AL",30.770181,-88.087761,AREA,10.67,NEIGHBORHOOD,500 M TO 4KM,SLAMS,Al Dept Of Env Mgt,POPULATION EXPOSURE,Y,,3,
2022-11-14,010970003,1,1.1,Parts per billion,1,CHICKASAW,23,96,42401,Sulfur dioxide,100,INSTRUMENTAL - ULTRAVIOLET FLUORESCENCE,33660,"Mobile, AL",30.770181,-88.087761,AREA,10.67,NEIGHBORHOOD,500 M TO 4KM,SLAMS,Al Dept Of Env Mgt,POPULATION EXPOSURE,Y,,3,
2022-11-15,010970003,1,0.1,Parts per billion,0,CHICKASAW,23,96,42401,Sulfur dioxide,100,INSTRUMENTAL - ULTRAVIOLET FLUORESCENCE,33660,"Mobile, AL",30.770181,-88.087761,AREA,10.67,NEIGHBORHOOD,500 M TO 4KM,SLAMS,Al Dept Of Env Mgt,POPULATION EXPOSURE,Y,,3,
2022-11-16,010970003,1,0,Parts per billion,0,CHICKASAW,23,96,42401,Sulfur dioxide,100,INSTRUMENTAL - ULTRAVIOLET FLUORESCENCE,33660,"Mobile, AL",30.770181,-88.087761,AREA,10.67,NEIGHBORHOOD,500 M TO 4KM,SLAMS,Al Dept Of Env Mgt,POPULATION EXPOSURE,Y,,3,
2022-11-17,010970003,1,0.1,Parts per billion,0,CHICKASAW,23,96,42401,Sulfur dioxide,100,INSTRUMENTAL - ULTRAVIOLET FLUORESCENCE,33660,"Mobile, AL",30.770181,-88.087761,AREA,10.67,NEIGHBORHOOD,500 M TO 4KM,SLAMS,Al Dept Of Env Mgt,POPULATION EXPOSURE,Y,,3,
2022-11-18,010970003,1,5.6,Parts per billion,7,CHICKASAW,23,96,42401,Sulfur dioxide,100,INSTRUMENTAL - ULTRAVIOLET FLUORESCENCE,33660,"Mobile, AL",30.770181,-88.087761,AREA,10.67,NEIGHBORHOOD,500 M TO 4KM,SLAMS,Al Dept Of Env Mgt,POPULATION EXPOSURE,Y,,3,
2022-11-19,010970003,1,3.1,Parts per billion,4,CHICKASAW,23,96,42401,Sulfur dioxide,100,INSTRUMENTAL - ULTRAVIOLET FLUORESCENCE,33660,"Mobile, AL",30.770181,-88.087761,AREA,10.67,NEIGHBORHOOD,500 M TO 4KM,SLAMS,Al Dept Of Env Mgt,POPULATION EXPOSURE,Y,,3,
2022-11-20,010970003,1,3.6,Parts per billion,4,CHICKASAW,23,96,42401,Sulfur dioxide,100,INSTRUMENTAL - ULTRAVIOLET FLUORESCENCE,33660,"Mobile, AL",30.770181,-88.087761,AREA,10.67,NEIGHBORHOOD,500 M TO 4KM,SLAMS,Al Dept Of Env Mgt,POPULATION EXPOSURE,Y,,3,
2022-11-21,010970003,1,9.4,Parts per billion,13,CHICKASAW,23,96,42401,Sulfur dioxide,100,INSTRUMENTAL - ULTRAVIOLET FLUORESCENCE,33660,"Mobile, AL",30.770181,-88.087761,AREA,10.67,NEIGHBORHOOD,500 M TO 4KM,SLAMS,Al Dept Of Env Mgt,POPULATION EXPOSURE,Y,,3,
2022-11-22,010970003,1,12.3,Parts per billion,17,CHICKASAW,23,96,42401,Sulfur dioxide,100,INSTRUMENTAL - ULTRAVIOLET FLUORESCENCE,33660,"Mobile, AL",30.770181,-88.087761,AREA,10.67,NEIGHBORHOOD,500 M TO 4KM,SLAMS,Al Dept Of Env Mgt,POPULATION EXPOSURE,Y,,3,
2022-11-23,010970003,1,9.3,Parts per billion,13,CHICKASAW,23,96,42401,Sulfur dioxide,100,INSTRUMENTAL - ULTRAVIOLET FLUORESCENCE,33660,"Mobile, AL",30.770181,-88.087761,AREA,10.67,NEIGHBORHOOD,500 M TO 4KM,SLAMS,Al Dept Of Env Mgt,POPULATION EXPOSURE,Y,,3,
2022-11-24,010970003,1,0.7,Parts per billion,0,CHICKASAW,23,96,42401,Sulfur dioxide,100,INSTRUMENTAL - ULTRAVIOLET FLUORESCENCE,33660,"Mobile, AL",30.770181,-88.087761,AREA,10.67,NEIGHBORHOOD,500 M TO 4KM,SLAMS,Al Dept Of Env Mgt,POPULATION EXPOSURE,Y,,3,
2022-11-25,010970003,1,0.6,Parts per billion,0,CHICKASAW,23,96,42401,Sulfur dioxide,100,INSTRUMENTAL - ULTRAVIOLET FLUORESCENCE,33660,"Mobile, AL",30.770181,-88.087761,AREA,10.67,NEIGHBORHOOD,500 M TO 4KM,SLAMS,Al Dept Of Env Mgt,POPULATION EXPOSURE,Y,,3,
2022-11-26,010970003,1,0,Parts per billion,0,CHICKASAW,23,96,42401,Sulfur dioxide,100,INSTRUMENTAL - ULTRAVIOLET FLUORESCENCE,33660,"Mobile, AL",30.770181,-88.087761,AREA,10.67,NEIGHBORHOOD,500 M TO 4KM,SLAMS,Al Dept Of Env Mgt,POPULATION EXPOSURE,Y,,3,
2022-11-27,010970003,1,0.4,Parts per billion,0,CHICKASAW,23,96,42401,Sulfur dioxide,100,INSTRUMENTAL - ULTRAVIOLET FLUORESCENCE,33660,"Mobile, AL",30.770181,-88.087761,AREA,10.67,NEIGHBORHOOD,500 M TO 4KM,SLAMS,Al Dept Of Env Mgt,POPULATION EXPOSURE,Y,,3,
2022-11-28,010970003,1,0.7,Parts per billion,0,CHICKASAW,23,96,42401,Sulfur dioxide,100,INSTRUMENTAL - ULTRAVIOLET FLUORESCENCE,33660,"Mobile, AL",30.770181,-88.087761,AREA,10.67,NEIGHBORHOOD,500 M TO 4KM,SLAMS,Al Dept Of Env Mgt,POPULATION EXPOSURE,Y,,3,
2022-11-29,010970003,1,1,Parts per billion,1,CHICKASAW,23,96,42401,Sulfur dioxide,100,INSTRUMENTAL - ULTRAVIOLET FLUORESCENCE,33660,"Mobile, AL",30.770181,-88.087761,AREA,10.67,NEIGHBORHOOD,500 M TO 4KM,SLAMS,Al Dept Of Env Mgt,POPULATION EXPOSURE,Y,,3,
2022-11-30,010970003,1,0.4,Parts per billion,0,CHICKASAW,18,75,42401,Sulfur dioxide,100,INSTRUMENTAL - ULTRAVIOLET FLUORESCENCE,33660,"Mobile, AL",30.770181,-88.087761,AREA,10.67,NEIGHBORHOOD,500 M TO 4KM,SLAMS,Al Dept Of Env Mgt,POPULATION EXPOSURE,Y,,3,
2022-12-02,010970003,1,0.1,Parts per billion,0,CHICKASAW,11,46,42401,Sulfur dioxide,100,INSTRUMENTAL - ULTRAVIOLET FLUORESCENCE,33660,"Mobile, AL",30.770181,-88.087761,AREA,10.67,NEIGHBORHOOD,500 M TO 4KM,SLAMS,Al Dept Of Env Mgt,POPULATION EXPOSURE,Y,,3,
2022-12-01,010970003,1,2.2,Parts per billion,3,CHICKASAW,22,92,42401,Sulfur dioxide,100,INSTRUMENTAL - ULTRAVIOLET FLUORESCENCE,33660,"Mobile, AL",30.770181,-88.087761,AREA,10.67,NEIGHBORHOOD,500 M TO 4KM,SLAMS,Al Dept Of Env Mgt,POPULATION EXPOSURE,Y,,3,
2022-12-03,010970003,1,0.1,Parts per billion,0,CHICKASAW,23,96,42401,Sulfur dioxide,100,INSTRUMENTAL - ULTRAVIOLET FLUORESCENCE,33660,"Mobile, AL",30.770181,-88.087761,AREA,10.67,NEIGHBORHOOD,500 M TO 4KM,SLAMS,Al Dept Of Env Mgt,POPULATION EXPOSURE,Y,,3,
2022-12-04,010970003,1,1.6,Parts per billion,1,CHICKASAW,23,96,42401,Sulfur dioxide,100,INSTRUMENTAL - ULTRAVIOLET FLUORESCENCE,33660,"Mobile, AL",30.770181,-88.087761,AREA,10.67,NEIGHBORHOOD,500 M TO 4KM,SLAMS,Al Dept Of Env Mgt,POPULATION EXPOSURE,Y,,3,
2022-12-05,010970003,1,0.9,Parts per billion,0,CHICKASAW,23,96,42401,Sulfur dioxide,100,INSTRUMENTAL - ULTRAVIOLET FLUORESCENCE,33660,"Mobile, AL",30.770181,-88.087761,AREA,10.67,NEIGHBORHOOD,500 M TO 4KM,SLAMS,Al Dept Of Env Mgt,POPULATION EXPOSURE,Y,,3,
2022-12-06,010970003,1,0.3,Parts per billion,0,CHICKASAW,23,96,42401,Sulfur dioxide,100,INSTRUMENTAL - ULTRAVIOLET FLUORESCENCE,33660,"Mobile, AL",30.770181,-88.087761,AREA,10.67,NEIGHBORHOOD,500 M TO 4KM,SLAMS,Al Dept Of Env Mgt,POPULATION EXPOSURE,Y,,3,
2022-12-07,010970003,1,0.7,Parts per billion,0,CHICKASAW,23,96,42401,Sulfur dioxide,100,INSTRUMENTAL - ULTRAVIOLET FLUORESCENCE,33660,"Mobile, AL",30.770181,-88.087761,AREA,10.67,NEIGHBORHOOD,500 M TO 4KM,SLAMS,Al Dept Of Env Mgt,POPULATION EXPOSURE,Y,,3,
2022-12-08,010970003,1,0.4,Parts per billion,0,CHICKASAW,23,96,42401,Sulfur dioxide,100,INSTRUMENTAL - ULTRAVIOLET FLUORESCENCE,33660,"Mobile, AL",30.770181,-88.087761,AREA,10.67,NEIGHBORHOOD,500 M TO 4KM,SLAMS,Al Dept Of Env Mgt,POPULATION EXPOSURE,Y,,3,
2022-12-09,010970003,1,0.6,Parts per billion,0,CHICKASAW,23,96,42401,Sulfur dioxide,100,INSTRUMENTAL - ULTRAVIOLET FLUORESCENCE,33660,"Mobile, AL",30.770181,-88.087761,AREA,10.67,NEIGHBORHOOD,500 M TO 4KM,SLAMS,Al Dept Of Env Mgt,POPULATION EXPOSURE,Y,,3,
2022-12-10,010970003,1,0.5,Parts per billion,0,CHICKASAW,23,96,42401,Sulfur dioxide,100,INSTRUMENTAL - ULTRAVIOLET FLUORESCENCE,33660,"Mobile, AL",30.770181,-88.087761,AREA,10.67,NEIGHBORHOOD,500 M TO 4KM,SLAMS,Al Dept Of Env Mgt,POPULATION EXPOSURE,Y,,3,
2022-12-11,010970003,1,0.6,Parts per billion,0,CHICKASAW,23,96,42401,Sulfur dioxide,100,INSTRUMENTAL - ULTRAVIOLET FLUORESCENCE,33660,"Mobile, AL",30.770181,-88.087761,AREA,10.67,NEIGHBORHOOD,500 M TO 4KM,SLAMS,Al Dept Of Env Mgt,POPULATION EXPOSURE,Y,,3,
2022-12-12,010970003,1,1.2,Parts per billion,1,CHICKASAW,23,96,42401,Sulfur dioxide,100,INSTRUMENTAL - ULTRAVIOLET FLUORESCENCE,33660,"Mobile, AL",30.770181,-88.087761,AREA,10.67,NEIGHBORHOOD,500 M TO 4KM,SLAMS,Al Dept Of Env Mgt,POPULATION EXPOSURE,Y,,3,
2022-12-13,010970003,1,0.1,Parts per billion,0,CHICKASAW,23,96,42401,Sulfur dioxide,100,INSTRUMENTAL - ULTRAVIOLET FLUORESCENCE,33660,"Mobile, AL",30.770181,-88.087761,AREA,10.67,NEIGHBORHOOD,500 M TO 4KM,SLAMS,Al Dept Of Env Mgt,POPULATION EXPOSURE,Y,,3,
2022-12-14,010970003,1,0.2,Parts per billion,0,CHICKASAW,23,96,42401,Sulfur dioxide,100,INSTRUMENTAL - ULTRAVIOLET FLUORESCENCE,33660,"Mobile, AL",30.770181,-88.087761,AREA,10.67,NEIGHBORHOOD,500 M TO 4KM,SLAMS,Al Dept Of Env Mgt,POPULATION EXPOSURE,Y,,3,
2022-12-15,010970003,1,0.3,Parts per billion,0,CHICKASAW,23,96,42401,Sulfur dioxide,100,INSTRUMENTAL - ULTRAVIOLET FLUORESCENCE,33660,"Mobile, AL",30.770181,-88.087761,AREA,10.67,NEIGHBORHOOD,500 M TO 4KM,SLAMS,Al Dept Of Env Mgt,POPULATION EXPOSURE,Y,,3,
2022-12-16,010970003,1,0.8,Parts per billion,0,CHICKASAW,23,96,42401,Sulfur dioxide,100,INSTRUMENTAL - ULTRAVIOLET FLUORESCENCE,33660,"Mobile, AL",30.770181,-88.087761,AREA,10.67,NEIGHBORHOOD,500 M TO 4KM,SLAMS,Al Dept Of Env Mgt,POPULATION EXPOSURE,Y,,3,
2022-12-17,010970003,1,0.4,Parts per billion,0,CHICKASAW,23,96,42401,Sulfur dioxide,100,INSTRUMENTAL - ULTRAVIOLET FLUORESCENCE,33660,"Mobile, AL",30.770181,-88.087761,AREA,10.67,NEIGHBORHOOD,500 M TO 4KM,SLAMS,Al Dept Of Env Mgt,POPULATION EXPOSURE,Y,,3,
2022-12-18,010970003,1,1.7,Parts per billion,1,CHICKASAW,23,96,42401,Sulfur dioxide,100,INSTRUMENTAL - ULTRAVIOLET FLUORESCENCE,33660,"Mobile, AL",30.770181,-88.087761,AREA,10.67,NEIGHBORHOOD,500 M TO 4KM,SLAMS,Al Dept Of Env Mgt,POPULATION EXPOSURE,Y,,3,
2022-12-19,010970003,1,5.6,Parts per billion,7,CHICKASAW,23,96,42401,Sulfur dioxide,100,INSTRUMENTAL - ULTRAVIOLET FLUORESCENCE,33660,"Mobile, AL",30.770181,-88.087761,AREA,10.67,NEIGHBORHOOD,500 M TO 4KM,SLAMS,Al Dept Of Env Mgt,POPULATION EXPOSURE,Y,,3,
2022-12-20,010970003,1,2.3,Parts per billion,3,CHICKASAW,23,96,42401,Sulfur dioxide,100,INSTRUMENTAL - ULTRAVIOLET FLUORESCENCE,33660,"Mobile, AL",30.770181,-88.087761,AREA,10.67,NEIGHBORHOOD,500 M TO 4KM,SLAMS,Al Dept Of Env Mgt,POPULATION EXPOSURE,Y,,3,
2022-12-21,010970003,1,1.7,Parts per billion,1,CHICKASAW,23,96,42401,Sulfur dioxide,100,INSTRUMENTAL - ULTRAVIOLET FLUORESCENCE,33660,"Mobile, AL",30.770181,-88.087761,AREA,10.67,NEIGHBORHOOD,500 M TO 4KM,SLAMS,Al Dept Of Env Mgt,POPULATION EXPOSURE,Y,,3,
2022-12-22,010970003,1,0.3,Parts per billion,0,CHICKASAW,23,96,42401,Sulfur dioxide,100,INSTRUMENTAL - ULTRAVIOLET FLUORESCENCE,33660,"Mobile, AL",30.770181,-88.087761,AREA,10.67,NEIGHBORHOOD,500 M TO 4KM,SLAMS,Al Dept Of Env Mgt,POPULATION EXPOSURE,Y,,3,
2022-12-23,010970003,1,0.2,Parts per billion,0,CHICKASAW,23,96,42401,Sulfur dioxide,100,INSTRUMENTAL - ULTRAVIOLET FLUORESCENCE,33660,"Mobile, AL",30.770181,-88.087761,AREA,10.67,NEIGHBORHOOD,500 M TO 4KM,SLAMS,Al Dept Of Env Mgt,POPULATION EXPOSURE,Y,,3,
2022-12-24,010970003,1,0.4,Parts per billion,0,CHICKASAW,23,96,42401,Sulfur dioxide,100,INSTRUMENTAL - ULTRAVIOLET FLUORESCENCE,33660,"Mobile, AL",30.770181,-88.087761,AREA,10.67,NEIGHBORHOOD,500 M TO 4KM,SLAMS,Al Dept Of Env Mgt,POPULATION EXPOSURE,Y,,3,
2022-12-25,010970003,1,0.5,Parts per billion,0,CHICKASAW,23,96,42401,Sulfur dioxide,100,INSTRUMENTAL - ULTRAVIOLET FLUORESCENCE,33660,"Mobile, AL",30.770181,-88.087761,AREA,10.67,NEIGHBORHOOD,500 M TO 4KM,SLAMS,Al Dept Of Env Mgt,POPULATION EXPOSURE,Y,,3,
2022-12-26,010970003,1,1,Parts per billion,1,CHICKASAW,23,96,42401,Sulfur dioxide,100,INSTRUMENTAL - ULTRAVIOLET FLUORESCENCE,33660,"Mobile, AL",30.770181,-88.087761,AREA,10.67,NEIGHBORHOOD,500 M TO 4KM,SLAMS,Al Dept Of Env Mgt,POPULATION EXPOSURE,Y,,3,
2022-12-27,010970003,1,4.4,Parts per billion,6,CHICKASAW,23,96,42401,Sulfur dioxide,100,INSTRUMENTAL - ULTRAVIOLET FLUORESCENCE,33660,"Mobile, AL",30.770181,-88.087761,AREA,10.67,NEIGHBORHOOD,500 M TO 4KM,SLAMS,Al Dept Of Env Mgt,POPULATION EXPOSURE,Y,,3,
2022-12-28,010970003,1,1.2,Parts per billion,1,CHICKASAW,23,96,42401,Sulfur dioxide,100,INSTRUMENTAL - ULTRAVIOLET FLUORESCENCE,33660,"Mobile, AL",30.770181,-88.087761,AREA,10.67,NEIGHBORHOOD,500 M TO 4KM,SLAMS,Al Dept Of Env Mgt,POPULATION EXPOSURE,Y,,3,
2022-12-29,010970003,1,0.8,Parts per billion,0,CHICKASAW,22,92,42401,Sulfur dioxide,100,INSTRUMENTAL - ULTRAVIOLET FLUORESCENCE,33660,"Mobile, AL",30.770181,-88.087761,AREA,10.67,NEIGHBORHOOD,500 M TO 4KM,SLAMS,Al Dept Of Env Mgt,POPULATION EXPOSURE,Y,,3,
2022-12-30,010970003,1,0.1,Parts per billion,0,CHICKASAW,23,96,42401,Sulfur dioxide,100,INSTRUMENTAL - ULTRAVIOLET FLUORESCENCE,33660,"Mobile, AL",30.770181,-88.087761,AREA,10.67,NEIGHBORHOOD,500 M TO 4KM,SLAMS,Al Dept Of Env Mgt,POPULATION EXPOSURE,Y,,3,
2022-12-31,010970003,1,0.8,Parts per billion,0,CHICKASAW,23,96,42401,Sulfur dioxide,100,INSTRUMENTAL - ULTRAVIOLET FLUORESCENCE,33660,"Mobile, AL",30.770181,-88.087761,AREA,10.67,NEIGHBORHOOD,500 M TO 4KM,SLAMS,Al Dept Of Env Mgt,POPULATION EXPOSURE,Y,,3,
2023-01-01,010970003,1,1.4,Parts per billion,1,CHICKASAW,23,96,42401,Sulfur dioxide,100,INSTRUMENTAL - ULTRAVIOLET FLUORESCENCE,33660,"Mobile, AL",30.770181,-88.087761,AREA,10.67,NEIGHBORHOOD,500 M TO 4KM,SLAMS,Al Dept Of Env Mgt,POPULATION EXPOSURE,Y,,3,
2023-01-02,010970003,1,0.3,Parts per billion,0,CHICKASAW,23,96,42401,Sulfur dioxide,100,INSTRUMENTAL - ULTRAVIOLET FLUORESCENCE,33660,"Mobile, AL",30.770181,-88.087761,AREA,10.67,NEIGHBORHOOD,500 M TO 4KM,SLAMS,Al Dept Of Env Mgt,POPULATION EXPOSURE,Y,,3,
2023-01-03,010970003,1,0.2,Parts per billion,0,CHICKASAW,23,96,42401,Sulfur dioxide,100,INSTRUMENTAL - ULTRAVIOLET FLUORESCENCE,33660,"Mobile, AL",30.770181,-88.087761,AREA,10.67,NEIGHBORHOOD,500 M TO 4KM,SLAMS,Al Dept Of Env Mgt,POPULATION EXPOSURE,Y,,3,
2023-01-04,010970003,1,0.5,Parts per billion,0,CHICKASAW,23,96,42401,Sulfur dioxide,100,INSTRUMENTAL - ULTRAVIOLET FLUORESCENCE,33660,"Mobile, AL",30.770181,-88.087761,AREA,10.67,NEIGHBORHOOD,500 M TO 4KM,SLAMS,Al Dept Of Env Mgt,POPULATION EXPOSURE,Y,,3,
2023-01-05,010970003,1,0.4,Parts per billion,0,CHICKASAW,23,96,42401,Sulfur dioxide,100,INSTRUMENTAL - ULTRAVIOLET FLUORESCENCE,33660,"Mobile, AL",30.770181,-88.087761,AREA,10.67,NEIGHBORHOOD,500 M TO 4KM,SLAMS,Al Dept Of Env Mgt,POPULATION EXPOSURE,Y,,3,
2023-01-06,010970003,1,4,Parts per billion,6,CHICKASAW,23,96,42401,Sulfur dioxide,100,INSTRUMENTAL - ULTRAVIOLET FLUORESCENCE,33660,"Mobile, AL",30.770181,-88.087761,AREA,10.67,NEIGHBORHOOD,500 M TO 4KM,SLAMS,Al Dept Of Env Mgt,POPULATION EXPOSURE,Y,,3,
2023-01-07,010970003,1,0.7,Parts per billion,0,CHICKASAW,23,96,42401,Sulfur dioxide,100,INSTRUMENTAL - ULTRAVIOLET FLUORESCENCE,33660,"Mobile, AL",30.770181,-88.087761,AREA,10.67,NEIGHBORHOOD,500 M TO 4KM,SLAMS,Al Dept Of Env Mgt,POPULATION EXPOSURE,Y,,3,
2023-01-08,010970003,1,1.4,Parts per billion,1,CHICKASAW,23,96,42401,Sulfur dioxide,100,INSTRUMENTAL - ULTRAVIOLET FLUORESCENCE,33660,"Mobile, AL",30.770181,-88.087761,AREA,10.67,NEIGHBORHOOD,500 M TO 4KM,SLAMS,Al Dept Of Env Mgt,POPULATION EXPOSURE,Y,,3,
2023-01-09,010970003,1,7.2,Parts per billion,10,CHICKASAW,23,96,42401,Sulfur dioxide,100,INSTRUMENTAL - ULTRAVIOLET FLUORESCENCE,33660,"Mobile, AL",30.770181,-88.087761,AREA,10.67,NEIGHBORHOOD,500 M TO 4KM,SLAMS,Al Dept Of Env Mgt,POPULATION EXPOSURE,Y,,3,
2023-01-10,010970003,1,1,Parts per billion,1,CHICKASAW,22,92,42401,Sulfur dioxide,100,INSTRUMENTAL - ULTRAVIOLET FLUORESCENCE,33660,"Mobile, AL",30.770181,-88.087761,AREA,10.67,NEIGHBORHOOD,500 M TO 4KM,SLAMS,Al Dept Of Env Mgt,POPULATION EXPOSURE,Y,,3,
2023-01-11,010970003,1,0.3,Parts per billion,0,CHICKASAW,23,96,42401,Sulfur dioxide,100,INSTRUMENTAL - ULTRAVIOLET FLUORESCENCE,33660,"Mobile, AL",30.770181,-88.087761,AREA,10.67,NEIGHBORHOOD,500 M TO 4KM,SLAMS,Al Dept Of Env Mgt,POPULATION EXPOSURE,Y,,3,
2023-01-12,010970003,1,0.2,Parts per billion,0,CHICKASAW,23,96,42401,Sulfur dioxide,100,INSTRUMENTAL - ULTRAVIOLET FLUORESCENCE,33660,"Mobile, AL",30.770181,-88.087761,AREA,10.67,NEIGHBORHOOD,500 M TO 4KM,SLAMS,Al Dept Of Env Mgt,POPULATION EXPOSURE,Y,,3,
2023-01-14,010970003,1,0.4,Parts per billion,0,CHICKASAW,23,96,42401,Sulfur dioxide,100,INSTRUMENTAL - ULTRAVIOLET FLUORESCENCE,33660,"Mobile, AL",30.770181,-88.087761,AREA,10.67,NEIGHBORHOOD,500 M TO 4KM,SLAMS,Al Dept Of Env Mgt,POPULATION EXPOSURE,Y,,3,
2023-01-13,010970003,1,0.2,Parts per billion,0,CHICKASAW,23,96,42401,Sulfur dioxide,100,INSTRUMENTAL - ULTRAVIOLET FLUORESCENCE,33660,"Mobile, AL",30.770181,-88.087761,AREA,10.67,NEIGHBORHOOD,500 M TO 4KM,SLAMS,Al Dept Of Env Mgt,POPULATION EXPOSURE,Y,,3,
2023-01-15,010970003,1,0.9,Parts per billion,0,CHICKASAW,23,96,42401,Sulfur dioxide,100,INSTRUMENTAL - ULTRAVIOLET FLUORESCENCE,33660,"Mobile, AL",30.770181,-88.087761,AREA,10.67,NEIGHBORHOOD,500 M TO 4KM,SLAMS,Al Dept Of Env Mgt,POPULATION EXPOSURE,Y,,3,
2023-01-16,010970003,1,0.7,Parts per billion,0,CHICKASAW,23,96,42401,Sulfur dioxide,100,INSTRUMENTAL - ULTRAVIOLET FLUORESCENCE,33660,"Mobile, AL",30.770181,-88.087761,AREA,10.67,NEIGHBORHOOD,500 M TO 4KM,SLAMS,Al Dept Of Env Mgt,POPULATION EXPOSURE,Y,,3,
2023-01-17,010970003,1,0.3,Parts per billion,0,CHICKASAW,23,96,42401,Sulfur dioxide,100,INSTRUMENTAL - ULTRAVIOLET FLUORESCENCE,33660,"Mobile, AL",30.770181,-88.087761,AREA,10.67,NEIGHBORHOOD,500 M TO 4KM,SLAMS,Al Dept Of Env Mgt,POPULATION EXPOSURE,Y,,3,
2023-01-18,010970003,1,0.5,Parts per billion,0,CHICKASAW,23,96,42401,Sulfur dioxide,100,INSTRUMENTAL - ULTRAVIOLET FLUORESCENCE,33660,"Mobile, AL",30.770181,-88.087761,AREA,10.67,NEIGHBORHOOD,500 M TO 4KM,SLAMS,Al Dept Of Env Mgt,POPULATION EXPOSURE,Y,,3,
2023-01-19,010970003,1,0.3,Parts per billion,0,CHICKASAW,23,96,42401,Sulfur dioxide,100,INSTRUMENTAL - ULTRAVIOLET FLUORESCENCE,33660,"Mobile, AL",30.770181,-88.087761,AREA,10.67,NEIGHBORHOOD,500 M TO 4KM,SLAMS,Al Dept Of Env Mgt,POPULATION EXPOSURE,Y,,3,
2023-01-20,010970003,1,6.5,Parts per billion,9,CHICKASAW,23,96,42401,Sulfur dioxide,100,INSTRUMENTAL - ULTRAVIOLET FLUORESCENCE,33660,"Mobile, AL",30.770181,-88.087761,AREA,10.67,NEIGHBORHOOD,500 M TO 4KM,SLAMS,Al Dept Of Env Mgt,POPULATION EXPOSURE,Y,,3,
2023-01-21,010970003,1,2.9,Parts per billion,3,CHICKASAW,23,96,42401,Sulfur dioxide,100,INSTRUMENTAL - ULTRAVIOLET FLUORESCENCE,33660,"Mobile, AL",30.770181,-88.087761,AREA,10.67,NEIGHBORHOOD,500 M TO 4KM,SLAMS,Al Dept Of Env Mgt,POPULATION EXPOSURE,Y,,3,
2023-01-22,010970003,1,0.4,Parts per billion,0,CHICKASAW,23,96,42401,Sulfur dioxide,100,INSTRUMENTAL - ULTRAVIOLET FLUORESCENCE,33660,"Mobile, AL",30.770181,-88.087761,AREA,10.67,NEIGHBORHOOD,500 M TO 4KM,SLAMS,Al Dept Of Env Mgt,POPULATION EXPOSURE,Y,,3,
2023-01-23,010970003,1,3.8,Parts per billion,4,CHICKASAW,24,100,42401,Sulfur dioxide,100,INSTRUMENTAL - ULTRAVIOLET FLUORESCENCE,33660,"Mobile, AL",30.770181,-88.087761,AREA,10.67,NEIGHBORHOOD,500 M TO 4KM,SLAMS,Al Dept Of Env Mgt,POPULATION EXPOSURE,Y,,3,
2023-01-24,010970003,1,0.4,Parts per billion,0,CHICKASAW,24,100,42401,Sulfur dioxide,100,INSTRUMENTAL - ULTRAVIOLET FLUORESCENCE,33660,"Mobile, AL",30.770181,-88.087761,AREA,10.67,NEIGHBORHOOD,500 M TO 4KM,SLAMS,Al Dept Of Env Mgt,POPULATION EXPOSURE,Y,,3,
2023-01-25,010970003,1,0.3,Parts per billion,0,CHICKASAW,24,100,42401,Sulfur dioxide,100,INSTRUMENTAL - ULTRAVIOLET FLUORESCENCE,33660,"Mobile, AL",30.770181,-88.087761,AREA,10.67,NEIGHBORHOOD,500 M TO 4KM,SLAMS,Al Dept Of Env Mgt,POPULATION EXPOSURE,Y,,3,
2023-01-26,010970003,1,0.2,Parts per billion,0,CHICKASAW,24,100,42401,Sulfur dioxide,100,INSTRUMENTAL - ULTRAVIOLET FLUORESCENCE,33660,"Mobile, AL",30.770181,-88.087761,AREA,10.67,NEIGHBORHOOD,500 M TO 4KM,SLAMS,Al Dept Of Env Mgt,POPULATION EXPOSURE,Y,,3,
2023-01-27,010970003,1,0.4,Parts per billion,0,CHICKASAW,7,29,42401,Sulfur dioxide,100,INSTRUMENTAL - ULTRAVIOLET FLUORESCENCE,33660,"Mobile, AL",30.770181,-88.087761,AREA,10.67,NEIGHBORHOOD,500 M TO 4KM,SLAMS,Al Dept Of Env Mgt,POPULATION EXPOSURE,Y,,3,
2023-02-17,010970003,1,0.1,Parts per billion,0,CHICKASAW,11,46,42401,Sulfur dioxide,100,INSTRUMENTAL - ULTRAVIOLET FLUORESCENCE,33660,"Mobile, AL",30.770181,-88.087761,AREA,10.67,NEIGHBORHOOD,500 M TO 4KM,SLAMS,Al Dept Of Env Mgt,POPULATION EXPOSURE,Y,,3,
2023-02-18,010970003,1,1.3,Parts per billion,1,CHICKASAW,24,100,42401,Sulfur dioxide,100,INSTRUMENTAL - ULTRAVIOLET FLUORESCENCE,33660,"Mobile, AL",30.770181,-88.087761,AREA,10.67,NEIGHBORHOOD,500 M TO 4KM,SLAMS,Al Dept Of Env Mgt,POPULATION EXPOSURE,Y,,3,
2023-02-19,010970003,1,2.1,Parts per billion,3,CHICKASAW,24,100,42401,Sulfur dioxide,100,INSTRUMENTAL - ULTRAVIOLET FLUORESCENCE,33660,"Mobile, AL",30.770181,-88.087761,AREA,10.67,NEIGHBORHOOD,500 M TO 4KM,SLAMS,Al Dept Of Env Mgt,POPULATION EXPOSURE,Y,,3,
2023-02-20,010970003,1,0.7,Parts per billion,0,CHICKASAW,24,100,42401,Sulfur dioxide,100,INSTRUMENTAL - ULTRAVIOLET FLUORESCENCE,33660,"Mobile, AL",30.770181,-88.087761,AREA,10.67,NEIGHBORHOOD,500 M TO 4KM,SLAMS,Al Dept Of Env Mgt,POPULATION EXPOSURE,Y,,3,
2023-02-21,010970003,1,0.3,Parts per billion,0,CHICKASAW,24,100,42401,Sulfur dioxide,100,INSTRUMENTAL - ULTRAVIOLET FLUORESCENCE,33660,"Mobile, AL",30.770181,-88.087761,AREA,10.67,NEIGHBORHOOD,500 M TO 4KM,SLAMS,Al Dept Of Env Mgt,POPULATION EXPOSURE,Y,,3,
2023-02-22,010970003,1,0.3,Parts per billion,0,CHICKASAW,24,100,42401,Sulfur dioxide,100,INSTRUMENTAL - ULTRAVIOLET FLUORESCENCE,33660,"Mobile, AL",30.770181,-88.087761,AREA,10.67,NEIGHBORHOOD,500 M TO 4KM,SLAMS,Al Dept Of Env Mgt,POPULATION EXPOSURE,Y,,3,
2023-02-23,010970003,1,0.2,Parts per billion,0,CHICKASAW,23,96,42401,Sulfur dioxide,100,INSTRUMENTAL - ULTRAVIOLET FLUORESCENCE,33660,"Mobile, AL",30.770181,-88.087761,AREA,10.67,NEIGHBORHOOD,500 M TO 4KM,SLAMS,Al Dept Of Env Mgt,POPULATION EXPOSURE,Y,,3,
2023-02-24,010970003,1,0.2,Parts per billion,0,CHICKASAW,23,96,42401,Sulfur dioxide,100,INSTRUMENTAL - ULTRAVIOLET FLUORESCENCE,33660,"Mobile, AL",30.770181,-88.087761,AREA,10.67,NEIGHBORHOOD,500 M TO 4KM,SLAMS,Al Dept Of Env Mgt,POPULATION EXPOSURE,Y,,3,
2023-02-25,010970003,1,0.3,Parts per billion,0,CHICKASAW,23,96,42401,Sulfur dioxide,100,INSTRUMENTAL - ULTRAVIOLET FLUORESCENCE,33660,"Mobile, AL",30.770181,-88.087761,AREA,10.67,NEIGHBORHOOD,500 M TO 4KM,SLAMS,Al Dept Of Env Mgt,POPULATION EXPOSURE,Y,,3,
2023-02-26,010970003,1,0.4,Parts per billion,0,CHICKASAW,23,96,42401,Sulfur dioxide,100,INSTRUMENTAL - ULTRAVIOLET FLUORESCENCE,33660,"Mobile, AL",30.770181,-88.087761,AREA,10.67,NEIGHBORHOOD,500 M TO 4KM,SLAMS,Al Dept Of Env Mgt,POPULATION EXPOSURE,Y,,3,
2023-02-27,010970003,1,0.3,Parts per billion,0,CHICKASAW,23,96,42401,Sulfur dioxide,100,INSTRUMENTAL - ULTRAVIOLET FLUORESCENCE,33660,"Mobile, AL",30.770181,-88.087761,AREA,10.67,NEIGHBORHOOD,500 M TO 4KM,SLAMS,Al Dept Of Env Mgt,POPULATION EXPOSURE,Y,,3,
2023-02-28,010970003,1,0.5,Parts per billion,0,CHICKASAW,23,96,42401,Sulfur dioxide,100,INSTRUMENTAL - ULTRAVIOLET FLUORESCENCE,33660,"Mobile, AL",30.770181,-88.087761,AREA,10.67,NEIGHBORHOOD,500 M TO 4KM,SLAMS,Al Dept Of Env Mgt,POPULATION EXPOSURE,Y,,3,
2023-03-01,010970003,1,0.3,Parts per billion,0,CHICKASAW,23,96,42401,Sulfur dioxide,100,INSTRUMENTAL - ULTRAVIOLET FLUORESCENCE,33660,"Mobile, AL",30.770181,-88.087761,AREA,10.67,NEIGHBORHOOD,500 M TO 4KM,SLAMS,Al Dept Of Env Mgt,POPULATION EXPOSURE,Y,,3,
2023-03-02,010970003,1,0.3,Parts per billion,0,CHICKASAW,23,96,42401,Sulfur dioxide,100,INSTRUMENTAL - ULTRAVIOLET FLUORESCENCE,33660,"Mobile, AL",30.770181,-88.087761,AREA,10.67,NEIGHBORHOOD,500 M TO 4KM,SLAMS,Al Dept Of Env Mgt,POPULATION EXPOSURE,Y,,3,
2023-03-03,010970003,1,0.6,Parts per billion,0,CHICKASAW,23,96,42401,Sulfur dioxide,100,INSTRUMENTAL - ULTRAVIOLET FLUORESCENCE,33660,"Mobile, AL",30.770181,-88.087761,AREA,10.67,NEIGHBORHOOD,500 M TO 4KM,SLAMS,Al Dept Of Env Mgt,POPULATION EXPOSURE,Y,,3,
2023-03-04,010970003,1,2.2,Parts per billion,3,CHICKASAW,24,100,42401,Sulfur dioxide,100,INSTRUMENTAL - ULTRAVIOLET FLUORESCENCE,33660,"Mobile, AL",30.770181,-88.087761,AREA,10.67,NEIGHBORHOOD,500 M TO 4KM,SLAMS,Al Dept Of Env Mgt,POPULATION EXPOSURE,Y,,3,
2023-03-05,010970003,1,2.2,Parts per billion,3,CHICKASAW,24,100,42401,Sulfur dioxide,100,INSTRUMENTAL - ULTRAVIOLET FLUORESCENCE,33660,"Mobile, AL",30.770181,-88.087761,AREA,10.67,NEIGHBORHOOD,500 M TO 4KM,SLAMS,Al Dept Of Env Mgt,POPULATION EXPOSURE,Y,,3,
2023-03-06,010970003,1,0.3,Parts per billion,0,CHICKASAW,24,100,42401,Sulfur dioxide,100,INSTRUMENTAL - ULTRAVIOLET FLUORESCENCE,33660,"Mobile, AL",30.770181,-88.087761,AREA,10.67,NEIGHBORHOOD,500 M TO 4KM,SLAMS,Al Dept Of Env Mgt,POPULATION EXPOSURE,Y,,3,
2023-03-07,010970003,1,0.5,Parts per billion,0,CHICKASAW,24,100,42401,Sulfur dioxide,100,INSTRUMENTAL - ULTRAVIOLET FLUORESCENCE,33660,"Mobile, AL",30.770181,-88.087761,AREA,10.67,NEIGHBORHOOD,500 M TO 4KM,SLAMS,Al Dept Of Env Mgt,POPULATION EXPOSURE,Y,,3,
2023-03-08,010970003,1,0.8,Parts per billion,0,CHICKASAW,23,96,42401,Sulfur dioxide,100,INSTRUMENTAL - ULTRAVIOLET FLUORESCENCE,33660,"Mobile, AL",30.770181,-88.087761,AREA,10.67,NEIGHBORHOOD,500 M TO 4KM,SLAMS,Al Dept Of Env Mgt,POPULATION EXPOSURE,Y,,3,
2023-03-09,010970003,1,0.3,Parts per billion,0,CHICKASAW,23,96,42401,Sulfur dioxide,100,INSTRUMENTAL - ULTRAVIOLET FLUORESCENCE,33660,"Mobile, AL",30.770181,-88.087761,AREA,10.67,NEIGHBORHOOD,500 M TO 4KM,SLAMS,Al Dept Of Env Mgt,POPULATION EXPOSURE,Y,,3,
2023-03-10,010970003,1,0.4,Parts per billion,0,CHICKASAW,23,96,42401,Sulfur dioxide,100,INSTRUMENTAL - ULTRAVIOLET FLUORESCENCE,33660,"Mobile, AL",30.770181,-88.087761,AREA,10.67,NEIGHBORHOOD,500 M TO 4KM,SLAMS,Al Dept Of Env Mgt,POPULATION EXPOSURE,Y,,3,
2023-03-11,010970003,1,0.8,Parts per billion,0,CHICKASAW,23,96,42401,Sulfur dioxide,100,INSTRUMENTAL - ULTRAVIOLET FLUORESCENCE,33660,"Mobile, AL",30.770181,-88.087761,AREA,10.67,NEIGHBORHOOD,500 M TO 4KM,SLAMS,Al Dept Of Env Mgt,POPULATION EXPOSURE,Y,,3,
2023-03-12,010970003,1,2.2,Parts per billion,3,CHICKASAW,23,96,42401,Sulfur dioxide,100,INSTRUMENTAL - ULTRAVIOLET FLUORESCENCE,33660,"Mobile, AL",30.770181,-88.087761,AREA,10.67,NEIGHBORHOOD,500 M TO 4KM,SLAMS,Al Dept Of Env Mgt,POPULATION EXPOSURE,Y,,3,
2023-03-13,010970003,1,1.2,Parts per billion,1,CHICKASAW,23,96,42401,Sulfur dioxide,100,INSTRUMENTAL - ULTRAVIOLET FLUORESCENCE,33660,"Mobile, AL",30.770181,-88.087761,AREA,10.67,NEIGHBORHOOD,500 M TO 4KM,SLAMS,Al Dept Of Env Mgt,POPULATION EXPOSURE,Y,,3,
2023-03-14,010970003,1,3.5,Parts per billion,4,CHICKASAW,23,96,42401,Sulfur dioxide,100,INSTRUMENTAL - ULTRAVIOLET FLUORESCENCE,33660,"Mobile, AL",30.770181,-88.087761,AREA,10.67,NEIGHBORHOOD,500 M TO 4KM,SLAMS,Al Dept Of Env Mgt,POPULATION EXPOSURE,Y,,3,
2023-03-15,010970003,1,1.9,Parts per billion,1,CHICKASAW,23,96,42401,Sulfur dioxide,100,INSTRUMENTAL - ULTRAVIOLET FLUORESCENCE,33660,"Mobile, AL",30.770181,-88.087761,AREA,10.67,NEIGHBORHOOD,500 M TO 4KM,SLAMS,Al Dept Of Env Mgt,POPULATION EXPOSURE,Y,,3,
2023-03-16,010970003,1,1.3,Parts per billion,1,CHICKASAW,23,96,42401,Sulfur dioxide,100,INSTRUMENTAL - ULTRAVIOLET FLUORESCENCE,33660,"Mobile, AL",30.770181,-88.087761,AREA,10.67,NEIGHBORHOOD,500 M TO 4KM,SLAMS,Al Dept Of Env Mgt,POPULATION EXPOSURE,Y,,3,
2023-03-17,010970003,1,0.4,Parts per billion,0,CHICKASAW,23,96,42401,Sulfur dioxide,100,INSTRUMENTAL - ULTRAVIOLET FLUORESCENCE,33660,"Mobile, AL",30.770181,-88.087761,AREA,10.67,NEIGHBORHOOD,500 M TO 4KM,SLAMS,Al Dept Of Env Mgt,POPULATION EXPOSURE,Y,,3,
2023-03-18,010970003,1,0.3,Parts per billion,0,CHICKASAW,23,96,42401,Sulfur dioxide,100,INSTRUMENTAL - ULTRAVIOLET FLUORESCENCE,33660,"Mobile, AL",30.770181,-88.087761,AREA,10.67,NEIGHBORHOOD,500 M TO 4KM,SLAMS,Al Dept Of Env Mgt,POPULATION EXPOSURE,Y,,3,
2023-03-19,010970003,1,0.2,Parts per billion,0,CHICKASAW,23,96,42401,Sulfur dioxide,100,INSTRUMENTAL - ULTRAVIOLET FLUORESCENCE,33660,"Mobile, AL",30.770181,-88.087761,AREA,10.67,NEIGHBORHOOD,500 M TO 4KM,SLAMS,Al Dept Of Env Mgt,POPULATION EXPOSURE,Y,,3,
2023-03-20,010970003,1,1.2,Parts per billion,1,CHICKASAW,17,71,42401,Sulfur dioxide,100,INSTRUMENTAL - ULTRAVIOLET FLUORESCENCE,33660,"Mobile, AL",30.770181,-88.087761,AREA,10.67,NEIGHBORHOOD,500 M TO 4KM,SLAMS,Al Dept Of Env Mgt,POPULATION EXPOSURE,Y,,3,
2023-03-21,010970003,1,1.5,Parts per billion,1,CHICKASAW,23,96,42401,Sulfur dioxide,100,INSTRUMENTAL - ULTRAVIOLET FLUORESCENCE,33660,"Mobile, AL",30.770181,-88.087761,AREA,10.67,NEIGHBORHOOD,500 M TO 4KM,SLAMS,Al Dept Of Env Mgt,POPULATION EXPOSURE,Y,,3,
2023-03-22,010970003,1,1,Parts per billion,1,CHICKASAW,23,96,42401,Sulfur dioxide,100,INSTRUMENTAL - ULTRAVIOLET FLUORESCENCE,33660,"Mobile, AL",30.770181,-88.087761,AREA,10.67,NEIGHBORHOOD,500 M TO 4KM,SLAMS,Al Dept Of Env Mgt,POPULATION EXPOSURE,Y,,3,
2023-03-23,010970003,1,1,Parts per billion,1,CHICKASAW,23,96,42401,Sulfur dioxide,100,INSTRUMENTAL - ULTRAVIOLET FLUORESCENCE,33660,"Mobile, AL",30.770181,-88.087761,AREA,10.67,NEIGHBORHOOD,500 M TO 4KM,SLAMS,Al Dept Of Env Mgt,POPULATION EXPOSURE,Y,,3,
2023-03-24,010970003,1,0.3,Parts per billion,0,CHICKASAW,23,96,42401,Sulfur dioxide,100,INSTRUMENTAL - ULTRAVIOLET FLUORESCENCE,33660,"Mobile, AL",30.770181,-88.087761,AREA,10.67,NEIGHBORHOOD,500 M TO 4KM,SLAMS,Al Dept Of Env Mgt,POPULATION EXPOSURE,Y,,3,
2023-03-25,010970003,1,0.4,Parts per billion,0,CHICKASAW,23,96,42401,Sulfur dioxide,100,INSTRUMENTAL - ULTRAVIOLET FLUORESCENCE,33660,"Mobile, AL",30.770181,-88.087761,AREA,10.67,NEIGHBORHOOD,500 M TO 4KM,SLAMS,Al Dept Of Env Mgt,POPULATION EXPOSURE,Y,,3,
2023-03-26,010970003,1,0.7,Parts per billion,0,CHICKASAW,23,96,42401,Sulfur dioxide,100,INSTRUMENTAL - ULTRAVIOLET FLUORESCENCE,33660,"Mobile, AL",30.770181,-88.087761,AREA,10.67,NEIGHBORHOOD,500 M TO 4KM,SLAMS,Al Dept Of Env Mgt,POPULATION EXPOSURE,Y,,3,
2023-03-27,010970003,1,0.3,Parts per billion,0,CHICKASAW,23,96,42401,Sulfur dioxide,100,INSTRUMENTAL - ULTRAVIOLET FLUORESCENCE,33660,"Mobile, AL",30.770181,-88.087761,AREA,10.67,NEIGHBORHOOD,500 M TO 4KM,SLAMS,Al Dept Of Env Mgt,POPULATION EXPOSURE,Y,,3,
2023-03-28,010970003,1,0.5,Parts per billion,0,CHICKASAW,23,96,42401,Sulfur dioxide,100,INSTRUMENTAL - ULTRAVIOLET FLUORESCENCE,33660,"Mobile, AL",30.770181,-88.087761,AREA,10.67,NEIGHBORHOOD,500 M TO 4KM,SLAMS,Al Dept Of Env Mgt,POPULATION EXPOSURE,Y,,3,
2023-03-29,010970003,1,0.9,Parts per billion,0,CHICKASAW,23,96,42401,Sulfur dioxide,100,INSTRUMENTAL - ULTRAVIOLET FLUORESCENCE,33660,"Mobile, AL",30.770181,-88.087761,AREA,10.67,NEIGHBORHOOD,500 M TO 4KM,SLAMS,Al Dept Of Env Mgt,POPULATION EXPOSURE,Y,,3,
2023-03-30,010970003,1,0.6,Parts per billion,0,CHICKASAW,23,96,42401,Sulfur dioxide,100,INSTRUMENTAL - ULTRAVIOLET FLUORESCENCE,33660,"Mobile, AL",30.770181,-88.087761,AREA,10.67,NEIGHBORHOOD,500 M TO 4KM,SLAMS,Al Dept Of Env Mgt,POPULATION EXPOSURE,Y,,3,
2023-03-31,010970003,1,0.3,Parts per billion,0,CHICKASAW,23,96,42401,Sulfur dioxide,100,INSTRUMENTAL - ULTRAVIOLET FLUORESCENCE,33660,"Mobile, AL",30.770181,-88.087761,AREA,10.67,NEIGHBORHOOD,500 M TO 4KM,SLAMS,Al Dept Of Env Mgt,POPULATION EXPOSURE,Y,,3,
2023-04-01,010970003,1,0.3,Parts per billion,0,CHICKASAW,23,96,42401,Sulfur dioxide,100,INSTRUMENTAL - ULTRAVIOLET FLUORESCENCE,33660,"Mobile, AL",30.770181,-88.087761,AREA,10.67,NEIGHBORHOOD,500 M TO 4KM,SLAMS,Al Dept Of Env Mgt,POPULATION EXPOSURE,Y,,3,
2023-04-02,010970003,1,1.4,Parts per billion,1,CHICKASAW,23,96,42401,Sulfur dioxide,100,INSTRUMENTAL - ULTRAVIOLET FLUORESCENCE,33660,"Mobile, AL",30.770181,-88.087761,AREA,10.67,NEIGHBORHOOD,500 M TO 4KM,SLAMS,Al Dept Of Env Mgt,POPULATION EXPOSURE,Y,,3,
2023-04-03,010970003,1,0.5,Parts per billion,0,CHICKASAW,23,96,42401,Sulfur dioxide,100,INSTRUMENTAL - ULTRAVIOLET FLUORESCENCE,33660,"Mobile, AL",30.770181,-88.087761,AREA,10.67,NEIGHBORHOOD,500 M TO 4KM,SLAMS,Al Dept Of Env Mgt,POPULATION EXPOSURE,Y,,3,
2023-04-04,010970003,1,0.3,Parts per billion,0,CHICKASAW,23,96,42401,Sulfur dioxide,100,INSTRUMENTAL - ULTRAVIOLET FLUORESCENCE,33660,"Mobile, AL",30.770181,-88.087761,AREA,10.67,NEIGHBORHOOD,500 M TO 4KM,SLAMS,Al Dept Of Env Mgt,POPULATION EXPOSURE,Y,,3,
2023-04-05,010970003,1,0.4,Parts per billion,0,CHICKASAW,23,96,42401,Sulfur dioxide,100,INSTRUMENTAL - ULTRAVIOLET FLUORESCENCE,33660,"Mobile, AL",30.770181,-88.087761,AREA,10.67,NEIGHBORHOOD,500 M TO 4KM,SLAMS,Al Dept Of Env Mgt,POPULATION EXPOSURE,Y,,3,
2023-04-06,010970003,1,0.3,Parts per billion,0,CHICKASAW,23,96,42401,Sulfur dioxide,100,INSTRUMENTAL - ULTRAVIOLET FLUORESCENCE,33660,"Mobile, AL",30.770181,-88.087761,AREA,10.67,NEIGHBORHOOD,500 M TO 4KM,SLAMS,Al Dept Of Env Mgt,POPULATION EXPOSURE,Y,,3,
2023-04-07,010970003,1,0.6,Parts per billion,0,CHICKASAW,23,96,42401,Sulfur dioxide,100,INSTRUMENTAL - ULTRAVIOLET FLUORESCENCE,33660,"Mobile, AL",30.770181,-88.087761,AREA,10.67,NEIGHBORHOOD,500 M TO 4KM,SLAMS,Al Dept Of Env Mgt,POPULATION EXPOSURE,Y,,3,
2023-04-08,010970003,1,0.4,Parts per billion,0,CHICKASAW,23,96,42401,Sulfur dioxide,100,INSTRUMENTAL - ULTRAVIOLET FLUORESCENCE,33660,"Mobile, AL",30.770181,-88.087761,AREA,10.67,NEIGHBORHOOD,500 M TO 4KM,SLAMS,Al Dept Of Env Mgt,POPULATION EXPOSURE,Y,,3,
2023-04-09,010970003,1,0.2,Parts per billion,0,CHICKASAW,23,96,42401,Sulfur dioxide,100,INSTRUMENTAL - ULTRAVIOLET FLUORESCENCE,33660,"Mobile, AL",30.770181,-88.087761,AREA,10.67,NEIGHBORHOOD,500 M TO 4KM,SLAMS,Al Dept Of Env Mgt,POPULATION EXPOSURE,Y,,3,
2023-04-10,010970003,1,0.7,Parts per billion,0,CHICKASAW,23,96,42401,Sulfur dioxide,100,INSTRUMENTAL - ULTRAVIOLET FLUORESCENCE,33660,"Mobile, AL",30.770181,-88.087761,AREA,10.67,NEIGHBORHOOD,500 M TO 4KM,SLAMS,Al Dept Of Env Mgt,POPULATION EXPOSURE,Y,,3,
2023-04-11,010970003,1,1.1,Parts per billion,1,CHICKASAW,23,96,42401,Sulfur dioxide,100,INSTRUMENTAL - ULTRAVIOLET FLUORESCENCE,33660,"Mobile, AL",30.770181,-88.087761,AREA,10.67,NEIGHBORHOOD,500 M TO 4KM,SLAMS,Al Dept Of Env Mgt,POPULATION EXPOSURE,Y,,3,
2023-04-12,010970003,1,0.7,Parts per billion,0,CHICKASAW,23,96,42401,Sulfur dioxide,100,INSTRUMENTAL - ULTRAVIOLET FLUORESCENCE,33660,"Mobile, AL",30.770181,-88.087761,AREA,10.67,NEIGHBORHOOD,500 M TO 4KM,SLAMS,Al Dept Of Env Mgt,POPULATION EXPOSURE,Y,,3,
2023-04-13,010970003,1,0.4,Parts per billion,0,CHICKASAW,23,96,42401,Sulfur dioxide,100,INSTRUMENTAL - ULTRAVIOLET FLUORESCENCE,33660,"Mobile, AL",30.770181,-88.087761,AREA,10.67,NEIGHBORHOOD,500 M TO 4KM,SLAMS,Al Dept Of Env Mgt,POPULATION EXPOSURE,Y,,3,
2023-04-14,010970003,1,0.5,Parts per billion,0,CHICKASAW,23,96,42401,Sulfur dioxide,100,INSTRUMENTAL - ULTRAVIOLET FLUORESCENCE,33660,"Mobile, AL",30.770181,-88.087761,AREA,10.67,NEIGHBORHOOD,500 M TO 4KM,SLAMS,Al Dept Of Env Mgt,POPULATION EXPOSURE,Y,,3,
2023-04-15,010970003,1,0.6,Parts per billion,0,CHICKASAW,23,96,42401,Sulfur dioxide,100,INSTRUMENTAL - ULTRAVIOLET FLUORESCENCE,33660,"Mobile, AL",30.770181,-88.087761,AREA,10.67,NEIGHBORHOOD,500 M TO 4KM,SLAMS,Al Dept Of Env Mgt,POPULATION EXPOSURE,Y,,3,
2023-04-16,010970003,1,0.6,Parts per billion,0,CHICKASAW,23,96,42401,Sulfur dioxide,100,INSTRUMENTAL - ULTRAVIOLET FLUORESCENCE,33660,"Mobile, AL",30.770181,-88.087761,AREA,10.67,NEIGHBORHOOD,500 M TO 4KM,SLAMS,Al Dept Of Env Mgt,POPULATION EXPOSURE,Y,,3,
2023-04-17,010970003,1,0.8,Parts per billion,0,CHICKASAW,23,96,42401,Sulfur dioxide,100,INSTRUMENTAL - ULTRAVIOLET FLUORESCENCE,33660,"Mobile, AL",30.770181,-88.087761,AREA,10.67,NEIGHBORHOOD,500 M TO 4KM,SLAMS,Al Dept Of Env Mgt,POPULATION EXPOSURE,Y,,3,
2023-04-18,010970003,1,1.2,Parts per billion,1,CHICKASAW,23,96,42401,Sulfur dioxide,100,INSTRUMENTAL - ULTRAVIOLET FLUORESCENCE,33660,"Mobile, AL",30.770181,-88.087761,AREA,10.67,NEIGHBORHOOD,500 M TO 4KM,SLAMS,Al Dept Of Env Mgt,POPULATION EXPOSURE,Y,,3,
2023-04-19,010970003,1,3.8,Parts per billion,4,CHICKASAW,23,96,42401,Sulfur dioxide,100,INSTRUMENTAL - ULTRAVIOLET FLUORESCENCE,33660,"Mobile, AL",30.770181,-88.087761,AREA,10.67,NEIGHBORHOOD,500 M TO 4KM,SLAMS,Al Dept Of Env Mgt,POPULATION EXPOSURE,Y,,3,
2023-04-20,010970003,1,0.7,Parts per billion,0,CHICKASAW,23,96,42401,Sulfur dioxide,100,INSTRUMENTAL - ULTRAVIOLET FLUORESCENCE,33660,"Mobile, AL",30.770181,-88.087761,AREA,10.67,NEIGHBORHOOD,500 M TO 4KM,SLAMS,Al Dept Of Env Mgt,POPULATION EXPOSURE,Y,,3,
2023-04-21,010970003,1,0.4,Parts per billion,0,CHICKASAW,23,96,42401,Sulfur dioxide,100,INSTRUMENTAL - ULTRAVIOLET FLUORESCENCE,33660,"Mobile, AL",30.770181,-88.087761,AREA,10.67,NEIGHBORHOOD,500 M TO 4KM,SLAMS,Al Dept Of Env Mgt,POPULATION EXPOSURE,Y,,3,
2023-04-22,010970003,1,0.6,Parts per billion,0,CHICKASAW,23,96,42401,Sulfur dioxide,100,INSTRUMENTAL - ULTRAVIOLET FLUORESCENCE,33660,"Mobile, AL",30.770181,-88.087761,AREA,10.67,NEIGHBORHOOD,500 M TO 4KM,SLAMS,Al Dept Of Env Mgt,POPULATION EXPOSURE,Y,,3,
2023-04-23,010970003,1,2.1,Parts per billion,3,CHICKASAW,23,96,42401,Sulfur dioxide,100,INSTRUMENTAL - ULTRAVIOLET FLUORESCENCE,33660,"Mobile, AL",30.770181,-88.087761,AREA,10.67,NEIGHBORHOOD,500 M TO 4KM,SLAMS,Al Dept Of Env Mgt,POPULATION EXPOSURE,Y,,3,
2023-04-24,010970003,1,1,Parts per billion,1,CHICKASAW,23,96,42401,Sulfur dioxide,100,INSTRUMENTAL - ULTRAVIOLET FLUORESCENCE,33660,"Mobile, AL",30.770181,-88.087761,AREA,10.67,NEIGHBORHOOD,500 M TO 4KM,SLAMS,Al Dept Of Env Mgt,POPULATION EXPOSURE,Y,,3,
2023-04-25,010970003,1,1,Parts per billion,1,CHICKASAW,22,92,42401,Sulfur dioxide,100,INSTRUMENTAL - ULTRAVIOLET FLUORESCENCE,33660,"Mobile, AL",30.770181,-88.087761,AREA,10.67,NEIGHBORHOOD,500 M TO 4KM,SLAMS,Al Dept Of Env Mgt,POPULATION EXPOSURE,Y,,3,
2023-04-26,010970003,1,1,Parts per billion,1,CHICKASAW,23,96,42401,Sulfur dioxide,100,INSTRUMENTAL - ULTRAVIOLET FLUORESCENCE,33660,"Mobile, AL",30.770181,-88.087761,AREA,10.67,NEIGHBORHOOD,500 M TO 4KM,SLAMS,Al Dept Of Env Mgt,POPULATION EXPOSURE,Y,,3,
2023-04-27,010970003,1,0.5,Parts per billion,0,CHICKASAW,22,92,42401,Sulfur dioxide,100,INSTRUMENTAL - ULTRAVIOLET FLUORESCENCE,33660,"Mobile, AL",30.770181,-88.087761,AREA,10.67,NEIGHBORHOOD,500 M TO 4KM,SLAMS,Al Dept Of Env Mgt,POPULATION EXPOSURE,Y,,3,
2023-04-28,010970003,1,1.8,Parts per billion,1,CHICKASAW,23,96,42401,Sulfur dioxide,100,INSTRUMENTAL - ULTRAVIOLET FLUORESCENCE,33660,"Mobile, AL",30.770181,-88.087761,AREA,10.67,NEIGHBORHOOD,500 M TO 4KM,SLAMS,Al Dept Of Env Mgt,POPULATION EXPOSURE,Y,,3,
2023-04-29,010970003,1,0.5,Parts per billion,0,CHICKASAW,23,96,42401,Sulfur dioxide,100,INSTRUMENTAL - ULTRAVIOLET FLUORESCENCE,33660,"Mobile, AL",30.770181,-88.087761,AREA,10.67,NEIGHBORHOOD,500 M TO 4KM,SLAMS,Al Dept Of Env Mgt,POPULATION EXPOSURE,Y,,3,
2023-04-30,010970003,1,0.5,Parts per billion,0,CHICKASAW,23,96,42401,Sulfur dioxide,100,INSTRUMENTAL - ULTRAVIOLET FLUORESCENCE,33660,"Mobile, AL",30.770181,-88.087761,AREA,10.67,NEIGHBORHOOD,500 M TO 4KM,SLAMS,Al Dept Of Env Mgt,POPULATION EXPOSURE,Y,,3,
2023-05-01,010970003,1,0.8,Parts per billion,0,CHICKASAW,24,100,42401,Sulfur dioxide,100,INSTRUMENTAL - ULTRAVIOLET FLUORESCENCE,33660,"Mobile, AL",30.770181,-88.087761,AREA,10.67,NEIGHBORHOOD,500 M TO 4KM,SLAMS,Al Dept Of Env Mgt,POPULATION EXPOSURE,Y,,3,
2023-05-02,010970003,1,0.7,Parts per billion,0,CHICKASAW,24,100,42401,Sulfur dioxide,100,INSTRUMENTAL - ULTRAVIOLET FLUORESCENCE,33660,"Mobile, AL",30.770181,-88.087761,AREA,10.67,NEIGHBORHOOD,500 M TO 4KM,SLAMS,Al Dept Of Env Mgt,POPULATION EXPOSURE,Y,,3,
2023-05-03,010970003,1,0.6,Parts per billion,0,CHICKASAW,21,88,42401,Sulfur dioxide,100,INSTRUMENTAL - ULTRAVIOLET FLUORESCENCE,33660,"Mobile, AL",30.770181,-88.087761,AREA,10.67,NEIGHBORHOOD,500 M TO 4KM,SLAMS,Al Dept Of Env Mgt,POPULATION EXPOSURE,Y,,3,
2023-05-04,010970003,1,1.7,Parts per billion,1,CHICKASAW,20,83,42401,Sulfur dioxide,100,INSTRUMENTAL - ULTRAVIOLET FLUORESCENCE,33660,"Mobile, AL",30.770181,-88.087761,AREA,10.67,NEIGHBORHOOD,500 M TO 4KM,SLAMS,Al Dept Of Env Mgt,POPULATION EXPOSURE,Y,,3,
2023-05-05,010970003,1,0.6,Parts per billion,0,CHICKASAW,23,96,42401,Sulfur dioxide,100,INSTRUMENTAL - ULTRAVIOLET FLUORESCENCE,33660,"Mobile, AL",30.770181,-88.087761,AREA,10.67,NEIGHBORHOOD,500 M TO 4KM,SLAMS,Al Dept Of Env Mgt,POPULATION EXPOSURE,Y,,3,
2023-05-06,010970003,1,0.4,Parts per billion,0,CHICKASAW,23,96,42401,Sulfur dioxide,100,INSTRUMENTAL - ULTRAVIOLET FLUORESCENCE,33660,"Mobile, AL",30.770181,-88.087761,AREA,10.67,NEIGHBORHOOD,500 M TO 4KM,SLAMS,Al Dept Of Env Mgt,POPULATION EXPOSURE,Y,,3,
2023-05-08,010970003,1,0.4,Parts per billion,0,CHICKASAW,23,96,42401,Sulfur dioxide,100,INSTRUMENTAL - ULTRAVIOLET FLUORESCENCE,33660,"Mobile, AL",30.770181,-88.087761,AREA,10.67,NEIGHBORHOOD,500 M TO 4KM,SLAMS,Al Dept Of Env Mgt,POPULATION EXPOSURE,Y,,3,
2023-05-07,010970003,1,0.5,Parts per billion,0,CHICKASAW,23,96,42401,Sulfur dioxide,100,INSTRUMENTAL - ULTRAVIOLET FLUORESCENCE,33660,"Mobile, AL",30.770181,-88.087761,AREA,10.67,NEIGHBORHOOD,500 M TO 4KM,SLAMS,Al Dept Of Env Mgt,POPULATION EXPOSURE,Y,,3,
2023-05-09,010970003,1,0.5,Parts per billion,0,CHICKASAW,23,96,42401,Sulfur dioxide,100,INSTRUMENTAL - ULTRAVIOLET FLUORESCENCE,33660,"Mobile, AL",30.770181,-88.087761,AREA,10.67,NEIGHBORHOOD,500 M TO 4KM,SLAMS,Al Dept Of Env Mgt,POPULATION EXPOSURE,Y,,3,
2023-05-10,010970003,1,0.5,Parts per billion,0,CHICKASAW,23,96,42401,Sulfur dioxide,100,INSTRUMENTAL - ULTRAVIOLET FLUORESCENCE,33660,"Mobile, AL",30.770181,-88.087761,AREA,10.67,NEIGHBORHOOD,500 M TO 4KM,SLAMS,Al Dept Of Env Mgt,POPULATION EXPOSURE,Y,,3,
2023-05-11,010970003,1,0.5,Parts per billion,0,CHICKASAW,23,96,42401,Sulfur dioxide,100,INSTRUMENTAL - ULTRAVIOLET FLUORESCENCE,33660,"Mobile, AL",30.770181,-88.087761,AREA,10.67,NEIGHBORHOOD,500 M TO 4KM,SLAMS,Al Dept Of Env Mgt,POPULATION EXPOSURE,Y,,3,
2023-05-12,010970003,1,0.7,Parts per billion,0,CHICKASAW,23,96,42401,Sulfur dioxide,100,INSTRUMENTAL - ULTRAVIOLET FLUORESCENCE,33660,"Mobile, AL",30.770181,-88.087761,AREA,10.67,NEIGHBORHOOD,500 M TO 4KM,SLAMS,Al Dept Of Env Mgt,POPULATION EXPOSURE,Y,,3,
2023-05-13,010970003,1,0.6,Parts per billion,0,CHICKASAW,23,96,42401,Sulfur dioxide,100,INSTRUMENTAL - ULTRAVIOLET FLUORESCENCE,33660,"Mobile, AL",30.770181,-88.087761,AREA,10.67,NEIGHBORHOOD,500 M TO 4KM,SLAMS,Al Dept Of Env Mgt,POPULATION EXPOSURE,Y,,3,
2023-05-14,010970003,1,1.9,Parts per billion,1,CHICKASAW,23,96,42401,Sulfur dioxide,100,INSTRUMENTAL - ULTRAVIOLET FLUORESCENCE,33660,"Mobile, AL",30.770181,-88.087761,AREA,10.67,NEIGHBORHOOD,500 M TO 4KM,SLAMS,Al Dept Of Env Mgt,POPULATION EXPOSURE,Y,,3,
2023-05-15,010970003,1,0.9,Parts per billion,0,CHICKASAW,23,96,42401,Sulfur dioxide,100,INSTRUMENTAL - ULTRAVIOLET FLUORESCENCE,33660,"Mobile, AL",30.770181,-88.087761,AREA,10.67,NEIGHBORHOOD,500 M TO 4KM,SLAMS,Al Dept Of Env Mgt,POPULATION EXPOSURE,Y,,3,
2023-05-16,010970003,1,0.6,Parts per billion,0,CHICKASAW,21,88,42401,Sulfur dioxide,100,INSTRUMENTAL - ULTRAVIOLET FLUORESCENCE,33660,"Mobile, AL",30.770181,-88.087761,AREA,10.67,NEIGHBORHOOD,500 M TO 4KM,SLAMS,Al Dept Of Env Mgt,POPULATION EXPOSURE,Y,,3,
2023-05-17,010970003,1,0.7,Parts per billion,0,CHICKASAW,24,100,42401,Sulfur dioxide,100,INSTRUMENTAL - ULTRAVIOLET FLUORESCENCE,33660,"Mobile, AL",30.770181,-88.087761,AREA,10.67,NEIGHBORHOOD,500 M TO 4KM,SLAMS,Al Dept Of Env Mgt,POPULATION EXPOSURE,Y,,3,
2023-05-18,010970003,1,0.7,Parts per billion,0,CHICKASAW,24,100,42401,Sulfur dioxide,100,INSTRUMENTAL - ULTRAVIOLET FLUORESCENCE,33660,"Mobile, AL",30.770181,-88.087761,AREA,10.67,NEIGHBORHOOD,500 M TO 4KM,SLAMS,Al Dept Of Env Mgt,POPULATION EXPOSURE,Y,,3,
2023-05-19,010970003,1,0.5,Parts per billion,0,CHICKASAW,24,100,42401,Sulfur dioxide,100,INSTRUMENTAL - ULTRAVIOLET FLUORESCENCE,33660,"Mobile, AL",30.770181,-88.087761,AREA,10.67,NEIGHBORHOOD,500 M TO 4KM,SLAMS,Al Dept Of Env Mgt,POPULATION EXPOSURE,Y,,3,
2023-05-20,010970003,1,0.4,Parts per billion,0,CHICKASAW,24,100,42401,Sulfur dioxide,100,INSTRUMENTAL - ULTRAVIOLET FLUORESCENCE,33660,"Mobile, AL",30.770181,-88.087761,AREA,10.67,NEIGHBORHOOD,500 M TO 4KM,SLAMS,Al Dept Of Env Mgt,POPULATION EXPOSURE,Y,,3,
2023-05-21,010970003,1,2.5,Parts per billion,3,CHICKASAW,24,100,42401,Sulfur dioxide,100,INSTRUMENTAL - ULTRAVIOLET FLUORESCENCE,33660,"Mobile, AL",30.770181,-88.087761,AREA,10.67,NEIGHBORHOOD,500 M TO 4KM,SLAMS,Al Dept Of Env Mgt,POPULATION EXPOSURE,Y,,3,
2023-05-22,010970003,1,0.9,Parts per billion,0,CHICKASAW,23,96,42401,Sulfur dioxide,100,INSTRUMENTAL - ULTRAVIOLET FLUORESCENCE,33660,"Mobile, AL",30.770181,-88.087761,AREA,10.67,NEIGHBORHOOD,500 M TO 4KM,SLAMS,Al Dept Of Env Mgt,POPULATION EXPOSURE,Y,,3,
2023-05-23,010970003,1,0.7,Parts per billion,0,CHICKASAW,21,88,42401,Sulfur dioxide,100,INSTRUMENTAL - ULTRAVIOLET FLUORESCENCE,33660,"Mobile, AL",30.770181,-88.087761,AREA,10.67,NEIGHBORHOOD,500 M TO 4KM,SLAMS,Al Dept Of Env Mgt,POPULATION EXPOSURE,Y,,3,
2023-05-24,010970003,1,1.4,Parts per billion,1,CHICKASAW,23,96,42401,Sulfur dioxide,100,INSTRUMENTAL - ULTRAVIOLET FLUORESCENCE,33660,"Mobile, AL",30.770181,-88.087761,AREA,10.67,NEIGHBORHOOD,500 M TO 4KM,SLAMS,Al Dept Of Env Mgt,POPULATION EXPOSURE,Y,,3,
2023-05-25,010970003,1,1,Parts per billion,1,CHICKASAW,23,96,42401,Sulfur dioxide,100,INSTRUMENTAL - ULTRAVIOLET FLUORESCENCE,33660,"Mobile, AL",30.770181,-88.087761,AREA,10.67,NEIGHBORHOOD,500 M TO 4KM,SLAMS,Al Dept Of Env Mgt,POPULATION EXPOSURE,Y,,3,
2023-05-26,010970003,1,3,Parts per billion,4,CHICKASAW,23,96,42401,Sulfur dioxide,100,INSTRUMENTAL - ULTRAVIOLET FLUORESCENCE,33660,"Mobile, AL",30.770181,-88.087761,AREA,10.67,NEIGHBORHOOD,500 M TO 4KM,SLAMS,Al Dept Of Env Mgt,POPULATION EXPOSURE,Y,,3,
2023-05-27,010970003,1,2.3,Parts per billion,3,CHICKASAW,23,96,42401,Sulfur dioxide,100,INSTRUMENTAL - ULTRAVIOLET FLUORESCENCE,33660,"Mobile, AL",30.770181,-88.087761,AREA,10.67,NEIGHBORHOOD,500 M TO 4KM,SLAMS,Al Dept Of Env Mgt,POPULATION EXPOSURE,Y,,3,
2023-05-28,010970003,1,0.8,Parts per billion,0,CHICKASAW,23,96,42401,Sulfur dioxide,100,INSTRUMENTAL - ULTRAVIOLET FLUORESCENCE,33660,"Mobile, AL",30.770181,-88.087761,AREA,10.67,NEIGHBORHOOD,500 M TO 4KM,SLAMS,Al Dept Of Env Mgt,POPULATION EXPOSURE,Y,,3,
2023-05-29,010970003,1,1.3,Parts per billion,1,CHICKASAW,23,96,42401,Sulfur dioxide,100,INSTRUMENTAL - ULTRAVIOLET FLUORESCENCE,33660,"Mobile, AL",30.770181,-88.087761,AREA,10.67,NEIGHBORHOOD,500 M TO 4KM,SLAMS,Al Dept Of Env Mgt,POPULATION EXPOSURE,Y,,3,
2023-05-30,010970003,1,12.1,Parts per billion,17,CHICKASAW,23,96,42401,Sulfur dioxide,100,INSTRUMENTAL - ULTRAVIOLET FLUORESCENCE,33660,"Mobile, AL",30.770181,-88.087761,AREA,10.67,NEIGHBORHOOD,500 M TO 4KM,SLAMS,Al Dept Of Env Mgt,POPULATION EXPOSURE,Y,,3,
2023-05-31,010970003,1,4.5,Parts per billion,6,CHICKASAW,23,96,42401,Sulfur dioxide,100,INSTRUMENTAL - ULTRAVIOLET FLUORESCENCE,33660,"Mobile, AL",30.770181,-88.087761,AREA,10.67,NEIGHBORHOOD,500 M TO 4KM,SLAMS,Al Dept Of Env Mgt,POPULATION EXPOSURE,Y,,3,
2023-06-01,010970003,1,4.4,Parts per billion,6,CHICKASAW,22,92,42401,Sulfur dioxide,100,INSTRUMENTAL - ULTRAVIOLET FLUORESCENCE,33660,"Mobile, AL",30.770181,-88.087761,AREA,10.67,NEIGHBORHOOD,500 M TO 4KM,SLAMS,Al Dept Of Env Mgt,POPULATION EXPOSURE,Y,,3,
2023-06-02,010970003,1,4.5,Parts per billion,6,CHICKASAW,23,96,42401,Sulfur dioxide,100,INSTRUMENTAL - ULTRAVIOLET FLUORESCENCE,33660,"Mobile, AL",30.770181,-88.087761,AREA,10.67,NEIGHBORHOOD,500 M TO 4KM,SLAMS,Al Dept Of Env Mgt,POPULATION EXPOSURE,Y,,3,
2023-06-03,010970003,1,3.9,Parts per billion,4,CHICKASAW,23,96,42401,Sulfur dioxide,100,INSTRUMENTAL - ULTRAVIOLET FLUORESCENCE,33660,"Mobile, AL",30.770181,-88.087761,AREA,10.67,NEIGHBORHOOD,500 M TO 4KM,SLAMS,Al Dept Of Env Mgt,POPULATION EXPOSURE,Y,,3,
2023-06-04,010970003,1,1.7,Parts per billion,1,CHICKASAW,23,96,42401,Sulfur dioxide,100,INSTRUMENTAL - ULTRAVIOLET FLUORESCENCE,33660,"Mobile, AL",30.770181,-88.087761,AREA,10.67,NEIGHBORHOOD,500 M TO 4KM,SLAMS,Al Dept Of Env Mgt,POPULATION EXPOSURE,Y,,3,
2023-06-05,010970003,1,1.2,Parts per billion,1,CHICKASAW,23,96,42401,Sulfur dioxide,100,INSTRUMENTAL - ULTRAVIOLET FLUORESCENCE,33660,"Mobile, AL",30.770181,-88.087761,AREA,10.67,NEIGHBORHOOD,500 M TO 4KM,SLAMS,Al Dept Of Env Mgt,POPULATION EXPOSURE,Y,,3,
2023-06-06,010970003,1,1,Parts per billion,1,CHICKASAW,23,96,42401,Sulfur dioxide,100,INSTRUMENTAL - ULTRAVIOLET FLUORESCENCE,33660,"Mobile, AL",30.770181,-88.087761,AREA,10.67,NEIGHBORHOOD,500 M TO 4KM,SLAMS,Al Dept Of Env Mgt,POPULATION EXPOSURE,Y,,3,
2023-06-07,010970003,1,1.1,Parts per billion,1,CHICKASAW,23,96,42401,Sulfur dioxide,100,INSTRUMENTAL - ULTRAVIOLET FLUORESCENCE,33660,"Mobile, AL",30.770181,-88.087761,AREA,10.67,NEIGHBORHOOD,500 M TO 4KM,SLAMS,Al Dept Of Env Mgt,POPULATION EXPOSURE,Y,,3,
2023-06-08,010970003,1,0.9,Parts per billion,0,CHICKASAW,23,96,42401,Sulfur dioxide,100,INSTRUMENTAL - ULTRAVIOLET FLUORESCENCE,33660,"Mobile, AL",30.770181,-88.087761,AREA,10.67,NEIGHBORHOOD,500 M TO 4KM,SLAMS,Al Dept Of Env Mgt,POPULATION EXPOSURE,Y,,3,
2023-06-09,010970003,1,1,Parts per billion,1,CHICKASAW,23,96,42401,Sulfur dioxide,100,INSTRUMENTAL - ULTRAVIOLET FLUORESCENCE,33660,"Mobile, AL",30.770181,-88.087761,AREA,10.67,NEIGHBORHOOD,500 M TO 4KM,SLAMS,Al Dept Of Env Mgt,POPULATION EXPOSURE,Y,,3,
2023-06-10,010970003,1,1,Parts per billion,1,CHICKASAW,23,96,42401,Sulfur dioxide,100,INSTRUMENTAL - ULTRAVIOLET FLUORESCENCE,33660,"Mobile, AL",30.770181,-88.087761,AREA,10.67,NEIGHBORHOOD,500 M TO 4KM,SLAMS,Al Dept Of Env Mgt,POPULATION EXPOSURE,Y,,3,
2023-06-11,010970003,1,0.9,Parts per billion,0,CHICKASAW,23,96,42401,Sulfur dioxide,100,INSTRUMENTAL - ULTRAVIOLET FLUORESCENCE,33660,"Mobile, AL",30.770181,-88.087761,AREA,10.67,NEIGHBORHOOD,500 M TO 4KM,SLAMS,Al Dept Of Env Mgt,POPULATION EXPOSURE,Y,,3,
2023-06-12,010970003,1,1.2,Parts per billion,1,CHICKASAW,20,83,42401,Sulfur dioxide,100,INSTRUMENTAL - ULTRAVIOLET FLUORESCENCE,33660,"Mobile, AL",30.770181,-88.087761,AREA,10.67,NEIGHBORHOOD,500 M TO 4KM,SLAMS,Al Dept Of Env Mgt,POPULATION EXPOSURE,Y,,3,
2023-06-13,010970003,1,1,Parts per billion,1,CHICKASAW,23,96,42401,Sulfur dioxide,100,INSTRUMENTAL - ULTRAVIOLET FLUORESCENCE,33660,"Mobile, AL",30.770181,-88.087761,AREA,10.67,NEIGHBORHOOD,500 M TO 4KM,SLAMS,Al Dept Of Env Mgt,POPULATION EXPOSURE,Y,,3,
2023-06-14,010970003,1,1.3,Parts per billion,1,CHICKASAW,18,75,42401,Sulfur dioxide,100,INSTRUMENTAL - ULTRAVIOLET FLUORESCENCE,33660,"Mobile, AL",30.770181,-88.087761,AREA,10.67,NEIGHBORHOOD,500 M TO 4KM,SLAMS,Al Dept Of Env Mgt,POPULATION EXPOSURE,Y,,3,
2023-06-15,010970003,1,1.3,Parts per billion,1,CHICKASAW,18,75,42401,Sulfur dioxide,100,INSTRUMENTAL - ULTRAVIOLET FLUORESCENCE,33660,"Mobile, AL",30.770181,-88.087761,AREA,10.67,NEIGHBORHOOD,500 M TO 4KM,SLAMS,Al Dept Of Env Mgt,POPULATION EXPOSURE,Y,,3,
2023-06-16,010970003,1,1.1,Parts per billion,1,CHICKASAW,20,83,42401,Sulfur dioxide,100,INSTRUMENTAL - ULTRAVIOLET FLUORESCENCE,33660,"Mobile, AL",30.770181,-88.087761,AREA,10.67,NEIGHBORHOOD,500 M TO 4KM,SLAMS,Al Dept Of Env Mgt,POPULATION EXPOSURE,Y,,3,
2023-06-17,010970003,1,1,Parts per billion,1,CHICKASAW,23,96,42401,Sulfur dioxide,100,INSTRUMENTAL - ULTRAVIOLET FLUORESCENCE,33660,"Mobile, AL",30.770181,-88.087761,AREA,10.67,NEIGHBORHOOD,500 M TO 4KM,SLAMS,Al Dept Of Env Mgt,POPULATION EXPOSURE,Y,,3,
2023-06-18,010970003,1,1,Parts per billion,1,CHICKASAW,23,96,42401,Sulfur dioxide,100,INSTRUMENTAL - ULTRAVIOLET FLUORESCENCE,33660,"Mobile, AL",30.770181,-88.087761,AREA,10.67,NEIGHBORHOOD,500 M TO 4KM,SLAMS,Al Dept Of Env Mgt,POPULATION EXPOSURE,Y,,3,
2023-06-19,010970003,1,1.5,Parts per billion,1,CHICKASAW,23,96,42401,Sulfur dioxide,100,INSTRUMENTAL - ULTRAVIOLET FLUORESCENCE,33660,"Mobile, AL",30.770181,-88.087761,AREA,10.67,NEIGHBORHOOD,500 M TO 4KM,SLAMS,Al Dept Of Env Mgt,POPULATION EXPOSURE,Y,,3,
2023-06-20,010970003,1,1.1,Parts per billion,1,CHICKASAW,23,96,42401,Sulfur dioxide,100,INSTRUMENTAL - ULTRAVIOLET FLUORESCENCE,33660,"Mobile, AL",30.770181,-88.087761,AREA,10.67,NEIGHBORHOOD,500 M TO 4KM,SLAMS,Al Dept Of Env Mgt,POPULATION EXPOSURE,Y,,3,
2023-06-21,010970003,1,0.9,Parts per billion,0,CHICKASAW,23,96,42401,Sulfur dioxide,100,INSTRUMENTAL - ULTRAVIOLET FLUORESCENCE,33660,"Mobile, AL",30.770181,-88.087761,AREA,10.67,NEIGHBORHOOD,500 M TO 4KM,SLAMS,Al Dept Of Env Mgt,POPULATION EXPOSURE,Y,,3,
2023-06-22,010970003,1,9.5,Parts per billion,13,CHICKASAW,23,96,42401,Sulfur dioxide,100,INSTRUMENTAL - ULTRAVIOLET FLUORESCENCE,33660,"Mobile, AL",30.770181,-88.087761,AREA,10.67,NEIGHBORHOOD,500 M TO 4KM,SLAMS,Al Dept Of Env Mgt,POPULATION EXPOSURE,Y,,3,
2023-06-23,010970003,1,1.1,Parts per billion,1,CHICKASAW,23,96,42401,Sulfur dioxide,100,INSTRUMENTAL - ULTRAVIOLET FLUORESCENCE,33660,"Mobile, AL",30.770181,-88.087761,AREA,10.67,NEIGHBORHOOD,500 M TO 4KM,SLAMS,Al Dept Of Env Mgt,POPULATION EXPOSURE,Y,,3,
2023-06-24,010970003,1,7.4,Parts per billion,10,CHICKASAW,23,96,42401,Sulfur dioxide,100,INSTRUMENTAL - ULTRAVIOLET FLUORESCENCE,33660,"Mobile, AL",30.770181,-88.087761,AREA,10.67,NEIGHBORHOOD,500 M TO 4KM,SLAMS,Al Dept Of Env Mgt,POPULATION EXPOSURE,Y,,3,
2023-06-25,010970003,1,0.9,Parts per billion,0,CHICKASAW,23,96,42401,Sulfur dioxide,100,INSTRUMENTAL - ULTRAVIOLET FLUORESCENCE,33660,"Mobile, AL",30.770181,-88.087761,AREA,10.67,NEIGHBORHOOD,500 M TO 4KM,SLAMS,Al Dept Of Env Mgt,POPULATION EXPOSURE,Y,,3,
2023-06-26,010970003,1,2.9,Parts per billion,3,CHICKASAW,23,96,42401,Sulfur dioxide,100,INSTRUMENTAL - ULTRAVIOLET FLUORESCENCE,33660,"Mobile, AL",30.770181,-88.087761,AREA,10.67,NEIGHBORHOOD,500 M TO 4KM,SLAMS,Al Dept Of Env Mgt,POPULATION EXPOSURE,Y,,3,
2023-06-27,010970003,1,1,Parts per billion,1,CHICKASAW,23,96,42401,Sulfur dioxide,100,INSTRUMENTAL - ULTRAVIOLET FLUORESCENCE,33660,"Mobile, AL",30.770181,-88.087761,AREA,10.67,NEIGHBORHOOD,500 M TO 4KM,SLAMS,Al Dept Of Env Mgt,POPULATION EXPOSURE,Y,,3,
2023-06-28,010970003,1,3.5,Parts per billion,4,CHICKASAW,20,83,42401,Sulfur dioxide,100,INSTRUMENTAL - ULTRAVIOLET FLUORESCENCE,33660,"Mobile, AL",30.770181,-88.087761,AREA,10.67,NEIGHBORHOOD,500 M TO 4KM,SLAMS,Al Dept Of Env Mgt,POPULATION EXPOSURE,Y,,3,
2023-06-29,010970003,1,1.9,Parts per billion,1,CHICKASAW,23,96,42401,Sulfur dioxide,100,INSTRUMENTAL - ULTRAVIOLET FLUORESCENCE,33660,"Mobile, AL",30.770181,-88.087761,AREA,10.67,NEIGHBORHOOD,500 M TO 4KM,SLAMS,Al Dept Of Env Mgt,POPULATION EXPOSURE,Y,,3,
2023-06-30,010970003,1,1.6,Parts per billion,1,CHICKASAW,23,96,42401,Sulfur dioxide,100,INSTRUMENTAL - ULTRAVIOLET FLUORESCENCE,33660,"Mobile, AL",30.770181,-88.087761,AREA,10.67,NEIGHBORHOOD,500 M TO 4KM,SLAMS,Al Dept Of Env Mgt,POPULATION EXPOSURE,Y,,3,
2023-07-01,010970003,1,1.2,Parts per billion,1,CHICKASAW,23,96,42401,Sulfur dioxide,100,INSTRUMENTAL - ULTRAVIOLET FLUORESCENCE,33660,"Mobile, AL",30.770181,-88.087761,AREA,10.67,NEIGHBORHOOD,500 M TO 4KM,SLAMS,Al Dept Of Env Mgt,POPULATION EXPOSURE,Y,,3,
2023-07-02,010970003,1,5,Parts per billion,7,CHICKASAW,23,96,42401,Sulfur dioxide,100,INSTRUMENTAL - ULTRAVIOLET FLUORESCENCE,33660,"Mobile, AL",30.770181,-88.087761,AREA,10.67,NEIGHBORHOOD,500 M TO 4KM,SLAMS,Al Dept Of Env Mgt,POPULATION EXPOSURE,Y,,3,
2023-07-03,010970003,1,1.1,Parts per billion,1,CHICKASAW,23,96,42401,Sulfur dioxide,100,INSTRUMENTAL - ULTRAVIOLET FLUORESCENCE,33660,"Mobile, AL",30.770181,-88.087761,AREA,10.67,NEIGHBORHOOD,500 M TO 4KM,SLAMS,Al Dept Of Env Mgt,POPULATION EXPOSURE,Y,,3,
2023-07-04,010970003,1,1.6,Parts per billion,1,CHICKASAW,23,96,42401,Sulfur dioxide,100,INSTRUMENTAL - ULTRAVIOLET FLUORESCENCE,33660,"Mobile, AL",30.770181,-88.087761,AREA,10.67,NEIGHBORHOOD,500 M TO 4KM,SLAMS,Al Dept Of Env Mgt,POPULATION EXPOSURE,Y,,3,
2023-07-05,010970003,1,1.3,Parts per billion,1,CHICKASAW,23,96,42401,Sulfur dioxide,100,INSTRUMENTAL - ULTRAVIOLET FLUORESCENCE,33660,"Mobile, AL",30.770181,-88.087761,AREA,10.67,NEIGHBORHOOD,500 M TO 4KM,SLAMS,Al Dept Of Env Mgt,POPULATION EXPOSURE,Y,,3,
2023-07-06,010970003,1,0.9,Parts per billion,0,CHICKASAW,23,96,42401,Sulfur dioxide,100,INSTRUMENTAL - ULTRAVIOLET FLUORESCENCE,33660,"Mobile, AL",30.770181,-88.087761,AREA,10.67,NEIGHBORHOOD,500 M TO 4KM,SLAMS,Al Dept Of Env Mgt,POPULATION EXPOSURE,Y,,3,
2023-07-07,010970003,1,1,Parts per billion,1,CHICKASAW,23,96,42401,Sulfur dioxide,100,INSTRUMENTAL - ULTRAVIOLET FLUORESCENCE,33660,"Mobile, AL",30.770181,-88.087761,AREA,10.67,NEIGHBORHOOD,500 M TO 4KM,SLAMS,Al Dept Of Env Mgt,POPULATION EXPOSURE,Y,,3,
2023-07-08,010970003,1,1.1,Parts per billion,1,CHICKASAW,23,96,42401,Sulfur dioxide,100,INSTRUMENTAL - ULTRAVIOLET FLUORESCENCE,33660,"Mobile, AL",30.770181,-88.087761,AREA,10.67,NEIGHBORHOOD,500 M TO 4KM,SLAMS,Al Dept Of Env Mgt,POPULATION EXPOSURE,Y,,3,
2023-07-09,010970003,1,1,Parts per billion,1,CHICKASAW,23,96,42401,Sulfur dioxide,100,INSTRUMENTAL - ULTRAVIOLET FLUORESCENCE,33660,"Mobile, AL",30.770181,-88.087761,AREA,10.67,NEIGHBORHOOD,500 M TO 4KM,SLAMS,Al Dept Of Env Mgt,POPULATION EXPOSURE,Y,,3,
2023-07-10,010970003,1,1.1,Parts per billion,1,CHICKASAW,23,96,42401,Sulfur dioxide,100,INSTRUMENTAL - ULTRAVIOLET FLUORESCENCE,33660,"Mobile, AL",30.770181,-88.087761,AREA,10.67,NEIGHBORHOOD,500 M TO 4KM,SLAMS,Al Dept Of Env Mgt,POPULATION EXPOSURE,Y,,3,
2023-07-11,010970003,1,1.2,Parts per billion,1,CHICKASAW,23,96,42401,Sulfur dioxide,100,INSTRUMENTAL - ULTRAVIOLET FLUORESCENCE,33660,"Mobile, AL",30.770181,-88.087761,AREA,10.67,NEIGHBORHOOD,500 M TO 4KM,SLAMS,Al Dept Of Env Mgt,POPULATION EXPOSURE,Y,,3,
2023-07-12,010970003,1,1.2,Parts per billion,1,CHICKASAW,23,96,42401,Sulfur dioxide,100,INSTRUMENTAL - ULTRAVIOLET FLUORESCENCE,33660,"Mobile, AL",30.770181,-88.087761,AREA,10.67,NEIGHBORHOOD,500 M TO 4KM,SLAMS,Al Dept Of Env Mgt,POPULATION EXPOSURE,Y,,3,
2023-07-13,010970003,1,1.4,Parts per billion,1,CHICKASAW,23,96,42401,Sulfur dioxide,100,INSTRUMENTAL - ULTRAVIOLET FLUORESCENCE,33660,"Mobile, AL",30.770181,-88.087761,AREA,10.67,NEIGHBORHOOD,500 M TO 4KM,SLAMS,Al Dept Of Env Mgt,POPULATION EXPOSURE,Y,,3,
2023-07-14,010970003,1,3.9,Parts per billion,4,CHICKASAW,23,96,42401,Sulfur dioxide,100,INSTRUMENTAL - ULTRAVIOLET FLUORESCENCE,33660,"Mobile, AL",30.770181,-88.087761,AREA,10.67,NEIGHBORHOOD,500 M TO 4KM,SLAMS,Al Dept Of Env Mgt,POPULATION EXPOSURE,Y,,3,
2023-07-15,010970003,1,1.2,Parts per billion,1,CHICKASAW,23,96,42401,Sulfur dioxide,100,INSTRUMENTAL - ULTRAVIOLET FLUORESCENCE,33660,"Mobile, AL",30.770181,-88.087761,AREA,10.67,NEIGHBORHOOD,500 M TO 4KM,SLAMS,Al Dept Of Env Mgt,POPULATION EXPOSURE,Y,,3,
2023-07-16,010970003,1,3.9,Parts per billion,4,CHICKASAW,23,96,42401,Sulfur dioxide,100,INSTRUMENTAL - ULTRAVIOLET FLUORESCENCE,33660,"Mobile, AL",30.770181,-88.087761,AREA,10.67,NEIGHBORHOOD,500 M TO 4KM,SLAMS,Al Dept Of Env Mgt,POPULATION EXPOSURE,Y,,3,
2023-07-17,010970003,1,1.5,Parts per billion,1,CHICKASAW,23,96,42401,Sulfur dioxide,100,INSTRUMENTAL - ULTRAVIOLET FLUORESCENCE,33660,"Mobile, AL",30.770181,-88.087761,AREA,10.67,NEIGHBORHOOD,500 M TO 4KM,SLAMS,Al Dept Of Env Mgt,POPULATION EXPOSURE,Y,,3,
2023-07-18,010970003,1,1.4,Parts per billion,1,CHICKASAW,24,100,42401,Sulfur dioxide,100,INSTRUMENTAL - ULTRAVIOLET FLUORESCENCE,33660,"Mobile, AL",30.770181,-88.087761,AREA,10.67,NEIGHBORHOOD,500 M TO 4KM,SLAMS,Al Dept Of Env Mgt,POPULATION EXPOSURE,Y,,3,
2023-07-19,010970003,1,1.6,Parts per billion,1,CHICKASAW,24,100,42401,Sulfur dioxide,100,INSTRUMENTAL - ULTRAVIOLET FLUORESCENCE,33660,"Mobile, AL",30.770181,-88.087761,AREA,10.67,NEIGHBORHOOD,500 M TO 4KM,SLAMS,Al Dept Of Env Mgt,POPULATION EXPOSURE,Y,,3,
2023-07-20,010970003,1,1.8,Parts per billion,1,CHICKASAW,24,100,42401,Sulfur dioxide,100,INSTRUMENTAL - ULTRAVIOLET FLUORESCENCE,33660,"Mobile, AL",30.770181,-88.087761,AREA,10.67,NEIGHBORHOOD,500 M TO 4KM,SLAMS,Al Dept Of Env Mgt,POPULATION EXPOSURE,Y,,3,
2023-07-21,010970003,1,1.4,Parts per billion,1,CHICKASAW,23,96,42401,Sulfur dioxide,100,INSTRUMENTAL - ULTRAVIOLET FLUORESCENCE,33660,"Mobile, AL",30.770181,-88.087761,AREA,10.67,NEIGHBORHOOD,500 M TO 4KM,SLAMS,Al Dept Of Env Mgt,POPULATION EXPOSURE,Y,,3,
2023-07-22,010970003,1,2.1,Parts per billion,3,CHICKASAW,23,96,42401,Sulfur dioxide,100,INSTRUMENTAL - ULTRAVIOLET FLUORESCENCE,33660,"Mobile, AL",30.770181,-88.087761,AREA,10.67,NEIGHBORHOOD,500 M TO 4KM,SLAMS,Al Dept Of Env Mgt,POPULATION EXPOSURE,Y,,3,
2023-07-23,010970003,1,2.2,Parts per billion,3,CHICKASAW,23,96,42401,Sulfur dioxide,100,INSTRUMENTAL - ULTRAVIOLET FLUORESCENCE,33660,"Mobile, AL",30.770181,-88.087761,AREA,10.67,NEIGHBORHOOD,500 M TO 4KM,SLAMS,Al Dept Of Env Mgt,POPULATION EXPOSURE,Y,,3,
2023-07-24,010970003,1,3.4,Parts per billion,4,CHICKASAW,23,96,42401,Sulfur dioxide,100,INSTRUMENTAL - ULTRAVIOLET FLUORESCENCE,33660,"Mobile, AL",30.770181,-88.087761,AREA,10.67,NEIGHBORHOOD,500 M TO 4KM,SLAMS,Al Dept Of Env Mgt,POPULATION EXPOSURE,Y,,3,
2023-07-25,010970003,1,13.5,Parts per billion,19,CHICKASAW,23,96,42401,Sulfur dioxide,100,INSTRUMENTAL - ULTRAVIOLET FLUORESCENCE,33660,"Mobile, AL",30.770181,-88.087761,AREA,10.67,NEIGHBORHOOD,500 M TO 4KM,SLAMS,Al Dept Of Env Mgt,POPULATION EXPOSURE,Y,,3,
2023-07-26,010970003,1,2.6,Parts per billion,3,CHICKASAW,23,96,42401,Sulfur dioxide,100,INSTRUMENTAL - ULTRAVIOLET FLUORESCENCE,33660,"Mobile, AL",30.770181,-88.087761,AREA,10.67,NEIGHBORHOOD,500 M TO 4KM,SLAMS,Al Dept Of Env Mgt,POPULATION EXPOSURE,Y,,3,
2023-07-27,010970003,1,4.8,Parts per billion,6,CHICKASAW,23,96,42401,Sulfur dioxide,100,INSTRUMENTAL - ULTRAVIOLET FLUORESCENCE,33660,"Mobile, AL",30.770181,-88.087761,AREA,10.67,NEIGHBORHOOD,500 M TO 4KM,SLAMS,Al Dept Of Env Mgt,POPULATION EXPOSURE,Y,,3,
2023-07-28,010970003,1,3.5,Parts per billion,4,CHICKASAW,23,96,42401,Sulfur dioxide,100,INSTRUMENTAL - ULTRAVIOLET FLUORESCENCE,33660,"Mobile, AL",30.770181,-88.087761,AREA,10.67,NEIGHBORHOOD,500 M TO 4KM,SLAMS,Al Dept Of Env Mgt,POPULATION EXPOSURE,Y,,3,
2023-07-29,010970003,1,2.5,Parts per billion,3,CHICKASAW,23,96,42401,Sulfur dioxide,100,INSTRUMENTAL - ULTRAVIOLET FLUORESCENCE,33660,"Mobile, AL",30.770181,-88.087761,AREA,10.67,NEIGHBORHOOD,500 M TO 4KM,SLAMS,Al Dept Of Env Mgt,POPULATION EXPOSURE,Y,,3,
2023-07-30,010970003,1,1.8,Parts per billion,1,CHICKASAW,23,96,42401,Sulfur dioxide,100,INSTRUMENTAL - ULTRAVIOLET FLUORESCENCE,33660,"Mobile, AL",30.770181,-88.087761,AREA,10.67,NEIGHBORHOOD,500 M TO 4KM,SLAMS,Al Dept Of Env Mgt,POPULATION EXPOSURE,Y,,3,
2023-07-31,010970003,1,2.9,Parts per billion,3,CHICKASAW,23,96,42401,Sulfur dioxide,100,INSTRUMENTAL - ULTRAVIOLET FLUORESCENCE,33660,"Mobile, AL",30.770181,-88.087761,AREA,10.67,NEIGHBORHOOD,500 M TO 4KM,SLAMS,Al Dept Of Env Mgt,POPULATION EXPOSURE,Y,,3,
2023-08-01,010970003,1,3.8,Parts per billion,4,CHICKASAW,23,96,42401,Sulfur dioxide,100,INSTRUMENTAL - ULTRAVIOLET FLUORESCENCE,33660,"Mobile, AL",30.770181,-88.087761,AREA,10.67,NEIGHBORHOOD,500 M TO 4KM,SLAMS,Al Dept Of Env Mgt,POPULATION EXPOSURE,Y,,3,
2023-08-02,010970003,1,4.1,Parts per billion,6,CHICKASAW,23,96,42401,Sulfur dioxide,100,INSTRUMENTAL - ULTRAVIOLET FLUORESCENCE,33660,"Mobile, AL",30.770181,-88.087761,AREA,10.67,NEIGHBORHOOD,500 M TO 4KM,SLAMS,Al Dept Of Env Mgt,POPULATION EXPOSURE,Y,,3,
2023-08-03,010970003,1,2.5,Parts per billion,3,CHICKASAW,23,96,42401,Sulfur dioxide,100,INSTRUMENTAL - ULTRAVIOLET FLUORESCENCE,33660,"Mobile, AL",30.770181,-88.087761,AREA,10.67,NEIGHBORHOOD,500 M TO 4KM,SLAMS,Al Dept Of Env Mgt,POPULATION EXPOSURE,Y,,3,
2023-08-04,010970003,1,2.1,Parts per billion,3,CHICKASAW,16,67,42401,Sulfur dioxide,100,INSTRUMENTAL - ULTRAVIOLET FLUORESCENCE,33660,"Mobile, AL",30.770181,-88.087761,AREA,10.67,NEIGHBORHOOD,500 M TO 4KM,SLAMS,Al Dept Of Env Mgt,POPULATION EXPOSURE,Y,,3,
2023-08-11,010970003,1,0.9,Parts per billion,0,CHICKASAW,24,100,42401,Sulfur dioxide,100,INSTRUMENTAL - ULTRAVIOLET FLUORESCENCE,33660,"Mobile, AL",30.770181,-88.087761,AREA,10.67,NEIGHBORHOOD,500 M TO 4KM,SLAMS,Al Dept Of Env Mgt,POPULATION EXPOSURE,Y,,3,
2023-08-10,010970003,1,0.9,Parts per billion,0,CHICKASAW,9,38,42401,Sulfur dioxide,100,INSTRUMENTAL - ULTRAVIOLET FLUORESCENCE,33660,"Mobile, AL",30.770181,-88.087761,AREA,10.67,NEIGHBORHOOD,500 M TO 4KM,SLAMS,Al Dept Of Env Mgt,POPULATION EXPOSURE,Y,,3,
2023-08-12,010970003,1,0.9,Parts per billion,0,CHICKASAW,23,96,42401,Sulfur dioxide,100,INSTRUMENTAL - ULTRAVIOLET FLUORESCENCE,33660,"Mobile, AL",30.770181,-88.087761,AREA,10.67,NEIGHBORHOOD,500 M TO 4KM,SLAMS,Al Dept Of Env Mgt,POPULATION EXPOSURE,Y,,3,
2023-08-13,010970003,1,1,Parts per billion,1,CHICKASAW,23,96,42401,Sulfur dioxide,100,INSTRUMENTAL - ULTRAVIOLET FLUORESCENCE,33660,"Mobile, AL",30.770181,-88.087761,AREA,10.67,NEIGHBORHOOD,500 M TO 4KM,SLAMS,Al Dept Of Env Mgt,POPULATION EXPOSURE,Y,,3,
2023-08-14,010970003,1,1.1,Parts per billion,1,CHICKASAW,23,96,42401,Sulfur dioxide,100,INSTRUMENTAL - ULTRAVIOLET FLUORESCENCE,33660,"Mobile, AL",30.770181,-88.087761,AREA,10.67,NEIGHBORHOOD,500 M TO 4KM,SLAMS,Al Dept Of Env Mgt,POPULATION EXPOSURE,Y,,3,
2023-08-15,010970003,1,1,Parts per billion,1,CHICKASAW,23,96,42401,Sulfur dioxide,100,INSTRUMENTAL - ULTRAVIOLET FLUORESCENCE,33660,"Mobile, AL",30.770181,-88.087761,AREA,10.67,NEIGHBORHOOD,500 M TO 4KM,SLAMS,Al Dept Of Env Mgt,POPULATION EXPOSURE,Y,,3,
2023-08-16,010970003,1,2.4,Parts per billion,3,CHICKASAW,23,96,42401,Sulfur dioxide,100,INSTRUMENTAL - ULTRAVIOLET FLUORESCENCE,33660,"Mobile, AL",30.770181,-88.087761,AREA,10.67,NEIGHBORHOOD,500 M TO 4KM,SLAMS,Al Dept Of Env Mgt,POPULATION EXPOSURE,Y,,3,
2023-08-17,010970003,1,2,Parts per billion,3,CHICKASAW,23,96,42401,Sulfur dioxide,100,INSTRUMENTAL - ULTRAVIOLET FLUORESCENCE,33660,"Mobile, AL",30.770181,-88.087761,AREA,10.67,NEIGHBORHOOD,500 M TO 4KM,SLAMS,Al Dept Of Env Mgt,POPULATION EXPOSURE,Y,,3,
2023-08-18,010970003,1,1.2,Parts per billion,1,CHICKASAW,23,96,42401,Sulfur dioxide,100,INSTRUMENTAL - ULTRAVIOLET FLUORESCENCE,33660,"Mobile, AL",30.770181,-88.087761,AREA,10.67,NEIGHBORHOOD,500 M TO 4KM,SLAMS,Al Dept Of Env Mgt,POPULATION EXPOSURE,Y,,3,
2023-08-19,010970003,1,1.3,Parts per billion,1,CHICKASAW,23,96,42401,Sulfur dioxide,100,INSTRUMENTAL - ULTRAVIOLET FLUORESCENCE,33660,"Mobile, AL",30.770181,-88.087761,AREA,10.67,NEIGHBORHOOD,500 M TO 4KM,SLAMS,Al Dept Of Env Mgt,POPULATION EXPOSURE,Y,,3,
2023-08-20,010970003,1,0.8,Parts per billion,0,CHICKASAW,23,96,42401,Sulfur dioxide,100,INSTRUMENTAL - ULTRAVIOLET FLUORESCENCE,33660,"Mobile, AL",30.770181,-88.087761,AREA,10.67,NEIGHBORHOOD,500 M TO 4KM,SLAMS,Al Dept Of Env Mgt,POPULATION EXPOSURE,Y,,3,
2023-08-21,010970003,1,0.8,Parts per billion,0,CHICKASAW,23,96,42401,Sulfur dioxide,100,INSTRUMENTAL - ULTRAVIOLET FLUORESCENCE,33660,"Mobile, AL",30.770181,-88.087761,AREA,10.67,NEIGHBORHOOD,500 M TO 4KM,SLAMS,Al Dept Of Env Mgt,POPULATION EXPOSURE,Y,,3,
2023-08-22,010970003,1,1.3,Parts per billion,1,CHICKASAW,23,96,42401,Sulfur dioxide,100,INSTRUMENTAL - ULTRAVIOLET FLUORESCENCE,33660,"Mobile, AL",30.770181,-88.087761,AREA,10.67,NEIGHBORHOOD,500 M TO 4KM,SLAMS,Al Dept Of Env Mgt,POPULATION EXPOSURE,Y,,3,
2023-08-23,010970003,1,2.7,Parts per billion,3,CHICKASAW,24,100,42401,Sulfur dioxide,100,INSTRUMENTAL - ULTRAVIOLET FLUORESCENCE,33660,"Mobile, AL",30.770181,-88.087761,AREA,10.67,NEIGHBORHOOD,500 M TO 4KM,SLAMS,Al Dept Of Env Mgt,POPULATION EXPOSURE,Y,,3,
2023-08-24,010970003,1,1.2,Parts per billion,1,CHICKASAW,24,100,42401,Sulfur dioxide,100,INSTRUMENTAL - ULTRAVIOLET FLUORESCENCE,33660,"Mobile, AL",30.770181,-88.087761,AREA,10.67,NEIGHBORHOOD,500 M TO 4KM,SLAMS,Al Dept Of Env Mgt,POPULATION EXPOSURE,Y,,3,
2023-08-25,010970003,1,1.8,Parts per billion,1,CHICKASAW,23,96,42401,Sulfur dioxide,100,INSTRUMENTAL - ULTRAVIOLET FLUORESCENCE,33660,"Mobile, AL",30.770181,-88.087761,AREA,10.67,NEIGHBORHOOD,500 M TO 4KM,SLAMS,Al Dept Of Env Mgt,POPULATION EXPOSURE,Y,,3,
2023-08-26,010970003,1,1.8,Parts per billion,1,CHICKASAW,24,100,42401,Sulfur dioxide,100,INSTRUMENTAL - ULTRAVIOLET FLUORESCENCE,33660,"Mobile, AL",30.770181,-88.087761,AREA,10.67,NEIGHBORHOOD,500 M TO 4KM,SLAMS,Al Dept Of Env Mgt,POPULATION EXPOSURE,Y,,3,
2023-08-27,010970003,1,8.8,Parts per billion,11,CHICKASAW,24,100,42401,Sulfur dioxide,100,INSTRUMENTAL - ULTRAVIOLET FLUORESCENCE,33660,"Mobile, AL",30.770181,-88.087761,AREA,10.67,NEIGHBORHOOD,500 M TO 4KM,SLAMS,Al Dept Of Env Mgt,POPULATION EXPOSURE,Y,,3,
2023-08-28,010970003,1,1.3,Parts per billion,1,CHICKASAW,22,92,42401,Sulfur dioxide,100,INSTRUMENTAL - ULTRAVIOLET FLUORESCENCE,33660,"Mobile, AL",30.770181,-88.087761,AREA,10.67,NEIGHBORHOOD,500 M TO 4KM,SLAMS,Al Dept Of Env Mgt,POPULATION EXPOSURE,Y,,3,
2023-08-29,010970003,1,1.8,Parts per billion,1,CHICKASAW,24,100,42401,Sulfur dioxide,100,INSTRUMENTAL - ULTRAVIOLET FLUORESCENCE,33660,"Mobile, AL",30.770181,-88.087761,AREA,10.67,NEIGHBORHOOD,500 M TO 4KM,SLAMS,Al Dept Of Env Mgt,POPULATION EXPOSURE,Y,,3,
2023-08-30,010970003,1,1.6,Parts per billion,1,CHICKASAW,24,100,42401,Sulfur dioxide,100,INSTRUMENTAL - ULTRAVIOLET FLUORESCENCE,33660,"Mobile, AL",30.770181,-88.087761,AREA,10.67,NEIGHBORHOOD,500 M TO 4KM,SLAMS,Al Dept Of Env Mgt,POPULATION EXPOSURE,Y,,3,
2023-08-31,010970003,1,6.1,Parts per billion,9,CHICKASAW,24,100,42401,Sulfur dioxide,100,INSTRUMENTAL - ULTRAVIOLET FLUORESCENCE,33660,"Mobile, AL",30.770181,-88.087761,AREA,10.67,NEIGHBORHOOD,500 M TO 4KM,SLAMS,Al Dept Of Env Mgt,POPULATION EXPOSURE,Y,,3,
2023-09-01,010970003,1,9.9,Parts per billion,13,CHICKASAW,24,100,42401,Sulfur dioxide,100,INSTRUMENTAL - ULTRAVIOLET FLUORESCENCE,33660,"Mobile, AL",30.770181,-88.087761,AREA,10.67,NEIGHBORHOOD,500 M TO 4KM,SLAMS,Al Dept Of Env Mgt,POPULATION EXPOSURE,Y,,3,
2023-09-02,010970003,1,0.9,Parts per billion,0,CHICKASAW,24,100,42401,Sulfur dioxide,100,INSTRUMENTAL - ULTRAVIOLET FLUORESCENCE,33660,"Mobile, AL",30.770181,-88.087761,AREA,10.67,NEIGHBORHOOD,500 M TO 4KM,SLAMS,Al Dept Of Env Mgt,POPULATION EXPOSURE,Y,,3,
2023-09-03,010970003,1,3.6,Parts per billion,4,CHICKASAW,23,96,42401,Sulfur dioxide,100,INSTRUMENTAL - ULTRAVIOLET FLUORESCENCE,33660,"Mobile, AL",30.770181,-88.087761,AREA,10.67,NEIGHBORHOOD,500 M TO 4KM,SLAMS,Al Dept Of Env Mgt,POPULATION EXPOSURE,Y,,3,
2023-09-04,010970003,1,1.2,Parts per billion,1,CHICKASAW,24,100,42401,Sulfur dioxide,100,INSTRUMENTAL - ULTRAVIOLET FLUORESCENCE,33660,"Mobile, AL",30.770181,-88.087761,AREA,10.67,NEIGHBORHOOD,500 M TO 4KM,SLAMS,Al Dept Of Env Mgt,POPULATION EXPOSURE,Y,,3,
2023-09-05,010970003,1,1.3,Parts per billion,1,CHICKASAW,24,100,42401,Sulfur dioxide,100,INSTRUMENTAL - ULTRAVIOLET FLUORESCENCE,33660,"Mobile, AL",30.770181,-88.087761,AREA,10.67,NEIGHBORHOOD,500 M TO 4KM,SLAMS,Al Dept Of Env Mgt,POPULATION EXPOSURE,Y,,3,
2023-09-06,010970003,1,1.7,Parts per billion,1,CHICKASAW,24,100,42401,Sulfur dioxide,100,INSTRUMENTAL - ULTRAVIOLET FLUORESCENCE,33660,"Mobile, AL",30.770181,-88.087761,AREA,10.67,NEIGHBORHOOD,500 M TO 4KM,SLAMS,Al Dept Of Env Mgt,POPULATION EXPOSURE,Y,,3,
2023-09-07,010970003,1,1.6,Parts per billion,1,CHICKASAW,21,88,42401,Sulfur dioxide,100,INSTRUMENTAL - ULTRAVIOLET FLUORESCENCE,33660,"Mobile, AL",30.770181,-88.087761,AREA,10.67,NEIGHBORHOOD,500 M TO 4KM,SLAMS,Al Dept Of Env Mgt,POPULATION EXPOSURE,Y,,3,
2023-09-08,010970003,1,3.5,Parts per billion,4,CHICKASAW,23,96,42401,Sulfur dioxide,100,INSTRUMENTAL - ULTRAVIOLET FLUORESCENCE,33660,"Mobile, AL",30.770181,-88.087761,AREA,10.67,NEIGHBORHOOD,500 M TO 4KM,SLAMS,Al Dept Of Env Mgt,POPULATION EXPOSURE,Y,,3,
2023-09-09,010970003,1,5.9,Parts per billion,7,CHICKASAW,23,96,42401,Sulfur dioxide,100,INSTRUMENTAL - ULTRAVIOLET FLUORESCENCE,33660,"Mobile, AL",30.770181,-88.087761,AREA,10.67,NEIGHBORHOOD,500 M TO 4KM,SLAMS,Al Dept Of Env Mgt,POPULATION EXPOSURE,Y,,3,
2023-09-10,010970003,1,3.3,Parts per billion,4,CHICKASAW,23,96,42401,Sulfur dioxide,100,INSTRUMENTAL - ULTRAVIOLET FLUORESCENCE,33660,"Mobile, AL",30.770181,-88.087761,AREA,10.67,NEIGHBORHOOD,500 M TO 4KM,SLAMS,Al Dept Of Env Mgt,POPULATION EXPOSURE,Y,,3,
2023-09-11,010970003,1,5.6,Parts per billion,7,CHICKASAW,23,96,42401,Sulfur dioxide,100,INSTRUMENTAL - ULTRAVIOLET FLUORESCENCE,33660,"Mobile, AL",30.770181,-88.087761,AREA,10.67,NEIGHBORHOOD,500 M TO 4KM,SLAMS,Al Dept Of Env Mgt,POPULATION EXPOSURE,Y,,3,
2023-09-12,010970003,1,1.3,Parts per billion,1,CHICKASAW,23,96,42401,Sulfur dioxide,100,INSTRUMENTAL - ULTRAVIOLET FLUORESCENCE,33660,"Mobile, AL",30.770181,-88.087761,AREA,10.67,NEIGHBORHOOD,500 M TO 4KM,SLAMS,Al Dept Of Env Mgt,POPULATION EXPOSURE,Y,,3,
2023-09-13,010970003,1,1.6,Parts per billion,1,CHICKASAW,23,96,42401,Sulfur dioxide,100,INSTRUMENTAL - ULTRAVIOLET FLUORESCENCE,33660,"Mobile, AL",30.770181,-88.087761,AREA,10.67,NEIGHBORHOOD,500 M TO 4KM,SLAMS,Al Dept Of Env Mgt,POPULATION EXPOSURE,Y,,3,
2023-09-14,010970003,1,3.8,Parts per billion,4,CHICKASAW,23,96,42401,Sulfur dioxide,100,INSTRUMENTAL - ULTRAVIOLET FLUORESCENCE,33660,"Mobile, AL",30.770181,-88.087761,AREA,10.67,NEIGHBORHOOD,500 M TO 4KM,SLAMS,Al Dept Of Env Mgt,POPULATION EXPOSURE,Y,,3,
2023-09-15,010970003,1,5.3,Parts per billion,7,CHICKASAW,23,96,42401,Sulfur dioxide,100,INSTRUMENTAL - ULTRAVIOLET FLUORESCENCE,33660,"Mobile, AL",30.770181,-88.087761,AREA,10.67,NEIGHBORHOOD,500 M TO 4KM,SLAMS,Al Dept Of Env Mgt,POPULATION EXPOSURE,Y,,3,
2023-09-16,010970003,1,1.2,Parts per billion,1,CHICKASAW,23,96,42401,Sulfur dioxide,100,INSTRUMENTAL - ULTRAVIOLET FLUORESCENCE,33660,"Mobile, AL",30.770181,-88.087761,AREA,10.67,NEIGHBORHOOD,500 M TO 4KM,SLAMS,Al Dept Of Env Mgt,POPULATION EXPOSURE,Y,,3,
2023-09-17,010970003,1,1.2,Parts per billion,1,CHICKASAW,23,96,42401,Sulfur dioxide,100,INSTRUMENTAL - ULTRAVIOLET FLUORESCENCE,33660,"Mobile, AL",30.770181,-88.087761,AREA,10.67,NEIGHBORHOOD,500 M TO 4KM,SLAMS,Al Dept Of Env Mgt,POPULATION EXPOSURE,Y,,3,
2023-09-18,010970003,1,1.7,Parts per billion,1,CHICKASAW,23,96,42401,Sulfur dioxide,100,INSTRUMENTAL - ULTRAVIOLET FLUORESCENCE,33660,"Mobile, AL",30.770181,-88.087761,AREA,10.67,NEIGHBORHOOD,500 M TO 4KM,SLAMS,Al Dept Of Env Mgt,POPULATION EXPOSURE,Y,,3,
2023-09-19,010970003,1,1.4,Parts per billion,1,CHICKASAW,23,96,42401,Sulfur dioxide,100,INSTRUMENTAL - ULTRAVIOLET FLUORESCENCE,33660,"Mobile, AL",30.770181,-88.087761,AREA,10.67,NEIGHBORHOOD,500 M TO 4KM,SLAMS,Al Dept Of Env Mgt,POPULATION EXPOSURE,Y,,3,
2023-09-20,010970003,1,1.4,Parts per billion,1,CHICKASAW,23,96,42401,Sulfur dioxide,100,INSTRUMENTAL - ULTRAVIOLET FLUORESCENCE,33660,"Mobile, AL",30.770181,-88.087761,AREA,10.67,NEIGHBORHOOD,500 M TO 4KM,SLAMS,Al Dept Of Env Mgt,POPULATION EXPOSURE,Y,,3,
2023-09-21,010970003,1,1.5,Parts per billion,1,CHICKASAW,23,96,42401,Sulfur dioxide,100,INSTRUMENTAL - ULTRAVIOLET FLUORESCENCE,33660,"Mobile, AL",30.770181,-88.087761,AREA,10.67,NEIGHBORHOOD,500 M TO 4KM,SLAMS,Al Dept Of Env Mgt,POPULATION EXPOSURE,Y,,3,
2023-09-22,010970003,1,2.7,Parts per billion,3,CHICKASAW,23,96,42401,Sulfur dioxide,100,INSTRUMENTAL - ULTRAVIOLET FLUORESCENCE,33660,"Mobile, AL",30.770181,-88.087761,AREA,10.67,NEIGHBORHOOD,500 M TO 4KM,SLAMS,Al Dept Of Env Mgt,POPULATION EXPOSURE,Y,,3,
2023-09-23,010970003,1,9,Parts per billion,13,CHICKASAW,23,96,42401,Sulfur dioxide,100,INSTRUMENTAL - ULTRAVIOLET FLUORESCENCE,33660,"Mobile, AL",30.770181,-88.087761,AREA,10.67,NEIGHBORHOOD,500 M TO 4KM,SLAMS,Al Dept Of Env Mgt,POPULATION EXPOSURE,Y,,3,
2023-09-24,010970003,1,1.4,Parts per billion,1,CHICKASAW,23,96,42401,Sulfur dioxide,100,INSTRUMENTAL - ULTRAVIOLET FLUORESCENCE,33660,"Mobile, AL",30.770181,-88.087761,AREA,10.67,NEIGHBORHOOD,500 M TO 4KM,SLAMS,Al Dept Of Env Mgt,POPULATION EXPOSURE,Y,,3,
2023-09-25,010970003,1,3,Parts per billion,4,CHICKASAW,23,96,42401,Sulfur dioxide,100,INSTRUMENTAL - ULTRAVIOLET FLUORESCENCE,33660,"Mobile, AL",30.770181,-88.087761,AREA,10.67,NEIGHBORHOOD,500 M TO 4KM,SLAMS,Al Dept Of Env Mgt,POPULATION EXPOSURE,Y,,3,
2023-09-26,010970003,1,2.2,Parts per billion,3,CHICKASAW,23,96,42401,Sulfur dioxide,100,INSTRUMENTAL - ULTRAVIOLET FLUORESCENCE,33660,"Mobile, AL",30.770181,-88.087761,AREA,10.67,NEIGHBORHOOD,500 M TO 4KM,SLAMS,Al Dept Of Env Mgt,POPULATION EXPOSURE,Y,,3,
2023-09-27,010970003,1,1.4,Parts per billion,1,CHICKASAW,23,96,42401,Sulfur dioxide,100,INSTRUMENTAL - ULTRAVIOLET FLUORESCENCE,33660,"Mobile, AL",30.770181,-88.087761,AREA,10.67,NEIGHBORHOOD,500 M TO 4KM,SLAMS,Al Dept Of Env Mgt,POPULATION EXPOSURE,Y,,3,
2023-09-28,010970003,1,1.4,Parts per billion,1,CHICKASAW,23,96,42401,Sulfur dioxide,100,INSTRUMENTAL - ULTRAVIOLET FLUORESCENCE,33660,"Mobile, AL",30.770181,-88.087761,AREA,10.67,NEIGHBORHOOD,500 M TO 4KM,SLAMS,Al Dept Of Env Mgt,POPULATION EXPOSURE,Y,,3,
2023-09-29,010970003,1,2.3,Parts per billion,3,CHICKASAW,23,96,42401,Sulfur dioxide,100,INSTRUMENTAL - ULTRAVIOLET FLUORESCENCE,33660,"Mobile, AL",30.770181,-88.087761,AREA,10.67,NEIGHBORHOOD,500 M TO 4KM,SLAMS,Al Dept Of Env Mgt,POPULATION EXPOSURE,Y,,3,
2023-09-30,010970003,1,2.1,Parts per billion,3,CHICKASAW,23,96,42401,Sulfur dioxide,100,INSTRUMENTAL - ULTRAVIOLET FLUORESCENCE,33660,"Mobile, AL",30.770181,-88.087761,AREA,10.67,NEIGHBORHOOD,500 M TO 4KM,SLAMS,Al Dept Of Env Mgt,POPULATION EXPOSURE,Y,,3,
2023-10-01,010970003,1,2.2,Parts per billion,3,CHICKASAW,23,96,42401,Sulfur dioxide,100,INSTRUMENTAL - ULTRAVIOLET FLUORESCENCE,33660,"Mobile, AL",30.770181,-88.087761,AREA,10.67,NEIGHBORHOOD,500 M TO 4KM,SLAMS,Al Dept Of Env Mgt,POPULATION EXPOSURE,Y,,3,
2023-10-02,010970003,1,1.5,Parts per billion,1,CHICKASAW,23,96,42401,Sulfur dioxide,100,INSTRUMENTAL - ULTRAVIOLET FLUORESCENCE,33660,"Mobile, AL",30.770181,-88.087761,AREA,10.67,NEIGHBORHOOD,500 M TO 4KM,SLAMS,Al Dept Of Env Mgt,POPULATION EXPOSURE,Y,,3,
2023-10-03,010970003,1,1.2,Parts per billion,1,CHICKASAW,23,96,42401,Sulfur dioxide,100,INSTRUMENTAL - ULTRAVIOLET FLUORESCENCE,33660,"Mobile, AL",30.770181,-88.087761,AREA,10.67,NEIGHBORHOOD,500 M TO 4KM,SLAMS,Al Dept Of Env Mgt,POPULATION EXPOSURE,Y,,3,
2023-10-04,010970003,1,1.3,Parts per billion,1,CHICKASAW,23,96,42401,Sulfur dioxide,100,INSTRUMENTAL - ULTRAVIOLET FLUORESCENCE,33660,"Mobile, AL",30.770181,-88.087761,AREA,10.67,NEIGHBORHOOD,500 M TO 4KM,SLAMS,Al Dept Of Env Mgt,POPULATION EXPOSURE,Y,,3,
2023-10-05,010970003,1,1.3,Parts per billion,1,CHICKASAW,23,96,42401,Sulfur dioxide,100,INSTRUMENTAL - ULTRAVIOLET FLUORESCENCE,33660,"Mobile, AL",30.770181,-88.087761,AREA,10.67,NEIGHBORHOOD,500 M TO 4KM,SLAMS,Al Dept Of Env Mgt,POPULATION EXPOSURE,Y,,3,
2023-10-06,010970003,1,1.6,Parts per billion,1,CHICKASAW,23,96,42401,Sulfur dioxide,100,INSTRUMENTAL - ULTRAVIOLET FLUORESCENCE,33660,"Mobile, AL",30.770181,-88.087761,AREA,10.67,NEIGHBORHOOD,500 M TO 4KM,SLAMS,Al Dept Of Env Mgt,POPULATION EXPOSURE,Y,,3,
2023-10-07,010970003,1,1.4,Parts per billion,1,CHICKASAW,23,96,42401,Sulfur dioxide,100,INSTRUMENTAL - ULTRAVIOLET FLUORESCENCE,33660,"Mobile, AL",30.770181,-88.087761,AREA,10.67,NEIGHBORHOOD,500 M TO 4KM,SLAMS,Al Dept Of Env Mgt,POPULATION EXPOSURE,Y,,3,
2023-10-08,010970003,1,4.5,Parts per billion,6,CHICKASAW,23,96,42401,Sulfur dioxide,100,INSTRUMENTAL - ULTRAVIOLET FLUORESCENCE,33660,"Mobile, AL",30.770181,-88.087761,AREA,10.67,NEIGHBORHOOD,500 M TO 4KM,SLAMS,Al Dept Of Env Mgt,POPULATION EXPOSURE,Y,,3,
2023-10-09,010970003,1,2.4,Parts per billion,3,CHICKASAW,23,96,42401,Sulfur dioxide,100,INSTRUMENTAL - ULTRAVIOLET FLUORESCENCE,33660,"Mobile, AL",30.770181,-88.087761,AREA,10.67,NEIGHBORHOOD,500 M TO 4KM,SLAMS,Al Dept Of Env Mgt,POPULATION EXPOSURE,Y,,3,
2023-10-10,010970003,1,2.3,Parts per billion,3,CHICKASAW,23,96,42401,Sulfur dioxide,100,INSTRUMENTAL - ULTRAVIOLET FLUORESCENCE,33660,"Mobile, AL",30.770181,-88.087761,AREA,10.67,NEIGHBORHOOD,500 M TO 4KM,SLAMS,Al Dept Of Env Mgt,POPULATION EXPOSURE,Y,,3,
2023-10-11,010970003,1,1.2,Parts per billion,1,CHICKASAW,23,96,42401,Sulfur dioxide,100,INSTRUMENTAL - ULTRAVIOLET FLUORESCENCE,33660,"Mobile, AL",30.770181,-88.087761,AREA,10.67,NEIGHBORHOOD,500 M TO 4KM,SLAMS,Al Dept Of Env Mgt,POPULATION EXPOSURE,Y,,3,
2023-10-12,010970003,1,4.7,Parts per billion,6,CHICKASAW,24,100,42401,Sulfur dioxide,100,INSTRUMENTAL - ULTRAVIOLET FLUORESCENCE,33660,"Mobile, AL",30.770181,-88.087761,AREA,10.67,NEIGHBORHOOD,500 M TO 4KM,SLAMS,Al Dept Of Env Mgt,POPULATION EXPOSURE,Y,,3,
2023-10-13,010970003,1,2.5,Parts per billion,3,CHICKASAW,23,96,42401,Sulfur dioxide,100,INSTRUMENTAL - ULTRAVIOLET FLUORESCENCE,33660,"Mobile, AL",30.770181,-88.087761,AREA,10.67,NEIGHBORHOOD,500 M TO 4KM,SLAMS,Al Dept Of Env Mgt,POPULATION EXPOSURE,Y,,3,
2023-10-14,010970003,1,1.4,Parts per billion,1,CHICKASAW,23,96,42401,Sulfur dioxide,100,INSTRUMENTAL - ULTRAVIOLET FLUORESCENCE,33660,"Mobile, AL",30.770181,-88.087761,AREA,10.67,NEIGHBORHOOD,500 M TO 4KM,SLAMS,Al Dept Of Env Mgt,POPULATION EXPOSURE,Y,,3,
2023-10-15,010970003,1,1.2,Parts per billion,1,CHICKASAW,23,96,42401,Sulfur dioxide,100,INSTRUMENTAL - ULTRAVIOLET FLUORESCENCE,33660,"Mobile, AL",30.770181,-88.087761,AREA,10.67,NEIGHBORHOOD,500 M TO 4KM,SLAMS,Al Dept Of Env Mgt,POPULATION EXPOSURE,Y,,3,
2023-10-16,010970003,1,1.2,Parts per billion,1,CHICKASAW,23,96,42401,Sulfur dioxide,100,INSTRUMENTAL - ULTRAVIOLET FLUORESCENCE,33660,"Mobile, AL",30.770181,-88.087761,AREA,10.67,NEIGHBORHOOD,500 M TO 4KM,SLAMS,Al Dept Of Env Mgt,POPULATION EXPOSURE,Y,,3,
2023-10-17,010970003,1,5.9,Parts per billion,7,CHICKASAW,23,96,42401,Sulfur dioxide,100,INSTRUMENTAL - ULTRAVIOLET FLUORESCENCE,33660,"Mobile, AL",30.770181,-88.087761,AREA,10.67,NEIGHBORHOOD,500 M TO 4KM,SLAMS,Al Dept Of Env Mgt,POPULATION EXPOSURE,Y,,3,
2023-10-18,010970003,1,2.5,Parts per billion,3,CHICKASAW,23,96,42401,Sulfur dioxide,100,INSTRUMENTAL - ULTRAVIOLET FLUORESCENCE,33660,"Mobile, AL",30.770181,-88.087761,AREA,10.67,NEIGHBORHOOD,500 M TO 4KM,SLAMS,Al Dept Of Env Mgt,POPULATION EXPOSURE,Y,,3,
2023-10-19,010970003,1,1.6,Parts per billion,1,CHICKASAW,22,92,42401,Sulfur dioxide,100,INSTRUMENTAL - ULTRAVIOLET FLUORESCENCE,33660,"Mobile, AL",30.770181,-88.087761,AREA,10.67,NEIGHBORHOOD,500 M TO 4KM,SLAMS,Al Dept Of Env Mgt,POPULATION EXPOSURE,Y,,3,
2023-10-20,010970003,1,1.5,Parts per billion,1,CHICKASAW,23,96,42401,Sulfur dioxide,100,INSTRUMENTAL - ULTRAVIOLET FLUORESCENCE,33660,"Mobile, AL",30.770181,-88.087761,AREA,10.67,NEIGHBORHOOD,500 M TO 4KM,SLAMS,Al Dept Of Env Mgt,POPULATION EXPOSURE,Y,,3,
2023-10-21,010970003,1,3.1,Parts per billion,4,CHICKASAW,22,92,42401,Sulfur dioxide,100,INSTRUMENTAL - ULTRAVIOLET FLUORESCENCE,33660,"Mobile, AL",30.770181,-88.087761,AREA,10.67,NEIGHBORHOOD,500 M TO 4KM,SLAMS,Al Dept Of Env Mgt,POPULATION EXPOSURE,Y,,3,
2023-10-22,010970003,1,2.2,Parts per billion,3,CHICKASAW,23,96,42401,Sulfur dioxide,100,INSTRUMENTAL - ULTRAVIOLET FLUORESCENCE,33660,"Mobile, AL",30.770181,-88.087761,AREA,10.67,NEIGHBORHOOD,500 M TO 4KM,SLAMS,Al Dept Of Env Mgt,POPULATION EXPOSURE,Y,,3,
2023-10-23,010970003,1,3,Parts per billion,4,CHICKASAW,23,96,42401,Sulfur dioxide,100,INSTRUMENTAL - ULTRAVIOLET FLUORESCENCE,33660,"Mobile, AL",30.770181,-88.087761,AREA,10.67,NEIGHBORHOOD,500 M TO 4KM,SLAMS,Al Dept Of Env Mgt,POPULATION EXPOSURE,Y,,3,
2023-10-24,010970003,1,1.3,Parts per billion,1,CHICKASAW,23,96,42401,Sulfur dioxide,100,INSTRUMENTAL - ULTRAVIOLET FLUORESCENCE,33660,"Mobile, AL",30.770181,-88.087761,AREA,10.67,NEIGHBORHOOD,500 M TO 4KM,SLAMS,Al Dept Of Env Mgt,POPULATION EXPOSURE,Y,,3,
2023-10-25,010970003,1,1.5,Parts per billion,1,CHICKASAW,23,96,42401,Sulfur dioxide,100,INSTRUMENTAL - ULTRAVIOLET FLUORESCENCE,33660,"Mobile, AL",30.770181,-88.087761,AREA,10.67,NEIGHBORHOOD,500 M TO 4KM,SLAMS,Al Dept Of Env Mgt,POPULATION EXPOSURE,Y,,3,
2023-10-26,010970003,1,1.3,Parts per billion,1,CHICKASAW,23,96,42401,Sulfur dioxide,100,INSTRUMENTAL - ULTRAVIOLET FLUORESCENCE,33660,"Mobile, AL",30.770181,-88.087761,AREA,10.67,NEIGHBORHOOD,500 M TO 4KM,SLAMS,Al Dept Of Env Mgt,POPULATION EXPOSURE,Y,,3,
2023-10-27,010970003,1,1.5,Parts per billion,1,CHICKASAW,23,96,42401,Sulfur dioxide,100,INSTRUMENTAL - ULTRAVIOLET FLUORESCENCE,33660,"Mobile, AL",30.770181,-88.087761,AREA,10.67,NEIGHBORHOOD,500 M TO 4KM,SLAMS,Al Dept Of Env Mgt,POPULATION EXPOSURE,Y,,3,
2023-10-28,010970003,1,1.6,Parts per billion,1,CHICKASAW,23,96,42401,Sulfur dioxide,100,INSTRUMENTAL - ULTRAVIOLET FLUORESCENCE,33660,"Mobile, AL",30.770181,-88.087761,AREA,10.67,NEIGHBORHOOD,500 M TO 4KM,SLAMS,Al Dept Of Env Mgt,POPULATION EXPOSURE,Y,,3,
2023-10-29,010970003,1,1.8,Parts per billion,1,CHICKASAW,23,96,42401,Sulfur dioxide,100,INSTRUMENTAL - ULTRAVIOLET FLUORESCENCE,33660,"Mobile, AL",30.770181,-88.087761,AREA,10.67,NEIGHBORHOOD,500 M TO 4KM,SLAMS,Al Dept Of Env Mgt,POPULATION EXPOSURE,Y,,3,
2023-10-30,010970003,1,1.9,Parts per billion,1,CHICKASAW,23,96,42401,Sulfur dioxide,100,INSTRUMENTAL - ULTRAVIOLET FLUORESCENCE,33660,"Mobile, AL",30.770181,-88.087761,AREA,10.67,NEIGHBORHOOD,500 M TO 4KM,SLAMS,Al Dept Of Env Mgt,POPULATION EXPOSURE,Y,,3,
2023-10-31,010970003,1,1.2,Parts per billion,1,CHICKASAW,23,96,42401,Sulfur dioxide,100,INSTRUMENTAL - ULTRAVIOLET FLUORESCENCE,33660,"Mobile, AL",30.770181,-88.087761,AREA,10.67,NEIGHBORHOOD,500 M TO 4KM,SLAMS,Al Dept Of Env Mgt,POPULATION EXPOSURE,Y,,3,
2023-11-01,010970003,1,15.7,Parts per billion,21,CHICKASAW,23,96,42401,Sulfur dioxide,100,INSTRUMENTAL - ULTRAVIOLET FLUORESCENCE,33660,"Mobile, AL",30.770181,-88.087761,AREA,10.67,NEIGHBORHOOD,500 M TO 4KM,SLAMS,Al Dept Of Env Mgt,POPULATION EXPOSURE,Y,,3,
2023-11-02,010970003,1,6.2,Parts per billion,9,CHICKASAW,22,92,42401,Sulfur dioxide,100,INSTRUMENTAL - ULTRAVIOLET FLUORESCENCE,33660,"Mobile, AL",30.770181,-88.087761,AREA,10.67,NEIGHBORHOOD,500 M TO 4KM,SLAMS,Al Dept Of Env Mgt,POPULATION EXPOSURE,Y,,3,
2023-11-03,010970003,1,5.2,Parts per billion,7,CHICKASAW,23,96,42401,Sulfur dioxide,100,INSTRUMENTAL - ULTRAVIOLET FLUORESCENCE,33660,"Mobile, AL",30.770181,-88.087761,AREA,10.67,NEIGHBORHOOD,500 M TO 4KM,SLAMS,Al Dept Of Env Mgt,POPULATION EXPOSURE,Y,,3,
2023-11-04,010970003,1,9.4,Parts per billion,13,CHICKASAW,23,96,42401,Sulfur dioxide,100,INSTRUMENTAL - ULTRAVIOLET FLUORESCENCE,33660,"Mobile, AL",30.770181,-88.087761,AREA,10.67,NEIGHBORHOOD,500 M TO 4KM,SLAMS,Al Dept Of Env Mgt,POPULATION EXPOSURE,Y,,3,
2023-11-05,010970003,1,3.6,Parts per billion,4,CHICKASAW,23,96,42401,Sulfur dioxide,100,INSTRUMENTAL - ULTRAVIOLET FLUORESCENCE,33660,"Mobile, AL",30.770181,-88.087761,AREA,10.67,NEIGHBORHOOD,500 M TO 4KM,SLAMS,Al Dept Of Env Mgt,POPULATION EXPOSURE,Y,,3,
2023-11-06,010970003,1,2,Parts per billion,3,CHICKASAW,23,96,42401,Sulfur dioxide,100,INSTRUMENTAL - ULTRAVIOLET FLUORESCENCE,33660,"Mobile, AL",30.770181,-88.087761,AREA,10.67,NEIGHBORHOOD,500 M TO 4KM,SLAMS,Al Dept Of Env Mgt,POPULATION EXPOSURE,Y,,3,
2023-11-07,010970003,1,2,Parts per billion,3,CHICKASAW,20,83,42401,Sulfur dioxide,100,INSTRUMENTAL - ULTRAVIOLET FLUORESCENCE,33660,"Mobile, AL",30.770181,-88.087761,AREA,10.67,NEIGHBORHOOD,500 M TO 4KM,SLAMS,Al Dept Of Env Mgt,POPULATION EXPOSURE,Y,,3,
2023-11-08,010970003,1,2.1,Parts per billion,3,CHICKASAW,23,96,42401,Sulfur dioxide,100,INSTRUMENTAL - ULTRAVIOLET FLUORESCENCE,33660,"Mobile, AL",30.770181,-88.087761,AREA,10.67,NEIGHBORHOOD,500 M TO 4KM,SLAMS,Al Dept Of Env Mgt,POPULATION EXPOSURE,Y,,3,
2023-11-09,010970003,1,1.7,Parts per billion,1,CHICKASAW,23,96,42401,Sulfur dioxide,100,INSTRUMENTAL - ULTRAVIOLET FLUORESCENCE,33660,"Mobile, AL",30.770181,-88.087761,AREA,10.67,NEIGHBORHOOD,500 M TO 4KM,SLAMS,Al Dept Of Env Mgt,POPULATION EXPOSURE,Y,,3,
2023-11-10,010970003,1,3,Parts per billion,4,CHICKASAW,23,96,42401,Sulfur dioxide,100,INSTRUMENTAL - ULTRAVIOLET FLUORESCENCE,33660,"Mobile, AL",30.770181,-88.087761,AREA,10.67,NEIGHBORHOOD,500 M TO 4KM,SLAMS,Al Dept Of Env Mgt,POPULATION EXPOSURE,Y,,3,
2023-11-11,010970003,1,5.6,Parts per billion,7,CHICKASAW,23,96,42401,Sulfur dioxide,100,INSTRUMENTAL - ULTRAVIOLET FLUORESCENCE,33660,"Mobile, AL",30.770181,-88.087761,AREA,10.67,NEIGHBORHOOD,500 M TO 4KM,SLAMS,Al Dept Of Env Mgt,POPULATION EXPOSURE,Y,,3,
2023-11-12,010970003,1,9.6,Parts per billion,13,CHICKASAW,23,96,42401,Sulfur dioxide,100,INSTRUMENTAL - ULTRAVIOLET FLUORESCENCE,33660,"Mobile, AL",30.770181,-88.087761,AREA,10.67,NEIGHBORHOOD,500 M TO 4KM,SLAMS,Al Dept Of Env Mgt,POPULATION EXPOSURE,Y,,3,
2023-11-13,010970003,1,6,Parts per billion,9,CHICKASAW,23,96,42401,Sulfur dioxide,100,INSTRUMENTAL - ULTRAVIOLET FLUORESCENCE,33660,"Mobile, AL",30.770181,-88.087761,AREA,10.67,NEIGHBORHOOD,500 M TO 4KM,SLAMS,Al Dept Of Env Mgt,POPULATION EXPOSURE,Y,,3,
2023-11-14,010970003,1,2.1,Parts per billion,3,CHICKASAW,23,96,42401,Sulfur dioxide,100,INSTRUMENTAL - ULTRAVIOLET FLUORESCENCE,33660,"Mobile, AL",30.770181,-88.087761,AREA,10.67,NEIGHBORHOOD,500 M TO 4KM,SLAMS,Al Dept Of Env Mgt,POPULATION EXPOSURE,Y,,3,
2023-11-15,010970003,1,1.2,Parts per billion,1,CHICKASAW,23,96,42401,Sulfur dioxide,100,INSTRUMENTAL - ULTRAVIOLET FLUORESCENCE,33660,"Mobile, AL",30.770181,-88.087761,AREA,10.67,NEIGHBORHOOD,500 M TO 4KM,SLAMS,Al Dept Of Env Mgt,POPULATION EXPOSURE,Y,,3,
2023-11-16,010970003,1,1.4,Parts per billion,1,CHICKASAW,22,92,42401,Sulfur dioxide,100,INSTRUMENTAL - ULTRAVIOLET FLUORESCENCE,33660,"Mobile, AL",30.770181,-88.087761,AREA,10.67,NEIGHBORHOOD,500 M TO 4KM,SLAMS,Al Dept Of Env Mgt,POPULATION EXPOSURE,Y,,3,
2023-11-17,010970003,1,2.3,Parts per billion,3,CHICKASAW,23,96,42401,Sulfur dioxide,100,INSTRUMENTAL - ULTRAVIOLET FLUORESCENCE,33660,"Mobile, AL",30.770181,-88.087761,AREA,10.67,NEIGHBORHOOD,500 M TO 4KM,SLAMS,Al Dept Of Env Mgt,POPULATION EXPOSURE,Y,,3,
2023-11-18,010970003,1,1.3,Parts per billion,1,CHICKASAW,23,96,42401,Sulfur dioxide,100,INSTRUMENTAL - ULTRAVIOLET FLUORESCENCE,33660,"Mobile, AL",30.770181,-88.087761,AREA,10.67,NEIGHBORHOOD,500 M TO 4KM,SLAMS,Al Dept Of Env Mgt,POPULATION EXPOSURE,Y,,3,
2023-11-19,010970003,1,25.1,Parts per billion,36,CHICKASAW,23,96,42401,Sulfur dioxide,100,INSTRUMENTAL - ULTRAVIOLET FLUORESCENCE,33660,"Mobile, AL",30.770181,-88.087761,AREA,10.67,NEIGHBORHOOD,500 M TO 4KM,SLAMS,Al Dept Of Env Mgt,POPULATION EXPOSURE,Y,,3,
2023-11-20,010970003,1,1.8,Parts per billion,1,CHICKASAW,23,96,42401,Sulfur dioxide,100,INSTRUMENTAL - ULTRAVIOLET FLUORESCENCE,33660,"Mobile, AL",30.770181,-88.087761,AREA,10.67,NEIGHBORHOOD,500 M TO 4KM,SLAMS,Al Dept Of Env Mgt,POPULATION EXPOSURE,Y,,3,
2023-11-21,010970003,1,1.3,Parts per billion,1,CHICKASAW,23,96,42401,Sulfur dioxide,100,INSTRUMENTAL - ULTRAVIOLET FLUORESCENCE,33660,"Mobile, AL",30.770181,-88.087761,AREA,10.67,NEIGHBORHOOD,500 M TO 4KM,SLAMS,Al Dept Of Env Mgt,POPULATION EXPOSURE,Y,,3,
2023-11-22,010970003,1,1.3,Parts per billion,1,CHICKASAW,23,96,42401,Sulfur dioxide,100,INSTRUMENTAL - ULTRAVIOLET FLUORESCENCE,33660,"Mobile, AL",30.770181,-88.087761,AREA,10.67,NEIGHBORHOOD,500 M TO 4KM,SLAMS,Al Dept Of Env Mgt,POPULATION EXPOSURE,Y,,3,
2023-11-23,010970003,1,10.9,Parts per billion,14,CHICKASAW,23,96,42401,Sulfur dioxide,100,INSTRUMENTAL - ULTRAVIOLET FLUORESCENCE,33660,"Mobile, AL",30.770181,-88.087761,AREA,10.67,NEIGHBORHOOD,500 M TO 4KM,SLAMS,Al Dept Of Env Mgt,POPULATION EXPOSURE,Y,,3,
2023-11-24,010970003,1,2.6,Parts per billion,3,CHICKASAW,23,96,42401,Sulfur dioxide,100,INSTRUMENTAL - ULTRAVIOLET FLUORESCENCE,33660,"Mobile, AL",30.770181,-88.087761,AREA,10.67,NEIGHBORHOOD,500 M TO 4KM,SLAMS,Al Dept Of Env Mgt,POPULATION EXPOSURE,Y,,3,
2023-11-25,010970003,1,1.9,Parts per billion,1,CHICKASAW,23,96,42401,Sulfur dioxide,100,INSTRUMENTAL - ULTRAVIOLET FLUORESCENCE,33660,"Mobile, AL",30.770181,-88.087761,AREA,10.67,NEIGHBORHOOD,500 M TO 4KM,SLAMS,Al Dept Of Env Mgt,POPULATION EXPOSURE,Y,,3,
2023-11-26,010970003,1,1.4,Parts per billion,1,CHICKASAW,23,96,42401,Sulfur dioxide,100,INSTRUMENTAL - ULTRAVIOLET FLUORESCENCE,33660,"Mobile, AL",30.770181,-88.087761,AREA,10.67,NEIGHBORHOOD,500 M TO 4KM,SLAMS,Al Dept Of Env Mgt,POPULATION EXPOSURE,Y,,3,
2023-11-27,010970003,1,1.9,Parts per billion,1,CHICKASAW,23,96,42401,Sulfur dioxide,100,INSTRUMENTAL - ULTRAVIOLET FLUORESCENCE,33660,"Mobile, AL",30.770181,-88.087761,AREA,10.67,NEIGHBORHOOD,500 M TO 4KM,SLAMS,Al Dept Of Env Mgt,POPULATION EXPOSURE,Y,,3,
2023-11-28,010970003,1,0.8,Parts per billion,0,CHICKASAW,22,92,42401,Sulfur dioxide,100,INSTRUMENTAL - ULTRAVIOLET FLUORESCENCE,33660,"Mobile, AL",30.770181,-88.087761,AREA,10.67,NEIGHBORHOOD,500 M TO 4KM,SLAMS,Al Dept Of Env Mgt,POPULATION EXPOSURE,Y,,3,
2023-11-29,010970003,1,1.1,Parts per billion,1,CHICKASAW,22,92,42401,Sulfur dioxide,100,INSTRUMENTAL - ULTRAVIOLET FLUORESCENCE,33660,"Mobile, AL",30.770181,-88.087761,AREA,10.67,NEIGHBORHOOD,500 M TO 4KM,SLAMS,Al Dept Of Env Mgt,POPULATION EXPOSURE,Y,,3,
2023-11-30,010970003,1,1.3,Parts per billion,1,CHICKASAW,8,33,42401,Sulfur dioxide,100,INSTRUMENTAL - ULTRAVIOLET FLUORESCENCE,33660,"Mobile, AL",30.770181,-88.087761,AREA,10.67,NEIGHBORHOOD,500 M TO 4KM,SLAMS,Al Dept Of Env Mgt,POPULATION EXPOSURE,Y,,3,
2023-12-11,010970003,1,5,Parts per billion,7,CHICKASAW,10,42,42401,Sulfur dioxide,100,INSTRUMENTAL - ULTRAVIOLET FLUORESCENCE,33660,"Mobile, AL",30.770181,-88.087761,AREA,10.67,NEIGHBORHOOD,500 M TO 4KM,SLAMS,Al Dept Of Env Mgt,POPULATION EXPOSURE,Y,,3,
2023-12-12,010970003,1,2.5,Parts per billion,3,CHICKASAW,21,88,42401,Sulfur dioxide,100,INSTRUMENTAL - ULTRAVIOLET FLUORESCENCE,33660,"Mobile, AL",30.770181,-88.087761,AREA,10.67,NEIGHBORHOOD,500 M TO 4KM,SLAMS,Al Dept Of Env Mgt,POPULATION EXPOSURE,Y,,3,
2023-12-13,010970003,1,1.8,Parts per billion,1,CHICKASAW,23,96,42401,Sulfur dioxide,100,INSTRUMENTAL - ULTRAVIOLET FLUORESCENCE,33660,"Mobile, AL",30.770181,-88.087761,AREA,10.67,NEIGHBORHOOD,500 M TO 4KM,SLAMS,Al Dept Of Env Mgt,POPULATION EXPOSURE,Y,,3,
2023-12-14,010970003,1,3.3,Parts per billion,4,CHICKASAW,23,96,42401,Sulfur dioxide,100,INSTRUMENTAL - ULTRAVIOLET FLUORESCENCE,33660,"Mobile, AL",30.770181,-88.087761,AREA,10.67,NEIGHBORHOOD,500 M TO 4KM,SLAMS,Al Dept Of Env Mgt,POPULATION EXPOSURE,Y,,3,
2023-12-15,010970003,1,0.5,Parts per billion,0,CHICKASAW,23,96,42401,Sulfur dioxide,100,INSTRUMENTAL - ULTRAVIOLET FLUORESCENCE,33660,"Mobile, AL",30.770181,-88.087761,AREA,10.67,NEIGHBORHOOD,500 M TO 4KM,SLAMS,Al Dept Of Env Mgt,POPULATION EXPOSURE,Y,,3,
2023-12-16,010970003,1,1.1,Parts per billion,1,CHICKASAW,23,96,42401,Sulfur dioxide,100,INSTRUMENTAL - ULTRAVIOLET FLUORESCENCE,33660,"Mobile, AL",30.770181,-88.087761,AREA,10.67,NEIGHBORHOOD,500 M TO 4KM,SLAMS,Al Dept Of Env Mgt,POPULATION EXPOSURE,Y,,3,
2023-12-17,010970003,1,0.1,Parts per billion,0,CHICKASAW,23,96,42401,Sulfur dioxide,100,INSTRUMENTAL - ULTRAVIOLET FLUORESCENCE,33660,"Mobile, AL",30.770181,-88.087761,AREA,10.67,NEIGHBORHOOD,500 M TO 4KM,SLAMS,Al Dept Of Env Mgt,POPULATION EXPOSURE,Y,,3,
2023-12-18,010970003,1,0.3,Parts per billion,0,CHICKASAW,23,96,42401,Sulfur dioxide,100,INSTRUMENTAL - ULTRAVIOLET FLUORESCENCE,33660,"Mobile, AL",30.770181,-88.087761,AREA,10.67,NEIGHBORHOOD,500 M TO 4KM,SLAMS,Al Dept Of Env Mgt,POPULATION EXPOSURE,Y,,3,
2023-12-19,010970003,1,6.1,Parts per billion,9,CHICKASAW,23,96,42401,Sulfur dioxide,100,INSTRUMENTAL - ULTRAVIOLET FLUORESCENCE,33660,"Mobile, AL",30.770181,-88.087761,AREA,10.67,NEIGHBORHOOD,500 M TO 4KM,SLAMS,Al Dept Of Env Mgt,POPULATION EXPOSURE,Y,,3,
2023-12-20,010970003,1,0.6,Parts per billion,0,CHICKASAW,23,96,42401,Sulfur dioxide,100,INSTRUMENTAL - ULTRAVIOLET FLUORESCENCE,33660,"Mobile, AL",30.770181,-88.087761,AREA,10.67,NEIGHBORHOOD,500 M TO 4KM,SLAMS,Al Dept Of Env Mgt,POPULATION EXPOSURE,Y,,3,
2023-12-21,010970003,1,0.8,Parts per billion,0,CHICKASAW,23,96,42401,Sulfur dioxide,100,INSTRUMENTAL - ULTRAVIOLET FLUORESCENCE,33660,"Mobile, AL",30.770181,-88.087761,AREA,10.67,NEIGHBORHOOD,500 M TO 4KM,SLAMS,Al Dept Of Env Mgt,POPULATION EXPOSURE,Y,,3,
2023-12-22,010970003,1,0.1,Parts per billion,0,CHICKASAW,23,96,42401,Sulfur dioxide,100,INSTRUMENTAL - ULTRAVIOLET FLUORESCENCE,33660,"Mobile, AL",30.770181,-88.087761,AREA,10.67,NEIGHBORHOOD,500 M TO 4KM,SLAMS,Al Dept Of Env Mgt,POPULATION EXPOSURE,Y,,3,
2023-12-23,010970003,1,0.4,Parts per billion,0,CHICKASAW,23,96,42401,Sulfur dioxide,100,INSTRUMENTAL - ULTRAVIOLET FLUORESCENCE,33660,"Mobile, AL",30.770181,-88.087761,AREA,10.67,NEIGHBORHOOD,500 M TO 4KM,SLAMS,Al Dept Of Env Mgt,POPULATION EXPOSURE,Y,,3,
2023-12-24,010970003,1,0,Parts per billion,0,CHICKASAW,23,96,42401,Sulfur dioxide,100,INSTRUMENTAL - ULTRAVIOLET FLUORESCENCE,33660,"Mobile, AL",30.770181,-88.087761,AREA,10.67,NEIGHBORHOOD,500 M TO 4KM,SLAMS,Al Dept Of Env Mgt,POPULATION EXPOSURE,Y,,3,
2023-12-25,010970003,1,0,Parts per billion,0,CHICKASAW,23,96,42401,Sulfur dioxide,100,INSTRUMENTAL - ULTRAVIOLET FLUORESCENCE,33660,"Mobile, AL",30.770181,-88.087761,AREA,10.67,NEIGHBORHOOD,500 M TO 4KM,SLAMS,Al Dept Of Env Mgt,POPULATION EXPOSURE,Y,,3,
2023-12-26,010970003,1,0.1,Parts per billion,0,CHICKASAW,23,96,42401,Sulfur dioxide,100,INSTRUMENTAL - ULTRAVIOLET FLUORESCENCE,33660,"Mobile, AL",30.770181,-88.087761,AREA,10.67,NEIGHBORHOOD,500 M TO 4KM,SLAMS,Al Dept Of Env Mgt,POPULATION EXPOSURE,Y,,3,
2023-12-27,010970003,1,1.2,Parts per billion,1,CHICKASAW,23,96,42401,Sulfur dioxide,100,INSTRUMENTAL - ULTRAVIOLET FLUORESCENCE,33660,"Mobile, AL",30.770181,-88.087761,AREA,10.67,NEIGHBORHOOD,500 M TO 4KM,SLAMS,Al Dept Of Env Mgt,POPULATION EXPOSURE,Y,,3,
2023-12-28,010970003,1,0.1,Parts per billion,0,CHICKASAW,23,96,42401,Sulfur dioxide,100,INSTRUMENTAL - ULTRAVIOLET FLUORESCENCE,33660,"Mobile, AL",30.770181,-88.087761,AREA,10.67,NEIGHBORHOOD,500 M TO 4KM,SLAMS,Al Dept Of Env Mgt,POPULATION EXPOSURE,Y,,3,
2023-12-29,010970003,1,0,Parts per billion,0,CHICKASAW,23,96,42401,Sulfur dioxide,100,INSTRUMENTAL - ULTRAVIOLET FLUORESCENCE,33660,"Mobile, AL",30.770181,-88.087761,AREA,10.67,NEIGHBORHOOD,500 M TO 4KM,SLAMS,Al Dept Of Env Mgt,POPULATION EXPOSURE,Y,,3,
2023-12-30,010970003,1,0.1,Parts per billion,0,CHICKASAW,23,96,42401,Sulfur dioxide,100,INSTRUMENTAL - ULTRAVIOLET FLUORESCENCE,33660,"Mobile, AL",30.770181,-88.087761,AREA,10.67,NEIGHBORHOOD,500 M TO 4KM,SLAMS,Al Dept Of Env Mgt,POPULATION EXPOSURE,Y,,3,
2023-12-31,010970003,1,2.2,Parts per billion,3,CHICKASAW,23,96,42401,Sulfur dioxide,100,INSTRUMENTAL - ULTRAVIOLET FLUORESCENCE,33660,"Mobile, AL",30.770181,-88.087761,AREA,10.67,NEIGHBORHOOD,500 M TO 4KM,SLAMS,Al Dept Of Env Mgt,POPULATION EXPOSURE,Y,,3,
2022-01-01,011179001,1,0.1,Parts per billion,0,"Lhoist, Montevallo Plant",22,92,42401,Sulfur dioxide,100,INSTRUMENTAL - ULTRAVIOLET FLUORESCENCE,13820,"Birmingham-Hoover, AL",33.0928,-86.8072,POINT,1,MIDDLE SCALE,100 M TO 500 M,,Al Dept Of Env Mgt,HIGHEST CONCENTRATION,,,2,
2022-01-02,011179001,1,0.1,Parts per billion,0,"Lhoist, Montevallo Plant",22,92,42401,Sulfur dioxide,100,INSTRUMENTAL - ULTRAVIOLET FLUORESCENCE,13820,"Birmingham-Hoover, AL",33.0928,-86.8072,POINT,1,MIDDLE SCALE,100 M TO 500 M,,Al Dept Of Env Mgt,HIGHEST CONCENTRATION,,,2,
2022-01-03,011179001,1,0.1,Parts per billion,0,"Lhoist, Montevallo Plant",22,92,42401,Sulfur dioxide,100,INSTRUMENTAL - ULTRAVIOLET FLUORESCENCE,13820,"Birmingham-Hoover, AL",33.0928,-86.8072,POINT,1,MIDDLE SCALE,100 M TO 500 M,,Al Dept Of Env Mgt,HIGHEST CONCENTRATION,,,2,
2022-01-04,011179001,1,0.7,Parts per billion,0,"Lhoist, Montevallo Plant",22,92,42401,Sulfur dioxide,100,INSTRUMENTAL - ULTRAVIOLET FLUORESCENCE,13820,"Birmingham-Hoover, AL",33.0928,-86.8072,POINT,1,MIDDLE SCALE,100 M TO 500 M,,Al Dept Of Env Mgt,HIGHEST CONCENTRATION,,,2,
2022-01-05,011179001,1,0.6,Parts per billion,0,"Lhoist, Montevallo Plant",21,88,42401,Sulfur dioxide,100,INSTRUMENTAL - ULTRAVIOLET FLUORESCENCE,13820,"Birmingham-Hoover, AL",33.0928,-86.8072,POINT,1,MIDDLE SCALE,100 M TO 500 M,,Al Dept Of Env Mgt,HIGHEST CONCENTRATION,,,2,
2022-01-06,011179001,1,1.3,Parts per billion,1,"Lhoist, Montevallo Plant",22,92,42401,Sulfur dioxide,100,INSTRUMENTAL - ULTRAVIOLET FLUORESCENCE,13820,"Birmingham-Hoover, AL",33.0928,-86.8072,POINT,1,MIDDLE SCALE,100 M TO 500 M,,Al Dept Of Env Mgt,HIGHEST CONCENTRATION,,,2,
2022-01-07,011179001,1,0.4,Parts per billion,0,"Lhoist, Montevallo Plant",22,92,42401,Sulfur dioxide,100,INSTRUMENTAL - ULTRAVIOLET FLUORESCENCE,13820,"Birmingham-Hoover, AL",33.0928,-86.8072,POINT,1,MIDDLE SCALE,100 M TO 500 M,,Al Dept Of Env Mgt,HIGHEST CONCENTRATION,,,2,
2022-01-08,011179001,1,14.7,Parts per billion,20,"Lhoist, Montevallo Plant",22,92,42401,Sulfur dioxide,100,INSTRUMENTAL - ULTRAVIOLET FLUORESCENCE,13820,"Birmingham-Hoover, AL",33.0928,-86.8072,POINT,1,MIDDLE SCALE,100 M TO 500 M,,Al Dept Of Env Mgt,HIGHEST CONCENTRATION,,,2,
2022-01-09,011179001,1,0.3,Parts per billion,0,"Lhoist, Montevallo Plant",22,92,42401,Sulfur dioxide,100,INSTRUMENTAL - ULTRAVIOLET FLUORESCENCE,13820,"Birmingham-Hoover, AL",33.0928,-86.8072,POINT,1,MIDDLE SCALE,100 M TO 500 M,,Al Dept Of Env Mgt,HIGHEST CONCENTRATION,,,2,
2022-01-10,011179001,1,3.5,Parts per billion,4,"Lhoist, Montevallo Plant",22,92,42401,Sulfur dioxide,100,INSTRUMENTAL - ULTRAVIOLET FLUORESCENCE,13820,"Birmingham-Hoover, AL",33.0928,-86.8072,POINT,1,MIDDLE SCALE,100 M TO 500 M,,Al Dept Of Env Mgt,HIGHEST CONCENTRATION,,,2,
2022-01-11,011179001,1,1.7,Parts per billion,1,"Lhoist, Montevallo Plant",20,83,42401,Sulfur dioxide,100,INSTRUMENTAL - ULTRAVIOLET FLUORESCENCE,13820,"Birmingham-Hoover, AL",33.0928,-86.8072,POINT,1,MIDDLE SCALE,100 M TO 500 M,,Al Dept Of Env Mgt,HIGHEST CONCENTRATION,,,2,
2022-01-12,011179001,1,1.3,Parts per billion,1,"Lhoist, Montevallo Plant",22,92,42401,Sulfur dioxide,100,INSTRUMENTAL - ULTRAVIOLET FLUORESCENCE,13820,"Birmingham-Hoover, AL",33.0928,-86.8072,POINT,1,MIDDLE SCALE,100 M TO 500 M,,Al Dept Of Env Mgt,HIGHEST CONCENTRATION,,,2,
2022-01-13,011179001,1,1,Parts per billion,1,"Lhoist, Montevallo Plant",22,92,42401,Sulfur dioxide,100,INSTRUMENTAL - ULTRAVIOLET FLUORESCENCE,13820,"Birmingham-Hoover, AL",33.0928,-86.8072,POINT,1,MIDDLE SCALE,100 M TO 500 M,,Al Dept Of Env Mgt,HIGHEST CONCENTRATION,,,2,
2022-01-14,011179001,1,1.8,Parts per billion,1,"Lhoist, Montevallo Plant",22,92,42401,Sulfur dioxide,100,INSTRUMENTAL - ULTRAVIOLET FLUORESCENCE,13820,"Birmingham-Hoover, AL",33.0928,-86.8072,POINT,1,MIDDLE SCALE,100 M TO 500 M,,Al Dept Of Env Mgt,HIGHEST CONCENTRATION,,,2,
2022-01-15,011179001,1,1.7,Parts per billion,1,"Lhoist, Montevallo Plant",22,92,42401,Sulfur dioxide,100,INSTRUMENTAL - ULTRAVIOLET FLUORESCENCE,13820,"Birmingham-Hoover, AL",33.0928,-86.8072,POINT,1,MIDDLE SCALE,100 M TO 500 M,,Al Dept Of Env Mgt,HIGHEST CONCENTRATION,,,2,
2022-01-16,011179001,1,0.8,Parts per billion,0,"Lhoist, Montevallo Plant",22,92,42401,Sulfur dioxide,100,INSTRUMENTAL - ULTRAVIOLET FLUORESCENCE,13820,"Birmingham-Hoover, AL",33.0928,-86.8072,POINT,1,MIDDLE SCALE,100 M TO 500 M,,Al Dept Of Env Mgt,HIGHEST CONCENTRATION,,,2,
2022-01-17,011179001,1,0.4,Parts per billion,0,"Lhoist, Montevallo Plant",21,88,42401,Sulfur dioxide,100,INSTRUMENTAL - ULTRAVIOLET FLUORESCENCE,13820,"Birmingham-Hoover, AL",33.0928,-86.8072,POINT,1,MIDDLE SCALE,100 M TO 500 M,,Al Dept Of Env Mgt,HIGHEST CONCENTRATION,,,2,
2022-01-18,011179001,1,1.3,Parts per billion,1,"Lhoist, Montevallo Plant",22,92,42401,Sulfur dioxide,100,INSTRUMENTAL - ULTRAVIOLET FLUORESCENCE,13820,"Birmingham-Hoover, AL",33.0928,-86.8072,POINT,1,MIDDLE SCALE,100 M TO 500 M,,Al Dept Of Env Mgt,HIGHEST CONCENTRATION,,,2,
2022-01-20,011179001,1,0.1,Parts per billion,0,"Lhoist, Montevallo Plant",22,92,42401,Sulfur dioxide,100,INSTRUMENTAL - ULTRAVIOLET FLUORESCENCE,13820,"Birmingham-Hoover, AL",33.0928,-86.8072,POINT,1,MIDDLE SCALE,100 M TO 500 M,,Al Dept Of Env Mgt,HIGHEST CONCENTRATION,,,2,
2022-01-19,011179001,1,0.2,Parts per billion,0,"Lhoist, Montevallo Plant",22,92,42401,Sulfur dioxide,100,INSTRUMENTAL - ULTRAVIOLET FLUORESCENCE,13820,"Birmingham-Hoover, AL",33.0928,-86.8072,POINT,1,MIDDLE SCALE,100 M TO 500 M,,Al Dept Of Env Mgt,HIGHEST CONCENTRATION,,,2,
2022-01-21,011179001,1,0.2,Parts per billion,0,"Lhoist, Montevallo Plant",22,92,42401,Sulfur dioxide,100,INSTRUMENTAL - ULTRAVIOLET FLUORESCENCE,13820,"Birmingham-Hoover, AL",33.0928,-86.8072,POINT,1,MIDDLE SCALE,100 M TO 500 M,,Al Dept Of Env Mgt,HIGHEST CONCENTRATION,,,2,
2022-01-22,011179001,1,1.5,Parts per billion,1,"Lhoist, Montevallo Plant",22,92,42401,Sulfur dioxide,100,INSTRUMENTAL - ULTRAVIOLET FLUORESCENCE,13820,"Birmingham-Hoover, AL",33.0928,-86.8072,POINT,1,MIDDLE SCALE,100 M TO 500 M,,Al Dept Of Env Mgt,HIGHEST CONCENTRATION,,,2,
2022-01-23,011179001,1,0.5,Parts per billion,0,"Lhoist, Montevallo Plant",22,92,42401,Sulfur dioxide,100,INSTRUMENTAL - ULTRAVIOLET FLUORESCENCE,13820,"Birmingham-Hoover, AL",33.0928,-86.8072,POINT,1,MIDDLE SCALE,100 M TO 500 M,,Al Dept Of Env Mgt,HIGHEST CONCENTRATION,,,2,
2022-01-24,011179001,1,1.6,Parts per billion,1,"Lhoist, Montevallo Plant",22,92,42401,Sulfur dioxide,100,INSTRUMENTAL - ULTRAVIOLET FLUORESCENCE,13820,"Birmingham-Hoover, AL",33.0928,-86.8072,POINT,1,MIDDLE SCALE,100 M TO 500 M,,Al Dept Of Env Mgt,HIGHEST CONCENTRATION,,,2,
2022-01-25,011179001,1,8.2,Parts per billion,11,"Lhoist, Montevallo Plant",21,88,42401,Sulfur dioxide,100,INSTRUMENTAL - ULTRAVIOLET FLUORESCENCE,13820,"Birmingham-Hoover, AL",33.0928,-86.8072,POINT,1,MIDDLE SCALE,100 M TO 500 M,,Al Dept Of Env Mgt,HIGHEST CONCENTRATION,,,2,
2022-01-26,011179001,1,2.7,Parts per billion,3,"Lhoist, Montevallo Plant",22,92,42401,Sulfur dioxide,100,INSTRUMENTAL - ULTRAVIOLET FLUORESCENCE,13820,"Birmingham-Hoover, AL",33.0928,-86.8072,POINT,1,MIDDLE SCALE,100 M TO 500 M,,Al Dept Of Env Mgt,HIGHEST CONCENTRATION,,,2,
2022-01-28,011179001,1,0.5,Parts per billion,0,"Lhoist, Montevallo Plant",22,92,42401,Sulfur dioxide,100,INSTRUMENTAL - ULTRAVIOLET FLUORESCENCE,13820,"Birmingham-Hoover, AL",33.0928,-86.8072,POINT,1,MIDDLE SCALE,100 M TO 500 M,,Al Dept Of Env Mgt,HIGHEST CONCENTRATION,,,2,
2022-01-27,011179001,1,22.2,Parts per billion,31,"Lhoist, Montevallo Plant",22,92,42401,Sulfur dioxide,100,INSTRUMENTAL - ULTRAVIOLET FLUORESCENCE,13820,"Birmingham-Hoover, AL",33.0928,-86.8072,POINT,1,MIDDLE SCALE,100 M TO 500 M,,Al Dept Of Env Mgt,HIGHEST CONCENTRATION,,,2,
2022-01-29,011179001,1,0.3,Parts per billion,0,"Lhoist, Montevallo Plant",22,92,42401,Sulfur dioxide,100,INSTRUMENTAL - ULTRAVIOLET FLUORESCENCE,13820,"Birmingham-Hoover, AL",33.0928,-86.8072,POINT,1,MIDDLE SCALE,100 M TO 500 M,,Al Dept Of Env Mgt,HIGHEST CONCENTRATION,,,2,
2022-01-30,011179001,1,0.8,Parts per billion,0,"Lhoist, Montevallo Plant",22,92,42401,Sulfur dioxide,100,INSTRUMENTAL - ULTRAVIOLET FLUORESCENCE,13820,"Birmingham-Hoover, AL",33.0928,-86.8072,POINT,1,MIDDLE SCALE,100 M TO 500 M,,Al Dept Of Env Mgt,HIGHEST CONCENTRATION,,,2,
2022-01-31,011179001,1,9.9,Parts per billion,13,"Lhoist, Montevallo Plant",22,92,42401,Sulfur dioxide,100,INSTRUMENTAL - ULTRAVIOLET FLUORESCENCE,13820,"Birmingham-Hoover, AL",33.0928,-86.8072,POINT,1,MIDDLE SCALE,100 M TO 500 M,,Al Dept Of Env Mgt,HIGHEST CONCENTRATION,,,2,
2022-02-01,011179001,1,18.1,Parts per billion,26,"Lhoist, Montevallo Plant",21,88,42401,Sulfur dioxide,100,INSTRUMENTAL - ULTRAVIOLET FLUORESCENCE,13820,"Birmingham-Hoover, AL",33.0928,-86.8072,POINT,1,MIDDLE SCALE,100 M TO 500 M,,Al Dept Of Env Mgt,HIGHEST CONCENTRATION,,,2,
2022-02-02,011179001,1,16.1,Parts per billion,23,"Lhoist, Montevallo Plant",22,92,42401,Sulfur dioxide,100,INSTRUMENTAL - ULTRAVIOLET FLUORESCENCE,13820,"Birmingham-Hoover, AL",33.0928,-86.8072,POINT,1,MIDDLE SCALE,100 M TO 500 M,,Al Dept Of Env Mgt,HIGHEST CONCENTRATION,,,2,
2022-02-03,011179001,1,0.2,Parts per billion,0,"Lhoist, Montevallo Plant",22,92,42401,Sulfur dioxide,100,INSTRUMENTAL - ULTRAVIOLET FLUORESCENCE,13820,"Birmingham-Hoover, AL",33.0928,-86.8072,POINT,1,MIDDLE SCALE,100 M TO 500 M,,Al Dept Of Env Mgt,HIGHEST CONCENTRATION,,,2,
2022-02-04,011179001,1,0.2,Parts per billion,0,"Lhoist, Montevallo Plant",22,92,42401,Sulfur dioxide,100,INSTRUMENTAL - ULTRAVIOLET FLUORESCENCE,13820,"Birmingham-Hoover, AL",33.0928,-86.8072,POINT,1,MIDDLE SCALE,100 M TO 500 M,,Al Dept Of Env Mgt,HIGHEST CONCENTRATION,,,2,
2022-02-05,011179001,1,1,Parts per billion,1,"Lhoist, Montevallo Plant",22,92,42401,Sulfur dioxide,100,INSTRUMENTAL - ULTRAVIOLET FLUORESCENCE,13820,"Birmingham-Hoover, AL",33.0928,-86.8072,POINT,1,MIDDLE SCALE,100 M TO 500 M,,Al Dept Of Env Mgt,HIGHEST CONCENTRATION,,,2,
2022-02-06,011179001,1,16.7,Parts per billion,23,"Lhoist, Montevallo Plant",22,92,42401,Sulfur dioxide,100,INSTRUMENTAL - ULTRAVIOLET FLUORESCENCE,13820,"Birmingham-Hoover, AL",33.0928,-86.8072,POINT,1,MIDDLE SCALE,100 M TO 500 M,,Al Dept Of Env Mgt,HIGHEST CONCENTRATION,,,2,
2022-02-07,011179001,1,1.1,Parts per billion,1,"Lhoist, Montevallo Plant",21,88,42401,Sulfur dioxide,100,INSTRUMENTAL - ULTRAVIOLET FLUORESCENCE,13820,"Birmingham-Hoover, AL",33.0928,-86.8072,POINT,1,MIDDLE SCALE,100 M TO 500 M,,Al Dept Of Env Mgt,HIGHEST CONCENTRATION,,,2,
2022-02-08,011179001,1,3,Parts per billion,4,"Lhoist, Montevallo Plant",22,92,42401,Sulfur dioxide,100,INSTRUMENTAL - ULTRAVIOLET FLUORESCENCE,13820,"Birmingham-Hoover, AL",33.0928,-86.8072,POINT,1,MIDDLE SCALE,100 M TO 500 M,,Al Dept Of Env Mgt,HIGHEST CONCENTRATION,,,2,
2022-02-09,011179001,1,1.4,Parts per billion,1,"Lhoist, Montevallo Plant",22,92,42401,Sulfur dioxide,100,INSTRUMENTAL - ULTRAVIOLET FLUORESCENCE,13820,"Birmingham-Hoover, AL",33.0928,-86.8072,POINT,1,MIDDLE SCALE,100 M TO 500 M,,Al Dept Of Env Mgt,HIGHEST CONCENTRATION,,,2,
2022-02-10,011179001,1,1.3,Parts per billion,1,"Lhoist, Montevallo Plant",22,92,42401,Sulfur dioxide,100,INSTRUMENTAL - ULTRAVIOLET FLUORESCENCE,13820,"Birmingham-Hoover, AL",33.0928,-86.8072,POINT,1,MIDDLE SCALE,100 M TO 500 M,,Al Dept Of Env Mgt,HIGHEST CONCENTRATION,,,2,
2022-02-11,011179001,1,1.9,Parts per billion,1,"Lhoist, Montevallo Plant",22,92,42401,Sulfur dioxide,100,INSTRUMENTAL - ULTRAVIOLET FLUORESCENCE,13820,"Birmingham-Hoover, AL",33.0928,-86.8072,POINT,1,MIDDLE SCALE,100 M TO 500 M,,Al Dept Of Env Mgt,HIGHEST CONCENTRATION,,,2,
2022-02-12,011179001,1,2.6,Parts per billion,3,"Lhoist, Montevallo Plant",22,92,42401,Sulfur dioxide,100,INSTRUMENTAL - ULTRAVIOLET FLUORESCENCE,13820,"Birmingham-Hoover, AL",33.0928,-86.8072,POINT,1,MIDDLE SCALE,100 M TO 500 M,,Al Dept Of Env Mgt,HIGHEST CONCENTRATION,,,2,
2022-02-13,011179001,1,0.2,Parts per billion,0,"Lhoist, Montevallo Plant",22,92,42401,Sulfur dioxide,100,INSTRUMENTAL - ULTRAVIOLET FLUORESCENCE,13820,"Birmingham-Hoover, AL",33.0928,-86.8072,POINT,1,MIDDLE SCALE,100 M TO 500 M,,Al Dept Of Env Mgt,HIGHEST CONCENTRATION,,,2,
2022-02-14,011179001,1,1.2,Parts per billion,1,"Lhoist, Montevallo Plant",22,92,42401,Sulfur dioxide,100,INSTRUMENTAL - ULTRAVIOLET FLUORESCENCE,13820,"Birmingham-Hoover, AL",33.0928,-86.8072,POINT,1,MIDDLE SCALE,100 M TO 500 M,,Al Dept Of Env Mgt,HIGHEST CONCENTRATION,,,2,
2022-02-15,011179001,1,1.3,Parts per billion,1,"Lhoist, Montevallo Plant",21,88,42401,Sulfur dioxide,100,INSTRUMENTAL - ULTRAVIOLET FLUORESCENCE,13820,"Birmingham-Hoover, AL",33.0928,-86.8072,POINT,1,MIDDLE SCALE,100 M TO 500 M,,Al Dept Of Env Mgt,HIGHEST CONCENTRATION,,,2,
2022-02-16,011179001,1,0.2,Parts per billion,0,"Lhoist, Montevallo Plant",22,92,42401,Sulfur dioxide,100,INSTRUMENTAL - ULTRAVIOLET FLUORESCENCE,13820,"Birmingham-Hoover, AL",33.0928,-86.8072,POINT,1,MIDDLE SCALE,100 M TO 500 M,,Al Dept Of Env Mgt,HIGHEST CONCENTRATION,,,2,
2022-02-17,011179001,1,0.2,Parts per billion,0,"Lhoist, Montevallo Plant",22,92,42401,Sulfur dioxide,100,INSTRUMENTAL - ULTRAVIOLET FLUORESCENCE,13820,"Birmingham-Hoover, AL",33.0928,-86.8072,POINT,1,MIDDLE SCALE,100 M TO 500 M,,Al Dept Of Env Mgt,HIGHEST CONCENTRATION,,,2,
2022-02-18,011179001,1,0.4,Parts per billion,0,"Lhoist, Montevallo Plant",22,92,42401,Sulfur dioxide,100,INSTRUMENTAL - ULTRAVIOLET FLUORESCENCE,13820,"Birmingham-Hoover, AL",33.0928,-86.8072,POINT,1,MIDDLE SCALE,100 M TO 500 M,,Al Dept Of Env Mgt,HIGHEST CONCENTRATION,,,2,
2022-02-19,011179001,1,1.4,Parts per billion,1,"Lhoist, Montevallo Plant",22,92,42401,Sulfur dioxide,100,INSTRUMENTAL - ULTRAVIOLET FLUORESCENCE,13820,"Birmingham-Hoover, AL",33.0928,-86.8072,POINT,1,MIDDLE SCALE,100 M TO 500 M,,Al Dept Of Env Mgt,HIGHEST CONCENTRATION,,,2,
2022-02-20,011179001,1,14.8,Parts per billion,20,"Lhoist, Montevallo Plant",22,92,42401,Sulfur dioxide,100,INSTRUMENTAL - ULTRAVIOLET FLUORESCENCE,13820,"Birmingham-Hoover, AL",33.0928,-86.8072,POINT,1,MIDDLE SCALE,100 M TO 500 M,,Al Dept Of Env Mgt,HIGHEST CONCENTRATION,,,2,
2022-02-21,011179001,1,0.8,Parts per billion,0,"Lhoist, Montevallo Plant",21,88,42401,Sulfur dioxide,100,INSTRUMENTAL - ULTRAVIOLET FLUORESCENCE,13820,"Birmingham-Hoover, AL",33.0928,-86.8072,POINT,1,MIDDLE SCALE,100 M TO 500 M,,Al Dept Of Env Mgt,HIGHEST CONCENTRATION,,,2,
2022-02-22,011179001,1,0.3,Parts per billion,0,"Lhoist, Montevallo Plant",22,92,42401,Sulfur dioxide,100,INSTRUMENTAL - ULTRAVIOLET FLUORESCENCE,13820,"Birmingham-Hoover, AL",33.0928,-86.8072,POINT,1,MIDDLE SCALE,100 M TO 500 M,,Al Dept Of Env Mgt,HIGHEST CONCENTRATION,,,2,
2022-02-23,011179001,1,0.6,Parts per billion,0,"Lhoist, Montevallo Plant",22,92,42401,Sulfur dioxide,100,INSTRUMENTAL - ULTRAVIOLET FLUORESCENCE,13820,"Birmingham-Hoover, AL",33.0928,-86.8072,POINT,1,MIDDLE SCALE,100 M TO 500 M,,Al Dept Of Env Mgt,HIGHEST CONCENTRATION,,,2,
2022-02-25,011179001,1,0.3,Parts per billion,0,"Lhoist, Montevallo Plant",22,92,42401,Sulfur dioxide,100,INSTRUMENTAL - ULTRAVIOLET FLUORESCENCE,13820,"Birmingham-Hoover, AL",33.0928,-86.8072,POINT,1,MIDDLE SCALE,100 M TO 500 M,,Al Dept Of Env Mgt,HIGHEST CONCENTRATION,,,2,
2022-02-24,011179001,1,0.3,Parts per billion,0,"Lhoist, Montevallo Plant",22,92,42401,Sulfur dioxide,100,INSTRUMENTAL - ULTRAVIOLET FLUORESCENCE,13820,"Birmingham-Hoover, AL",33.0928,-86.8072,POINT,1,MIDDLE SCALE,100 M TO 500 M,,Al Dept Of Env Mgt,HIGHEST CONCENTRATION,,,2,
2022-02-26,011179001,1,0.8,Parts per billion,0,"Lhoist, Montevallo Plant",22,92,42401,Sulfur dioxide,100,INSTRUMENTAL - ULTRAVIOLET FLUORESCENCE,13820,"Birmingham-Hoover, AL",33.0928,-86.8072,POINT,1,MIDDLE SCALE,100 M TO 500 M,,Al Dept Of Env Mgt,HIGHEST CONCENTRATION,,,2,
2022-02-27,011179001,1,0.2,Parts per billion,0,"Lhoist, Montevallo Plant",22,92,42401,Sulfur dioxide,100,INSTRUMENTAL - ULTRAVIOLET FLUORESCENCE,13820,"Birmingham-Hoover, AL",33.0928,-86.8072,POINT,1,MIDDLE SCALE,100 M TO 500 M,,Al Dept Of Env Mgt,HIGHEST CONCENTRATION,,,2,
2022-02-28,011179001,1,2.4,Parts per billion,3,"Lhoist, Montevallo Plant",22,92,42401,Sulfur dioxide,100,INSTRUMENTAL - ULTRAVIOLET FLUORESCENCE,13820,"Birmingham-Hoover, AL",33.0928,-86.8072,POINT,1,MIDDLE SCALE,100 M TO 500 M,,Al Dept Of Env Mgt,HIGHEST CONCENTRATION,,,2,
2022-03-01,011179001,1,3,Parts per billion,4,"Lhoist, Montevallo Plant",22,92,42401,Sulfur dioxide,100,INSTRUMENTAL - ULTRAVIOLET FLUORESCENCE,13820,"Birmingham-Hoover, AL",33.0928,-86.8072,POINT,1,MIDDLE SCALE,100 M TO 500 M,,Al Dept Of Env Mgt,HIGHEST CONCENTRATION,,,2,
2022-03-02,011179001,1,1.2,Parts per billion,1,"Lhoist, Montevallo Plant",18,75,42401,Sulfur dioxide,100,INSTRUMENTAL - ULTRAVIOLET FLUORESCENCE,13820,"Birmingham-Hoover, AL",33.0928,-86.8072,POINT,1,MIDDLE SCALE,100 M TO 500 M,,Al Dept Of Env Mgt,HIGHEST CONCENTRATION,,,2,
2022-03-03,011179001,1,1.1,Parts per billion,1,"Lhoist, Montevallo Plant",22,92,42401,Sulfur dioxide,100,INSTRUMENTAL - ULTRAVIOLET FLUORESCENCE,13820,"Birmingham-Hoover, AL",33.0928,-86.8072,POINT,1,MIDDLE SCALE,100 M TO 500 M,,Al Dept Of Env Mgt,HIGHEST CONCENTRATION,,,2,
2022-03-04,011179001,1,6.8,Parts per billion,9,"Lhoist, Montevallo Plant",22,92,42401,Sulfur dioxide,100,INSTRUMENTAL - ULTRAVIOLET FLUORESCENCE,13820,"Birmingham-Hoover, AL",33.0928,-86.8072,POINT,1,MIDDLE SCALE,100 M TO 500 M,,Al Dept Of Env Mgt,HIGHEST CONCENTRATION,,,2,
2022-03-05,011179001,1,0.5,Parts per billion,0,"Lhoist, Montevallo Plant",22,92,42401,Sulfur dioxide,100,INSTRUMENTAL - ULTRAVIOLET FLUORESCENCE,13820,"Birmingham-Hoover, AL",33.0928,-86.8072,POINT,1,MIDDLE SCALE,100 M TO 500 M,,Al Dept Of Env Mgt,HIGHEST CONCENTRATION,,,2,
2022-03-06,011179001,1,0.4,Parts per billion,0,"Lhoist, Montevallo Plant",22,92,42401,Sulfur dioxide,100,INSTRUMENTAL - ULTRAVIOLET FLUORESCENCE,13820,"Birmingham-Hoover, AL",33.0928,-86.8072,POINT,1,MIDDLE SCALE,100 M TO 500 M,,Al Dept Of Env Mgt,HIGHEST CONCENTRATION,,,2,
2022-03-07,011179001,1,0.4,Parts per billion,0,"Lhoist, Montevallo Plant",21,88,42401,Sulfur dioxide,100,INSTRUMENTAL - ULTRAVIOLET FLUORESCENCE,13820,"Birmingham-Hoover, AL",33.0928,-86.8072,POINT,1,MIDDLE SCALE,100 M TO 500 M,,Al Dept Of Env Mgt,HIGHEST CONCENTRATION,,,2,
2022-03-08,011179001,1,0.5,Parts per billion,0,"Lhoist, Montevallo Plant",22,92,42401,Sulfur dioxide,100,INSTRUMENTAL - ULTRAVIOLET FLUORESCENCE,13820,"Birmingham-Hoover, AL",33.0928,-86.8072,POINT,1,MIDDLE SCALE,100 M TO 500 M,,Al Dept Of Env Mgt,HIGHEST CONCENTRATION,,,2,
2022-03-09,011179001,1,0.5,Parts per billion,0,"Lhoist, Montevallo Plant",22,92,42401,Sulfur dioxide,100,INSTRUMENTAL - ULTRAVIOLET FLUORESCENCE,13820,"Birmingham-Hoover, AL",33.0928,-86.8072,POINT,1,MIDDLE SCALE,100 M TO 500 M,,Al Dept Of Env Mgt,HIGHEST CONCENTRATION,,,2,
2022-03-10,011179001,1,4.7,Parts per billion,6,"Lhoist, Montevallo Plant",22,92,42401,Sulfur dioxide,100,INSTRUMENTAL - ULTRAVIOLET FLUORESCENCE,13820,"Birmingham-Hoover, AL",33.0928,-86.8072,POINT,1,MIDDLE SCALE,100 M TO 500 M,,Al Dept Of Env Mgt,HIGHEST CONCENTRATION,,,2,
2022-03-11,011179001,1,2.3,Parts per billion,3,"Lhoist, Montevallo Plant",22,92,42401,Sulfur dioxide,100,INSTRUMENTAL - ULTRAVIOLET FLUORESCENCE,13820,"Birmingham-Hoover, AL",33.0928,-86.8072,POINT,1,MIDDLE SCALE,100 M TO 500 M,,Al Dept Of Env Mgt,HIGHEST CONCENTRATION,,,2,
2022-03-12,011179001,1,0.3,Parts per billion,0,"Lhoist, Montevallo Plant",22,92,42401,Sulfur dioxide,100,INSTRUMENTAL - ULTRAVIOLET FLUORESCENCE,13820,"Birmingham-Hoover, AL",33.0928,-86.8072,POINT,1,MIDDLE SCALE,100 M TO 500 M,,Al Dept Of Env Mgt,HIGHEST CONCENTRATION,,,2,
2022-03-13,011179001,1,4.8,Parts per billion,6,"Lhoist, Montevallo Plant",22,92,42401,Sulfur dioxide,100,INSTRUMENTAL - ULTRAVIOLET FLUORESCENCE,13820,"Birmingham-Hoover, AL",33.0928,-86.8072,POINT,1,MIDDLE SCALE,100 M TO 500 M,,Al Dept Of Env Mgt,HIGHEST CONCENTRATION,,,2,
2022-03-14,011179001,1,3.1,Parts per billion,4,"Lhoist, Montevallo Plant",21,88,42401,Sulfur dioxide,100,INSTRUMENTAL - ULTRAVIOLET FLUORESCENCE,13820,"Birmingham-Hoover, AL",33.0928,-86.8072,POINT,1,MIDDLE SCALE,100 M TO 500 M,,Al Dept Of Env Mgt,HIGHEST CONCENTRATION,,,2,
2022-03-15,011179001,1,0.5,Parts per billion,0,"Lhoist, Montevallo Plant",22,92,42401,Sulfur dioxide,100,INSTRUMENTAL - ULTRAVIOLET FLUORESCENCE,13820,"Birmingham-Hoover, AL",33.0928,-86.8072,POINT,1,MIDDLE SCALE,100 M TO 500 M,,Al Dept Of Env Mgt,HIGHEST CONCENTRATION,,,2,
2022-03-16,011179001,1,0.6,Parts per billion,0,"Lhoist, Montevallo Plant",22,92,42401,Sulfur dioxide,100,INSTRUMENTAL - ULTRAVIOLET FLUORESCENCE,13820,"Birmingham-Hoover, AL",33.0928,-86.8072,POINT,1,MIDDLE SCALE,100 M TO 500 M,,Al Dept Of Env Mgt,HIGHEST CONCENTRATION,,,2,
2022-03-17,011179001,1,12.9,Parts per billion,17,"Lhoist, Montevallo Plant",21,88,42401,Sulfur dioxide,100,INSTRUMENTAL - ULTRAVIOLET FLUORESCENCE,13820,"Birmingham-Hoover, AL",33.0928,-86.8072,POINT,1,MIDDLE SCALE,100 M TO 500 M,,Al Dept Of Env Mgt,HIGHEST CONCENTRATION,,,2,
2022-03-18,011179001,1,0.4,Parts per billion,0,"Lhoist, Montevallo Plant",22,92,42401,Sulfur dioxide,100,INSTRUMENTAL - ULTRAVIOLET FLUORESCENCE,13820,"Birmingham-Hoover, AL",33.0928,-86.8072,POINT,1,MIDDLE SCALE,100 M TO 500 M,,Al Dept Of Env Mgt,HIGHEST CONCENTRATION,,,2,
2022-03-19,011179001,1,0.4,Parts per billion,0,"Lhoist, Montevallo Plant",22,92,42401,Sulfur dioxide,100,INSTRUMENTAL - ULTRAVIOLET FLUORESCENCE,13820,"Birmingham-Hoover, AL",33.0928,-86.8072,POINT,1,MIDDLE SCALE,100 M TO 500 M,,Al Dept Of Env Mgt,HIGHEST CONCENTRATION,,,2,
2022-03-20,011179001,1,0.9,Parts per billion,0,"Lhoist, Montevallo Plant",22,92,42401,Sulfur dioxide,100,INSTRUMENTAL - ULTRAVIOLET FLUORESCENCE,13820,"Birmingham-Hoover, AL",33.0928,-86.8072,POINT,1,MIDDLE SCALE,100 M TO 500 M,,Al Dept Of Env Mgt,HIGHEST CONCENTRATION,,,2,
2022-03-21,011179001,1,25.7,Parts per billion,36,"Lhoist, Montevallo Plant",21,88,42401,Sulfur dioxide,100,INSTRUMENTAL - ULTRAVIOLET FLUORESCENCE,13820,"Birmingham-Hoover, AL",33.0928,-86.8072,POINT,1,MIDDLE SCALE,100 M TO 500 M,,Al Dept Of Env Mgt,HIGHEST CONCENTRATION,,,2,
2022-03-22,011179001,1,3.5,Parts per billion,4,"Lhoist, Montevallo Plant",22,92,42401,Sulfur dioxide,100,INSTRUMENTAL - ULTRAVIOLET FLUORESCENCE,13820,"Birmingham-Hoover, AL",33.0928,-86.8072,POINT,1,MIDDLE SCALE,100 M TO 500 M,,Al Dept Of Env Mgt,HIGHEST CONCENTRATION,,,2,
2022-03-23,011179001,1,0.4,Parts per billion,0,"Lhoist, Montevallo Plant",22,92,42401,Sulfur dioxide,100,INSTRUMENTAL - ULTRAVIOLET FLUORESCENCE,13820,"Birmingham-Hoover, AL",33.0928,-86.8072,POINT,1,MIDDLE SCALE,100 M TO 500 M,,Al Dept Of Env Mgt,HIGHEST CONCENTRATION,,,2,
2022-03-24,011179001,1,0.6,Parts per billion,0,"Lhoist, Montevallo Plant",22,92,42401,Sulfur dioxide,100,INSTRUMENTAL - ULTRAVIOLET FLUORESCENCE,13820,"Birmingham-Hoover, AL",33.0928,-86.8072,POINT,1,MIDDLE SCALE,100 M TO 500 M,,Al Dept Of Env Mgt,HIGHEST CONCENTRATION,,,2,
2022-03-25,011179001,1,0.6,Parts per billion,0,"Lhoist, Montevallo Plant",22,92,42401,Sulfur dioxide,100,INSTRUMENTAL - ULTRAVIOLET FLUORESCENCE,13820,"Birmingham-Hoover, AL",33.0928,-86.8072,POINT,1,MIDDLE SCALE,100 M TO 500 M,,Al Dept Of Env Mgt,HIGHEST CONCENTRATION,,,2,
2022-03-26,011179001,1,0.5,Parts per billion,0,"Lhoist, Montevallo Plant",22,92,42401,Sulfur dioxide,100,INSTRUMENTAL - ULTRAVIOLET FLUORESCENCE,13820,"Birmingham-Hoover, AL",33.0928,-86.8072,POINT,1,MIDDLE SCALE,100 M TO 500 M,,Al Dept Of Env Mgt,HIGHEST CONCENTRATION,,,2,
2022-03-27,011179001,1,2.3,Parts per billion,3,"Lhoist, Montevallo Plant",22,92,42401,Sulfur dioxide,100,INSTRUMENTAL - ULTRAVIOLET FLUORESCENCE,13820,"Birmingham-Hoover, AL",33.0928,-86.8072,POINT,1,MIDDLE SCALE,100 M TO 500 M,,Al Dept Of Env Mgt,HIGHEST CONCENTRATION,,,2,
2022-03-28,011179001,1,15.7,Parts per billion,21,"Lhoist, Montevallo Plant",22,92,42401,Sulfur dioxide,100,INSTRUMENTAL - ULTRAVIOLET FLUORESCENCE,13820,"Birmingham-Hoover, AL",33.0928,-86.8072,POINT,1,MIDDLE SCALE,100 M TO 500 M,,Al Dept Of Env Mgt,HIGHEST CONCENTRATION,,,2,
2022-03-29,011179001,1,2.2,Parts per billion,3,"Lhoist, Montevallo Plant",22,92,42401,Sulfur dioxide,100,INSTRUMENTAL - ULTRAVIOLET FLUORESCENCE,13820,"Birmingham-Hoover, AL",33.0928,-86.8072,POINT,1,MIDDLE SCALE,100 M TO 500 M,,Al Dept Of Env Mgt,HIGHEST CONCENTRATION,,,2,
2022-03-30,011179001,1,1.6,Parts per billion,1,"Lhoist, Montevallo Plant",22,92,42401,Sulfur dioxide,100,INSTRUMENTAL - ULTRAVIOLET FLUORESCENCE,13820,"Birmingham-Hoover, AL",33.0928,-86.8072,POINT,1,MIDDLE SCALE,100 M TO 500 M,,Al Dept Of Env Mgt,HIGHEST CONCENTRATION,,,2,
2022-03-31,011179001,1,0.5,Parts per billion,0,"Lhoist, Montevallo Plant",21,88,42401,Sulfur dioxide,100,INSTRUMENTAL - ULTRAVIOLET FLUORESCENCE,13820,"Birmingham-Hoover, AL",33.0928,-86.8072,POINT,1,MIDDLE SCALE,100 M TO 500 M,,Al Dept Of Env Mgt,HIGHEST CONCENTRATION,,,2,
2022-04-01,011179001,1,1.6,Parts per billion,1,"Lhoist, Montevallo Plant",22,92,42401,Sulfur dioxide,100,INSTRUMENTAL - ULTRAVIOLET FLUORESCENCE,13820,"Birmingham-Hoover, AL",33.0928,-86.8072,POINT,1,MIDDLE SCALE,100 M TO 500 M,,Al Dept Of Env Mgt,HIGHEST CONCENTRATION,,,2,
2022-04-02,011179001,1,12.7,Parts per billion,17,"Lhoist, Montevallo Plant",22,92,42401,Sulfur dioxide,100,INSTRUMENTAL - ULTRAVIOLET FLUORESCENCE,13820,"Birmingham-Hoover, AL",33.0928,-86.8072,POINT,1,MIDDLE SCALE,100 M TO 500 M,,Al Dept Of Env Mgt,HIGHEST CONCENTRATION,,,2,
2022-04-03,011179001,1,1.5,Parts per billion,1,"Lhoist, Montevallo Plant",22,92,42401,Sulfur dioxide,100,INSTRUMENTAL - ULTRAVIOLET FLUORESCENCE,13820,"Birmingham-Hoover, AL",33.0928,-86.8072,POINT,1,MIDDLE SCALE,100 M TO 500 M,,Al Dept Of Env Mgt,HIGHEST CONCENTRATION,,,2,
2022-04-04,011179001,1,8.1,Parts per billion,11,"Lhoist, Montevallo Plant",22,92,42401,Sulfur dioxide,100,INSTRUMENTAL - ULTRAVIOLET FLUORESCENCE,13820,"Birmingham-Hoover, AL",33.0928,-86.8072,POINT,1,MIDDLE SCALE,100 M TO 500 M,,Al Dept Of Env Mgt,HIGHEST CONCENTRATION,,,2,
2022-04-05,011179001,1,1.6,Parts per billion,1,"Lhoist, Montevallo Plant",22,92,42401,Sulfur dioxide,100,INSTRUMENTAL - ULTRAVIOLET FLUORESCENCE,13820,"Birmingham-Hoover, AL",33.0928,-86.8072,POINT,1,MIDDLE SCALE,100 M TO 500 M,,Al Dept Of Env Mgt,HIGHEST CONCENTRATION,,,2,
2022-04-06,011179001,1,0.6,Parts per billion,0,"Lhoist, Montevallo Plant",22,92,42401,Sulfur dioxide,100,INSTRUMENTAL - ULTRAVIOLET FLUORESCENCE,13820,"Birmingham-Hoover, AL",33.0928,-86.8072,POINT,1,MIDDLE SCALE,100 M TO 500 M,,Al Dept Of Env Mgt,HIGHEST CONCENTRATION,,,2,
2022-04-07,011179001,1,0.6,Parts per billion,0,"Lhoist, Montevallo Plant",22,92,42401,Sulfur dioxide,100,INSTRUMENTAL - ULTRAVIOLET FLUORESCENCE,13820,"Birmingham-Hoover, AL",33.0928,-86.8072,POINT,1,MIDDLE SCALE,100 M TO 500 M,,Al Dept Of Env Mgt,HIGHEST CONCENTRATION,,,2,
2022-04-08,011179001,1,0.5,Parts per billion,0,"Lhoist, Montevallo Plant",20,83,42401,Sulfur dioxide,100,INSTRUMENTAL - ULTRAVIOLET FLUORESCENCE,13820,"Birmingham-Hoover, AL",33.0928,-86.8072,POINT,1,MIDDLE SCALE,100 M TO 500 M,,Al Dept Of Env Mgt,HIGHEST CONCENTRATION,,,2,
2022-04-09,011179001,1,0.2,Parts per billion,0,"Lhoist, Montevallo Plant",22,92,42401,Sulfur dioxide,100,INSTRUMENTAL - ULTRAVIOLET FLUORESCENCE,13820,"Birmingham-Hoover, AL",33.0928,-86.8072,POINT,1,MIDDLE SCALE,100 M TO 500 M,,Al Dept Of Env Mgt,HIGHEST CONCENTRATION,,,2,
2022-04-10,011179001,1,0.6,Parts per billion,0,"Lhoist, Montevallo Plant",22,92,42401,Sulfur dioxide,100,INSTRUMENTAL - ULTRAVIOLET FLUORESCENCE,13820,"Birmingham-Hoover, AL",33.0928,-86.8072,POINT,1,MIDDLE SCALE,100 M TO 500 M,,Al Dept Of Env Mgt,HIGHEST CONCENTRATION,,,2,
2022-04-11,011179001,1,0.1,Parts per billion,0,"Lhoist, Montevallo Plant",22,92,42401,Sulfur dioxide,100,INSTRUMENTAL - ULTRAVIOLET FLUORESCENCE,13820,"Birmingham-Hoover, AL",33.0928,-86.8072,POINT,1,MIDDLE SCALE,100 M TO 500 M,,Al Dept Of Env Mgt,HIGHEST CONCENTRATION,,,2,
2022-04-12,011179001,1,0.2,Parts per billion,0,"Lhoist, Montevallo Plant",22,92,42401,Sulfur dioxide,100,INSTRUMENTAL - ULTRAVIOLET FLUORESCENCE,13820,"Birmingham-Hoover, AL",33.0928,-86.8072,POINT,1,MIDDLE SCALE,100 M TO 500 M,,Al Dept Of Env Mgt,HIGHEST CONCENTRATION,,,2,
2022-04-13,011179001,1,0.3,Parts per billion,0,"Lhoist, Montevallo Plant",21,88,42401,Sulfur dioxide,100,INSTRUMENTAL - ULTRAVIOLET FLUORESCENCE,13820,"Birmingham-Hoover, AL",33.0928,-86.8072,POINT,1,MIDDLE SCALE,100 M TO 500 M,,Al Dept Of Env Mgt,HIGHEST CONCENTRATION,,,2,
2022-04-14,011179001,1,0.8,Parts per billion,0,"Lhoist, Montevallo Plant",24,100,42401,Sulfur dioxide,100,INSTRUMENTAL - ULTRAVIOLET FLUORESCENCE,13820,"Birmingham-Hoover, AL",33.0928,-86.8072,POINT,1,MIDDLE SCALE,100 M TO 500 M,,Al Dept Of Env Mgt,HIGHEST CONCENTRATION,,,2,
2022-04-15,011179001,1,22.4,Parts per billion,31,"Lhoist, Montevallo Plant",24,100,42401,Sulfur dioxide,100,INSTRUMENTAL - ULTRAVIOLET FLUORESCENCE,13820,"Birmingham-Hoover, AL",33.0928,-86.8072,POINT,1,MIDDLE SCALE,100 M TO 500 M,,Al Dept Of Env Mgt,HIGHEST CONCENTRATION,,,2,
2022-04-17,011179001,1,1,Parts per billion,1,"Lhoist, Montevallo Plant",22,92,42401,Sulfur dioxide,100,INSTRUMENTAL - ULTRAVIOLET FLUORESCENCE,13820,"Birmingham-Hoover, AL",33.0928,-86.8072,POINT,1,MIDDLE SCALE,100 M TO 500 M,,Al Dept Of Env Mgt,HIGHEST CONCENTRATION,,,2,
2022-04-16,011179001,1,0.2,Parts per billion,0,"Lhoist, Montevallo Plant",24,100,42401,Sulfur dioxide,100,INSTRUMENTAL - ULTRAVIOLET FLUORESCENCE,13820,"Birmingham-Hoover, AL",33.0928,-86.8072,POINT,1,MIDDLE SCALE,100 M TO 500 M,,Al Dept Of Env Mgt,HIGHEST CONCENTRATION,,,2,
2022-04-18,011179001,1,0.3,Parts per billion,0,"Lhoist, Montevallo Plant",22,92,42401,Sulfur dioxide,100,INSTRUMENTAL - ULTRAVIOLET FLUORESCENCE,13820,"Birmingham-Hoover, AL",33.0928,-86.8072,POINT,1,MIDDLE SCALE,100 M TO 500 M,,Al Dept Of Env Mgt,HIGHEST CONCENTRATION,,,2,
2022-04-19,011179001,1,2,Parts per billion,3,"Lhoist, Montevallo Plant",22,92,42401,Sulfur dioxide,100,INSTRUMENTAL - ULTRAVIOLET FLUORESCENCE,13820,"Birmingham-Hoover, AL",33.0928,-86.8072,POINT,1,MIDDLE SCALE,100 M TO 500 M,,Al Dept Of Env Mgt,HIGHEST CONCENTRATION,,,2,
2022-04-20,011179001,1,7.9,Parts per billion,10,"Lhoist, Montevallo Plant",21,88,42401,Sulfur dioxide,100,INSTRUMENTAL - ULTRAVIOLET FLUORESCENCE,13820,"Birmingham-Hoover, AL",33.0928,-86.8072,POINT,1,MIDDLE SCALE,100 M TO 500 M,,Al Dept Of Env Mgt,HIGHEST CONCENTRATION,,,2,
2022-04-21,011179001,1,20.1,Parts per billion,29,"Lhoist, Montevallo Plant",22,92,42401,Sulfur dioxide,100,INSTRUMENTAL - ULTRAVIOLET FLUORESCENCE,13820,"Birmingham-Hoover, AL",33.0928,-86.8072,POINT,1,MIDDLE SCALE,100 M TO 500 M,,Al Dept Of Env Mgt,HIGHEST CONCENTRATION,,,2,
2022-04-22,011179001,1,24.7,Parts per billion,34,"Lhoist, Montevallo Plant",22,92,42401,Sulfur dioxide,100,INSTRUMENTAL - ULTRAVIOLET FLUORESCENCE,13820,"Birmingham-Hoover, AL",33.0928,-86.8072,POINT,1,MIDDLE SCALE,100 M TO 500 M,,Al Dept Of Env Mgt,HIGHEST CONCENTRATION,,,2,
2022-04-23,011179001,1,2.3,Parts per billion,3,"Lhoist, Montevallo Plant",22,92,42401,Sulfur dioxide,100,INSTRUMENTAL - ULTRAVIOLET FLUORESCENCE,13820,"Birmingham-Hoover, AL",33.0928,-86.8072,POINT,1,MIDDLE SCALE,100 M TO 500 M,,Al Dept Of Env Mgt,HIGHEST CONCENTRATION,,,2,
2022-04-24,011179001,1,0.4,Parts per billion,0,"Lhoist, Montevallo Plant",22,92,42401,Sulfur dioxide,100,INSTRUMENTAL - ULTRAVIOLET FLUORESCENCE,13820,"Birmingham-Hoover, AL",33.0928,-86.8072,POINT,1,MIDDLE SCALE,100 M TO 500 M,,Al Dept Of Env Mgt,HIGHEST CONCENTRATION,,,2,
2022-04-25,011179001,1,0.7,Parts per billion,0,"Lhoist, Montevallo Plant",21,88,42401,Sulfur dioxide,100,INSTRUMENTAL - ULTRAVIOLET FLUORESCENCE,13820,"Birmingham-Hoover, AL",33.0928,-86.8072,POINT,1,MIDDLE SCALE,100 M TO 500 M,,Al Dept Of Env Mgt,HIGHEST CONCENTRATION,,,2,
2022-04-26,011179001,1,1.2,Parts per billion,1,"Lhoist, Montevallo Plant",24,100,42401,Sulfur dioxide,100,INSTRUMENTAL - ULTRAVIOLET FLUORESCENCE,13820,"Birmingham-Hoover, AL",33.0928,-86.8072,POINT,1,MIDDLE SCALE,100 M TO 500 M,,Al Dept Of Env Mgt,HIGHEST CONCENTRATION,,,2,
2022-04-27,011179001,1,3.2,Parts per billion,4,"Lhoist, Montevallo Plant",24,100,42401,Sulfur dioxide,100,INSTRUMENTAL - ULTRAVIOLET FLUORESCENCE,13820,"Birmingham-Hoover, AL",33.0928,-86.8072,POINT,1,MIDDLE SCALE,100 M TO 500 M,,Al Dept Of Env Mgt,HIGHEST CONCENTRATION,,,2,
2022-04-28,011179001,1,49.5,Parts per billion,67,"Lhoist, Montevallo Plant",22,92,42401,Sulfur dioxide,100,INSTRUMENTAL - ULTRAVIOLET FLUORESCENCE,13820,"Birmingham-Hoover, AL",33.0928,-86.8072,POINT,1,MIDDLE SCALE,100 M TO 500 M,,Al Dept Of Env Mgt,HIGHEST CONCENTRATION,,,2,
2022-04-29,011179001,1,2.5,Parts per billion,3,"Lhoist, Montevallo Plant",22,92,42401,Sulfur dioxide,100,INSTRUMENTAL - ULTRAVIOLET FLUORESCENCE,13820,"Birmingham-Hoover, AL",33.0928,-86.8072,POINT,1,MIDDLE SCALE,100 M TO 500 M,,Al Dept Of Env Mgt,HIGHEST CONCENTRATION,,,2,
2022-04-30,011179001,1,0.6,Parts per billion,0,"Lhoist, Montevallo Plant",22,92,42401,Sulfur dioxide,100,INSTRUMENTAL - ULTRAVIOLET FLUORESCENCE,13820,"Birmingham-Hoover, AL",33.0928,-86.8072,POINT,1,MIDDLE SCALE,100 M TO 500 M,,Al Dept Of Env Mgt,HIGHEST CONCENTRATION,,,2,
2022-05-01,011179001,1,0.4,Parts per billion,0,"Lhoist, Montevallo Plant",22,92,42401,Sulfur dioxide,100,INSTRUMENTAL - ULTRAVIOLET FLUORESCENCE,13820,"Birmingham-Hoover, AL",33.0928,-86.8072,POINT,1,MIDDLE SCALE,100 M TO 500 M,,Al Dept Of Env Mgt,HIGHEST CONCENTRATION,,,2,
2022-05-02,011179001,1,0.8,Parts per billion,0,"Lhoist, Montevallo Plant",22,92,42401,Sulfur dioxide,100,INSTRUMENTAL - ULTRAVIOLET FLUORESCENCE,13820,"Birmingham-Hoover, AL",33.0928,-86.8072,POINT,1,MIDDLE SCALE,100 M TO 500 M,,Al Dept Of Env Mgt,HIGHEST CONCENTRATION,,,2,
2022-05-03,011179001,1,0.4,Parts per billion,0,"Lhoist, Montevallo Plant",22,92,42401,Sulfur dioxide,100,INSTRUMENTAL - ULTRAVIOLET FLUORESCENCE,13820,"Birmingham-Hoover, AL",33.0928,-86.8072,POINT,1,MIDDLE SCALE,100 M TO 500 M,,Al Dept Of Env Mgt,HIGHEST CONCENTRATION,,,2,
2022-05-04,011179001,1,0.5,Parts per billion,0,"Lhoist, Montevallo Plant",22,92,42401,Sulfur dioxide,100,INSTRUMENTAL - ULTRAVIOLET FLUORESCENCE,13820,"Birmingham-Hoover, AL",33.0928,-86.8072,POINT,1,MIDDLE SCALE,100 M TO 500 M,,Al Dept Of Env Mgt,HIGHEST CONCENTRATION,,,2,
2022-05-05,011179001,1,0.8,Parts per billion,0,"Lhoist, Montevallo Plant",21,88,42401,Sulfur dioxide,100,INSTRUMENTAL - ULTRAVIOLET FLUORESCENCE,13820,"Birmingham-Hoover, AL",33.0928,-86.8072,POINT,1,MIDDLE SCALE,100 M TO 500 M,,Al Dept Of Env Mgt,HIGHEST CONCENTRATION,,,2,
2022-05-06,011179001,1,0.5,Parts per billion,0,"Lhoist, Montevallo Plant",22,92,42401,Sulfur dioxide,100,INSTRUMENTAL - ULTRAVIOLET FLUORESCENCE,13820,"Birmingham-Hoover, AL",33.0928,-86.8072,POINT,1,MIDDLE SCALE,100 M TO 500 M,,Al Dept Of Env Mgt,HIGHEST CONCENTRATION,,,2,
2022-05-07,011179001,1,0.5,Parts per billion,0,"Lhoist, Montevallo Plant",22,92,42401,Sulfur dioxide,100,INSTRUMENTAL - ULTRAVIOLET FLUORESCENCE,13820,"Birmingham-Hoover, AL",33.0928,-86.8072,POINT,1,MIDDLE SCALE,100 M TO 500 M,,Al Dept Of Env Mgt,HIGHEST CONCENTRATION,,,2,
2022-05-08,011179001,1,5.2,Parts per billion,7,"Lhoist, Montevallo Plant",22,92,42401,Sulfur dioxide,100,INSTRUMENTAL - ULTRAVIOLET FLUORESCENCE,13820,"Birmingham-Hoover, AL",33.0928,-86.8072,POINT,1,MIDDLE SCALE,100 M TO 500 M,,Al Dept Of Env Mgt,HIGHEST CONCENTRATION,,,2,
2022-05-09,011179001,1,39.4,Parts per billion,55,"Lhoist, Montevallo Plant",21,88,42401,Sulfur dioxide,100,INSTRUMENTAL - ULTRAVIOLET FLUORESCENCE,13820,"Birmingham-Hoover, AL",33.0928,-86.8072,POINT,1,MIDDLE SCALE,100 M TO 500 M,,Al Dept Of Env Mgt,HIGHEST CONCENTRATION,,,2,
2022-05-10,011179001,1,32.5,Parts per billion,46,"Lhoist, Montevallo Plant",22,92,42401,Sulfur dioxide,100,INSTRUMENTAL - ULTRAVIOLET FLUORESCENCE,13820,"Birmingham-Hoover, AL",33.0928,-86.8072,POINT,1,MIDDLE SCALE,100 M TO 500 M,,Al Dept Of Env Mgt,HIGHEST CONCENTRATION,,,2,
2022-05-11,011179001,1,8.4,Parts per billion,11,"Lhoist, Montevallo Plant",22,92,42401,Sulfur dioxide,100,INSTRUMENTAL - ULTRAVIOLET FLUORESCENCE,13820,"Birmingham-Hoover, AL",33.0928,-86.8072,POINT,1,MIDDLE SCALE,100 M TO 500 M,,Al Dept Of Env Mgt,HIGHEST CONCENTRATION,,,2,
2022-05-12,011179001,1,10.4,Parts per billion,14,"Lhoist, Montevallo Plant",21,88,42401,Sulfur dioxide,100,INSTRUMENTAL - ULTRAVIOLET FLUORESCENCE,13820,"Birmingham-Hoover, AL",33.0928,-86.8072,POINT,1,MIDDLE SCALE,100 M TO 500 M,,Al Dept Of Env Mgt,HIGHEST CONCENTRATION,,,2,
2022-05-13,011179001,1,32.7,Parts per billion,46,"Lhoist, Montevallo Plant",22,92,42401,Sulfur dioxide,100,INSTRUMENTAL - ULTRAVIOLET FLUORESCENCE,13820,"Birmingham-Hoover, AL",33.0928,-86.8072,POINT,1,MIDDLE SCALE,100 M TO 500 M,,Al Dept Of Env Mgt,HIGHEST CONCENTRATION,,,2,
2022-05-14,011179001,1,5.2,Parts per billion,7,"Lhoist, Montevallo Plant",22,92,42401,Sulfur dioxide,100,INSTRUMENTAL - ULTRAVIOLET FLUORESCENCE,13820,"Birmingham-Hoover, AL",33.0928,-86.8072,POINT,1,MIDDLE SCALE,100 M TO 500 M,,Al Dept Of Env Mgt,HIGHEST CONCENTRATION,,,2,
2022-05-15,011179001,1,0.6,Parts per billion,0,"Lhoist, Montevallo Plant",22,92,42401,Sulfur dioxide,100,INSTRUMENTAL - ULTRAVIOLET FLUORESCENCE,13820,"Birmingham-Hoover, AL",33.0928,-86.8072,POINT,1,MIDDLE SCALE,100 M TO 500 M,,Al Dept Of Env Mgt,HIGHEST CONCENTRATION,,,2,
2022-05-16,011179001,1,0.8,Parts per billion,0,"Lhoist, Montevallo Plant",22,92,42401,Sulfur dioxide,100,INSTRUMENTAL - ULTRAVIOLET FLUORESCENCE,13820,"Birmingham-Hoover, AL",33.0928,-86.8072,POINT,1,MIDDLE SCALE,100 M TO 500 M,,Al Dept Of Env Mgt,HIGHEST CONCENTRATION,,,2,
2022-05-17,011179001,1,7.2,Parts per billion,10,"Lhoist, Montevallo Plant",22,92,42401,Sulfur dioxide,100,INSTRUMENTAL - ULTRAVIOLET FLUORESCENCE,13820,"Birmingham-Hoover, AL",33.0928,-86.8072,POINT,1,MIDDLE SCALE,100 M TO 500 M,,Al Dept Of Env Mgt,HIGHEST CONCENTRATION,,,2,
2022-05-18,011179001,1,2.7,Parts per billion,3,"Lhoist, Montevallo Plant",22,92,42401,Sulfur dioxide,100,INSTRUMENTAL - ULTRAVIOLET FLUORESCENCE,13820,"Birmingham-Hoover, AL",33.0928,-86.8072,POINT,1,MIDDLE SCALE,100 M TO 500 M,,Al Dept Of Env Mgt,HIGHEST CONCENTRATION,,,2,
2022-05-19,011179001,1,0.7,Parts per billion,0,"Lhoist, Montevallo Plant",22,92,42401,Sulfur dioxide,100,INSTRUMENTAL - ULTRAVIOLET FLUORESCENCE,13820,"Birmingham-Hoover, AL",33.0928,-86.8072,POINT,1,MIDDLE SCALE,100 M TO 500 M,,Al Dept Of Env Mgt,HIGHEST CONCENTRATION,,,2,
2022-05-20,011179001,1,0.6,Parts per billion,0,"Lhoist, Montevallo Plant",22,92,42401,Sulfur dioxide,100,INSTRUMENTAL - ULTRAVIOLET FLUORESCENCE,13820,"Birmingham-Hoover, AL",33.0928,-86.8072,POINT,1,MIDDLE SCALE,100 M TO 500 M,,Al Dept Of Env Mgt,HIGHEST CONCENTRATION,,,2,
2022-05-21,011179001,1,0.5,Parts per billion,0,"Lhoist, Montevallo Plant",22,92,42401,Sulfur dioxide,100,INSTRUMENTAL - ULTRAVIOLET FLUORESCENCE,13820,"Birmingham-Hoover, AL",33.0928,-86.8072,POINT,1,MIDDLE SCALE,100 M TO 500 M,,Al Dept Of Env Mgt,HIGHEST CONCENTRATION,,,2,
2022-05-22,011179001,1,1.6,Parts per billion,1,"Lhoist, Montevallo Plant",22,92,42401,Sulfur dioxide,100,INSTRUMENTAL - ULTRAVIOLET FLUORESCENCE,13820,"Birmingham-Hoover, AL",33.0928,-86.8072,POINT,1,MIDDLE SCALE,100 M TO 500 M,,Al Dept Of Env Mgt,HIGHEST CONCENTRATION,,,2,
2022-05-23,011179001,1,0.7,Parts per billion,0,"Lhoist, Montevallo Plant",22,92,42401,Sulfur dioxide,100,INSTRUMENTAL - ULTRAVIOLET FLUORESCENCE,13820,"Birmingham-Hoover, AL",33.0928,-86.8072,POINT,1,MIDDLE SCALE,100 M TO 500 M,,Al Dept Of Env Mgt,HIGHEST CONCENTRATION,,,2,
2022-05-24,011179001,1,7.8,Parts per billion,10,"Lhoist, Montevallo Plant",22,92,42401,Sulfur dioxide,100,INSTRUMENTAL - ULTRAVIOLET FLUORESCENCE,13820,"Birmingham-Hoover, AL",33.0928,-86.8072,POINT,1,MIDDLE SCALE,100 M TO 500 M,,Al Dept Of Env Mgt,HIGHEST CONCENTRATION,,,2,
2022-05-25,011179001,1,1.4,Parts per billion,1,"Lhoist, Montevallo Plant",22,92,42401,Sulfur dioxide,100,INSTRUMENTAL - ULTRAVIOLET FLUORESCENCE,13820,"Birmingham-Hoover, AL",33.0928,-86.8072,POINT,1,MIDDLE SCALE,100 M TO 500 M,,Al Dept Of Env Mgt,HIGHEST CONCENTRATION,,,2,
2022-05-26,011179001,1,0.5,Parts per billion,0,"Lhoist, Montevallo Plant",21,88,42401,Sulfur dioxide,100,INSTRUMENTAL - ULTRAVIOLET FLUORESCENCE,13820,"Birmingham-Hoover, AL",33.0928,-86.8072,POINT,1,MIDDLE SCALE,100 M TO 500 M,,Al Dept Of Env Mgt,HIGHEST CONCENTRATION,,,2,
2022-05-27,011179001,1,0.5,Parts per billion,0,"Lhoist, Montevallo Plant",22,92,42401,Sulfur dioxide,100,INSTRUMENTAL - ULTRAVIOLET FLUORESCENCE,13820,"Birmingham-Hoover, AL",33.0928,-86.8072,POINT,1,MIDDLE SCALE,100 M TO 500 M,,Al Dept Of Env Mgt,HIGHEST CONCENTRATION,,,2,
2022-05-28,011179001,1,0.7,Parts per billion,0,"Lhoist, Montevallo Plant",22,92,42401,Sulfur dioxide,100,INSTRUMENTAL - ULTRAVIOLET FLUORESCENCE,13820,"Birmingham-Hoover, AL",33.0928,-86.8072,POINT,1,MIDDLE SCALE,100 M TO 500 M,,Al Dept Of Env Mgt,HIGHEST CONCENTRATION,,,2,
2022-05-29,011179001,1,17.4,Parts per billion,24,"Lhoist, Montevallo Plant",22,92,42401,Sulfur dioxide,100,INSTRUMENTAL - ULTRAVIOLET FLUORESCENCE,13820,"Birmingham-Hoover, AL",33.0928,-86.8072,POINT,1,MIDDLE SCALE,100 M TO 500 M,,Al Dept Of Env Mgt,HIGHEST CONCENTRATION,,,2,
2022-05-30,011179001,1,1.5,Parts per billion,1,"Lhoist, Montevallo Plant",22,92,42401,Sulfur dioxide,100,INSTRUMENTAL - ULTRAVIOLET FLUORESCENCE,13820,"Birmingham-Hoover, AL",33.0928,-86.8072,POINT,1,MIDDLE SCALE,100 M TO 500 M,,Al Dept Of Env Mgt,HIGHEST CONCENTRATION,,,2,
2022-05-31,011179001,1,21.9,Parts per billion,30,"Lhoist, Montevallo Plant",22,92,42401,Sulfur dioxide,100,INSTRUMENTAL - ULTRAVIOLET FLUORESCENCE,13820,"Birmingham-Hoover, AL",33.0928,-86.8072,POINT,1,MIDDLE SCALE,100 M TO 500 M,,Al Dept Of Env Mgt,HIGHEST CONCENTRATION,,,2,
2022-06-01,011179001,1,12.4,Parts per billion,17,"Lhoist, Montevallo Plant",22,92,42401,Sulfur dioxide,100,INSTRUMENTAL - ULTRAVIOLET FLUORESCENCE,13820,"Birmingham-Hoover, AL",33.0928,-86.8072,POINT,1,MIDDLE SCALE,100 M TO 500 M,,Al Dept Of Env Mgt,HIGHEST CONCENTRATION,,,2,
2022-06-02,011179001,1,1.1,Parts per billion,1,"Lhoist, Montevallo Plant",18,75,42401,Sulfur dioxide,100,INSTRUMENTAL - ULTRAVIOLET FLUORESCENCE,13820,"Birmingham-Hoover, AL",33.0928,-86.8072,POINT,1,MIDDLE SCALE,100 M TO 500 M,,Al Dept Of Env Mgt,HIGHEST CONCENTRATION,,,2,
2022-06-03,011179001,1,0.8,Parts per billion,0,"Lhoist, Montevallo Plant",22,92,42401,Sulfur dioxide,100,INSTRUMENTAL - ULTRAVIOLET FLUORESCENCE,13820,"Birmingham-Hoover, AL",33.0928,-86.8072,POINT,1,MIDDLE SCALE,100 M TO 500 M,,Al Dept Of Env Mgt,HIGHEST CONCENTRATION,,,2,
2022-06-04,011179001,1,21.9,Parts per billion,30,"Lhoist, Montevallo Plant",22,92,42401,Sulfur dioxide,100,INSTRUMENTAL - ULTRAVIOLET FLUORESCENCE,13820,"Birmingham-Hoover, AL",33.0928,-86.8072,POINT,1,MIDDLE SCALE,100 M TO 500 M,,Al Dept Of Env Mgt,HIGHEST CONCENTRATION,,,2,
2022-06-05,011179001,1,19.2,Parts per billion,27,"Lhoist, Montevallo Plant",22,92,42401,Sulfur dioxide,100,INSTRUMENTAL - ULTRAVIOLET FLUORESCENCE,13820,"Birmingham-Hoover, AL",33.0928,-86.8072,POINT,1,MIDDLE SCALE,100 M TO 500 M,,Al Dept Of Env Mgt,HIGHEST CONCENTRATION,,,2,
2022-06-06,011179001,1,1.4,Parts per billion,1,"Lhoist, Montevallo Plant",21,88,42401,Sulfur dioxide,100,INSTRUMENTAL - ULTRAVIOLET FLUORESCENCE,13820,"Birmingham-Hoover, AL",33.0928,-86.8072,POINT,1,MIDDLE SCALE,100 M TO 500 M,,Al Dept Of Env Mgt,HIGHEST CONCENTRATION,,,2,
2022-06-07,011179001,1,0.9,Parts per billion,0,"Lhoist, Montevallo Plant",23,96,42401,Sulfur dioxide,100,INSTRUMENTAL - ULTRAVIOLET FLUORESCENCE,13820,"Birmingham-Hoover, AL",33.0928,-86.8072,POINT,1,MIDDLE SCALE,100 M TO 500 M,,Al Dept Of Env Mgt,HIGHEST CONCENTRATION,,,2,
2022-06-08,011179001,1,4.4,Parts per billion,6,"Lhoist, Montevallo Plant",23,96,42401,Sulfur dioxide,100,INSTRUMENTAL - ULTRAVIOLET FLUORESCENCE,13820,"Birmingham-Hoover, AL",33.0928,-86.8072,POINT,1,MIDDLE SCALE,100 M TO 500 M,,Al Dept Of Env Mgt,HIGHEST CONCENTRATION,,,2,
2022-06-09,011179001,1,0.8,Parts per billion,0,"Lhoist, Montevallo Plant",23,96,42401,Sulfur dioxide,100,INSTRUMENTAL - ULTRAVIOLET FLUORESCENCE,13820,"Birmingham-Hoover, AL",33.0928,-86.8072,POINT,1,MIDDLE SCALE,100 M TO 500 M,,Al Dept Of Env Mgt,HIGHEST CONCENTRATION,,,2,
2022-06-10,011179001,1,19.4,Parts per billion,27,"Lhoist, Montevallo Plant",23,96,42401,Sulfur dioxide,100,INSTRUMENTAL - ULTRAVIOLET FLUORESCENCE,13820,"Birmingham-Hoover, AL",33.0928,-86.8072,POINT,1,MIDDLE SCALE,100 M TO 500 M,,Al Dept Of Env Mgt,HIGHEST CONCENTRATION,,,2,
2022-06-11,011179001,1,12.3,Parts per billion,17,"Lhoist, Montevallo Plant",23,96,42401,Sulfur dioxide,100,INSTRUMENTAL - ULTRAVIOLET FLUORESCENCE,13820,"Birmingham-Hoover, AL",33.0928,-86.8072,POINT,1,MIDDLE SCALE,100 M TO 500 M,,Al Dept Of Env Mgt,HIGHEST CONCENTRATION,,,2,
2022-06-12,011179001,1,0.9,Parts per billion,0,"Lhoist, Montevallo Plant",23,96,42401,Sulfur dioxide,100,INSTRUMENTAL - ULTRAVIOLET FLUORESCENCE,13820,"Birmingham-Hoover, AL",33.0928,-86.8072,POINT,1,MIDDLE SCALE,100 M TO 500 M,,Al Dept Of Env Mgt,HIGHEST CONCENTRATION,,,2,
2022-06-13,011179001,1,1,Parts per billion,1,"Lhoist, Montevallo Plant",11,46,42401,Sulfur dioxide,100,INSTRUMENTAL - ULTRAVIOLET FLUORESCENCE,13820,"Birmingham-Hoover, AL",33.0928,-86.8072,POINT,1,MIDDLE SCALE,100 M TO 500 M,,Al Dept Of Env Mgt,HIGHEST CONCENTRATION,,,2,
2022-06-15,011179001,1,4.6,Parts per billion,6,"Lhoist, Montevallo Plant",22,92,42401,Sulfur dioxide,100,INSTRUMENTAL - ULTRAVIOLET FLUORESCENCE,13820,"Birmingham-Hoover, AL",33.0928,-86.8072,POINT,1,MIDDLE SCALE,100 M TO 500 M,,Al Dept Of Env Mgt,HIGHEST CONCENTRATION,,,2,
2022-06-16,011179001,1,8.9,Parts per billion,11,"Lhoist, Montevallo Plant",23,96,42401,Sulfur dioxide,100,INSTRUMENTAL - ULTRAVIOLET FLUORESCENCE,13820,"Birmingham-Hoover, AL",33.0928,-86.8072,POINT,1,MIDDLE SCALE,100 M TO 500 M,,Al Dept Of Env Mgt,HIGHEST CONCENTRATION,,,2,
2022-06-17,011179001,1,1.5,Parts per billion,1,"Lhoist, Montevallo Plant",23,96,42401,Sulfur dioxide,100,INSTRUMENTAL - ULTRAVIOLET FLUORESCENCE,13820,"Birmingham-Hoover, AL",33.0928,-86.8072,POINT,1,MIDDLE SCALE,100 M TO 500 M,,Al Dept Of Env Mgt,HIGHEST CONCENTRATION,,,2,
2022-06-18,011179001,1,3.5,Parts per billion,4,"Lhoist, Montevallo Plant",23,96,42401,Sulfur dioxide,100,INSTRUMENTAL - ULTRAVIOLET FLUORESCENCE,13820,"Birmingham-Hoover, AL",33.0928,-86.8072,POINT,1,MIDDLE SCALE,100 M TO 500 M,,Al Dept Of Env Mgt,HIGHEST CONCENTRATION,,,2,
2022-06-19,011179001,1,1.6,Parts per billion,1,"Lhoist, Montevallo Plant",23,96,42401,Sulfur dioxide,100,INSTRUMENTAL - ULTRAVIOLET FLUORESCENCE,13820,"Birmingham-Hoover, AL",33.0928,-86.8072,POINT,1,MIDDLE SCALE,100 M TO 500 M,,Al Dept Of Env Mgt,HIGHEST CONCENTRATION,,,2,
2022-06-20,011179001,1,12.4,Parts per billion,17,"Lhoist, Montevallo Plant",22,92,42401,Sulfur dioxide,100,INSTRUMENTAL - ULTRAVIOLET FLUORESCENCE,13820,"Birmingham-Hoover, AL",33.0928,-86.8072,POINT,1,MIDDLE SCALE,100 M TO 500 M,,Al Dept Of Env Mgt,HIGHEST CONCENTRATION,,,2,
2022-06-21,011179001,1,2,Parts per billion,3,"Lhoist, Montevallo Plant",23,96,42401,Sulfur dioxide,100,INSTRUMENTAL - ULTRAVIOLET FLUORESCENCE,13820,"Birmingham-Hoover, AL",33.0928,-86.8072,POINT,1,MIDDLE SCALE,100 M TO 500 M,,Al Dept Of Env Mgt,HIGHEST CONCENTRATION,,,2,
2022-06-22,011179001,1,1.2,Parts per billion,1,"Lhoist, Montevallo Plant",23,96,42401,Sulfur dioxide,100,INSTRUMENTAL - ULTRAVIOLET FLUORESCENCE,13820,"Birmingham-Hoover, AL",33.0928,-86.8072,POINT,1,MIDDLE SCALE,100 M TO 500 M,,Al Dept Of Env Mgt,HIGHEST CONCENTRATION,,,2,
2022-06-23,011179001,1,1.7,Parts per billion,1,"Lhoist, Montevallo Plant",23,96,42401,Sulfur dioxide,100,INSTRUMENTAL - ULTRAVIOLET FLUORESCENCE,13820,"Birmingham-Hoover, AL",33.0928,-86.8072,POINT,1,MIDDLE SCALE,100 M TO 500 M,,Al Dept Of Env Mgt,HIGHEST CONCENTRATION,,,2,
2022-06-25,011179001,1,30,Parts per billion,43,"Lhoist, Montevallo Plant",23,96,42401,Sulfur dioxide,100,INSTRUMENTAL - ULTRAVIOLET FLUORESCENCE,13820,"Birmingham-Hoover, AL",33.0928,-86.8072,POINT,1,MIDDLE SCALE,100 M TO 500 M,,Al Dept Of Env Mgt,HIGHEST CONCENTRATION,,,2,
2022-06-24,011179001,1,9.6,Parts per billion,13,"Lhoist, Montevallo Plant",23,96,42401,Sulfur dioxide,100,INSTRUMENTAL - ULTRAVIOLET FLUORESCENCE,13820,"Birmingham-Hoover, AL",33.0928,-86.8072,POINT,1,MIDDLE SCALE,100 M TO 500 M,,Al Dept Of Env Mgt,HIGHEST CONCENTRATION,,,2,
2022-06-26,011179001,1,4.2,Parts per billion,6,"Lhoist, Montevallo Plant",23,96,42401,Sulfur dioxide,100,INSTRUMENTAL - ULTRAVIOLET FLUORESCENCE,13820,"Birmingham-Hoover, AL",33.0928,-86.8072,POINT,1,MIDDLE SCALE,100 M TO 500 M,,Al Dept Of Env Mgt,HIGHEST CONCENTRATION,,,2,
2022-06-27,011179001,1,3,Parts per billion,4,"Lhoist, Montevallo Plant",23,96,42401,Sulfur dioxide,100,INSTRUMENTAL - ULTRAVIOLET FLUORESCENCE,13820,"Birmingham-Hoover, AL",33.0928,-86.8072,POINT,1,MIDDLE SCALE,100 M TO 500 M,,Al Dept Of Env Mgt,HIGHEST CONCENTRATION,,,2,
2022-06-28,011179001,1,3.5,Parts per billion,4,"Lhoist, Montevallo Plant",23,96,42401,Sulfur dioxide,100,INSTRUMENTAL - ULTRAVIOLET FLUORESCENCE,13820,"Birmingham-Hoover, AL",33.0928,-86.8072,POINT,1,MIDDLE SCALE,100 M TO 500 M,,Al Dept Of Env Mgt,HIGHEST CONCENTRATION,,,2,
2022-06-29,011179001,1,14.9,Parts per billion,20,"Lhoist, Montevallo Plant",23,96,42401,Sulfur dioxide,100,INSTRUMENTAL - ULTRAVIOLET FLUORESCENCE,13820,"Birmingham-Hoover, AL",33.0928,-86.8072,POINT,1,MIDDLE SCALE,100 M TO 500 M,,Al Dept Of Env Mgt,HIGHEST CONCENTRATION,,,2,
2022-06-30,011179001,1,9,Parts per billion,13,"Lhoist, Montevallo Plant",23,96,42401,Sulfur dioxide,100,INSTRUMENTAL - ULTRAVIOLET FLUORESCENCE,13820,"Birmingham-Hoover, AL",33.0928,-86.8072,POINT,1,MIDDLE SCALE,100 M TO 500 M,,Al Dept Of Env Mgt,HIGHEST CONCENTRATION,,,2,
2022-07-01,011179001,1,16.8,Parts per billion,23,"Lhoist, Montevallo Plant",23,96,42401,Sulfur dioxide,100,INSTRUMENTAL - ULTRAVIOLET FLUORESCENCE,13820,"Birmingham-Hoover, AL",33.0928,-86.8072,POINT,1,MIDDLE SCALE,100 M TO 500 M,,Al Dept Of Env Mgt,HIGHEST CONCENTRATION,,,2,
2022-07-02,011179001,1,1,Parts per billion,1,"Lhoist, Montevallo Plant",23,96,42401,Sulfur dioxide,100,INSTRUMENTAL - ULTRAVIOLET FLUORESCENCE,13820,"Birmingham-Hoover, AL",33.0928,-86.8072,POINT,1,MIDDLE SCALE,100 M TO 500 M,,Al Dept Of Env Mgt,HIGHEST CONCENTRATION,,,2,
2022-07-03,011179001,1,1,Parts per billion,1,"Lhoist, Montevallo Plant",23,96,42401,Sulfur dioxide,100,INSTRUMENTAL - ULTRAVIOLET FLUORESCENCE,13820,"Birmingham-Hoover, AL",33.0928,-86.8072,POINT,1,MIDDLE SCALE,100 M TO 500 M,,Al Dept Of Env Mgt,HIGHEST CONCENTRATION,,,2,
2022-07-04,011179001,1,27.2,Parts per billion,39,"Lhoist, Montevallo Plant",23,96,42401,Sulfur dioxide,100,INSTRUMENTAL - ULTRAVIOLET FLUORESCENCE,13820,"Birmingham-Hoover, AL",33.0928,-86.8072,POINT,1,MIDDLE SCALE,100 M TO 500 M,,Al Dept Of Env Mgt,HIGHEST CONCENTRATION,,,2,
2022-07-05,011179001,1,6.2,Parts per billion,9,"Lhoist, Montevallo Plant",22,92,42401,Sulfur dioxide,100,INSTRUMENTAL - ULTRAVIOLET FLUORESCENCE,13820,"Birmingham-Hoover, AL",33.0928,-86.8072,POINT,1,MIDDLE SCALE,100 M TO 500 M,,Al Dept Of Env Mgt,HIGHEST CONCENTRATION,,,2,
2022-07-06,011179001,1,1.2,Parts per billion,1,"Lhoist, Montevallo Plant",23,96,42401,Sulfur dioxide,100,INSTRUMENTAL - ULTRAVIOLET FLUORESCENCE,13820,"Birmingham-Hoover, AL",33.0928,-86.8072,POINT,1,MIDDLE SCALE,100 M TO 500 M,,Al Dept Of Env Mgt,HIGHEST CONCENTRATION,,,2,
2022-07-07,011179001,1,1.3,Parts per billion,1,"Lhoist, Montevallo Plant",23,96,42401,Sulfur dioxide,100,INSTRUMENTAL - ULTRAVIOLET FLUORESCENCE,13820,"Birmingham-Hoover, AL",33.0928,-86.8072,POINT,1,MIDDLE SCALE,100 M TO 500 M,,Al Dept Of Env Mgt,HIGHEST CONCENTRATION,,,2,
2022-07-08,011179001,1,3.3,Parts per billion,4,"Lhoist, Montevallo Plant",23,96,42401,Sulfur dioxide,100,INSTRUMENTAL - ULTRAVIOLET FLUORESCENCE,13820,"Birmingham-Hoover, AL",33.0928,-86.8072,POINT,1,MIDDLE SCALE,100 M TO 500 M,,Al Dept Of Env Mgt,HIGHEST CONCENTRATION,,,2,
2022-07-09,011179001,1,1.8,Parts per billion,1,"Lhoist, Montevallo Plant",23,96,42401,Sulfur dioxide,100,INSTRUMENTAL - ULTRAVIOLET FLUORESCENCE,13820,"Birmingham-Hoover, AL",33.0928,-86.8072,POINT,1,MIDDLE SCALE,100 M TO 500 M,,Al Dept Of Env Mgt,HIGHEST CONCENTRATION,,,2,
2022-07-10,011179001,1,1,Parts per billion,1,"Lhoist, Montevallo Plant",23,96,42401,Sulfur dioxide,100,INSTRUMENTAL - ULTRAVIOLET FLUORESCENCE,13820,"Birmingham-Hoover, AL",33.0928,-86.8072,POINT,1,MIDDLE SCALE,100 M TO 500 M,,Al Dept Of Env Mgt,HIGHEST CONCENTRATION,,,2,
2022-07-11,011179001,1,1.6,Parts per billion,1,"Lhoist, Montevallo Plant",23,96,42401,Sulfur dioxide,100,INSTRUMENTAL - ULTRAVIOLET FLUORESCENCE,13820,"Birmingham-Hoover, AL",33.0928,-86.8072,POINT,1,MIDDLE SCALE,100 M TO 500 M,,Al Dept Of Env Mgt,HIGHEST CONCENTRATION,,,2,
2022-07-12,011179001,1,8.7,Parts per billion,11,"Lhoist, Montevallo Plant",23,96,42401,Sulfur dioxide,100,INSTRUMENTAL - ULTRAVIOLET FLUORESCENCE,13820,"Birmingham-Hoover, AL",33.0928,-86.8072,POINT,1,MIDDLE SCALE,100 M TO 500 M,,Al Dept Of Env Mgt,HIGHEST CONCENTRATION,,,2,
2022-07-13,011179001,1,1.2,Parts per billion,1,"Lhoist, Montevallo Plant",23,96,42401,Sulfur dioxide,100,INSTRUMENTAL - ULTRAVIOLET FLUORESCENCE,13820,"Birmingham-Hoover, AL",33.0928,-86.8072,POINT,1,MIDDLE SCALE,100 M TO 500 M,,Al Dept Of Env Mgt,HIGHEST CONCENTRATION,,,2,
2022-07-14,011179001,1,9.3,Parts per billion,13,"Lhoist, Montevallo Plant",23,96,42401,Sulfur dioxide,100,INSTRUMENTAL - ULTRAVIOLET FLUORESCENCE,13820,"Birmingham-Hoover, AL",33.0928,-86.8072,POINT,1,MIDDLE SCALE,100 M TO 500 M,,Al Dept Of Env Mgt,HIGHEST CONCENTRATION,,,2,
2022-07-15,011179001,1,10.3,Parts per billion,14,"Lhoist, Montevallo Plant",22,92,42401,Sulfur dioxide,100,INSTRUMENTAL - ULTRAVIOLET FLUORESCENCE,13820,"Birmingham-Hoover, AL",33.0928,-86.8072,POINT,1,MIDDLE SCALE,100 M TO 500 M,,Al Dept Of Env Mgt,HIGHEST CONCENTRATION,,,2,
2022-07-16,011179001,1,7.1,Parts per billion,10,"Lhoist, Montevallo Plant",23,96,42401,Sulfur dioxide,100,INSTRUMENTAL - ULTRAVIOLET FLUORESCENCE,13820,"Birmingham-Hoover, AL",33.0928,-86.8072,POINT,1,MIDDLE SCALE,100 M TO 500 M,,Al Dept Of Env Mgt,HIGHEST CONCENTRATION,,,2,
2022-07-17,011179001,1,1.2,Parts per billion,1,"Lhoist, Montevallo Plant",23,96,42401,Sulfur dioxide,100,INSTRUMENTAL - ULTRAVIOLET FLUORESCENCE,13820,"Birmingham-Hoover, AL",33.0928,-86.8072,POINT,1,MIDDLE SCALE,100 M TO 500 M,,Al Dept Of Env Mgt,HIGHEST CONCENTRATION,,,2,
2022-07-19,011179001,1,1.3,Parts per billion,1,"Lhoist, Montevallo Plant",23,96,42401,Sulfur dioxide,100,INSTRUMENTAL - ULTRAVIOLET FLUORESCENCE,13820,"Birmingham-Hoover, AL",33.0928,-86.8072,POINT,1,MIDDLE SCALE,100 M TO 500 M,,Al Dept Of Env Mgt,HIGHEST CONCENTRATION,,,2,
2022-07-18,011179001,1,1.2,Parts per billion,1,"Lhoist, Montevallo Plant",23,96,42401,Sulfur dioxide,100,INSTRUMENTAL - ULTRAVIOLET FLUORESCENCE,13820,"Birmingham-Hoover, AL",33.0928,-86.8072,POINT,1,MIDDLE SCALE,100 M TO 500 M,,Al Dept Of Env Mgt,HIGHEST CONCENTRATION,,,2,
2022-07-20,011179001,1,1.6,Parts per billion,1,"Lhoist, Montevallo Plant",23,96,42401,Sulfur dioxide,100,INSTRUMENTAL - ULTRAVIOLET FLUORESCENCE,13820,"Birmingham-Hoover, AL",33.0928,-86.8072,POINT,1,MIDDLE SCALE,100 M TO 500 M,,Al Dept Of Env Mgt,HIGHEST CONCENTRATION,,,2,
2022-07-21,011179001,1,1.4,Parts per billion,1,"Lhoist, Montevallo Plant",23,96,42401,Sulfur dioxide,100,INSTRUMENTAL - ULTRAVIOLET FLUORESCENCE,13820,"Birmingham-Hoover, AL",33.0928,-86.8072,POINT,1,MIDDLE SCALE,100 M TO 500 M,,Al Dept Of Env Mgt,HIGHEST CONCENTRATION,,,2,
2022-07-22,011179001,1,1.3,Parts per billion,1,"Lhoist, Montevallo Plant",23,96,42401,Sulfur dioxide,100,INSTRUMENTAL - ULTRAVIOLET FLUORESCENCE,13820,"Birmingham-Hoover, AL",33.0928,-86.8072,POINT,1,MIDDLE SCALE,100 M TO 500 M,,Al Dept Of Env Mgt,HIGHEST CONCENTRATION,,,2,
2022-07-23,011179001,1,3,Parts per billion,4,"Lhoist, Montevallo Plant",23,96,42401,Sulfur dioxide,100,INSTRUMENTAL - ULTRAVIOLET FLUORESCENCE,13820,"Birmingham-Hoover, AL",33.0928,-86.8072,POINT,1,MIDDLE SCALE,100 M TO 500 M,,Al Dept Of Env Mgt,HIGHEST CONCENTRATION,,,2,
2022-07-24,011179001,1,1.2,Parts per billion,1,"Lhoist, Montevallo Plant",23,96,42401,Sulfur dioxide,100,INSTRUMENTAL - ULTRAVIOLET FLUORESCENCE,13820,"Birmingham-Hoover, AL",33.0928,-86.8072,POINT,1,MIDDLE SCALE,100 M TO 500 M,,Al Dept Of Env Mgt,HIGHEST CONCENTRATION,,,2,
2022-07-25,011179001,1,1.4,Parts per billion,1,"Lhoist, Montevallo Plant",22,92,42401,Sulfur dioxide,100,INSTRUMENTAL - ULTRAVIOLET FLUORESCENCE,13820,"Birmingham-Hoover, AL",33.0928,-86.8072,POINT,1,MIDDLE SCALE,100 M TO 500 M,,Al Dept Of Env Mgt,HIGHEST CONCENTRATION,,,2,
2022-07-26,011179001,1,1.2,Parts per billion,1,"Lhoist, Montevallo Plant",23,96,42401,Sulfur dioxide,100,INSTRUMENTAL - ULTRAVIOLET FLUORESCENCE,13820,"Birmingham-Hoover, AL",33.0928,-86.8072,POINT,1,MIDDLE SCALE,100 M TO 500 M,,Al Dept Of Env Mgt,HIGHEST CONCENTRATION,,,2,
2022-07-27,011179001,1,1.3,Parts per billion,1,"Lhoist, Montevallo Plant",23,96,42401,Sulfur dioxide,100,INSTRUMENTAL - ULTRAVIOLET FLUORESCENCE,13820,"Birmingham-Hoover, AL",33.0928,-86.8072,POINT,1,MIDDLE SCALE,100 M TO 500 M,,Al Dept Of Env Mgt,HIGHEST CONCENTRATION,,,2,
2022-07-28,011179001,1,1.3,Parts per billion,1,"Lhoist, Montevallo Plant",23,96,42401,Sulfur dioxide,100,INSTRUMENTAL - ULTRAVIOLET FLUORESCENCE,13820,"Birmingham-Hoover, AL",33.0928,-86.8072,POINT,1,MIDDLE SCALE,100 M TO 500 M,,Al Dept Of Env Mgt,HIGHEST CONCENTRATION,,,2,
2022-07-29,011179001,1,1.3,Parts per billion,1,"Lhoist, Montevallo Plant",23,96,42401,Sulfur dioxide,100,INSTRUMENTAL - ULTRAVIOLET FLUORESCENCE,13820,"Birmingham-Hoover, AL",33.0928,-86.8072,POINT,1,MIDDLE SCALE,100 M TO 500 M,,Al Dept Of Env Mgt,HIGHEST CONCENTRATION,,,2,
2022-07-30,011179001,1,1.3,Parts per billion,1,"Lhoist, Montevallo Plant",23,96,42401,Sulfur dioxide,100,INSTRUMENTAL - ULTRAVIOLET FLUORESCENCE,13820,"Birmingham-Hoover, AL",33.0928,-86.8072,POINT,1,MIDDLE SCALE,100 M TO 500 M,,Al Dept Of Env Mgt,HIGHEST CONCENTRATION,,,2,
2022-07-31,011179001,1,1.3,Parts per billion,1,"Lhoist, Montevallo Plant",23,96,42401,Sulfur dioxide,100,INSTRUMENTAL - ULTRAVIOLET FLUORESCENCE,13820,"Birmingham-Hoover, AL",33.0928,-86.8072,POINT,1,MIDDLE SCALE,100 M TO 500 M,,Al Dept Of Env Mgt,HIGHEST CONCENTRATION,,,2,
2022-08-01,011179001,1,1.8,Parts per billion,1,"Lhoist, Montevallo Plant",22,92,42401,Sulfur dioxide,100,INSTRUMENTAL - ULTRAVIOLET FLUORESCENCE,13820,"Birmingham-Hoover, AL",33.0928,-86.8072,POINT,1,MIDDLE SCALE,100 M TO 500 M,,Al Dept Of Env Mgt,HIGHEST CONCENTRATION,,,2,
2022-08-02,011179001,1,2.2,Parts per billion,3,"Lhoist, Montevallo Plant",23,96,42401,Sulfur dioxide,100,INSTRUMENTAL - ULTRAVIOLET FLUORESCENCE,13820,"Birmingham-Hoover, AL",33.0928,-86.8072,POINT,1,MIDDLE SCALE,100 M TO 500 M,,Al Dept Of Env Mgt,HIGHEST CONCENTRATION,,,2,
2022-08-03,011179001,1,14.5,Parts per billion,20,"Lhoist, Montevallo Plant",23,96,42401,Sulfur dioxide,100,INSTRUMENTAL - ULTRAVIOLET FLUORESCENCE,13820,"Birmingham-Hoover, AL",33.0928,-86.8072,POINT,1,MIDDLE SCALE,100 M TO 500 M,,Al Dept Of Env Mgt,HIGHEST CONCENTRATION,,,2,
2022-08-04,011179001,1,1.6,Parts per billion,1,"Lhoist, Montevallo Plant",23,96,42401,Sulfur dioxide,100,INSTRUMENTAL - ULTRAVIOLET FLUORESCENCE,13820,"Birmingham-Hoover, AL",33.0928,-86.8072,POINT,1,MIDDLE SCALE,100 M TO 500 M,,Al Dept Of Env Mgt,HIGHEST CONCENTRATION,,,2,
2022-08-05,011179001,1,11.6,Parts per billion,16,"Lhoist, Montevallo Plant",23,96,42401,Sulfur dioxide,100,INSTRUMENTAL - ULTRAVIOLET FLUORESCENCE,13820,"Birmingham-Hoover, AL",33.0928,-86.8072,POINT,1,MIDDLE SCALE,100 M TO 500 M,,Al Dept Of Env Mgt,HIGHEST CONCENTRATION,,,2,
2022-08-06,011179001,1,2.1,Parts per billion,3,"Lhoist, Montevallo Plant",23,96,42401,Sulfur dioxide,100,INSTRUMENTAL - ULTRAVIOLET FLUORESCENCE,13820,"Birmingham-Hoover, AL",33.0928,-86.8072,POINT,1,MIDDLE SCALE,100 M TO 500 M,,Al Dept Of Env Mgt,HIGHEST CONCENTRATION,,,2,
2022-08-07,011179001,1,4.7,Parts per billion,6,"Lhoist, Montevallo Plant",23,96,42401,Sulfur dioxide,100,INSTRUMENTAL - ULTRAVIOLET FLUORESCENCE,13820,"Birmingham-Hoover, AL",33.0928,-86.8072,POINT,1,MIDDLE SCALE,100 M TO 500 M,,Al Dept Of Env Mgt,HIGHEST CONCENTRATION,,,2,
2022-08-08,011179001,1,12.1,Parts per billion,17,"Lhoist, Montevallo Plant",23,96,42401,Sulfur dioxide,100,INSTRUMENTAL - ULTRAVIOLET FLUORESCENCE,13820,"Birmingham-Hoover, AL",33.0928,-86.8072,POINT,1,MIDDLE SCALE,100 M TO 500 M,,Al Dept Of Env Mgt,HIGHEST CONCENTRATION,,,2,
2022-08-10,011179001,1,1.3,Parts per billion,1,"Lhoist, Montevallo Plant",23,96,42401,Sulfur dioxide,100,INSTRUMENTAL - ULTRAVIOLET FLUORESCENCE,13820,"Birmingham-Hoover, AL",33.0928,-86.8072,POINT,1,MIDDLE SCALE,100 M TO 500 M,,Al Dept Of Env Mgt,HIGHEST CONCENTRATION,,,2,
2022-08-09,011179001,1,1.7,Parts per billion,1,"Lhoist, Montevallo Plant",23,96,42401,Sulfur dioxide,100,INSTRUMENTAL - ULTRAVIOLET FLUORESCENCE,13820,"Birmingham-Hoover, AL",33.0928,-86.8072,POINT,1,MIDDLE SCALE,100 M TO 500 M,,Al Dept Of Env Mgt,HIGHEST CONCENTRATION,,,2,
2022-08-11,011179001,1,1.5,Parts per billion,1,"Lhoist, Montevallo Plant",17,71,42401,Sulfur dioxide,100,INSTRUMENTAL - ULTRAVIOLET FLUORESCENCE,13820,"Birmingham-Hoover, AL",33.0928,-86.8072,POINT,1,MIDDLE SCALE,100 M TO 500 M,,Al Dept Of Env Mgt,HIGHEST CONCENTRATION,,,2,
2022-08-12,011179001,1,0.7,Parts per billion,0,"Lhoist, Montevallo Plant",23,96,42401,Sulfur dioxide,100,INSTRUMENTAL - ULTRAVIOLET FLUORESCENCE,13820,"Birmingham-Hoover, AL",33.0928,-86.8072,POINT,1,MIDDLE SCALE,100 M TO 500 M,,Al Dept Of Env Mgt,HIGHEST CONCENTRATION,,,2,
2022-08-13,011179001,1,15,Parts per billion,21,"Lhoist, Montevallo Plant",23,96,42401,Sulfur dioxide,100,INSTRUMENTAL - ULTRAVIOLET FLUORESCENCE,13820,"Birmingham-Hoover, AL",33.0928,-86.8072,POINT,1,MIDDLE SCALE,100 M TO 500 M,,Al Dept Of Env Mgt,HIGHEST CONCENTRATION,,,2,
2022-08-14,011179001,1,0.2,Parts per billion,0,"Lhoist, Montevallo Plant",23,96,42401,Sulfur dioxide,100,INSTRUMENTAL - ULTRAVIOLET FLUORESCENCE,13820,"Birmingham-Hoover, AL",33.0928,-86.8072,POINT,1,MIDDLE SCALE,100 M TO 500 M,,Al Dept Of Env Mgt,HIGHEST CONCENTRATION,,,2,
2022-08-15,011179001,1,0.4,Parts per billion,0,"Lhoist, Montevallo Plant",23,96,42401,Sulfur dioxide,100,INSTRUMENTAL - ULTRAVIOLET FLUORESCENCE,13820,"Birmingham-Hoover, AL",33.0928,-86.8072,POINT,1,MIDDLE SCALE,100 M TO 500 M,,Al Dept Of Env Mgt,HIGHEST CONCENTRATION,,,2,
2022-08-16,011179001,1,0.8,Parts per billion,0,"Lhoist, Montevallo Plant",23,96,42401,Sulfur dioxide,100,INSTRUMENTAL - ULTRAVIOLET FLUORESCENCE,13820,"Birmingham-Hoover, AL",33.0928,-86.8072,POINT,1,MIDDLE SCALE,100 M TO 500 M,,Al Dept Of Env Mgt,HIGHEST CONCENTRATION,,,2,
2022-08-17,011179001,1,0.3,Parts per billion,0,"Lhoist, Montevallo Plant",23,96,42401,Sulfur dioxide,100,INSTRUMENTAL - ULTRAVIOLET FLUORESCENCE,13820,"Birmingham-Hoover, AL",33.0928,-86.8072,POINT,1,MIDDLE SCALE,100 M TO 500 M,,Al Dept Of Env Mgt,HIGHEST CONCENTRATION,,,2,
2022-08-18,011179001,1,2.4,Parts per billion,3,"Lhoist, Montevallo Plant",23,96,42401,Sulfur dioxide,100,INSTRUMENTAL - ULTRAVIOLET FLUORESCENCE,13820,"Birmingham-Hoover, AL",33.0928,-86.8072,POINT,1,MIDDLE SCALE,100 M TO 500 M,,Al Dept Of Env Mgt,HIGHEST CONCENTRATION,,,2,
2022-08-19,011179001,1,0.7,Parts per billion,0,"Lhoist, Montevallo Plant",22,92,42401,Sulfur dioxide,100,INSTRUMENTAL - ULTRAVIOLET FLUORESCENCE,13820,"Birmingham-Hoover, AL",33.0928,-86.8072,POINT,1,MIDDLE SCALE,100 M TO 500 M,,Al Dept Of Env Mgt,HIGHEST CONCENTRATION,,,2,
2022-08-20,011179001,1,0.2,Parts per billion,0,"Lhoist, Montevallo Plant",23,96,42401,Sulfur dioxide,100,INSTRUMENTAL - ULTRAVIOLET FLUORESCENCE,13820,"Birmingham-Hoover, AL",33.0928,-86.8072,POINT,1,MIDDLE SCALE,100 M TO 500 M,,Al Dept Of Env Mgt,HIGHEST CONCENTRATION,,,2,
2022-08-21,011179001,1,0.2,Parts per billion,0,"Lhoist, Montevallo Plant",23,96,42401,Sulfur dioxide,100,INSTRUMENTAL - ULTRAVIOLET FLUORESCENCE,13820,"Birmingham-Hoover, AL",33.0928,-86.8072,POINT,1,MIDDLE SCALE,100 M TO 500 M,,Al Dept Of Env Mgt,HIGHEST CONCENTRATION,,,2,
2022-08-23,011179001,1,0.3,Parts per billion,0,"Lhoist, Montevallo Plant",23,96,42401,Sulfur dioxide,100,INSTRUMENTAL - ULTRAVIOLET FLUORESCENCE,13820,"Birmingham-Hoover, AL",33.0928,-86.8072,POINT,1,MIDDLE SCALE,100 M TO 500 M,,Al Dept Of Env Mgt,HIGHEST CONCENTRATION,,,2,
2022-08-22,011179001,1,0.3,Parts per billion,0,"Lhoist, Montevallo Plant",23,96,42401,Sulfur dioxide,100,INSTRUMENTAL - ULTRAVIOLET FLUORESCENCE,13820,"Birmingham-Hoover, AL",33.0928,-86.8072,POINT,1,MIDDLE SCALE,100 M TO 500 M,,Al Dept Of Env Mgt,HIGHEST CONCENTRATION,,,2,
2022-08-24,011179001,1,0.3,Parts per billion,0,"Lhoist, Montevallo Plant",23,96,42401,Sulfur dioxide,100,INSTRUMENTAL - ULTRAVIOLET FLUORESCENCE,13820,"Birmingham-Hoover, AL",33.0928,-86.8072,POINT,1,MIDDLE SCALE,100 M TO 500 M,,Al Dept Of Env Mgt,HIGHEST CONCENTRATION,,,2,
2022-08-25,011179001,1,0.3,Parts per billion,0,"Lhoist, Montevallo Plant",22,92,42401,Sulfur dioxide,100,INSTRUMENTAL - ULTRAVIOLET FLUORESCENCE,13820,"Birmingham-Hoover, AL",33.0928,-86.8072,POINT,1,MIDDLE SCALE,100 M TO 500 M,,Al Dept Of Env Mgt,HIGHEST CONCENTRATION,,,2,
2022-08-26,011179001,1,0.4,Parts per billion,0,"Lhoist, Montevallo Plant",23,96,42401,Sulfur dioxide,100,INSTRUMENTAL - ULTRAVIOLET FLUORESCENCE,13820,"Birmingham-Hoover, AL",33.0928,-86.8072,POINT,1,MIDDLE SCALE,100 M TO 500 M,,Al Dept Of Env Mgt,HIGHEST CONCENTRATION,,,2,
2022-08-27,011179001,1,24.2,Parts per billion,34,"Lhoist, Montevallo Plant",23,96,42401,Sulfur dioxide,100,INSTRUMENTAL - ULTRAVIOLET FLUORESCENCE,13820,"Birmingham-Hoover, AL",33.0928,-86.8072,POINT,1,MIDDLE SCALE,100 M TO 500 M,,Al Dept Of Env Mgt,HIGHEST CONCENTRATION,,,2,
2022-08-28,011179001,1,0.5,Parts per billion,0,"Lhoist, Montevallo Plant",2,8,42401,Sulfur dioxide,100,INSTRUMENTAL - ULTRAVIOLET FLUORESCENCE,13820,"Birmingham-Hoover, AL",33.0928,-86.8072,POINT,1,MIDDLE SCALE,100 M TO 500 M,,Al Dept Of Env Mgt,HIGHEST CONCENTRATION,,,2,
2022-08-30,011179001,1,0.4,Parts per billion,0,"Lhoist, Montevallo Plant",10,42,42401,Sulfur dioxide,100,INSTRUMENTAL - ULTRAVIOLET FLUORESCENCE,13820,"Birmingham-Hoover, AL",33.0928,-86.8072,POINT,1,MIDDLE SCALE,100 M TO 500 M,,Al Dept Of Env Mgt,HIGHEST CONCENTRATION,,,2,
2022-08-31,011179001,1,1,Parts per billion,1,"Lhoist, Montevallo Plant",23,96,42401,Sulfur dioxide,100,INSTRUMENTAL - ULTRAVIOLET FLUORESCENCE,13820,"Birmingham-Hoover, AL",33.0928,-86.8072,POINT,1,MIDDLE SCALE,100 M TO 500 M,,Al Dept Of Env Mgt,HIGHEST CONCENTRATION,,,2,
2022-09-02,011179001,1,3,Parts per billion,4,"Lhoist, Montevallo Plant",23,96,42401,Sulfur dioxide,100,INSTRUMENTAL - ULTRAVIOLET FLUORESCENCE,13820,"Birmingham-Hoover, AL",33.0928,-86.8072,POINT,1,MIDDLE SCALE,100 M TO 500 M,,Al Dept Of Env Mgt,HIGHEST CONCENTRATION,,,2,
2022-09-01,011179001,1,15,Parts per billion,21,"Lhoist, Montevallo Plant",23,96,42401,Sulfur dioxide,100,INSTRUMENTAL - ULTRAVIOLET FLUORESCENCE,13820,"Birmingham-Hoover, AL",33.0928,-86.8072,POINT,1,MIDDLE SCALE,100 M TO 500 M,,Al Dept Of Env Mgt,HIGHEST CONCENTRATION,,,2,
2022-09-03,011179001,1,2.6,Parts per billion,3,"Lhoist, Montevallo Plant",23,96,42401,Sulfur dioxide,100,INSTRUMENTAL - ULTRAVIOLET FLUORESCENCE,13820,"Birmingham-Hoover, AL",33.0928,-86.8072,POINT,1,MIDDLE SCALE,100 M TO 500 M,,Al Dept Of Env Mgt,HIGHEST CONCENTRATION,,,2,
2022-09-04,011179001,1,0.9,Parts per billion,0,"Lhoist, Montevallo Plant",23,96,42401,Sulfur dioxide,100,INSTRUMENTAL - ULTRAVIOLET FLUORESCENCE,13820,"Birmingham-Hoover, AL",33.0928,-86.8072,POINT,1,MIDDLE SCALE,100 M TO 500 M,,Al Dept Of Env Mgt,HIGHEST CONCENTRATION,,,2,
2022-09-05,011179001,1,0.3,Parts per billion,0,"Lhoist, Montevallo Plant",23,96,42401,Sulfur dioxide,100,INSTRUMENTAL - ULTRAVIOLET FLUORESCENCE,13820,"Birmingham-Hoover, AL",33.0928,-86.8072,POINT,1,MIDDLE SCALE,100 M TO 500 M,,Al Dept Of Env Mgt,HIGHEST CONCENTRATION,,,2,
2022-09-06,011179001,1,0.4,Parts per billion,0,"Lhoist, Montevallo Plant",23,96,42401,Sulfur dioxide,100,INSTRUMENTAL - ULTRAVIOLET FLUORESCENCE,13820,"Birmingham-Hoover, AL",33.0928,-86.8072,POINT,1,MIDDLE SCALE,100 M TO 500 M,,Al Dept Of Env Mgt,HIGHEST CONCENTRATION,,,2,
2022-09-07,011179001,1,0.5,Parts per billion,0,"Lhoist, Montevallo Plant",22,92,42401,Sulfur dioxide,100,INSTRUMENTAL - ULTRAVIOLET FLUORESCENCE,13820,"Birmingham-Hoover, AL",33.0928,-86.8072,POINT,1,MIDDLE SCALE,100 M TO 500 M,,Al Dept Of Env Mgt,HIGHEST CONCENTRATION,,,2,
2022-09-08,011179001,1,1.2,Parts per billion,1,"Lhoist, Montevallo Plant",23,96,42401,Sulfur dioxide,100,INSTRUMENTAL - ULTRAVIOLET FLUORESCENCE,13820,"Birmingham-Hoover, AL",33.0928,-86.8072,POINT,1,MIDDLE SCALE,100 M TO 500 M,,Al Dept Of Env Mgt,HIGHEST CONCENTRATION,,,2,
2022-09-09,011179001,1,58.7,Parts per billion,79,"Lhoist, Montevallo Plant",23,96,42401,Sulfur dioxide,100,INSTRUMENTAL - ULTRAVIOLET FLUORESCENCE,13820,"Birmingham-Hoover, AL",33.0928,-86.8072,POINT,1,MIDDLE SCALE,100 M TO 500 M,,Al Dept Of Env Mgt,HIGHEST CONCENTRATION,,,2,
2022-09-10,011179001,1,5.1,Parts per billion,7,"Lhoist, Montevallo Plant",23,96,42401,Sulfur dioxide,100,INSTRUMENTAL - ULTRAVIOLET FLUORESCENCE,13820,"Birmingham-Hoover, AL",33.0928,-86.8072,POINT,1,MIDDLE SCALE,100 M TO 500 M,,Al Dept Of Env Mgt,HIGHEST CONCENTRATION,,,2,
2022-09-11,011179001,1,0.4,Parts per billion,0,"Lhoist, Montevallo Plant",23,96,42401,Sulfur dioxide,100,INSTRUMENTAL - ULTRAVIOLET FLUORESCENCE,13820,"Birmingham-Hoover, AL",33.0928,-86.8072,POINT,1,MIDDLE SCALE,100 M TO 500 M,,Al Dept Of Env Mgt,HIGHEST CONCENTRATION,,,2,
2022-09-12,011179001,1,0.5,Parts per billion,0,"Lhoist, Montevallo Plant",22,92,42401,Sulfur dioxide,100,INSTRUMENTAL - ULTRAVIOLET FLUORESCENCE,13820,"Birmingham-Hoover, AL",33.0928,-86.8072,POINT,1,MIDDLE SCALE,100 M TO 500 M,,Al Dept Of Env Mgt,HIGHEST CONCENTRATION,,,2,
2022-09-13,011179001,1,1.2,Parts per billion,1,"Lhoist, Montevallo Plant",23,96,42401,Sulfur dioxide,100,INSTRUMENTAL - ULTRAVIOLET FLUORESCENCE,13820,"Birmingham-Hoover, AL",33.0928,-86.8072,POINT,1,MIDDLE SCALE,100 M TO 500 M,,Al Dept Of Env Mgt,HIGHEST CONCENTRATION,,,2,
2022-09-14,011179001,1,1.5,Parts per billion,1,"Lhoist, Montevallo Plant",23,96,42401,Sulfur dioxide,100,INSTRUMENTAL - ULTRAVIOLET FLUORESCENCE,13820,"Birmingham-Hoover, AL",33.0928,-86.8072,POINT,1,MIDDLE SCALE,100 M TO 500 M,,Al Dept Of Env Mgt,HIGHEST CONCENTRATION,,,2,
2022-09-16,011179001,1,13.8,Parts per billion,19,"Lhoist, Montevallo Plant",23,96,42401,Sulfur dioxide,100,INSTRUMENTAL - ULTRAVIOLET FLUORESCENCE,13820,"Birmingham-Hoover, AL",33.0928,-86.8072,POINT,1,MIDDLE SCALE,100 M TO 500 M,,Al Dept Of Env Mgt,HIGHEST CONCENTRATION,,,2,
2022-09-15,011179001,1,42.8,Parts per billion,59,"Lhoist, Montevallo Plant",23,96,42401,Sulfur dioxide,100,INSTRUMENTAL - ULTRAVIOLET FLUORESCENCE,13820,"Birmingham-Hoover, AL",33.0928,-86.8072,POINT,1,MIDDLE SCALE,100 M TO 500 M,,Al Dept Of Env Mgt,HIGHEST CONCENTRATION,,,2,
2022-09-17,011179001,1,24.5,Parts per billion,34,"Lhoist, Montevallo Plant",23,96,42401,Sulfur dioxide,100,INSTRUMENTAL - ULTRAVIOLET FLUORESCENCE,13820,"Birmingham-Hoover, AL",33.0928,-86.8072,POINT,1,MIDDLE SCALE,100 M TO 500 M,,Al Dept Of Env Mgt,HIGHEST CONCENTRATION,,,2,
2022-09-18,011179001,1,21,Parts per billion,30,"Lhoist, Montevallo Plant",23,96,42401,Sulfur dioxide,100,INSTRUMENTAL - ULTRAVIOLET FLUORESCENCE,13820,"Birmingham-Hoover, AL",33.0928,-86.8072,POINT,1,MIDDLE SCALE,100 M TO 500 M,,Al Dept Of Env Mgt,HIGHEST CONCENTRATION,,,2,
2022-09-19,011179001,1,1.1,Parts per billion,1,"Lhoist, Montevallo Plant",21,88,42401,Sulfur dioxide,100,INSTRUMENTAL - ULTRAVIOLET FLUORESCENCE,13820,"Birmingham-Hoover, AL",33.0928,-86.8072,POINT,1,MIDDLE SCALE,100 M TO 500 M,,Al Dept Of Env Mgt,HIGHEST CONCENTRATION,,,2,
2022-09-20,011179001,1,1.2,Parts per billion,1,"Lhoist, Montevallo Plant",23,96,42401,Sulfur dioxide,100,INSTRUMENTAL - ULTRAVIOLET FLUORESCENCE,13820,"Birmingham-Hoover, AL",33.0928,-86.8072,POINT,1,MIDDLE SCALE,100 M TO 500 M,,Al Dept Of Env Mgt,HIGHEST CONCENTRATION,,,2,
2022-09-21,011179001,1,15.8,Parts per billion,21,"Lhoist, Montevallo Plant",23,96,42401,Sulfur dioxide,100,INSTRUMENTAL - ULTRAVIOLET FLUORESCENCE,13820,"Birmingham-Hoover, AL",33.0928,-86.8072,POINT,1,MIDDLE SCALE,100 M TO 500 M,,Al Dept Of Env Mgt,HIGHEST CONCENTRATION,,,2,
2022-09-22,011179001,1,1.2,Parts per billion,1,"Lhoist, Montevallo Plant",23,96,42401,Sulfur dioxide,100,INSTRUMENTAL - ULTRAVIOLET FLUORESCENCE,13820,"Birmingham-Hoover, AL",33.0928,-86.8072,POINT,1,MIDDLE SCALE,100 M TO 500 M,,Al Dept Of Env Mgt,HIGHEST CONCENTRATION,,,2,
2022-09-23,011179001,1,26,Parts per billion,37,"Lhoist, Montevallo Plant",23,96,42401,Sulfur dioxide,100,INSTRUMENTAL - ULTRAVIOLET FLUORESCENCE,13820,"Birmingham-Hoover, AL",33.0928,-86.8072,POINT,1,MIDDLE SCALE,100 M TO 500 M,,Al Dept Of Env Mgt,HIGHEST CONCENTRATION,,,2,
2022-09-24,011179001,1,34.8,Parts per billion,49,"Lhoist, Montevallo Plant",23,96,42401,Sulfur dioxide,100,INSTRUMENTAL - ULTRAVIOLET FLUORESCENCE,13820,"Birmingham-Hoover, AL",33.0928,-86.8072,POINT,1,MIDDLE SCALE,100 M TO 500 M,,Al Dept Of Env Mgt,HIGHEST CONCENTRATION,,,2,
2022-09-25,011179001,1,1,Parts per billion,1,"Lhoist, Montevallo Plant",23,96,42401,Sulfur dioxide,100,INSTRUMENTAL - ULTRAVIOLET FLUORESCENCE,13820,"Birmingham-Hoover, AL",33.0928,-86.8072,POINT,1,MIDDLE SCALE,100 M TO 500 M,,Al Dept Of Env Mgt,HIGHEST CONCENTRATION,,,2,
2022-09-26,011179001,1,1.4,Parts per billion,1,"Lhoist, Montevallo Plant",23,96,42401,Sulfur dioxide,100,INSTRUMENTAL - ULTRAVIOLET FLUORESCENCE,13820,"Birmingham-Hoover, AL",33.0928,-86.8072,POINT,1,MIDDLE SCALE,100 M TO 500 M,,Al Dept Of Env Mgt,HIGHEST CONCENTRATION,,,2,
2022-09-27,011179001,1,1.6,Parts per billion,1,"Lhoist, Montevallo Plant",22,92,42401,Sulfur dioxide,100,INSTRUMENTAL - ULTRAVIOLET FLUORESCENCE,13820,"Birmingham-Hoover, AL",33.0928,-86.8072,POINT,1,MIDDLE SCALE,100 M TO 500 M,,Al Dept Of Env Mgt,HIGHEST CONCENTRATION,,,2,
2022-09-28,011179001,1,1.9,Parts per billion,1,"Lhoist, Montevallo Plant",23,96,42401,Sulfur dioxide,100,INSTRUMENTAL - ULTRAVIOLET FLUORESCENCE,13820,"Birmingham-Hoover, AL",33.0928,-86.8072,POINT,1,MIDDLE SCALE,100 M TO 500 M,,Al Dept Of Env Mgt,HIGHEST CONCENTRATION,,,2,
2022-09-29,011179001,1,1.1,Parts per billion,1,"Lhoist, Montevallo Plant",23,96,42401,Sulfur dioxide,100,INSTRUMENTAL - ULTRAVIOLET FLUORESCENCE,13820,"Birmingham-Hoover, AL",33.0928,-86.8072,POINT,1,MIDDLE SCALE,100 M TO 500 M,,Al Dept Of Env Mgt,HIGHEST CONCENTRATION,,,2,
2022-09-30,011179001,1,1.7,Parts per billion,1,"Lhoist, Montevallo Plant",23,96,42401,Sulfur dioxide,100,INSTRUMENTAL - ULTRAVIOLET FLUORESCENCE,13820,"Birmingham-Hoover, AL",33.0928,-86.8072,POINT,1,MIDDLE SCALE,100 M TO 500 M,,Al Dept Of Env Mgt,HIGHEST CONCENTRATION,,,2,
2022-10-01,011179001,1,1.1,Parts per billion,1,"Lhoist, Montevallo Plant",23,96,42401,Sulfur dioxide,100,INSTRUMENTAL - ULTRAVIOLET FLUORESCENCE,13820,"Birmingham-Hoover, AL",33.0928,-86.8072,POINT,1,MIDDLE SCALE,100 M TO 500 M,,Al Dept Of Env Mgt,HIGHEST CONCENTRATION,,,2,
2022-10-02,011179001,1,2.4,Parts per billion,3,"Lhoist, Montevallo Plant",23,96,42401,Sulfur dioxide,100,INSTRUMENTAL - ULTRAVIOLET FLUORESCENCE,13820,"Birmingham-Hoover, AL",33.0928,-86.8072,POINT,1,MIDDLE SCALE,100 M TO 500 M,,Al Dept Of Env Mgt,HIGHEST CONCENTRATION,,,2,
2022-10-03,011179001,1,24.8,Parts per billion,34,"Lhoist, Montevallo Plant",23,96,42401,Sulfur dioxide,100,INSTRUMENTAL - ULTRAVIOLET FLUORESCENCE,13820,"Birmingham-Hoover, AL",33.0928,-86.8072,POINT,1,MIDDLE SCALE,100 M TO 500 M,,Al Dept Of Env Mgt,HIGHEST CONCENTRATION,,,2,
2022-10-04,011179001,1,1.1,Parts per billion,1,"Lhoist, Montevallo Plant",23,96,42401,Sulfur dioxide,100,INSTRUMENTAL - ULTRAVIOLET FLUORESCENCE,13820,"Birmingham-Hoover, AL",33.0928,-86.8072,POINT,1,MIDDLE SCALE,100 M TO 500 M,,Al Dept Of Env Mgt,HIGHEST CONCENTRATION,,,2,
2022-10-05,011179001,1,1.7,Parts per billion,1,"Lhoist, Montevallo Plant",23,96,42401,Sulfur dioxide,100,INSTRUMENTAL - ULTRAVIOLET FLUORESCENCE,13820,"Birmingham-Hoover, AL",33.0928,-86.8072,POINT,1,MIDDLE SCALE,100 M TO 500 M,,Al Dept Of Env Mgt,HIGHEST CONCENTRATION,,,2,
2022-10-06,011179001,1,1.7,Parts per billion,1,"Lhoist, Montevallo Plant",23,96,42401,Sulfur dioxide,100,INSTRUMENTAL - ULTRAVIOLET FLUORESCENCE,13820,"Birmingham-Hoover, AL",33.0928,-86.8072,POINT,1,MIDDLE SCALE,100 M TO 500 M,,Al Dept Of Env Mgt,HIGHEST CONCENTRATION,,,2,
2022-10-07,011179001,1,3.9,Parts per billion,4,"Lhoist, Montevallo Plant",23,96,42401,Sulfur dioxide,100,INSTRUMENTAL - ULTRAVIOLET FLUORESCENCE,13820,"Birmingham-Hoover, AL",33.0928,-86.8072,POINT,1,MIDDLE SCALE,100 M TO 500 M,,Al Dept Of Env Mgt,HIGHEST CONCENTRATION,,,2,
2022-10-08,011179001,1,3.2,Parts per billion,4,"Lhoist, Montevallo Plant",23,96,42401,Sulfur dioxide,100,INSTRUMENTAL - ULTRAVIOLET FLUORESCENCE,13820,"Birmingham-Hoover, AL",33.0928,-86.8072,POINT,1,MIDDLE SCALE,100 M TO 500 M,,Al Dept Of Env Mgt,HIGHEST CONCENTRATION,,,2,
2022-10-09,011179001,1,1.8,Parts per billion,1,"Lhoist, Montevallo Plant",23,96,42401,Sulfur dioxide,100,INSTRUMENTAL - ULTRAVIOLET FLUORESCENCE,13820,"Birmingham-Hoover, AL",33.0928,-86.8072,POINT,1,MIDDLE SCALE,100 M TO 500 M,,Al Dept Of Env Mgt,HIGHEST CONCENTRATION,,,2,
2022-10-10,011179001,1,2.6,Parts per billion,3,"Lhoist, Montevallo Plant",23,96,42401,Sulfur dioxide,100,INSTRUMENTAL - ULTRAVIOLET FLUORESCENCE,13820,"Birmingham-Hoover, AL",33.0928,-86.8072,POINT,1,MIDDLE SCALE,100 M TO 500 M,,Al Dept Of Env Mgt,HIGHEST CONCENTRATION,,,2,
2022-10-11,011179001,1,48,Parts per billion,66,"Lhoist, Montevallo Plant",22,92,42401,Sulfur dioxide,100,INSTRUMENTAL - ULTRAVIOLET FLUORESCENCE,13820,"Birmingham-Hoover, AL",33.0928,-86.8072,POINT,1,MIDDLE SCALE,100 M TO 500 M,,Al Dept Of Env Mgt,HIGHEST CONCENTRATION,,,2,
2022-10-12,011179001,1,1.3,Parts per billion,1,"Lhoist, Montevallo Plant",23,96,42401,Sulfur dioxide,100,INSTRUMENTAL - ULTRAVIOLET FLUORESCENCE,13820,"Birmingham-Hoover, AL",33.0928,-86.8072,POINT,1,MIDDLE SCALE,100 M TO 500 M,,Al Dept Of Env Mgt,HIGHEST CONCENTRATION,,,2,
2022-10-13,011179001,1,0.9,Parts per billion,0,"Lhoist, Montevallo Plant",23,96,42401,Sulfur dioxide,100,INSTRUMENTAL - ULTRAVIOLET FLUORESCENCE,13820,"Birmingham-Hoover, AL",33.0928,-86.8072,POINT,1,MIDDLE SCALE,100 M TO 500 M,,Al Dept Of Env Mgt,HIGHEST CONCENTRATION,,,2,
2022-10-14,011179001,1,1.3,Parts per billion,1,"Lhoist, Montevallo Plant",23,96,42401,Sulfur dioxide,100,INSTRUMENTAL - ULTRAVIOLET FLUORESCENCE,13820,"Birmingham-Hoover, AL",33.0928,-86.8072,POINT,1,MIDDLE SCALE,100 M TO 500 M,,Al Dept Of Env Mgt,HIGHEST CONCENTRATION,,,2,
2022-10-15,011179001,1,1.1,Parts per billion,1,"Lhoist, Montevallo Plant",23,96,42401,Sulfur dioxide,100,INSTRUMENTAL - ULTRAVIOLET FLUORESCENCE,13820,"Birmingham-Hoover, AL",33.0928,-86.8072,POINT,1,MIDDLE SCALE,100 M TO 500 M,,Al Dept Of Env Mgt,HIGHEST CONCENTRATION,,,2,
2022-10-16,011179001,1,1.5,Parts per billion,1,"Lhoist, Montevallo Plant",23,96,42401,Sulfur dioxide,100,INSTRUMENTAL - ULTRAVIOLET FLUORESCENCE,13820,"Birmingham-Hoover, AL",33.0928,-86.8072,POINT,1,MIDDLE SCALE,100 M TO 500 M,,Al Dept Of Env Mgt,HIGHEST CONCENTRATION,,,2,
2022-10-17,011179001,1,1.2,Parts per billion,1,"Lhoist, Montevallo Plant",23,96,42401,Sulfur dioxide,100,INSTRUMENTAL - ULTRAVIOLET FLUORESCENCE,13820,"Birmingham-Hoover, AL",33.0928,-86.8072,POINT,1,MIDDLE SCALE,100 M TO 500 M,,Al Dept Of Env Mgt,HIGHEST CONCENTRATION,,,2,
2022-10-18,011179001,1,1.6,Parts per billion,1,"Lhoist, Montevallo Plant",23,96,42401,Sulfur dioxide,100,INSTRUMENTAL - ULTRAVIOLET FLUORESCENCE,13820,"Birmingham-Hoover, AL",33.0928,-86.8072,POINT,1,MIDDLE SCALE,100 M TO 500 M,,Al Dept Of Env Mgt,HIGHEST CONCENTRATION,,,2,
2022-10-19,011179001,1,1.2,Parts per billion,1,"Lhoist, Montevallo Plant",20,83,42401,Sulfur dioxide,100,INSTRUMENTAL - ULTRAVIOLET FLUORESCENCE,13820,"Birmingham-Hoover, AL",33.0928,-86.8072,POINT,1,MIDDLE SCALE,100 M TO 500 M,,Al Dept Of Env Mgt,HIGHEST CONCENTRATION,,,2,
2022-10-20,011179001,1,1.4,Parts per billion,1,"Lhoist, Montevallo Plant",23,96,42401,Sulfur dioxide,100,INSTRUMENTAL - ULTRAVIOLET FLUORESCENCE,13820,"Birmingham-Hoover, AL",33.0928,-86.8072,POINT,1,MIDDLE SCALE,100 M TO 500 M,,Al Dept Of Env Mgt,HIGHEST CONCENTRATION,,,2,
2022-10-21,011179001,1,1.6,Parts per billion,1,"Lhoist, Montevallo Plant",23,96,42401,Sulfur dioxide,100,INSTRUMENTAL - ULTRAVIOLET FLUORESCENCE,13820,"Birmingham-Hoover, AL",33.0928,-86.8072,POINT,1,MIDDLE SCALE,100 M TO 500 M,,Al Dept Of Env Mgt,HIGHEST CONCENTRATION,,,2,
2022-10-22,011179001,1,1.6,Parts per billion,1,"Lhoist, Montevallo Plant",23,96,42401,Sulfur dioxide,100,INSTRUMENTAL - ULTRAVIOLET FLUORESCENCE,13820,"Birmingham-Hoover, AL",33.0928,-86.8072,POINT,1,MIDDLE SCALE,100 M TO 500 M,,Al Dept Of Env Mgt,HIGHEST CONCENTRATION,,,2,
2022-10-23,011179001,1,13.1,Parts per billion,19,"Lhoist, Montevallo Plant",23,96,42401,Sulfur dioxide,100,INSTRUMENTAL - ULTRAVIOLET FLUORESCENCE,13820,"Birmingham-Hoover, AL",33.0928,-86.8072,POINT,1,MIDDLE SCALE,100 M TO 500 M,,Al Dept Of Env Mgt,HIGHEST CONCENTRATION,,,2,
2022-10-24,011179001,1,17.6,Parts per billion,24,"Lhoist, Montevallo Plant",23,96,42401,Sulfur dioxide,100,INSTRUMENTAL - ULTRAVIOLET FLUORESCENCE,13820,"Birmingham-Hoover, AL",33.0928,-86.8072,POINT,1,MIDDLE SCALE,100 M TO 500 M,,Al Dept Of Env Mgt,HIGHEST CONCENTRATION,,,2,
2022-10-26,011179001,1,1.1,Parts per billion,1,"Lhoist, Montevallo Plant",23,96,42401,Sulfur dioxide,100,INSTRUMENTAL - ULTRAVIOLET FLUORESCENCE,13820,"Birmingham-Hoover, AL",33.0928,-86.8072,POINT,1,MIDDLE SCALE,100 M TO 500 M,,Al Dept Of Env Mgt,HIGHEST CONCENTRATION,,,2,
2022-10-25,011179001,1,0.9,Parts per billion,0,"Lhoist, Montevallo Plant",23,96,42401,Sulfur dioxide,100,INSTRUMENTAL - ULTRAVIOLET FLUORESCENCE,13820,"Birmingham-Hoover, AL",33.0928,-86.8072,POINT,1,MIDDLE SCALE,100 M TO 500 M,,Al Dept Of Env Mgt,HIGHEST CONCENTRATION,,,2,
2022-10-27,011179001,1,17.3,Parts per billion,24,"Lhoist, Montevallo Plant",23,96,42401,Sulfur dioxide,100,INSTRUMENTAL - ULTRAVIOLET FLUORESCENCE,13820,"Birmingham-Hoover, AL",33.0928,-86.8072,POINT,1,MIDDLE SCALE,100 M TO 500 M,,Al Dept Of Env Mgt,HIGHEST CONCENTRATION,,,2,
2022-10-28,011179001,1,16.7,Parts per billion,23,"Lhoist, Montevallo Plant",23,96,42401,Sulfur dioxide,100,INSTRUMENTAL - ULTRAVIOLET FLUORESCENCE,13820,"Birmingham-Hoover, AL",33.0928,-86.8072,POINT,1,MIDDLE SCALE,100 M TO 500 M,,Al Dept Of Env Mgt,HIGHEST CONCENTRATION,,,2,
2022-10-29,011179001,1,49.9,Parts per billion,67,"Lhoist, Montevallo Plant",23,96,42401,Sulfur dioxide,100,INSTRUMENTAL - ULTRAVIOLET FLUORESCENCE,13820,"Birmingham-Hoover, AL",33.0928,-86.8072,POINT,1,MIDDLE SCALE,100 M TO 500 M,,Al Dept Of Env Mgt,HIGHEST CONCENTRATION,,,2,
2022-10-30,011179001,1,1.3,Parts per billion,1,"Lhoist, Montevallo Plant",23,96,42401,Sulfur dioxide,100,INSTRUMENTAL - ULTRAVIOLET FLUORESCENCE,13820,"Birmingham-Hoover, AL",33.0928,-86.8072,POINT,1,MIDDLE SCALE,100 M TO 500 M,,Al Dept Of Env Mgt,HIGHEST CONCENTRATION,,,2,
2022-10-31,011179001,1,1.1,Parts per billion,1,"Lhoist, Montevallo Plant",22,92,42401,Sulfur dioxide,100,INSTRUMENTAL - ULTRAVIOLET FLUORESCENCE,13820,"Birmingham-Hoover, AL",33.0928,-86.8072,POINT,1,MIDDLE SCALE,100 M TO 500 M,,Al Dept Of Env Mgt,HIGHEST CONCENTRATION,,,2,
2022-11-01,011179001,1,1.5,Parts per billion,1,"Lhoist, Montevallo Plant",23,96,42401,Sulfur dioxide,100,INSTRUMENTAL - ULTRAVIOLET FLUORESCENCE,13820,"Birmingham-Hoover, AL",33.0928,-86.8072,POINT,1,MIDDLE SCALE,100 M TO 500 M,,Al Dept Of Env Mgt,HIGHEST CONCENTRATION,,,2,
2022-11-02,011179001,1,3.1,Parts per billion,4,"Lhoist, Montevallo Plant",23,96,42401,Sulfur dioxide,100,INSTRUMENTAL - ULTRAVIOLET FLUORESCENCE,13820,"Birmingham-Hoover, AL",33.0928,-86.8072,POINT,1,MIDDLE SCALE,100 M TO 500 M,,Al Dept Of Env Mgt,HIGHEST CONCENTRATION,,,2,
2022-11-03,011179001,1,36.4,Parts per billion,51,"Lhoist, Montevallo Plant",23,96,42401,Sulfur dioxide,100,INSTRUMENTAL - ULTRAVIOLET FLUORESCENCE,13820,"Birmingham-Hoover, AL",33.0928,-86.8072,POINT,1,MIDDLE SCALE,100 M TO 500 M,,Al Dept Of Env Mgt,HIGHEST CONCENTRATION,,,2,
2022-11-04,011179001,1,56.4,Parts per billion,76,"Lhoist, Montevallo Plant",23,96,42401,Sulfur dioxide,100,INSTRUMENTAL - ULTRAVIOLET FLUORESCENCE,13820,"Birmingham-Hoover, AL",33.0928,-86.8072,POINT,1,MIDDLE SCALE,100 M TO 500 M,,Al Dept Of Env Mgt,HIGHEST CONCENTRATION,,,2,
2022-11-05,011179001,1,1.1,Parts per billion,1,"Lhoist, Montevallo Plant",23,96,42401,Sulfur dioxide,100,INSTRUMENTAL - ULTRAVIOLET FLUORESCENCE,13820,"Birmingham-Hoover, AL",33.0928,-86.8072,POINT,1,MIDDLE SCALE,100 M TO 500 M,,Al Dept Of Env Mgt,HIGHEST CONCENTRATION,,,2,
2022-11-06,011179001,1,5.3,Parts per billion,7,"Lhoist, Montevallo Plant",23,96,42401,Sulfur dioxide,100,INSTRUMENTAL - ULTRAVIOLET FLUORESCENCE,13820,"Birmingham-Hoover, AL",33.0928,-86.8072,POINT,1,MIDDLE SCALE,100 M TO 500 M,,Al Dept Of Env Mgt,HIGHEST CONCENTRATION,,,2,
2022-11-07,011179001,1,1.4,Parts per billion,1,"Lhoist, Montevallo Plant",23,96,42401,Sulfur dioxide,100,INSTRUMENTAL - ULTRAVIOLET FLUORESCENCE,13820,"Birmingham-Hoover, AL",33.0928,-86.8072,POINT,1,MIDDLE SCALE,100 M TO 500 M,,Al Dept Of Env Mgt,HIGHEST CONCENTRATION,,,2,
2022-11-08,011179001,1,21.3,Parts per billion,30,"Lhoist, Montevallo Plant",23,96,42401,Sulfur dioxide,100,INSTRUMENTAL - ULTRAVIOLET FLUORESCENCE,13820,"Birmingham-Hoover, AL",33.0928,-86.8072,POINT,1,MIDDLE SCALE,100 M TO 500 M,,Al Dept Of Env Mgt,HIGHEST CONCENTRATION,,,2,
2022-11-09,011179001,1,7.2,Parts per billion,10,"Lhoist, Montevallo Plant",19,79,42401,Sulfur dioxide,100,INSTRUMENTAL - ULTRAVIOLET FLUORESCENCE,13820,"Birmingham-Hoover, AL",33.0928,-86.8072,POINT,1,MIDDLE SCALE,100 M TO 500 M,,Al Dept Of Env Mgt,HIGHEST CONCENTRATION,,,2,
2022-11-10,011179001,1,1,Parts per billion,1,"Lhoist, Montevallo Plant",23,96,42401,Sulfur dioxide,100,INSTRUMENTAL - ULTRAVIOLET FLUORESCENCE,13820,"Birmingham-Hoover, AL",33.0928,-86.8072,POINT,1,MIDDLE SCALE,100 M TO 500 M,,Al Dept Of Env Mgt,HIGHEST CONCENTRATION,,,2,
2022-11-11,011179001,1,1.4,Parts per billion,1,"Lhoist, Montevallo Plant",23,96,42401,Sulfur dioxide,100,INSTRUMENTAL - ULTRAVIOLET FLUORESCENCE,13820,"Birmingham-Hoover, AL",33.0928,-86.8072,POINT,1,MIDDLE SCALE,100 M TO 500 M,,Al Dept Of Env Mgt,HIGHEST CONCENTRATION,,,2,
2022-11-12,011179001,1,1,Parts per billion,1,"Lhoist, Montevallo Plant",23,96,42401,Sulfur dioxide,100,INSTRUMENTAL - ULTRAVIOLET FLUORESCENCE,13820,"Birmingham-Hoover, AL",33.0928,-86.8072,POINT,1,MIDDLE SCALE,100 M TO 500 M,,Al Dept Of Env Mgt,HIGHEST CONCENTRATION,,,2,
2022-11-13,011179001,1,1.7,Parts per billion,1,"Lhoist, Montevallo Plant",24,100,42401,Sulfur dioxide,100,INSTRUMENTAL - ULTRAVIOLET FLUORESCENCE,13820,"Birmingham-Hoover, AL",33.0928,-86.8072,POINT,1,MIDDLE SCALE,100 M TO 500 M,,Al Dept Of Env Mgt,HIGHEST CONCENTRATION,,,2,
2022-11-14,011179001,1,38.9,Parts per billion,54,"Lhoist, Montevallo Plant",23,96,42401,Sulfur dioxide,100,INSTRUMENTAL - ULTRAVIOLET FLUORESCENCE,13820,"Birmingham-Hoover, AL",33.0928,-86.8072,POINT,1,MIDDLE SCALE,100 M TO 500 M,,Al Dept Of Env Mgt,HIGHEST CONCENTRATION,,,2,
2022-11-15,011179001,1,1.2,Parts per billion,1,"Lhoist, Montevallo Plant",23,96,42401,Sulfur dioxide,100,INSTRUMENTAL - ULTRAVIOLET FLUORESCENCE,13820,"Birmingham-Hoover, AL",33.0928,-86.8072,POINT,1,MIDDLE SCALE,100 M TO 500 M,,Al Dept Of Env Mgt,HIGHEST CONCENTRATION,,,2,
2022-11-16,011179001,1,1.4,Parts per billion,1,"Lhoist, Montevallo Plant",22,92,42401,Sulfur dioxide,100,INSTRUMENTAL - ULTRAVIOLET FLUORESCENCE,13820,"Birmingham-Hoover, AL",33.0928,-86.8072,POINT,1,MIDDLE SCALE,100 M TO 500 M,,Al Dept Of Env Mgt,HIGHEST CONCENTRATION,,,2,
2022-11-17,011179001,1,1.1,Parts per billion,1,"Lhoist, Montevallo Plant",23,96,42401,Sulfur dioxide,100,INSTRUMENTAL - ULTRAVIOLET FLUORESCENCE,13820,"Birmingham-Hoover, AL",33.0928,-86.8072,POINT,1,MIDDLE SCALE,100 M TO 500 M,,Al Dept Of Env Mgt,HIGHEST CONCENTRATION,,,2,
2022-11-18,011179001,1,2.6,Parts per billion,3,"Lhoist, Montevallo Plant",23,96,42401,Sulfur dioxide,100,INSTRUMENTAL - ULTRAVIOLET FLUORESCENCE,13820,"Birmingham-Hoover, AL",33.0928,-86.8072,POINT,1,MIDDLE SCALE,100 M TO 500 M,,Al Dept Of Env Mgt,HIGHEST CONCENTRATION,,,2,
2022-11-19,011179001,1,2.4,Parts per billion,3,"Lhoist, Montevallo Plant",23,96,42401,Sulfur dioxide,100,INSTRUMENTAL - ULTRAVIOLET FLUORESCENCE,13820,"Birmingham-Hoover, AL",33.0928,-86.8072,POINT,1,MIDDLE SCALE,100 M TO 500 M,,Al Dept Of Env Mgt,HIGHEST CONCENTRATION,,,2,
2022-11-20,011179001,1,3.4,Parts per billion,4,"Lhoist, Montevallo Plant",23,96,42401,Sulfur dioxide,100,INSTRUMENTAL - ULTRAVIOLET FLUORESCENCE,13820,"Birmingham-Hoover, AL",33.0928,-86.8072,POINT,1,MIDDLE SCALE,100 M TO 500 M,,Al Dept Of Env Mgt,HIGHEST CONCENTRATION,,,2,
2022-11-21,011179001,1,15.1,Parts per billion,21,"Lhoist, Montevallo Plant",23,96,42401,Sulfur dioxide,100,INSTRUMENTAL - ULTRAVIOLET FLUORESCENCE,13820,"Birmingham-Hoover, AL",33.0928,-86.8072,POINT,1,MIDDLE SCALE,100 M TO 500 M,,Al Dept Of Env Mgt,HIGHEST CONCENTRATION,,,2,
2022-11-22,011179001,1,1.8,Parts per billion,1,"Lhoist, Montevallo Plant",22,92,42401,Sulfur dioxide,100,INSTRUMENTAL - ULTRAVIOLET FLUORESCENCE,13820,"Birmingham-Hoover, AL",33.0928,-86.8072,POINT,1,MIDDLE SCALE,100 M TO 500 M,,Al Dept Of Env Mgt,HIGHEST CONCENTRATION,,,2,
2022-11-23,011179001,1,1.7,Parts per billion,1,"Lhoist, Montevallo Plant",23,96,42401,Sulfur dioxide,100,INSTRUMENTAL - ULTRAVIOLET FLUORESCENCE,13820,"Birmingham-Hoover, AL",33.0928,-86.8072,POINT,1,MIDDLE SCALE,100 M TO 500 M,,Al Dept Of Env Mgt,HIGHEST CONCENTRATION,,,2,
2022-11-24,011179001,1,20.7,Parts per billion,29,"Lhoist, Montevallo Plant",23,96,42401,Sulfur dioxide,100,INSTRUMENTAL - ULTRAVIOLET FLUORESCENCE,13820,"Birmingham-Hoover, AL",33.0928,-86.8072,POINT,1,MIDDLE SCALE,100 M TO 500 M,,Al Dept Of Env Mgt,HIGHEST CONCENTRATION,,,2,
2022-11-25,011179001,1,1.3,Parts per billion,1,"Lhoist, Montevallo Plant",23,96,42401,Sulfur dioxide,100,INSTRUMENTAL - ULTRAVIOLET FLUORESCENCE,13820,"Birmingham-Hoover, AL",33.0928,-86.8072,POINT,1,MIDDLE SCALE,100 M TO 500 M,,Al Dept Of Env Mgt,HIGHEST CONCENTRATION,,,2,
2022-11-26,011179001,1,1.6,Parts per billion,1,"Lhoist, Montevallo Plant",23,96,42401,Sulfur dioxide,100,INSTRUMENTAL - ULTRAVIOLET FLUORESCENCE,13820,"Birmingham-Hoover, AL",33.0928,-86.8072,POINT,1,MIDDLE SCALE,100 M TO 500 M,,Al Dept Of Env Mgt,HIGHEST CONCENTRATION,,,2,
2022-11-27,011179001,1,1.1,Parts per billion,1,"Lhoist, Montevallo Plant",23,96,42401,Sulfur dioxide,100,INSTRUMENTAL - ULTRAVIOLET FLUORESCENCE,13820,"Birmingham-Hoover, AL",33.0928,-86.8072,POINT,1,MIDDLE SCALE,100 M TO 500 M,,Al Dept Of Env Mgt,HIGHEST CONCENTRATION,,,2,
2022-11-28,011179001,1,1.7,Parts per billion,1,"Lhoist, Montevallo Plant",23,96,42401,Sulfur dioxide,100,INSTRUMENTAL - ULTRAVIOLET FLUORESCENCE,13820,"Birmingham-Hoover, AL",33.0928,-86.8072,POINT,1,MIDDLE SCALE,100 M TO 500 M,,Al Dept Of Env Mgt,HIGHEST CONCENTRATION,,,2,
2022-11-29,011179001,1,3.3,Parts per billion,4,"Lhoist, Montevallo Plant",23,96,42401,Sulfur dioxide,100,INSTRUMENTAL - ULTRAVIOLET FLUORESCENCE,13820,"Birmingham-Hoover, AL",33.0928,-86.8072,POINT,1,MIDDLE SCALE,100 M TO 500 M,,Al Dept Of Env Mgt,HIGHEST CONCENTRATION,,,2,
2022-11-30,011179001,1,1.8,Parts per billion,1,"Lhoist, Montevallo Plant",22,92,42401,Sulfur dioxide,100,INSTRUMENTAL - ULTRAVIOLET FLUORESCENCE,13820,"Birmingham-Hoover, AL",33.0928,-86.8072,POINT,1,MIDDLE SCALE,100 M TO 500 M,,Al Dept Of Env Mgt,HIGHEST CONCENTRATION,,,2,
2022-12-01,011179001,1,1.8,Parts per billion,1,"Lhoist, Montevallo Plant",23,96,42401,Sulfur dioxide,100,INSTRUMENTAL - ULTRAVIOLET FLUORESCENCE,13820,"Birmingham-Hoover, AL",33.0928,-86.8072,POINT,1,MIDDLE SCALE,100 M TO 500 M,,Al Dept Of Env Mgt,HIGHEST CONCENTRATION,,,2,
2022-12-02,011179001,1,10,Parts per billion,14,"Lhoist, Montevallo Plant",23,96,42401,Sulfur dioxide,100,INSTRUMENTAL - ULTRAVIOLET FLUORESCENCE,13820,"Birmingham-Hoover, AL",33.0928,-86.8072,POINT,1,MIDDLE SCALE,100 M TO 500 M,,Al Dept Of Env Mgt,HIGHEST CONCENTRATION,,,2,
2022-12-03,011179001,1,1.1,Parts per billion,1,"Lhoist, Montevallo Plant",23,96,42401,Sulfur dioxide,100,INSTRUMENTAL - ULTRAVIOLET FLUORESCENCE,13820,"Birmingham-Hoover, AL",33.0928,-86.8072,POINT,1,MIDDLE SCALE,100 M TO 500 M,,Al Dept Of Env Mgt,HIGHEST CONCENTRATION,,,2,
2022-12-04,011179001,1,1.1,Parts per billion,1,"Lhoist, Montevallo Plant",23,96,42401,Sulfur dioxide,100,INSTRUMENTAL - ULTRAVIOLET FLUORESCENCE,13820,"Birmingham-Hoover, AL",33.0928,-86.8072,POINT,1,MIDDLE SCALE,100 M TO 500 M,,Al Dept Of Env Mgt,HIGHEST CONCENTRATION,,,2,
2022-12-05,011179001,1,1.2,Parts per billion,1,"Lhoist, Montevallo Plant",23,96,42401,Sulfur dioxide,100,INSTRUMENTAL - ULTRAVIOLET FLUORESCENCE,13820,"Birmingham-Hoover, AL",33.0928,-86.8072,POINT,1,MIDDLE SCALE,100 M TO 500 M,,Al Dept Of Env Mgt,HIGHEST CONCENTRATION,,,2,
2022-12-06,011179001,1,1,Parts per billion,1,"Lhoist, Montevallo Plant",23,96,42401,Sulfur dioxide,100,INSTRUMENTAL - ULTRAVIOLET FLUORESCENCE,13820,"Birmingham-Hoover, AL",33.0928,-86.8072,POINT,1,MIDDLE SCALE,100 M TO 500 M,,Al Dept Of Env Mgt,HIGHEST CONCENTRATION,,,2,
2022-12-07,011179001,1,1.6,Parts per billion,1,"Lhoist, Montevallo Plant",23,96,42401,Sulfur dioxide,100,INSTRUMENTAL - ULTRAVIOLET FLUORESCENCE,13820,"Birmingham-Hoover, AL",33.0928,-86.8072,POINT,1,MIDDLE SCALE,100 M TO 500 M,,Al Dept Of Env Mgt,HIGHEST CONCENTRATION,,,2,
2022-12-08,011179001,1,1.9,Parts per billion,1,"Lhoist, Montevallo Plant",23,96,42401,Sulfur dioxide,100,INSTRUMENTAL - ULTRAVIOLET FLUORESCENCE,13820,"Birmingham-Hoover, AL",33.0928,-86.8072,POINT,1,MIDDLE SCALE,100 M TO 500 M,,Al Dept Of Env Mgt,HIGHEST CONCENTRATION,,,2,
2022-12-09,011179001,1,1.2,Parts per billion,1,"Lhoist, Montevallo Plant",23,96,42401,Sulfur dioxide,100,INSTRUMENTAL - ULTRAVIOLET FLUORESCENCE,13820,"Birmingham-Hoover, AL",33.0928,-86.8072,POINT,1,MIDDLE SCALE,100 M TO 500 M,,Al Dept Of Env Mgt,HIGHEST CONCENTRATION,,,2,
2022-12-10,011179001,1,1.2,Parts per billion,1,"Lhoist, Montevallo Plant",23,96,42401,Sulfur dioxide,100,INSTRUMENTAL - ULTRAVIOLET FLUORESCENCE,13820,"Birmingham-Hoover, AL",33.0928,-86.8072,POINT,1,MIDDLE SCALE,100 M TO 500 M,,Al Dept Of Env Mgt,HIGHEST CONCENTRATION,,,2,
2022-12-11,011179001,1,1.1,Parts per billion,1,"Lhoist, Montevallo Plant",23,96,42401,Sulfur dioxide,100,INSTRUMENTAL - ULTRAVIOLET FLUORESCENCE,13820,"Birmingham-Hoover, AL",33.0928,-86.8072,POINT,1,MIDDLE SCALE,100 M TO 500 M,,Al Dept Of Env Mgt,HIGHEST CONCENTRATION,,,2,
2022-12-12,011179001,1,1.2,Parts per billion,1,"Lhoist, Montevallo Plant",23,96,42401,Sulfur dioxide,100,INSTRUMENTAL - ULTRAVIOLET FLUORESCENCE,13820,"Birmingham-Hoover, AL",33.0928,-86.8072,POINT,1,MIDDLE SCALE,100 M TO 500 M,,Al Dept Of Env Mgt,HIGHEST CONCENTRATION,,,2,
2022-12-14,011179001,1,5.1,Parts per billion,7,"Lhoist, Montevallo Plant",23,96,42401,Sulfur dioxide,100,INSTRUMENTAL - ULTRAVIOLET FLUORESCENCE,13820,"Birmingham-Hoover, AL",33.0928,-86.8072,POINT,1,MIDDLE SCALE,100 M TO 500 M,,Al Dept Of Env Mgt,HIGHEST CONCENTRATION,,,2,
2022-12-13,011179001,1,19.4,Parts per billion,27,"Lhoist, Montevallo Plant",22,92,42401,Sulfur dioxide,100,INSTRUMENTAL - ULTRAVIOLET FLUORESCENCE,13820,"Birmingham-Hoover, AL",33.0928,-86.8072,POINT,1,MIDDLE SCALE,100 M TO 500 M,,Al Dept Of Env Mgt,HIGHEST CONCENTRATION,,,2,
2022-12-15,011179001,1,1.2,Parts per billion,1,"Lhoist, Montevallo Plant",23,96,42401,Sulfur dioxide,100,INSTRUMENTAL - ULTRAVIOLET FLUORESCENCE,13820,"Birmingham-Hoover, AL",33.0928,-86.8072,POINT,1,MIDDLE SCALE,100 M TO 500 M,,Al Dept Of Env Mgt,HIGHEST CONCENTRATION,,,2,
2022-12-16,011179001,1,1.6,Parts per billion,1,"Lhoist, Montevallo Plant",23,96,42401,Sulfur dioxide,100,INSTRUMENTAL - ULTRAVIOLET FLUORESCENCE,13820,"Birmingham-Hoover, AL",33.0928,-86.8072,POINT,1,MIDDLE SCALE,100 M TO 500 M,,Al Dept Of Env Mgt,HIGHEST CONCENTRATION,,,2,
2022-12-17,011179001,1,1.3,Parts per billion,1,"Lhoist, Montevallo Plant",23,96,42401,Sulfur dioxide,100,INSTRUMENTAL - ULTRAVIOLET FLUORESCENCE,13820,"Birmingham-Hoover, AL",33.0928,-86.8072,POINT,1,MIDDLE SCALE,100 M TO 500 M,,Al Dept Of Env Mgt,HIGHEST CONCENTRATION,,,2,
2022-12-18,011179001,1,1.2,Parts per billion,1,"Lhoist, Montevallo Plant",23,96,42401,Sulfur dioxide,100,INSTRUMENTAL - ULTRAVIOLET FLUORESCENCE,13820,"Birmingham-Hoover, AL",33.0928,-86.8072,POINT,1,MIDDLE SCALE,100 M TO 500 M,,Al Dept Of Env Mgt,HIGHEST CONCENTRATION,,,2,
2022-12-19,011179001,1,23.1,Parts per billion,33,"Lhoist, Montevallo Plant",22,92,42401,Sulfur dioxide,100,INSTRUMENTAL - ULTRAVIOLET FLUORESCENCE,13820,"Birmingham-Hoover, AL",33.0928,-86.8072,POINT,1,MIDDLE SCALE,100 M TO 500 M,,Al Dept Of Env Mgt,HIGHEST CONCENTRATION,,,2,
2022-12-20,011179001,1,1.9,Parts per billion,1,"Lhoist, Montevallo Plant",21,88,42401,Sulfur dioxide,100,INSTRUMENTAL - ULTRAVIOLET FLUORESCENCE,13820,"Birmingham-Hoover, AL",33.0928,-86.8072,POINT,1,MIDDLE SCALE,100 M TO 500 M,,Al Dept Of Env Mgt,HIGHEST CONCENTRATION,,,2,
2022-12-21,011179001,1,9.4,Parts per billion,13,"Lhoist, Montevallo Plant",23,96,42401,Sulfur dioxide,100,INSTRUMENTAL - ULTRAVIOLET FLUORESCENCE,13820,"Birmingham-Hoover, AL",33.0928,-86.8072,POINT,1,MIDDLE SCALE,100 M TO 500 M,,Al Dept Of Env Mgt,HIGHEST CONCENTRATION,,,2,
2022-12-22,011179001,1,0.2,Parts per billion,0,"Lhoist, Montevallo Plant",23,96,42401,Sulfur dioxide,100,INSTRUMENTAL - ULTRAVIOLET FLUORESCENCE,13820,"Birmingham-Hoover, AL",33.0928,-86.8072,POINT,1,MIDDLE SCALE,100 M TO 500 M,,Al Dept Of Env Mgt,HIGHEST CONCENTRATION,,,2,
2022-12-23,011179001,1,0,Parts per billion,0,"Lhoist, Montevallo Plant",23,96,42401,Sulfur dioxide,100,INSTRUMENTAL - ULTRAVIOLET FLUORESCENCE,13820,"Birmingham-Hoover, AL",33.0928,-86.8072,POINT,1,MIDDLE SCALE,100 M TO 500 M,,Al Dept Of Env Mgt,HIGHEST CONCENTRATION,,,2,
2022-12-24,011179001,1,0,Parts per billion,0,"Lhoist, Montevallo Plant",23,96,42401,Sulfur dioxide,100,INSTRUMENTAL - ULTRAVIOLET FLUORESCENCE,13820,"Birmingham-Hoover, AL",33.0928,-86.8072,POINT,1,MIDDLE SCALE,100 M TO 500 M,,Al Dept Of Env Mgt,HIGHEST CONCENTRATION,,,2,
2022-12-25,011179001,1,0.1,Parts per billion,0,"Lhoist, Montevallo Plant",23,96,42401,Sulfur dioxide,100,INSTRUMENTAL - ULTRAVIOLET FLUORESCENCE,13820,"Birmingham-Hoover, AL",33.0928,-86.8072,POINT,1,MIDDLE SCALE,100 M TO 500 M,,Al Dept Of Env Mgt,HIGHEST CONCENTRATION,,,2,
2022-12-26,011179001,1,0.3,Parts per billion,0,"Lhoist, Montevallo Plant",23,96,42401,Sulfur dioxide,100,INSTRUMENTAL - ULTRAVIOLET FLUORESCENCE,13820,"Birmingham-Hoover, AL",33.0928,-86.8072,POINT,1,MIDDLE SCALE,100 M TO 500 M,,Al Dept Of Env Mgt,HIGHEST CONCENTRATION,,,2,
2022-12-27,011179001,1,0.8,Parts per billion,0,"Lhoist, Montevallo Plant",22,92,42401,Sulfur dioxide,100,INSTRUMENTAL - ULTRAVIOLET FLUORESCENCE,13820,"Birmingham-Hoover, AL",33.0928,-86.8072,POINT,1,MIDDLE SCALE,100 M TO 500 M,,Al Dept Of Env Mgt,HIGHEST CONCENTRATION,,,2,
2022-12-28,011179001,1,1.5,Parts per billion,1,"Lhoist, Montevallo Plant",24,100,42401,Sulfur dioxide,100,INSTRUMENTAL - ULTRAVIOLET FLUORESCENCE,13820,"Birmingham-Hoover, AL",33.0928,-86.8072,POINT,1,MIDDLE SCALE,100 M TO 500 M,,Al Dept Of Env Mgt,HIGHEST CONCENTRATION,,,2,
2022-12-29,011179001,1,1,Parts per billion,1,"Lhoist, Montevallo Plant",23,96,42401,Sulfur dioxide,100,INSTRUMENTAL - ULTRAVIOLET FLUORESCENCE,13820,"Birmingham-Hoover, AL",33.0928,-86.8072,POINT,1,MIDDLE SCALE,100 M TO 500 M,,Al Dept Of Env Mgt,HIGHEST CONCENTRATION,,,2,
2022-12-30,011179001,1,1.6,Parts per billion,1,"Lhoist, Montevallo Plant",23,96,42401,Sulfur dioxide,100,INSTRUMENTAL - ULTRAVIOLET FLUORESCENCE,13820,"Birmingham-Hoover, AL",33.0928,-86.8072,POINT,1,MIDDLE SCALE,100 M TO 500 M,,Al Dept Of Env Mgt,HIGHEST CONCENTRATION,,,2,
2022-12-31,011179001,1,0.2,Parts per billion,0,"Lhoist, Montevallo Plant",23,96,42401,Sulfur dioxide,100,INSTRUMENTAL - ULTRAVIOLET FLUORESCENCE,13820,"Birmingham-Hoover, AL",33.0928,-86.8072,POINT,1,MIDDLE SCALE,100 M TO 500 M,,Al Dept Of Env Mgt,HIGHEST CONCENTRATION,,,2,
2023-01-01,011179001,1,0.4,Parts per billion,0,"Lhoist, Montevallo Plant",23,96,42401,Sulfur dioxide,100,INSTRUMENTAL - ULTRAVIOLET FLUORESCENCE,13820,"Birmingham-Hoover, AL",33.0928,-86.8072,POINT,1,MIDDLE SCALE,100 M TO 500 M,,Al Dept Of Env Mgt,HIGHEST CONCENTRATION,,,2,
2023-01-02,011179001,1,0.5,Parts per billion,0,"Lhoist, Montevallo Plant",23,96,42401,Sulfur dioxide,100,INSTRUMENTAL - ULTRAVIOLET FLUORESCENCE,13820,"Birmingham-Hoover, AL",33.0928,-86.8072,POINT,1,MIDDLE SCALE,100 M TO 500 M,,Al Dept Of Env Mgt,HIGHEST CONCENTRATION,,,2,
2023-01-03,011179001,1,0.3,Parts per billion,0,"Lhoist, Montevallo Plant",23,96,42401,Sulfur dioxide,100,INSTRUMENTAL - ULTRAVIOLET FLUORESCENCE,13820,"Birmingham-Hoover, AL",33.0928,-86.8072,POINT,1,MIDDLE SCALE,100 M TO 500 M,,Al Dept Of Env Mgt,HIGHEST CONCENTRATION,,,2,
2023-01-04,011179001,1,0.6,Parts per billion,0,"Lhoist, Montevallo Plant",22,92,42401,Sulfur dioxide,100,INSTRUMENTAL - ULTRAVIOLET FLUORESCENCE,13820,"Birmingham-Hoover, AL",33.0928,-86.8072,POINT,1,MIDDLE SCALE,100 M TO 500 M,,Al Dept Of Env Mgt,HIGHEST CONCENTRATION,,,2,
2023-01-05,011179001,1,0.8,Parts per billion,0,"Lhoist, Montevallo Plant",23,96,42401,Sulfur dioxide,100,INSTRUMENTAL - ULTRAVIOLET FLUORESCENCE,13820,"Birmingham-Hoover, AL",33.0928,-86.8072,POINT,1,MIDDLE SCALE,100 M TO 500 M,,Al Dept Of Env Mgt,HIGHEST CONCENTRATION,,,2,
2023-01-06,011179001,1,0.7,Parts per billion,0,"Lhoist, Montevallo Plant",23,96,42401,Sulfur dioxide,100,INSTRUMENTAL - ULTRAVIOLET FLUORESCENCE,13820,"Birmingham-Hoover, AL",33.0928,-86.8072,POINT,1,MIDDLE SCALE,100 M TO 500 M,,Al Dept Of Env Mgt,HIGHEST CONCENTRATION,,,2,
2023-01-07,011179001,1,1.3,Parts per billion,1,"Lhoist, Montevallo Plant",23,96,42401,Sulfur dioxide,100,INSTRUMENTAL - ULTRAVIOLET FLUORESCENCE,13820,"Birmingham-Hoover, AL",33.0928,-86.8072,POINT,1,MIDDLE SCALE,100 M TO 500 M,,Al Dept Of Env Mgt,HIGHEST CONCENTRATION,,,2,
2023-01-08,011179001,1,0.2,Parts per billion,0,"Lhoist, Montevallo Plant",23,96,42401,Sulfur dioxide,100,INSTRUMENTAL - ULTRAVIOLET FLUORESCENCE,13820,"Birmingham-Hoover, AL",33.0928,-86.8072,POINT,1,MIDDLE SCALE,100 M TO 500 M,,Al Dept Of Env Mgt,HIGHEST CONCENTRATION,,,2,
2023-01-10,011179001,1,1.3,Parts per billion,1,"Lhoist, Montevallo Plant",23,96,42401,Sulfur dioxide,100,INSTRUMENTAL - ULTRAVIOLET FLUORESCENCE,13820,"Birmingham-Hoover, AL",33.0928,-86.8072,POINT,1,MIDDLE SCALE,100 M TO 500 M,,Al Dept Of Env Mgt,HIGHEST CONCENTRATION,,,2,
2023-01-09,011179001,1,1.8,Parts per billion,1,"Lhoist, Montevallo Plant",22,92,42401,Sulfur dioxide,100,INSTRUMENTAL - ULTRAVIOLET FLUORESCENCE,13820,"Birmingham-Hoover, AL",33.0928,-86.8072,POINT,1,MIDDLE SCALE,100 M TO 500 M,,Al Dept Of Env Mgt,HIGHEST CONCENTRATION,,,2,
2023-01-11,011179001,1,0.5,Parts per billion,0,"Lhoist, Montevallo Plant",23,96,42401,Sulfur dioxide,100,INSTRUMENTAL - ULTRAVIOLET FLUORESCENCE,13820,"Birmingham-Hoover, AL",33.0928,-86.8072,POINT,1,MIDDLE SCALE,100 M TO 500 M,,Al Dept Of Env Mgt,HIGHEST CONCENTRATION,,,2,
2023-01-12,011179001,1,0.3,Parts per billion,0,"Lhoist, Montevallo Plant",23,96,42401,Sulfur dioxide,100,INSTRUMENTAL - ULTRAVIOLET FLUORESCENCE,13820,"Birmingham-Hoover, AL",33.0928,-86.8072,POINT,1,MIDDLE SCALE,100 M TO 500 M,,Al Dept Of Env Mgt,HIGHEST CONCENTRATION,,,2,
2023-01-13,011179001,1,0.3,Parts per billion,0,"Lhoist, Montevallo Plant",23,96,42401,Sulfur dioxide,100,INSTRUMENTAL - ULTRAVIOLET FLUORESCENCE,13820,"Birmingham-Hoover, AL",33.0928,-86.8072,POINT,1,MIDDLE SCALE,100 M TO 500 M,,Al Dept Of Env Mgt,HIGHEST CONCENTRATION,,,2,
2023-01-14,011179001,1,0.4,Parts per billion,0,"Lhoist, Montevallo Plant",23,96,42401,Sulfur dioxide,100,INSTRUMENTAL - ULTRAVIOLET FLUORESCENCE,13820,"Birmingham-Hoover, AL",33.0928,-86.8072,POINT,1,MIDDLE SCALE,100 M TO 500 M,,Al Dept Of Env Mgt,HIGHEST CONCENTRATION,,,2,
2023-01-15,011179001,1,33,Parts per billion,47,"Lhoist, Montevallo Plant",23,96,42401,Sulfur dioxide,100,INSTRUMENTAL - ULTRAVIOLET FLUORESCENCE,13820,"Birmingham-Hoover, AL",33.0928,-86.8072,POINT,1,MIDDLE SCALE,100 M TO 500 M,,Al Dept Of Env Mgt,HIGHEST CONCENTRATION,,,2,
2023-01-16,011179001,1,0.7,Parts per billion,0,"Lhoist, Montevallo Plant",22,92,42401,Sulfur dioxide,100,INSTRUMENTAL - ULTRAVIOLET FLUORESCENCE,13820,"Birmingham-Hoover, AL",33.0928,-86.8072,POINT,1,MIDDLE SCALE,100 M TO 500 M,,Al Dept Of Env Mgt,HIGHEST CONCENTRATION,,,2,
2023-01-17,011179001,1,1,Parts per billion,1,"Lhoist, Montevallo Plant",23,96,42401,Sulfur dioxide,100,INSTRUMENTAL - ULTRAVIOLET FLUORESCENCE,13820,"Birmingham-Hoover, AL",33.0928,-86.8072,POINT,1,MIDDLE SCALE,100 M TO 500 M,,Al Dept Of Env Mgt,HIGHEST CONCENTRATION,,,2,
2023-01-18,011179001,1,0.8,Parts per billion,0,"Lhoist, Montevallo Plant",23,96,42401,Sulfur dioxide,100,INSTRUMENTAL - ULTRAVIOLET FLUORESCENCE,13820,"Birmingham-Hoover, AL",33.0928,-86.8072,POINT,1,MIDDLE SCALE,100 M TO 500 M,,Al Dept Of Env Mgt,HIGHEST CONCENTRATION,,,2,
2023-01-19,011179001,1,0.4,Parts per billion,0,"Lhoist, Montevallo Plant",23,96,42401,Sulfur dioxide,100,INSTRUMENTAL - ULTRAVIOLET FLUORESCENCE,13820,"Birmingham-Hoover, AL",33.0928,-86.8072,POINT,1,MIDDLE SCALE,100 M TO 500 M,,Al Dept Of Env Mgt,HIGHEST CONCENTRATION,,,2,
2023-01-20,011179001,1,0.4,Parts per billion,0,"Lhoist, Montevallo Plant",23,96,42401,Sulfur dioxide,100,INSTRUMENTAL - ULTRAVIOLET FLUORESCENCE,13820,"Birmingham-Hoover, AL",33.0928,-86.8072,POINT,1,MIDDLE SCALE,100 M TO 500 M,,Al Dept Of Env Mgt,HIGHEST CONCENTRATION,,,2,
2023-01-21,011179001,1,1.1,Parts per billion,1,"Lhoist, Montevallo Plant",23,96,42401,Sulfur dioxide,100,INSTRUMENTAL - ULTRAVIOLET FLUORESCENCE,13820,"Birmingham-Hoover, AL",33.0928,-86.8072,POINT,1,MIDDLE SCALE,100 M TO 500 M,,Al Dept Of Env Mgt,HIGHEST CONCENTRATION,,,2,
2023-01-22,011179001,1,0.6,Parts per billion,0,"Lhoist, Montevallo Plant",23,96,42401,Sulfur dioxide,100,INSTRUMENTAL - ULTRAVIOLET FLUORESCENCE,13820,"Birmingham-Hoover, AL",33.0928,-86.8072,POINT,1,MIDDLE SCALE,100 M TO 500 M,,Al Dept Of Env Mgt,HIGHEST CONCENTRATION,,,2,
2023-01-23,011179001,1,0.9,Parts per billion,0,"Lhoist, Montevallo Plant",22,92,42401,Sulfur dioxide,100,INSTRUMENTAL - ULTRAVIOLET FLUORESCENCE,13820,"Birmingham-Hoover, AL",33.0928,-86.8072,POINT,1,MIDDLE SCALE,100 M TO 500 M,,Al Dept Of Env Mgt,HIGHEST CONCENTRATION,,,2,
2023-01-24,011179001,1,33.6,Parts per billion,47,"Lhoist, Montevallo Plant",23,96,42401,Sulfur dioxide,100,INSTRUMENTAL - ULTRAVIOLET FLUORESCENCE,13820,"Birmingham-Hoover, AL",33.0928,-86.8072,POINT,1,MIDDLE SCALE,100 M TO 500 M,,Al Dept Of Env Mgt,HIGHEST CONCENTRATION,,,2,
2023-01-25,011179001,1,0.5,Parts per billion,0,"Lhoist, Montevallo Plant",23,96,42401,Sulfur dioxide,100,INSTRUMENTAL - ULTRAVIOLET FLUORESCENCE,13820,"Birmingham-Hoover, AL",33.0928,-86.8072,POINT,1,MIDDLE SCALE,100 M TO 500 M,,Al Dept Of Env Mgt,HIGHEST CONCENTRATION,,,2,
2023-01-26,011179001,1,0.6,Parts per billion,0,"Lhoist, Montevallo Plant",23,96,42401,Sulfur dioxide,100,INSTRUMENTAL - ULTRAVIOLET FLUORESCENCE,13820,"Birmingham-Hoover, AL",33.0928,-86.8072,POINT,1,MIDDLE SCALE,100 M TO 500 M,,Al Dept Of Env Mgt,HIGHEST CONCENTRATION,,,2,
2023-01-27,011179001,1,1,Parts per billion,1,"Lhoist, Montevallo Plant",23,96,42401,Sulfur dioxide,100,INSTRUMENTAL - ULTRAVIOLET FLUORESCENCE,13820,"Birmingham-Hoover, AL",33.0928,-86.8072,POINT,1,MIDDLE SCALE,100 M TO 500 M,,Al Dept Of Env Mgt,HIGHEST CONCENTRATION,,,2,
2023-01-28,011179001,1,1,Parts per billion,1,"Lhoist, Montevallo Plant",23,96,42401,Sulfur dioxide,100,INSTRUMENTAL - ULTRAVIOLET FLUORESCENCE,13820,"Birmingham-Hoover, AL",33.0928,-86.8072,POINT,1,MIDDLE SCALE,100 M TO 500 M,,Al Dept Of Env Mgt,HIGHEST CONCENTRATION,,,2,
2023-01-29,011179001,1,0.7,Parts per billion,0,"Lhoist, Montevallo Plant",23,96,42401,Sulfur dioxide,100,INSTRUMENTAL - ULTRAVIOLET FLUORESCENCE,13820,"Birmingham-Hoover, AL",33.0928,-86.8072,POINT,1,MIDDLE SCALE,100 M TO 500 M,,Al Dept Of Env Mgt,HIGHEST CONCENTRATION,,,2,
2023-01-30,011179001,1,0.7,Parts per billion,0,"Lhoist, Montevallo Plant",23,96,42401,Sulfur dioxide,100,INSTRUMENTAL - ULTRAVIOLET FLUORESCENCE,13820,"Birmingham-Hoover, AL",33.0928,-86.8072,POINT,1,MIDDLE SCALE,100 M TO 500 M,,Al Dept Of Env Mgt,HIGHEST CONCENTRATION,,,2,
2023-01-31,011179001,1,0.5,Parts per billion,0,"Lhoist, Montevallo Plant",23,96,42401,Sulfur dioxide,100,INSTRUMENTAL - ULTRAVIOLET FLUORESCENCE,13820,"Birmingham-Hoover, AL",33.0928,-86.8072,POINT,1,MIDDLE SCALE,100 M TO 500 M,,Al Dept Of Env Mgt,HIGHEST CONCENTRATION,,,2,
2023-02-01,011179001,1,0.7,Parts per billion,0,"Lhoist, Montevallo Plant",23,96,42401,Sulfur dioxide,100,INSTRUMENTAL - ULTRAVIOLET FLUORESCENCE,13820,"Birmingham-Hoover, AL",33.0928,-86.8072,POINT,1,MIDDLE SCALE,100 M TO 500 M,,Al Dept Of Env Mgt,HIGHEST CONCENTRATION,,,2,
2023-02-02,011179001,1,0.6,Parts per billion,0,"Lhoist, Montevallo Plant",23,96,42401,Sulfur dioxide,100,INSTRUMENTAL - ULTRAVIOLET FLUORESCENCE,13820,"Birmingham-Hoover, AL",33.0928,-86.8072,POINT,1,MIDDLE SCALE,100 M TO 500 M,,Al Dept Of Env Mgt,HIGHEST CONCENTRATION,,,2,
2023-02-03,011179001,1,2.3,Parts per billion,3,"Lhoist, Montevallo Plant",23,96,42401,Sulfur dioxide,100,INSTRUMENTAL - ULTRAVIOLET FLUORESCENCE,13820,"Birmingham-Hoover, AL",33.0928,-86.8072,POINT,1,MIDDLE SCALE,100 M TO 500 M,,Al Dept Of Env Mgt,HIGHEST CONCENTRATION,,,2,
2023-02-04,011179001,1,18.9,Parts per billion,26,"Lhoist, Montevallo Plant",23,96,42401,Sulfur dioxide,100,INSTRUMENTAL - ULTRAVIOLET FLUORESCENCE,13820,"Birmingham-Hoover, AL",33.0928,-86.8072,POINT,1,MIDDLE SCALE,100 M TO 500 M,,Al Dept Of Env Mgt,HIGHEST CONCENTRATION,,,2,
2023-02-05,011179001,1,0.6,Parts per billion,0,"Lhoist, Montevallo Plant",23,96,42401,Sulfur dioxide,100,INSTRUMENTAL - ULTRAVIOLET FLUORESCENCE,13820,"Birmingham-Hoover, AL",33.0928,-86.8072,POINT,1,MIDDLE SCALE,100 M TO 500 M,,Al Dept Of Env Mgt,HIGHEST CONCENTRATION,,,2,
2023-02-06,011179001,1,24.7,Parts per billion,34,"Lhoist, Montevallo Plant",22,92,42401,Sulfur dioxide,100,INSTRUMENTAL - ULTRAVIOLET FLUORESCENCE,13820,"Birmingham-Hoover, AL",33.0928,-86.8072,POINT,1,MIDDLE SCALE,100 M TO 500 M,,Al Dept Of Env Mgt,HIGHEST CONCENTRATION,,,2,
2023-02-07,011179001,1,7.3,Parts per billion,10,"Lhoist, Montevallo Plant",23,96,42401,Sulfur dioxide,100,INSTRUMENTAL - ULTRAVIOLET FLUORESCENCE,13820,"Birmingham-Hoover, AL",33.0928,-86.8072,POINT,1,MIDDLE SCALE,100 M TO 500 M,,Al Dept Of Env Mgt,HIGHEST CONCENTRATION,,,2,
2023-02-08,011179001,1,0.7,Parts per billion,0,"Lhoist, Montevallo Plant",23,96,42401,Sulfur dioxide,100,INSTRUMENTAL - ULTRAVIOLET FLUORESCENCE,13820,"Birmingham-Hoover, AL",33.0928,-86.8072,POINT,1,MIDDLE SCALE,100 M TO 500 M,,Al Dept Of Env Mgt,HIGHEST CONCENTRATION,,,2,
2023-02-09,011179001,1,0.6,Parts per billion,0,"Lhoist, Montevallo Plant",19,79,42401,Sulfur dioxide,100,INSTRUMENTAL - ULTRAVIOLET FLUORESCENCE,13820,"Birmingham-Hoover, AL",33.0928,-86.8072,POINT,1,MIDDLE SCALE,100 M TO 500 M,,Al Dept Of Env Mgt,HIGHEST CONCENTRATION,,,2,
2023-02-10,011179001,1,1.6,Parts per billion,1,"Lhoist, Montevallo Plant",23,96,42401,Sulfur dioxide,100,INSTRUMENTAL - ULTRAVIOLET FLUORESCENCE,13820,"Birmingham-Hoover, AL",33.0928,-86.8072,POINT,1,MIDDLE SCALE,100 M TO 500 M,,Al Dept Of Env Mgt,HIGHEST CONCENTRATION,,,2,
2023-02-11,011179001,1,0.7,Parts per billion,0,"Lhoist, Montevallo Plant",23,96,42401,Sulfur dioxide,100,INSTRUMENTAL - ULTRAVIOLET FLUORESCENCE,13820,"Birmingham-Hoover, AL",33.0928,-86.8072,POINT,1,MIDDLE SCALE,100 M TO 500 M,,Al Dept Of Env Mgt,HIGHEST CONCENTRATION,,,2,
2023-02-12,011179001,1,0.8,Parts per billion,0,"Lhoist, Montevallo Plant",23,96,42401,Sulfur dioxide,100,INSTRUMENTAL - ULTRAVIOLET FLUORESCENCE,13820,"Birmingham-Hoover, AL",33.0928,-86.8072,POINT,1,MIDDLE SCALE,100 M TO 500 M,,Al Dept Of Env Mgt,HIGHEST CONCENTRATION,,,2,
2023-02-13,011179001,1,1.5,Parts per billion,1,"Lhoist, Montevallo Plant",23,96,42401,Sulfur dioxide,100,INSTRUMENTAL - ULTRAVIOLET FLUORESCENCE,13820,"Birmingham-Hoover, AL",33.0928,-86.8072,POINT,1,MIDDLE SCALE,100 M TO 500 M,,Al Dept Of Env Mgt,HIGHEST CONCENTRATION,,,2,
2023-02-14,011179001,1,1.2,Parts per billion,1,"Lhoist, Montevallo Plant",23,96,42401,Sulfur dioxide,100,INSTRUMENTAL - ULTRAVIOLET FLUORESCENCE,13820,"Birmingham-Hoover, AL",33.0928,-86.8072,POINT,1,MIDDLE SCALE,100 M TO 500 M,,Al Dept Of Env Mgt,HIGHEST CONCENTRATION,,,2,
2023-02-15,011179001,1,0.6,Parts per billion,0,"Lhoist, Montevallo Plant",23,96,42401,Sulfur dioxide,100,INSTRUMENTAL - ULTRAVIOLET FLUORESCENCE,13820,"Birmingham-Hoover, AL",33.0928,-86.8072,POINT,1,MIDDLE SCALE,100 M TO 500 M,,Al Dept Of Env Mgt,HIGHEST CONCENTRATION,,,2,
2023-02-16,011179001,1,0.6,Parts per billion,0,"Lhoist, Montevallo Plant",23,96,42401,Sulfur dioxide,100,INSTRUMENTAL - ULTRAVIOLET FLUORESCENCE,13820,"Birmingham-Hoover, AL",33.0928,-86.8072,POINT,1,MIDDLE SCALE,100 M TO 500 M,,Al Dept Of Env Mgt,HIGHEST CONCENTRATION,,,2,
2023-02-17,011179001,1,0.6,Parts per billion,0,"Lhoist, Montevallo Plant",23,96,42401,Sulfur dioxide,100,INSTRUMENTAL - ULTRAVIOLET FLUORESCENCE,13820,"Birmingham-Hoover, AL",33.0928,-86.8072,POINT,1,MIDDLE SCALE,100 M TO 500 M,,Al Dept Of Env Mgt,HIGHEST CONCENTRATION,,,2,
2023-02-18,011179001,1,17.4,Parts per billion,24,"Lhoist, Montevallo Plant",23,96,42401,Sulfur dioxide,100,INSTRUMENTAL - ULTRAVIOLET FLUORESCENCE,13820,"Birmingham-Hoover, AL",33.0928,-86.8072,POINT,1,MIDDLE SCALE,100 M TO 500 M,,Al Dept Of Env Mgt,HIGHEST CONCENTRATION,,,2,
2023-02-19,011179001,1,1,Parts per billion,1,"Lhoist, Montevallo Plant",23,96,42401,Sulfur dioxide,100,INSTRUMENTAL - ULTRAVIOLET FLUORESCENCE,13820,"Birmingham-Hoover, AL",33.0928,-86.8072,POINT,1,MIDDLE SCALE,100 M TO 500 M,,Al Dept Of Env Mgt,HIGHEST CONCENTRATION,,,2,
2023-02-20,011179001,1,0.7,Parts per billion,0,"Lhoist, Montevallo Plant",23,96,42401,Sulfur dioxide,100,INSTRUMENTAL - ULTRAVIOLET FLUORESCENCE,13820,"Birmingham-Hoover, AL",33.0928,-86.8072,POINT,1,MIDDLE SCALE,100 M TO 500 M,,Al Dept Of Env Mgt,HIGHEST CONCENTRATION,,,2,
2023-02-21,011179001,1,0.6,Parts per billion,0,"Lhoist, Montevallo Plant",23,96,42401,Sulfur dioxide,100,INSTRUMENTAL - ULTRAVIOLET FLUORESCENCE,13820,"Birmingham-Hoover, AL",33.0928,-86.8072,POINT,1,MIDDLE SCALE,100 M TO 500 M,,Al Dept Of Env Mgt,HIGHEST CONCENTRATION,,,2,
2023-02-22,011179001,1,0.7,Parts per billion,0,"Lhoist, Montevallo Plant",23,96,42401,Sulfur dioxide,100,INSTRUMENTAL - ULTRAVIOLET FLUORESCENCE,13820,"Birmingham-Hoover, AL",33.0928,-86.8072,POINT,1,MIDDLE SCALE,100 M TO 500 M,,Al Dept Of Env Mgt,HIGHEST CONCENTRATION,,,2,
2023-02-23,011179001,1,0.7,Parts per billion,0,"Lhoist, Montevallo Plant",23,96,42401,Sulfur dioxide,100,INSTRUMENTAL - ULTRAVIOLET FLUORESCENCE,13820,"Birmingham-Hoover, AL",33.0928,-86.8072,POINT,1,MIDDLE SCALE,100 M TO 500 M,,Al Dept Of Env Mgt,HIGHEST CONCENTRATION,,,2,
2023-02-24,011179001,1,0.6,Parts per billion,0,"Lhoist, Montevallo Plant",23,96,42401,Sulfur dioxide,100,INSTRUMENTAL - ULTRAVIOLET FLUORESCENCE,13820,"Birmingham-Hoover, AL",33.0928,-86.8072,POINT,1,MIDDLE SCALE,100 M TO 500 M,,Al Dept Of Env Mgt,HIGHEST CONCENTRATION,,,2,
2023-02-25,011179001,1,0.6,Parts per billion,0,"Lhoist, Montevallo Plant",23,96,42401,Sulfur dioxide,100,INSTRUMENTAL - ULTRAVIOLET FLUORESCENCE,13820,"Birmingham-Hoover, AL",33.0928,-86.8072,POINT,1,MIDDLE SCALE,100 M TO 500 M,,Al Dept Of Env Mgt,HIGHEST CONCENTRATION,,,2,
2023-02-26,011179001,1,0.8,Parts per billion,0,"Lhoist, Montevallo Plant",23,96,42401,Sulfur dioxide,100,INSTRUMENTAL - ULTRAVIOLET FLUORESCENCE,13820,"Birmingham-Hoover, AL",33.0928,-86.8072,POINT,1,MIDDLE SCALE,100 M TO 500 M,,Al Dept Of Env Mgt,HIGHEST CONCENTRATION,,,2,
2023-02-27,011179001,1,0.8,Parts per billion,0,"Lhoist, Montevallo Plant",23,96,42401,Sulfur dioxide,100,INSTRUMENTAL - ULTRAVIOLET FLUORESCENCE,13820,"Birmingham-Hoover, AL",33.0928,-86.8072,POINT,1,MIDDLE SCALE,100 M TO 500 M,,Al Dept Of Env Mgt,HIGHEST CONCENTRATION,,,2,
2023-02-28,011179001,1,2,Parts per billion,3,"Lhoist, Montevallo Plant",22,92,42401,Sulfur dioxide,100,INSTRUMENTAL - ULTRAVIOLET FLUORESCENCE,13820,"Birmingham-Hoover, AL",33.0928,-86.8072,POINT,1,MIDDLE SCALE,100 M TO 500 M,,Al Dept Of Env Mgt,HIGHEST CONCENTRATION,,,2,
2023-03-01,011179001,1,1,Parts per billion,1,"Lhoist, Montevallo Plant",23,96,42401,Sulfur dioxide,100,INSTRUMENTAL - ULTRAVIOLET FLUORESCENCE,13820,"Birmingham-Hoover, AL",33.0928,-86.8072,POINT,1,MIDDLE SCALE,100 M TO 500 M,,Al Dept Of Env Mgt,HIGHEST CONCENTRATION,,,2,
2023-03-02,011179001,1,15.7,Parts per billion,21,"Lhoist, Montevallo Plant",23,96,42401,Sulfur dioxide,100,INSTRUMENTAL - ULTRAVIOLET FLUORESCENCE,13820,"Birmingham-Hoover, AL",33.0928,-86.8072,POINT,1,MIDDLE SCALE,100 M TO 500 M,,Al Dept Of Env Mgt,HIGHEST CONCENTRATION,,,2,
2023-03-03,011179001,1,1,Parts per billion,1,"Lhoist, Montevallo Plant",23,96,42401,Sulfur dioxide,100,INSTRUMENTAL - ULTRAVIOLET FLUORESCENCE,13820,"Birmingham-Hoover, AL",33.0928,-86.8072,POINT,1,MIDDLE SCALE,100 M TO 500 M,,Al Dept Of Env Mgt,HIGHEST CONCENTRATION,,,2,
2023-03-04,011179001,1,5.5,Parts per billion,7,"Lhoist, Montevallo Plant",23,96,42401,Sulfur dioxide,100,INSTRUMENTAL - ULTRAVIOLET FLUORESCENCE,13820,"Birmingham-Hoover, AL",33.0928,-86.8072,POINT,1,MIDDLE SCALE,100 M TO 500 M,,Al Dept Of Env Mgt,HIGHEST CONCENTRATION,,,2,
2023-03-05,011179001,1,25.9,Parts per billion,36,"Lhoist, Montevallo Plant",23,96,42401,Sulfur dioxide,100,INSTRUMENTAL - ULTRAVIOLET FLUORESCENCE,13820,"Birmingham-Hoover, AL",33.0928,-86.8072,POINT,1,MIDDLE SCALE,100 M TO 500 M,,Al Dept Of Env Mgt,HIGHEST CONCENTRATION,,,2,
2023-03-06,011179001,1,1.4,Parts per billion,1,"Lhoist, Montevallo Plant",22,92,42401,Sulfur dioxide,100,INSTRUMENTAL - ULTRAVIOLET FLUORESCENCE,13820,"Birmingham-Hoover, AL",33.0928,-86.8072,POINT,1,MIDDLE SCALE,100 M TO 500 M,,Al Dept Of Env Mgt,HIGHEST CONCENTRATION,,,2,
2023-03-07,011179001,1,1.6,Parts per billion,1,"Lhoist, Montevallo Plant",23,96,42401,Sulfur dioxide,100,INSTRUMENTAL - ULTRAVIOLET FLUORESCENCE,13820,"Birmingham-Hoover, AL",33.0928,-86.8072,POINT,1,MIDDLE SCALE,100 M TO 500 M,,Al Dept Of Env Mgt,HIGHEST CONCENTRATION,,,2,
2023-03-08,011179001,1,56.9,Parts per billion,76,"Lhoist, Montevallo Plant",23,96,42401,Sulfur dioxide,100,INSTRUMENTAL - ULTRAVIOLET FLUORESCENCE,13820,"Birmingham-Hoover, AL",33.0928,-86.8072,POINT,1,MIDDLE SCALE,100 M TO 500 M,,Al Dept Of Env Mgt,HIGHEST CONCENTRATION,,,2,
2023-03-09,011179001,1,9.9,Parts per billion,13,"Lhoist, Montevallo Plant",23,96,42401,Sulfur dioxide,100,INSTRUMENTAL - ULTRAVIOLET FLUORESCENCE,13820,"Birmingham-Hoover, AL",33.0928,-86.8072,POINT,1,MIDDLE SCALE,100 M TO 500 M,,Al Dept Of Env Mgt,HIGHEST CONCENTRATION,,,2,
2023-03-10,011179001,1,0.9,Parts per billion,0,"Lhoist, Montevallo Plant",23,96,42401,Sulfur dioxide,100,INSTRUMENTAL - ULTRAVIOLET FLUORESCENCE,13820,"Birmingham-Hoover, AL",33.0928,-86.8072,POINT,1,MIDDLE SCALE,100 M TO 500 M,,Al Dept Of Env Mgt,HIGHEST CONCENTRATION,,,2,
2023-03-11,011179001,1,18,Parts per billion,26,"Lhoist, Montevallo Plant",23,96,42401,Sulfur dioxide,100,INSTRUMENTAL - ULTRAVIOLET FLUORESCENCE,13820,"Birmingham-Hoover, AL",33.0928,-86.8072,POINT,1,MIDDLE SCALE,100 M TO 500 M,,Al Dept Of Env Mgt,HIGHEST CONCENTRATION,,,2,
2023-03-12,011179001,1,0.9,Parts per billion,0,"Lhoist, Montevallo Plant",23,96,42401,Sulfur dioxide,100,INSTRUMENTAL - ULTRAVIOLET FLUORESCENCE,13820,"Birmingham-Hoover, AL",33.0928,-86.8072,POINT,1,MIDDLE SCALE,100 M TO 500 M,,Al Dept Of Env Mgt,HIGHEST CONCENTRATION,,,2,
2023-03-13,011179001,1,1.3,Parts per billion,1,"Lhoist, Montevallo Plant",23,96,42401,Sulfur dioxide,100,INSTRUMENTAL - ULTRAVIOLET FLUORESCENCE,13820,"Birmingham-Hoover, AL",33.0928,-86.8072,POINT,1,MIDDLE SCALE,100 M TO 500 M,,Al Dept Of Env Mgt,HIGHEST CONCENTRATION,,,2,
2023-03-14,011179001,1,2.4,Parts per billion,3,"Lhoist, Montevallo Plant",22,92,42401,Sulfur dioxide,100,INSTRUMENTAL - ULTRAVIOLET FLUORESCENCE,13820,"Birmingham-Hoover, AL",33.0928,-86.8072,POINT,1,MIDDLE SCALE,100 M TO 500 M,,Al Dept Of Env Mgt,HIGHEST CONCENTRATION,,,2,
2023-03-15,011179001,1,7.7,Parts per billion,10,"Lhoist, Montevallo Plant",23,96,42401,Sulfur dioxide,100,INSTRUMENTAL - ULTRAVIOLET FLUORESCENCE,13820,"Birmingham-Hoover, AL",33.0928,-86.8072,POINT,1,MIDDLE SCALE,100 M TO 500 M,,Al Dept Of Env Mgt,HIGHEST CONCENTRATION,,,2,
2023-03-16,011179001,1,1.1,Parts per billion,1,"Lhoist, Montevallo Plant",23,96,42401,Sulfur dioxide,100,INSTRUMENTAL - ULTRAVIOLET FLUORESCENCE,13820,"Birmingham-Hoover, AL",33.0928,-86.8072,POINT,1,MIDDLE SCALE,100 M TO 500 M,,Al Dept Of Env Mgt,HIGHEST CONCENTRATION,,,2,
2023-03-17,011179001,1,0.8,Parts per billion,0,"Lhoist, Montevallo Plant",23,96,42401,Sulfur dioxide,100,INSTRUMENTAL - ULTRAVIOLET FLUORESCENCE,13820,"Birmingham-Hoover, AL",33.0928,-86.8072,POINT,1,MIDDLE SCALE,100 M TO 500 M,,Al Dept Of Env Mgt,HIGHEST CONCENTRATION,,,2,
2023-03-18,011179001,1,1,Parts per billion,1,"Lhoist, Montevallo Plant",23,96,42401,Sulfur dioxide,100,INSTRUMENTAL - ULTRAVIOLET FLUORESCENCE,13820,"Birmingham-Hoover, AL",33.0928,-86.8072,POINT,1,MIDDLE SCALE,100 M TO 500 M,,Al Dept Of Env Mgt,HIGHEST CONCENTRATION,,,2,
2023-03-19,011179001,1,1.3,Parts per billion,1,"Lhoist, Montevallo Plant",23,96,42401,Sulfur dioxide,100,INSTRUMENTAL - ULTRAVIOLET FLUORESCENCE,13820,"Birmingham-Hoover, AL",33.0928,-86.8072,POINT,1,MIDDLE SCALE,100 M TO 500 M,,Al Dept Of Env Mgt,HIGHEST CONCENTRATION,,,2,
2023-03-20,011179001,1,2.7,Parts per billion,3,"Lhoist, Montevallo Plant",23,96,42401,Sulfur dioxide,100,INSTRUMENTAL - ULTRAVIOLET FLUORESCENCE,13820,"Birmingham-Hoover, AL",33.0928,-86.8072,POINT,1,MIDDLE SCALE,100 M TO 500 M,,Al Dept Of Env Mgt,HIGHEST CONCENTRATION,,,2,
2023-03-21,011179001,1,18.1,Parts per billion,26,"Lhoist, Montevallo Plant",23,96,42401,Sulfur dioxide,100,INSTRUMENTAL - ULTRAVIOLET FLUORESCENCE,13820,"Birmingham-Hoover, AL",33.0928,-86.8072,POINT,1,MIDDLE SCALE,100 M TO 500 M,,Al Dept Of Env Mgt,HIGHEST CONCENTRATION,,,2,
2023-03-22,011179001,1,1.1,Parts per billion,1,"Lhoist, Montevallo Plant",23,96,42401,Sulfur dioxide,100,INSTRUMENTAL - ULTRAVIOLET FLUORESCENCE,13820,"Birmingham-Hoover, AL",33.0928,-86.8072,POINT,1,MIDDLE SCALE,100 M TO 500 M,,Al Dept Of Env Mgt,HIGHEST CONCENTRATION,,,2,
2023-03-23,011179001,1,1.3,Parts per billion,1,"Lhoist, Montevallo Plant",22,92,42401,Sulfur dioxide,100,INSTRUMENTAL - ULTRAVIOLET FLUORESCENCE,13820,"Birmingham-Hoover, AL",33.0928,-86.8072,POINT,1,MIDDLE SCALE,100 M TO 500 M,,Al Dept Of Env Mgt,HIGHEST CONCENTRATION,,,2,
2023-03-24,011179001,1,1,Parts per billion,1,"Lhoist, Montevallo Plant",23,96,42401,Sulfur dioxide,100,INSTRUMENTAL - ULTRAVIOLET FLUORESCENCE,13820,"Birmingham-Hoover, AL",33.0928,-86.8072,POINT,1,MIDDLE SCALE,100 M TO 500 M,,Al Dept Of Env Mgt,HIGHEST CONCENTRATION,,,2,
2023-03-26,011179001,1,1.1,Parts per billion,1,"Lhoist, Montevallo Plant",23,96,42401,Sulfur dioxide,100,INSTRUMENTAL - ULTRAVIOLET FLUORESCENCE,13820,"Birmingham-Hoover, AL",33.0928,-86.8072,POINT,1,MIDDLE SCALE,100 M TO 500 M,,Al Dept Of Env Mgt,HIGHEST CONCENTRATION,,,2,
2023-03-25,011179001,1,1,Parts per billion,1,"Lhoist, Montevallo Plant",23,96,42401,Sulfur dioxide,100,INSTRUMENTAL - ULTRAVIOLET FLUORESCENCE,13820,"Birmingham-Hoover, AL",33.0928,-86.8072,POINT,1,MIDDLE SCALE,100 M TO 500 M,,Al Dept Of Env Mgt,HIGHEST CONCENTRATION,,,2,
2023-03-27,011179001,1,1.1,Parts per billion,1,"Lhoist, Montevallo Plant",23,96,42401,Sulfur dioxide,100,INSTRUMENTAL - ULTRAVIOLET FLUORESCENCE,13820,"Birmingham-Hoover, AL",33.0928,-86.8072,POINT,1,MIDDLE SCALE,100 M TO 500 M,,Al Dept Of Env Mgt,HIGHEST CONCENTRATION,,,2,
2023-03-28,011179001,1,3.4,Parts per billion,4,"Lhoist, Montevallo Plant",23,96,42401,Sulfur dioxide,100,INSTRUMENTAL - ULTRAVIOLET FLUORESCENCE,13820,"Birmingham-Hoover, AL",33.0928,-86.8072,POINT,1,MIDDLE SCALE,100 M TO 500 M,,Al Dept Of Env Mgt,HIGHEST CONCENTRATION,,,2,
2023-03-29,011179001,1,3.7,Parts per billion,4,"Lhoist, Montevallo Plant",22,92,42401,Sulfur dioxide,100,INSTRUMENTAL - ULTRAVIOLET FLUORESCENCE,13820,"Birmingham-Hoover, AL",33.0928,-86.8072,POINT,1,MIDDLE SCALE,100 M TO 500 M,,Al Dept Of Env Mgt,HIGHEST CONCENTRATION,,,2,
2023-03-30,011179001,1,54.6,Parts per billion,74,"Lhoist, Montevallo Plant",23,96,42401,Sulfur dioxide,100,INSTRUMENTAL - ULTRAVIOLET FLUORESCENCE,13820,"Birmingham-Hoover, AL",33.0928,-86.8072,POINT,1,MIDDLE SCALE,100 M TO 500 M,,Al Dept Of Env Mgt,HIGHEST CONCENTRATION,,,2,
2023-03-31,011179001,1,1,Parts per billion,1,"Lhoist, Montevallo Plant",23,96,42401,Sulfur dioxide,100,INSTRUMENTAL - ULTRAVIOLET FLUORESCENCE,13820,"Birmingham-Hoover, AL",33.0928,-86.8072,POINT,1,MIDDLE SCALE,100 M TO 500 M,,Al Dept Of Env Mgt,HIGHEST CONCENTRATION,,,2,
2023-04-01,011179001,1,1,Parts per billion,1,"Lhoist, Montevallo Plant",23,96,42401,Sulfur dioxide,100,INSTRUMENTAL - ULTRAVIOLET FLUORESCENCE,13820,"Birmingham-Hoover, AL",33.0928,-86.8072,POINT,1,MIDDLE SCALE,100 M TO 500 M,,Al Dept Of Env Mgt,HIGHEST CONCENTRATION,,,2,
2023-04-03,011179001,1,2.1,Parts per billion,3,"Lhoist, Montevallo Plant",22,92,42401,Sulfur dioxide,100,INSTRUMENTAL - ULTRAVIOLET FLUORESCENCE,13820,"Birmingham-Hoover, AL",33.0928,-86.8072,POINT,1,MIDDLE SCALE,100 M TO 500 M,,Al Dept Of Env Mgt,HIGHEST CONCENTRATION,,,2,
2023-04-02,011179001,1,21.6,Parts per billion,30,"Lhoist, Montevallo Plant",23,96,42401,Sulfur dioxide,100,INSTRUMENTAL - ULTRAVIOLET FLUORESCENCE,13820,"Birmingham-Hoover, AL",33.0928,-86.8072,POINT,1,MIDDLE SCALE,100 M TO 500 M,,Al Dept Of Env Mgt,HIGHEST CONCENTRATION,,,2,
2023-04-04,011179001,1,1.1,Parts per billion,1,"Lhoist, Montevallo Plant",23,96,42401,Sulfur dioxide,100,INSTRUMENTAL - ULTRAVIOLET FLUORESCENCE,13820,"Birmingham-Hoover, AL",33.0928,-86.8072,POINT,1,MIDDLE SCALE,100 M TO 500 M,,Al Dept Of Env Mgt,HIGHEST CONCENTRATION,,,2,
2023-04-05,011179001,1,1,Parts per billion,1,"Lhoist, Montevallo Plant",23,96,42401,Sulfur dioxide,100,INSTRUMENTAL - ULTRAVIOLET FLUORESCENCE,13820,"Birmingham-Hoover, AL",33.0928,-86.8072,POINT,1,MIDDLE SCALE,100 M TO 500 M,,Al Dept Of Env Mgt,HIGHEST CONCENTRATION,,,2,
2023-04-06,011179001,1,1.7,Parts per billion,1,"Lhoist, Montevallo Plant",23,96,42401,Sulfur dioxide,100,INSTRUMENTAL - ULTRAVIOLET FLUORESCENCE,13820,"Birmingham-Hoover, AL",33.0928,-86.8072,POINT,1,MIDDLE SCALE,100 M TO 500 M,,Al Dept Of Env Mgt,HIGHEST CONCENTRATION,,,2,
2023-04-07,011179001,1,1,Parts per billion,1,"Lhoist, Montevallo Plant",23,96,42401,Sulfur dioxide,100,INSTRUMENTAL - ULTRAVIOLET FLUORESCENCE,13820,"Birmingham-Hoover, AL",33.0928,-86.8072,POINT,1,MIDDLE SCALE,100 M TO 500 M,,Al Dept Of Env Mgt,HIGHEST CONCENTRATION,,,2,
2023-04-08,011179001,1,1.2,Parts per billion,1,"Lhoist, Montevallo Plant",23,96,42401,Sulfur dioxide,100,INSTRUMENTAL - ULTRAVIOLET FLUORESCENCE,13820,"Birmingham-Hoover, AL",33.0928,-86.8072,POINT,1,MIDDLE SCALE,100 M TO 500 M,,Al Dept Of Env Mgt,HIGHEST CONCENTRATION,,,2,
2023-04-09,011179001,1,7,Parts per billion,10,"Lhoist, Montevallo Plant",23,96,42401,Sulfur dioxide,100,INSTRUMENTAL - ULTRAVIOLET FLUORESCENCE,13820,"Birmingham-Hoover, AL",33.0928,-86.8072,POINT,1,MIDDLE SCALE,100 M TO 500 M,,Al Dept Of Env Mgt,HIGHEST CONCENTRATION,,,2,
2023-04-10,011179001,1,26.4,Parts per billion,37,"Lhoist, Montevallo Plant",23,96,42401,Sulfur dioxide,100,INSTRUMENTAL - ULTRAVIOLET FLUORESCENCE,13820,"Birmingham-Hoover, AL",33.0928,-86.8072,POINT,1,MIDDLE SCALE,100 M TO 500 M,,Al Dept Of Env Mgt,HIGHEST CONCENTRATION,,,2,
2023-04-11,011179001,1,21.9,Parts per billion,30,"Lhoist, Montevallo Plant",22,92,42401,Sulfur dioxide,100,INSTRUMENTAL - ULTRAVIOLET FLUORESCENCE,13820,"Birmingham-Hoover, AL",33.0928,-86.8072,POINT,1,MIDDLE SCALE,100 M TO 500 M,,Al Dept Of Env Mgt,HIGHEST CONCENTRATION,,,2,
2023-04-12,011179001,1,9.8,Parts per billion,13,"Lhoist, Montevallo Plant",23,96,42401,Sulfur dioxide,100,INSTRUMENTAL - ULTRAVIOLET FLUORESCENCE,13820,"Birmingham-Hoover, AL",33.0928,-86.8072,POINT,1,MIDDLE SCALE,100 M TO 500 M,,Al Dept Of Env Mgt,HIGHEST CONCENTRATION,,,2,
2023-04-13,011179001,1,24.1,Parts per billion,34,"Lhoist, Montevallo Plant",23,96,42401,Sulfur dioxide,100,INSTRUMENTAL - ULTRAVIOLET FLUORESCENCE,13820,"Birmingham-Hoover, AL",33.0928,-86.8072,POINT,1,MIDDLE SCALE,100 M TO 500 M,,Al Dept Of Env Mgt,HIGHEST CONCENTRATION,,,2,
2023-04-14,011179001,1,1.2,Parts per billion,1,"Lhoist, Montevallo Plant",23,96,42401,Sulfur dioxide,100,INSTRUMENTAL - ULTRAVIOLET FLUORESCENCE,13820,"Birmingham-Hoover, AL",33.0928,-86.8072,POINT,1,MIDDLE SCALE,100 M TO 500 M,,Al Dept Of Env Mgt,HIGHEST CONCENTRATION,,,2,
2023-04-15,011179001,1,1.5,Parts per billion,1,"Lhoist, Montevallo Plant",23,96,42401,Sulfur dioxide,100,INSTRUMENTAL - ULTRAVIOLET FLUORESCENCE,13820,"Birmingham-Hoover, AL",33.0928,-86.8072,POINT,1,MIDDLE SCALE,100 M TO 500 M,,Al Dept Of Env Mgt,HIGHEST CONCENTRATION,,,2,
2023-04-16,011179001,1,1.1,Parts per billion,1,"Lhoist, Montevallo Plant",23,96,42401,Sulfur dioxide,100,INSTRUMENTAL - ULTRAVIOLET FLUORESCENCE,13820,"Birmingham-Hoover, AL",33.0928,-86.8072,POINT,1,MIDDLE SCALE,100 M TO 500 M,,Al Dept Of Env Mgt,HIGHEST CONCENTRATION,,,2,
2023-04-17,011179001,1,1.2,Parts per billion,1,"Lhoist, Montevallo Plant",23,96,42401,Sulfur dioxide,100,INSTRUMENTAL - ULTRAVIOLET FLUORESCENCE,13820,"Birmingham-Hoover, AL",33.0928,-86.8072,POINT,1,MIDDLE SCALE,100 M TO 500 M,,Al Dept Of Env Mgt,HIGHEST CONCENTRATION,,,2,
2023-04-18,011179001,1,36.9,Parts per billion,51,"Lhoist, Montevallo Plant",23,96,42401,Sulfur dioxide,100,INSTRUMENTAL - ULTRAVIOLET FLUORESCENCE,13820,"Birmingham-Hoover, AL",33.0928,-86.8072,POINT,1,MIDDLE SCALE,100 M TO 500 M,,Al Dept Of Env Mgt,HIGHEST CONCENTRATION,,,2,
2023-04-19,011179001,1,10.9,Parts per billion,14,"Lhoist, Montevallo Plant",23,96,42401,Sulfur dioxide,100,INSTRUMENTAL - ULTRAVIOLET FLUORESCENCE,13820,"Birmingham-Hoover, AL",33.0928,-86.8072,POINT,1,MIDDLE SCALE,100 M TO 500 M,,Al Dept Of Env Mgt,HIGHEST CONCENTRATION,,,2,
2023-04-20,011179001,1,1.5,Parts per billion,1,"Lhoist, Montevallo Plant",23,96,42401,Sulfur dioxide,100,INSTRUMENTAL - ULTRAVIOLET FLUORESCENCE,13820,"Birmingham-Hoover, AL",33.0928,-86.8072,POINT,1,MIDDLE SCALE,100 M TO 500 M,,Al Dept Of Env Mgt,HIGHEST CONCENTRATION,,,2,
2023-04-21,011179001,1,1.4,Parts per billion,1,"Lhoist, Montevallo Plant",22,92,42401,Sulfur dioxide,100,INSTRUMENTAL - ULTRAVIOLET FLUORESCENCE,13820,"Birmingham-Hoover, AL",33.0928,-86.8072,POINT,1,MIDDLE SCALE,100 M TO 500 M,,Al Dept Of Env Mgt,HIGHEST CONCENTRATION,,,2,
2023-04-22,011179001,1,1.8,Parts per billion,1,"Lhoist, Montevallo Plant",23,96,42401,Sulfur dioxide,100,INSTRUMENTAL - ULTRAVIOLET FLUORESCENCE,13820,"Birmingham-Hoover, AL",33.0928,-86.8072,POINT,1,MIDDLE SCALE,100 M TO 500 M,,Al Dept Of Env Mgt,HIGHEST CONCENTRATION,,,2,
2023-04-23,011179001,1,3.3,Parts per billion,4,"Lhoist, Montevallo Plant",23,96,42401,Sulfur dioxide,100,INSTRUMENTAL - ULTRAVIOLET FLUORESCENCE,13820,"Birmingham-Hoover, AL",33.0928,-86.8072,POINT,1,MIDDLE SCALE,100 M TO 500 M,,Al Dept Of Env Mgt,HIGHEST CONCENTRATION,,,2,
2023-04-24,011179001,1,2.2,Parts per billion,3,"Lhoist, Montevallo Plant",23,96,42401,Sulfur dioxide,100,INSTRUMENTAL - ULTRAVIOLET FLUORESCENCE,13820,"Birmingham-Hoover, AL",33.0928,-86.8072,POINT,1,MIDDLE SCALE,100 M TO 500 M,,Al Dept Of Env Mgt,HIGHEST CONCENTRATION,,,2,
2023-04-25,011179001,1,8.5,Parts per billion,11,"Lhoist, Montevallo Plant",23,96,42401,Sulfur dioxide,100,INSTRUMENTAL - ULTRAVIOLET FLUORESCENCE,13820,"Birmingham-Hoover, AL",33.0928,-86.8072,POINT,1,MIDDLE SCALE,100 M TO 500 M,,Al Dept Of Env Mgt,HIGHEST CONCENTRATION,,,2,
2023-04-26,011179001,1,6,Parts per billion,9,"Lhoist, Montevallo Plant",23,96,42401,Sulfur dioxide,100,INSTRUMENTAL - ULTRAVIOLET FLUORESCENCE,13820,"Birmingham-Hoover, AL",33.0928,-86.8072,POINT,1,MIDDLE SCALE,100 M TO 500 M,,Al Dept Of Env Mgt,HIGHEST CONCENTRATION,,,2,
2023-04-27,011179001,1,1.5,Parts per billion,1,"Lhoist, Montevallo Plant",22,92,42401,Sulfur dioxide,100,INSTRUMENTAL - ULTRAVIOLET FLUORESCENCE,13820,"Birmingham-Hoover, AL",33.0928,-86.8072,POINT,1,MIDDLE SCALE,100 M TO 500 M,,Al Dept Of Env Mgt,HIGHEST CONCENTRATION,,,2,
2023-04-28,011179001,1,1.4,Parts per billion,1,"Lhoist, Montevallo Plant",23,96,42401,Sulfur dioxide,100,INSTRUMENTAL - ULTRAVIOLET FLUORESCENCE,13820,"Birmingham-Hoover, AL",33.0928,-86.8072,POINT,1,MIDDLE SCALE,100 M TO 500 M,,Al Dept Of Env Mgt,HIGHEST CONCENTRATION,,,2,
2023-04-29,011179001,1,8.8,Parts per billion,11,"Lhoist, Montevallo Plant",23,96,42401,Sulfur dioxide,100,INSTRUMENTAL - ULTRAVIOLET FLUORESCENCE,13820,"Birmingham-Hoover, AL",33.0928,-86.8072,POINT,1,MIDDLE SCALE,100 M TO 500 M,,Al Dept Of Env Mgt,HIGHEST CONCENTRATION,,,2,
2023-04-30,011179001,1,1.3,Parts per billion,1,"Lhoist, Montevallo Plant",23,96,42401,Sulfur dioxide,100,INSTRUMENTAL - ULTRAVIOLET FLUORESCENCE,13820,"Birmingham-Hoover, AL",33.0928,-86.8072,POINT,1,MIDDLE SCALE,100 M TO 500 M,,Al Dept Of Env Mgt,HIGHEST CONCENTRATION,,,2,
2023-05-01,011179001,1,1.9,Parts per billion,1,"Lhoist, Montevallo Plant",23,96,42401,Sulfur dioxide,100,INSTRUMENTAL - ULTRAVIOLET FLUORESCENCE,13820,"Birmingham-Hoover, AL",33.0928,-86.8072,POINT,1,MIDDLE SCALE,100 M TO 500 M,,Al Dept Of Env Mgt,HIGHEST CONCENTRATION,,,2,
2023-05-02,011179001,1,2,Parts per billion,3,"Lhoist, Montevallo Plant",22,92,42401,Sulfur dioxide,100,INSTRUMENTAL - ULTRAVIOLET FLUORESCENCE,13820,"Birmingham-Hoover, AL",33.0928,-86.8072,POINT,1,MIDDLE SCALE,100 M TO 500 M,,Al Dept Of Env Mgt,HIGHEST CONCENTRATION,,,2,
2023-05-03,011179001,1,1.8,Parts per billion,1,"Lhoist, Montevallo Plant",23,96,42401,Sulfur dioxide,100,INSTRUMENTAL - ULTRAVIOLET FLUORESCENCE,13820,"Birmingham-Hoover, AL",33.0928,-86.8072,POINT,1,MIDDLE SCALE,100 M TO 500 M,,Al Dept Of Env Mgt,HIGHEST CONCENTRATION,,,2,
2023-05-04,011179001,1,22.1,Parts per billion,31,"Lhoist, Montevallo Plant",23,96,42401,Sulfur dioxide,100,INSTRUMENTAL - ULTRAVIOLET FLUORESCENCE,13820,"Birmingham-Hoover, AL",33.0928,-86.8072,POINT,1,MIDDLE SCALE,100 M TO 500 M,,Al Dept Of Env Mgt,HIGHEST CONCENTRATION,,,2,
2023-05-05,011179001,1,4.9,Parts per billion,6,"Lhoist, Montevallo Plant",23,96,42401,Sulfur dioxide,100,INSTRUMENTAL - ULTRAVIOLET FLUORESCENCE,13820,"Birmingham-Hoover, AL",33.0928,-86.8072,POINT,1,MIDDLE SCALE,100 M TO 500 M,,Al Dept Of Env Mgt,HIGHEST CONCENTRATION,,,2,
2023-05-06,011179001,1,15,Parts per billion,21,"Lhoist, Montevallo Plant",23,96,42401,Sulfur dioxide,100,INSTRUMENTAL - ULTRAVIOLET FLUORESCENCE,13820,"Birmingham-Hoover, AL",33.0928,-86.8072,POINT,1,MIDDLE SCALE,100 M TO 500 M,,Al Dept Of Env Mgt,HIGHEST CONCENTRATION,,,2,
2023-05-07,011179001,1,1.4,Parts per billion,1,"Lhoist, Montevallo Plant",23,96,42401,Sulfur dioxide,100,INSTRUMENTAL - ULTRAVIOLET FLUORESCENCE,13820,"Birmingham-Hoover, AL",33.0928,-86.8072,POINT,1,MIDDLE SCALE,100 M TO 500 M,,Al Dept Of Env Mgt,HIGHEST CONCENTRATION,,,2,
2023-05-08,011179001,1,1.3,Parts per billion,1,"Lhoist, Montevallo Plant",23,96,42401,Sulfur dioxide,100,INSTRUMENTAL - ULTRAVIOLET FLUORESCENCE,13820,"Birmingham-Hoover, AL",33.0928,-86.8072,POINT,1,MIDDLE SCALE,100 M TO 500 M,,Al Dept Of Env Mgt,HIGHEST CONCENTRATION,,,2,
2023-05-09,011179001,1,6,Parts per billion,9,"Lhoist, Montevallo Plant",23,96,42401,Sulfur dioxide,100,INSTRUMENTAL - ULTRAVIOLET FLUORESCENCE,13820,"Birmingham-Hoover, AL",33.0928,-86.8072,POINT,1,MIDDLE SCALE,100 M TO 500 M,,Al Dept Of Env Mgt,HIGHEST CONCENTRATION,,,2,
2023-05-10,011179001,1,1.8,Parts per billion,1,"Lhoist, Montevallo Plant",23,96,42401,Sulfur dioxide,100,INSTRUMENTAL - ULTRAVIOLET FLUORESCENCE,13820,"Birmingham-Hoover, AL",33.0928,-86.8072,POINT,1,MIDDLE SCALE,100 M TO 500 M,,Al Dept Of Env Mgt,HIGHEST CONCENTRATION,,,2,
2023-05-11,011179001,1,10.6,Parts per billion,14,"Lhoist, Montevallo Plant",23,96,42401,Sulfur dioxide,100,INSTRUMENTAL - ULTRAVIOLET FLUORESCENCE,13820,"Birmingham-Hoover, AL",33.0928,-86.8072,POINT,1,MIDDLE SCALE,100 M TO 500 M,,Al Dept Of Env Mgt,HIGHEST CONCENTRATION,,,2,
2023-05-12,011179001,1,10.9,Parts per billion,14,"Lhoist, Montevallo Plant",21,88,42401,Sulfur dioxide,100,INSTRUMENTAL - ULTRAVIOLET FLUORESCENCE,13820,"Birmingham-Hoover, AL",33.0928,-86.8072,POINT,1,MIDDLE SCALE,100 M TO 500 M,,Al Dept Of Env Mgt,HIGHEST CONCENTRATION,,,2,
2023-05-13,011179001,1,2.1,Parts per billion,3,"Lhoist, Montevallo Plant",23,96,42401,Sulfur dioxide,100,INSTRUMENTAL - ULTRAVIOLET FLUORESCENCE,13820,"Birmingham-Hoover, AL",33.0928,-86.8072,POINT,1,MIDDLE SCALE,100 M TO 500 M,,Al Dept Of Env Mgt,HIGHEST CONCENTRATION,,,2,
2023-05-14,011179001,1,2.2,Parts per billion,3,"Lhoist, Montevallo Plant",23,96,42401,Sulfur dioxide,100,INSTRUMENTAL - ULTRAVIOLET FLUORESCENCE,13820,"Birmingham-Hoover, AL",33.0928,-86.8072,POINT,1,MIDDLE SCALE,100 M TO 500 M,,Al Dept Of Env Mgt,HIGHEST CONCENTRATION,,,2,
2023-05-15,011179001,1,3.2,Parts per billion,4,"Lhoist, Montevallo Plant",23,96,42401,Sulfur dioxide,100,INSTRUMENTAL - ULTRAVIOLET FLUORESCENCE,13820,"Birmingham-Hoover, AL",33.0928,-86.8072,POINT,1,MIDDLE SCALE,100 M TO 500 M,,Al Dept Of Env Mgt,HIGHEST CONCENTRATION,,,2,
2023-05-16,011179001,1,1.7,Parts per billion,1,"Lhoist, Montevallo Plant",23,96,42401,Sulfur dioxide,100,INSTRUMENTAL - ULTRAVIOLET FLUORESCENCE,13820,"Birmingham-Hoover, AL",33.0928,-86.8072,POINT,1,MIDDLE SCALE,100 M TO 500 M,,Al Dept Of Env Mgt,HIGHEST CONCENTRATION,,,2,
2023-05-17,011179001,1,1.5,Parts per billion,1,"Lhoist, Montevallo Plant",23,96,42401,Sulfur dioxide,100,INSTRUMENTAL - ULTRAVIOLET FLUORESCENCE,13820,"Birmingham-Hoover, AL",33.0928,-86.8072,POINT,1,MIDDLE SCALE,100 M TO 500 M,,Al Dept Of Env Mgt,HIGHEST CONCENTRATION,,,2,
2023-05-18,011179001,1,8.2,Parts per billion,11,"Lhoist, Montevallo Plant",23,96,42401,Sulfur dioxide,100,INSTRUMENTAL - ULTRAVIOLET FLUORESCENCE,13820,"Birmingham-Hoover, AL",33.0928,-86.8072,POINT,1,MIDDLE SCALE,100 M TO 500 M,,Al Dept Of Env Mgt,HIGHEST CONCENTRATION,,,2,
2023-05-19,011179001,1,26,Parts per billion,37,"Lhoist, Montevallo Plant",23,96,42401,Sulfur dioxide,100,INSTRUMENTAL - ULTRAVIOLET FLUORESCENCE,13820,"Birmingham-Hoover, AL",33.0928,-86.8072,POINT,1,MIDDLE SCALE,100 M TO 500 M,,Al Dept Of Env Mgt,HIGHEST CONCENTRATION,,,2,
2023-05-20,011179001,1,1.5,Parts per billion,1,"Lhoist, Montevallo Plant",23,96,42401,Sulfur dioxide,100,INSTRUMENTAL - ULTRAVIOLET FLUORESCENCE,13820,"Birmingham-Hoover, AL",33.0928,-86.8072,POINT,1,MIDDLE SCALE,100 M TO 500 M,,Al Dept Of Env Mgt,HIGHEST CONCENTRATION,,,2,
2023-05-21,011179001,1,1.6,Parts per billion,1,"Lhoist, Montevallo Plant",23,96,42401,Sulfur dioxide,100,INSTRUMENTAL - ULTRAVIOLET FLUORESCENCE,13820,"Birmingham-Hoover, AL",33.0928,-86.8072,POINT,1,MIDDLE SCALE,100 M TO 500 M,,Al Dept Of Env Mgt,HIGHEST CONCENTRATION,,,2,
2023-05-22,011179001,1,2.3,Parts per billion,3,"Lhoist, Montevallo Plant",23,96,42401,Sulfur dioxide,100,INSTRUMENTAL - ULTRAVIOLET FLUORESCENCE,13820,"Birmingham-Hoover, AL",33.0928,-86.8072,POINT,1,MIDDLE SCALE,100 M TO 500 M,,Al Dept Of Env Mgt,HIGHEST CONCENTRATION,,,2,
2023-05-23,011179001,1,1.6,Parts per billion,1,"Lhoist, Montevallo Plant",23,96,42401,Sulfur dioxide,100,INSTRUMENTAL - ULTRAVIOLET FLUORESCENCE,13820,"Birmingham-Hoover, AL",33.0928,-86.8072,POINT,1,MIDDLE SCALE,100 M TO 500 M,,Al Dept Of Env Mgt,HIGHEST CONCENTRATION,,,2,
2023-05-24,011179001,1,11.6,Parts per billion,16,"Lhoist, Montevallo Plant",22,92,42401,Sulfur dioxide,100,INSTRUMENTAL - ULTRAVIOLET FLUORESCENCE,13820,"Birmingham-Hoover, AL",33.0928,-86.8072,POINT,1,MIDDLE SCALE,100 M TO 500 M,,Al Dept Of Env Mgt,HIGHEST CONCENTRATION,,,2,
2023-05-25,011179001,1,45.2,Parts per billion,62,"Lhoist, Montevallo Plant",23,96,42401,Sulfur dioxide,100,INSTRUMENTAL - ULTRAVIOLET FLUORESCENCE,13820,"Birmingham-Hoover, AL",33.0928,-86.8072,POINT,1,MIDDLE SCALE,100 M TO 500 M,,Al Dept Of Env Mgt,HIGHEST CONCENTRATION,,,2,
2023-05-26,011179001,1,7,Parts per billion,10,"Lhoist, Montevallo Plant",23,96,42401,Sulfur dioxide,100,INSTRUMENTAL - ULTRAVIOLET FLUORESCENCE,13820,"Birmingham-Hoover, AL",33.0928,-86.8072,POINT,1,MIDDLE SCALE,100 M TO 500 M,,Al Dept Of Env Mgt,HIGHEST CONCENTRATION,,,2,
2023-05-27,011179001,1,15.3,Parts per billion,21,"Lhoist, Montevallo Plant",23,96,42401,Sulfur dioxide,100,INSTRUMENTAL - ULTRAVIOLET FLUORESCENCE,13820,"Birmingham-Hoover, AL",33.0928,-86.8072,POINT,1,MIDDLE SCALE,100 M TO 500 M,,Al Dept Of Env Mgt,HIGHEST CONCENTRATION,,,2,
2023-05-28,011179001,1,3.3,Parts per billion,4,"Lhoist, Montevallo Plant",23,96,42401,Sulfur dioxide,100,INSTRUMENTAL - ULTRAVIOLET FLUORESCENCE,13820,"Birmingham-Hoover, AL",33.0928,-86.8072,POINT,1,MIDDLE SCALE,100 M TO 500 M,,Al Dept Of Env Mgt,HIGHEST CONCENTRATION,,,2,
2023-05-29,011179001,1,2.3,Parts per billion,3,"Lhoist, Montevallo Plant",23,96,42401,Sulfur dioxide,100,INSTRUMENTAL - ULTRAVIOLET FLUORESCENCE,13820,"Birmingham-Hoover, AL",33.0928,-86.8072,POINT,1,MIDDLE SCALE,100 M TO 500 M,,Al Dept Of Env Mgt,HIGHEST CONCENTRATION,,,2,
2023-05-31,011179001,1,37.5,Parts per billion,52,"Lhoist, Montevallo Plant",22,92,42401,Sulfur dioxide,100,INSTRUMENTAL - ULTRAVIOLET FLUORESCENCE,13820,"Birmingham-Hoover, AL",33.0928,-86.8072,POINT,1,MIDDLE SCALE,100 M TO 500 M,,Al Dept Of Env Mgt,HIGHEST CONCENTRATION,,,2,
2023-05-30,011179001,1,14.9,Parts per billion,20,"Lhoist, Montevallo Plant",23,96,42401,Sulfur dioxide,100,INSTRUMENTAL - ULTRAVIOLET FLUORESCENCE,13820,"Birmingham-Hoover, AL",33.0928,-86.8072,POINT,1,MIDDLE SCALE,100 M TO 500 M,,Al Dept Of Env Mgt,HIGHEST CONCENTRATION,,,2,
2023-06-01,011179001,1,15.8,Parts per billion,21,"Lhoist, Montevallo Plant",23,96,42401,Sulfur dioxide,100,INSTRUMENTAL - ULTRAVIOLET FLUORESCENCE,13820,"Birmingham-Hoover, AL",33.0928,-86.8072,POINT,1,MIDDLE SCALE,100 M TO 500 M,,Al Dept Of Env Mgt,HIGHEST CONCENTRATION,,,2,
2023-06-02,011179001,1,12.5,Parts per billion,17,"Lhoist, Montevallo Plant",23,96,42401,Sulfur dioxide,100,INSTRUMENTAL - ULTRAVIOLET FLUORESCENCE,13820,"Birmingham-Hoover, AL",33.0928,-86.8072,POINT,1,MIDDLE SCALE,100 M TO 500 M,,Al Dept Of Env Mgt,HIGHEST CONCENTRATION,,,2,
2023-06-03,011179001,1,23.3,Parts per billion,33,"Lhoist, Montevallo Plant",23,96,42401,Sulfur dioxide,100,INSTRUMENTAL - ULTRAVIOLET FLUORESCENCE,13820,"Birmingham-Hoover, AL",33.0928,-86.8072,POINT,1,MIDDLE SCALE,100 M TO 500 M,,Al Dept Of Env Mgt,HIGHEST CONCENTRATION,,,2,
2023-06-04,011179001,1,37.5,Parts per billion,52,"Lhoist, Montevallo Plant",23,96,42401,Sulfur dioxide,100,INSTRUMENTAL - ULTRAVIOLET FLUORESCENCE,13820,"Birmingham-Hoover, AL",33.0928,-86.8072,POINT,1,MIDDLE SCALE,100 M TO 500 M,,Al Dept Of Env Mgt,HIGHEST CONCENTRATION,,,2,
2023-06-05,011179001,1,18.4,Parts per billion,26,"Lhoist, Montevallo Plant",23,96,42401,Sulfur dioxide,100,INSTRUMENTAL - ULTRAVIOLET FLUORESCENCE,13820,"Birmingham-Hoover, AL",33.0928,-86.8072,POINT,1,MIDDLE SCALE,100 M TO 500 M,,Al Dept Of Env Mgt,HIGHEST CONCENTRATION,,,2,
2023-06-06,011179001,1,2.4,Parts per billion,3,"Lhoist, Montevallo Plant",22,92,42401,Sulfur dioxide,100,INSTRUMENTAL - ULTRAVIOLET FLUORESCENCE,13820,"Birmingham-Hoover, AL",33.0928,-86.8072,POINT,1,MIDDLE SCALE,100 M TO 500 M,,Al Dept Of Env Mgt,HIGHEST CONCENTRATION,,,2,
2023-06-07,011179001,1,2,Parts per billion,3,"Lhoist, Montevallo Plant",23,96,42401,Sulfur dioxide,100,INSTRUMENTAL - ULTRAVIOLET FLUORESCENCE,13820,"Birmingham-Hoover, AL",33.0928,-86.8072,POINT,1,MIDDLE SCALE,100 M TO 500 M,,Al Dept Of Env Mgt,HIGHEST CONCENTRATION,,,2,
2023-06-08,011179001,1,2.1,Parts per billion,3,"Lhoist, Montevallo Plant",23,96,42401,Sulfur dioxide,100,INSTRUMENTAL - ULTRAVIOLET FLUORESCENCE,13820,"Birmingham-Hoover, AL",33.0928,-86.8072,POINT,1,MIDDLE SCALE,100 M TO 500 M,,Al Dept Of Env Mgt,HIGHEST CONCENTRATION,,,2,
2023-06-09,011179001,1,3.2,Parts per billion,4,"Lhoist, Montevallo Plant",23,96,42401,Sulfur dioxide,100,INSTRUMENTAL - ULTRAVIOLET FLUORESCENCE,13820,"Birmingham-Hoover, AL",33.0928,-86.8072,POINT,1,MIDDLE SCALE,100 M TO 500 M,,Al Dept Of Env Mgt,HIGHEST CONCENTRATION,,,2,
2023-06-10,011179001,1,4.5,Parts per billion,6,"Lhoist, Montevallo Plant",23,96,42401,Sulfur dioxide,100,INSTRUMENTAL - ULTRAVIOLET FLUORESCENCE,13820,"Birmingham-Hoover, AL",33.0928,-86.8072,POINT,1,MIDDLE SCALE,100 M TO 500 M,,Al Dept Of Env Mgt,HIGHEST CONCENTRATION,,,2,
2023-06-11,011179001,1,1.8,Parts per billion,1,"Lhoist, Montevallo Plant",23,96,42401,Sulfur dioxide,100,INSTRUMENTAL - ULTRAVIOLET FLUORESCENCE,13820,"Birmingham-Hoover, AL",33.0928,-86.8072,POINT,1,MIDDLE SCALE,100 M TO 500 M,,Al Dept Of Env Mgt,HIGHEST CONCENTRATION,,,2,
2023-06-12,011179001,1,1.8,Parts per billion,1,"Lhoist, Montevallo Plant",22,92,42401,Sulfur dioxide,100,INSTRUMENTAL - ULTRAVIOLET FLUORESCENCE,13820,"Birmingham-Hoover, AL",33.0928,-86.8072,POINT,1,MIDDLE SCALE,100 M TO 500 M,,Al Dept Of Env Mgt,HIGHEST CONCENTRATION,,,2,
2023-06-13,011179001,1,3,Parts per billion,4,"Lhoist, Montevallo Plant",21,88,42401,Sulfur dioxide,100,INSTRUMENTAL - ULTRAVIOLET FLUORESCENCE,13820,"Birmingham-Hoover, AL",33.0928,-86.8072,POINT,1,MIDDLE SCALE,100 M TO 500 M,,Al Dept Of Env Mgt,HIGHEST CONCENTRATION,,,2,
2023-06-14,011179001,1,0.1,Parts per billion,0,"Lhoist, Montevallo Plant",23,96,42401,Sulfur dioxide,100,INSTRUMENTAL - ULTRAVIOLET FLUORESCENCE,13820,"Birmingham-Hoover, AL",33.0928,-86.8072,POINT,1,MIDDLE SCALE,100 M TO 500 M,,Al Dept Of Env Mgt,HIGHEST CONCENTRATION,,,2,
2023-06-15,011179001,1,0.1,Parts per billion,0,"Lhoist, Montevallo Plant",23,96,42401,Sulfur dioxide,100,INSTRUMENTAL - ULTRAVIOLET FLUORESCENCE,13820,"Birmingham-Hoover, AL",33.0928,-86.8072,POINT,1,MIDDLE SCALE,100 M TO 500 M,,Al Dept Of Env Mgt,HIGHEST CONCENTRATION,,,2,
2023-06-16,011179001,1,0.1,Parts per billion,0,"Lhoist, Montevallo Plant",23,96,42401,Sulfur dioxide,100,INSTRUMENTAL - ULTRAVIOLET FLUORESCENCE,13820,"Birmingham-Hoover, AL",33.0928,-86.8072,POINT,1,MIDDLE SCALE,100 M TO 500 M,,Al Dept Of Env Mgt,HIGHEST CONCENTRATION,,,2,
2023-06-17,011179001,1,0.4,Parts per billion,0,"Lhoist, Montevallo Plant",23,96,42401,Sulfur dioxide,100,INSTRUMENTAL - ULTRAVIOLET FLUORESCENCE,13820,"Birmingham-Hoover, AL",33.0928,-86.8072,POINT,1,MIDDLE SCALE,100 M TO 500 M,,Al Dept Of Env Mgt,HIGHEST CONCENTRATION,,,2,
2023-06-18,011179001,1,0.2,Parts per billion,0,"Lhoist, Montevallo Plant",23,96,42401,Sulfur dioxide,100,INSTRUMENTAL - ULTRAVIOLET FLUORESCENCE,13820,"Birmingham-Hoover, AL",33.0928,-86.8072,POINT,1,MIDDLE SCALE,100 M TO 500 M,,Al Dept Of Env Mgt,HIGHEST CONCENTRATION,,,2,
2023-06-19,011179001,1,0.6,Parts per billion,0,"Lhoist, Montevallo Plant",23,96,42401,Sulfur dioxide,100,INSTRUMENTAL - ULTRAVIOLET FLUORESCENCE,13820,"Birmingham-Hoover, AL",33.0928,-86.8072,POINT,1,MIDDLE SCALE,100 M TO 500 M,,Al Dept Of Env Mgt,HIGHEST CONCENTRATION,,,2,
2023-06-20,011179001,1,0.6,Parts per billion,0,"Lhoist, Montevallo Plant",23,96,42401,Sulfur dioxide,100,INSTRUMENTAL - ULTRAVIOLET FLUORESCENCE,13820,"Birmingham-Hoover, AL",33.0928,-86.8072,POINT,1,MIDDLE SCALE,100 M TO 500 M,,Al Dept Of Env Mgt,HIGHEST CONCENTRATION,,,2,
2023-06-21,011179001,1,0.5,Parts per billion,0,"Lhoist, Montevallo Plant",23,96,42401,Sulfur dioxide,100,INSTRUMENTAL - ULTRAVIOLET FLUORESCENCE,13820,"Birmingham-Hoover, AL",33.0928,-86.8072,POINT,1,MIDDLE SCALE,100 M TO 500 M,,Al Dept Of Env Mgt,HIGHEST CONCENTRATION,,,2,
2023-06-22,011179001,1,0.5,Parts per billion,0,"Lhoist, Montevallo Plant",23,96,42401,Sulfur dioxide,100,INSTRUMENTAL - ULTRAVIOLET FLUORESCENCE,13820,"Birmingham-Hoover, AL",33.0928,-86.8072,POINT,1,MIDDLE SCALE,100 M TO 500 M,,Al Dept Of Env Mgt,HIGHEST CONCENTRATION,,,2,
2023-06-23,011179001,1,0.5,Parts per billion,0,"Lhoist, Montevallo Plant",23,96,42401,Sulfur dioxide,100,INSTRUMENTAL - ULTRAVIOLET FLUORESCENCE,13820,"Birmingham-Hoover, AL",33.0928,-86.8072,POINT,1,MIDDLE SCALE,100 M TO 500 M,,Al Dept Of Env Mgt,HIGHEST CONCENTRATION,,,2,
2023-06-24,011179001,1,0.4,Parts per billion,0,"Lhoist, Montevallo Plant",23,96,42401,Sulfur dioxide,100,INSTRUMENTAL - ULTRAVIOLET FLUORESCENCE,13820,"Birmingham-Hoover, AL",33.0928,-86.8072,POINT,1,MIDDLE SCALE,100 M TO 500 M,,Al Dept Of Env Mgt,HIGHEST CONCENTRATION,,,2,
2023-06-25,011179001,1,0.3,Parts per billion,0,"Lhoist, Montevallo Plant",23,96,42401,Sulfur dioxide,100,INSTRUMENTAL - ULTRAVIOLET FLUORESCENCE,13820,"Birmingham-Hoover, AL",33.0928,-86.8072,POINT,1,MIDDLE SCALE,100 M TO 500 M,,Al Dept Of Env Mgt,HIGHEST CONCENTRATION,,,2,
2023-06-26,011179001,1,0.9,Parts per billion,0,"Lhoist, Montevallo Plant",23,96,42401,Sulfur dioxide,100,INSTRUMENTAL - ULTRAVIOLET FLUORESCENCE,13820,"Birmingham-Hoover, AL",33.0928,-86.8072,POINT,1,MIDDLE SCALE,100 M TO 500 M,,Al Dept Of Env Mgt,HIGHEST CONCENTRATION,,,2,
2023-06-27,011179001,1,0.6,Parts per billion,0,"Lhoist, Montevallo Plant",23,96,42401,Sulfur dioxide,100,INSTRUMENTAL - ULTRAVIOLET FLUORESCENCE,13820,"Birmingham-Hoover, AL",33.0928,-86.8072,POINT,1,MIDDLE SCALE,100 M TO 500 M,,Al Dept Of Env Mgt,HIGHEST CONCENTRATION,,,2,
2023-06-28,011179001,1,37.8,Parts per billion,52,"Lhoist, Montevallo Plant",23,96,42401,Sulfur dioxide,100,INSTRUMENTAL - ULTRAVIOLET FLUORESCENCE,13820,"Birmingham-Hoover, AL",33.0928,-86.8072,POINT,1,MIDDLE SCALE,100 M TO 500 M,,Al Dept Of Env Mgt,HIGHEST CONCENTRATION,,,2,
2023-06-29,011179001,1,5.5,Parts per billion,7,"Lhoist, Montevallo Plant",21,88,42401,Sulfur dioxide,100,INSTRUMENTAL - ULTRAVIOLET FLUORESCENCE,13820,"Birmingham-Hoover, AL",33.0928,-86.8072,POINT,1,MIDDLE SCALE,100 M TO 500 M,,Al Dept Of Env Mgt,HIGHEST CONCENTRATION,,,2,
2023-06-30,011179001,1,1.5,Parts per billion,1,"Lhoist, Montevallo Plant",23,96,42401,Sulfur dioxide,100,INSTRUMENTAL - ULTRAVIOLET FLUORESCENCE,13820,"Birmingham-Hoover, AL",33.0928,-86.8072,POINT,1,MIDDLE SCALE,100 M TO 500 M,,Al Dept Of Env Mgt,HIGHEST CONCENTRATION,,,2,
2023-07-01,011179001,1,0.4,Parts per billion,0,"Lhoist, Montevallo Plant",23,96,42401,Sulfur dioxide,100,INSTRUMENTAL - ULTRAVIOLET FLUORESCENCE,13820,"Birmingham-Hoover, AL",33.0928,-86.8072,POINT,1,MIDDLE SCALE,100 M TO 500 M,,Al Dept Of Env Mgt,HIGHEST CONCENTRATION,,,2,
2023-07-02,011179001,1,0.4,Parts per billion,0,"Lhoist, Montevallo Plant",23,96,42401,Sulfur dioxide,100,INSTRUMENTAL - ULTRAVIOLET FLUORESCENCE,13820,"Birmingham-Hoover, AL",33.0928,-86.8072,POINT,1,MIDDLE SCALE,100 M TO 500 M,,Al Dept Of Env Mgt,HIGHEST CONCENTRATION,,,2,
2023-07-03,011179001,1,0.3,Parts per billion,0,"Lhoist, Montevallo Plant",23,96,42401,Sulfur dioxide,100,INSTRUMENTAL - ULTRAVIOLET FLUORESCENCE,13820,"Birmingham-Hoover, AL",33.0928,-86.8072,POINT,1,MIDDLE SCALE,100 M TO 500 M,,Al Dept Of Env Mgt,HIGHEST CONCENTRATION,,,2,
2023-07-04,011179001,1,1.2,Parts per billion,1,"Lhoist, Montevallo Plant",23,96,42401,Sulfur dioxide,100,INSTRUMENTAL - ULTRAVIOLET FLUORESCENCE,13820,"Birmingham-Hoover, AL",33.0928,-86.8072,POINT,1,MIDDLE SCALE,100 M TO 500 M,,Al Dept Of Env Mgt,HIGHEST CONCENTRATION,,,2,
2023-07-05,011179001,1,1.3,Parts per billion,1,"Lhoist, Montevallo Plant",23,96,42401,Sulfur dioxide,100,INSTRUMENTAL - ULTRAVIOLET FLUORESCENCE,13820,"Birmingham-Hoover, AL",33.0928,-86.8072,POINT,1,MIDDLE SCALE,100 M TO 500 M,,Al Dept Of Env Mgt,HIGHEST CONCENTRATION,,,2,
2023-07-06,011179001,1,0.4,Parts per billion,0,"Lhoist, Montevallo Plant",23,96,42401,Sulfur dioxide,100,INSTRUMENTAL - ULTRAVIOLET FLUORESCENCE,13820,"Birmingham-Hoover, AL",33.0928,-86.8072,POINT,1,MIDDLE SCALE,100 M TO 500 M,,Al Dept Of Env Mgt,HIGHEST CONCENTRATION,,,2,
2023-07-07,011179001,1,0.6,Parts per billion,0,"Lhoist, Montevallo Plant",23,96,42401,Sulfur dioxide,100,INSTRUMENTAL - ULTRAVIOLET FLUORESCENCE,13820,"Birmingham-Hoover, AL",33.0928,-86.8072,POINT,1,MIDDLE SCALE,100 M TO 500 M,,Al Dept Of Env Mgt,HIGHEST CONCENTRATION,,,2,
2023-07-08,011179001,1,1.4,Parts per billion,1,"Lhoist, Montevallo Plant",23,96,42401,Sulfur dioxide,100,INSTRUMENTAL - ULTRAVIOLET FLUORESCENCE,13820,"Birmingham-Hoover, AL",33.0928,-86.8072,POINT,1,MIDDLE SCALE,100 M TO 500 M,,Al Dept Of Env Mgt,HIGHEST CONCENTRATION,,,2,
2023-07-09,011179001,1,0.3,Parts per billion,0,"Lhoist, Montevallo Plant",23,96,42401,Sulfur dioxide,100,INSTRUMENTAL - ULTRAVIOLET FLUORESCENCE,13820,"Birmingham-Hoover, AL",33.0928,-86.8072,POINT,1,MIDDLE SCALE,100 M TO 500 M,,Al Dept Of Env Mgt,HIGHEST CONCENTRATION,,,2,
2023-07-10,011179001,1,0.9,Parts per billion,0,"Lhoist, Montevallo Plant",22,92,42401,Sulfur dioxide,100,INSTRUMENTAL - ULTRAVIOLET FLUORESCENCE,13820,"Birmingham-Hoover, AL",33.0928,-86.8072,POINT,1,MIDDLE SCALE,100 M TO 500 M,,Al Dept Of Env Mgt,HIGHEST CONCENTRATION,,,2,
2023-07-11,011179001,1,0.7,Parts per billion,0,"Lhoist, Montevallo Plant",24,100,42401,Sulfur dioxide,100,INSTRUMENTAL - ULTRAVIOLET FLUORESCENCE,13820,"Birmingham-Hoover, AL",33.0928,-86.8072,POINT,1,MIDDLE SCALE,100 M TO 500 M,,Al Dept Of Env Mgt,HIGHEST CONCENTRATION,,,2,
2023-07-12,011179001,1,4.8,Parts per billion,6,"Lhoist, Montevallo Plant",20,83,42401,Sulfur dioxide,100,INSTRUMENTAL - ULTRAVIOLET FLUORESCENCE,13820,"Birmingham-Hoover, AL",33.0928,-86.8072,POINT,1,MIDDLE SCALE,100 M TO 500 M,,Al Dept Of Env Mgt,HIGHEST CONCENTRATION,,,2,
2023-07-14,011179001,1,0.6,Parts per billion,0,"Lhoist, Montevallo Plant",8,33,42401,Sulfur dioxide,100,INSTRUMENTAL - ULTRAVIOLET FLUORESCENCE,13820,"Birmingham-Hoover, AL",33.0928,-86.8072,POINT,1,MIDDLE SCALE,100 M TO 500 M,,Al Dept Of Env Mgt,HIGHEST CONCENTRATION,,,2,
2023-07-15,011179001,1,0.3,Parts per billion,0,"Lhoist, Montevallo Plant",23,96,42401,Sulfur dioxide,100,INSTRUMENTAL - ULTRAVIOLET FLUORESCENCE,13820,"Birmingham-Hoover, AL",33.0928,-86.8072,POINT,1,MIDDLE SCALE,100 M TO 500 M,,Al Dept Of Env Mgt,HIGHEST CONCENTRATION,,,2,
2023-07-16,011179001,1,0.2,Parts per billion,0,"Lhoist, Montevallo Plant",23,96,42401,Sulfur dioxide,100,INSTRUMENTAL - ULTRAVIOLET FLUORESCENCE,13820,"Birmingham-Hoover, AL",33.0928,-86.8072,POINT,1,MIDDLE SCALE,100 M TO 500 M,,Al Dept Of Env Mgt,HIGHEST CONCENTRATION,,,2,
2023-07-17,011179001,1,0.7,Parts per billion,0,"Lhoist, Montevallo Plant",11,46,42401,Sulfur dioxide,100,INSTRUMENTAL - ULTRAVIOLET FLUORESCENCE,13820,"Birmingham-Hoover, AL",33.0928,-86.8072,POINT,1,MIDDLE SCALE,100 M TO 500 M,,Al Dept Of Env Mgt,HIGHEST CONCENTRATION,,,2,
2023-07-19,011179001,1,0.8,Parts per billion,0,"Lhoist, Montevallo Plant",5,21,42401,Sulfur dioxide,100,INSTRUMENTAL - ULTRAVIOLET FLUORESCENCE,13820,"Birmingham-Hoover, AL",33.0928,-86.8072,POINT,1,MIDDLE SCALE,100 M TO 500 M,,Al Dept Of Env Mgt,HIGHEST CONCENTRATION,,,2,
2023-07-20,011179001,1,0.5,Parts per billion,0,"Lhoist, Montevallo Plant",23,96,42401,Sulfur dioxide,100,INSTRUMENTAL - ULTRAVIOLET FLUORESCENCE,13820,"Birmingham-Hoover, AL",33.0928,-86.8072,POINT,1,MIDDLE SCALE,100 M TO 500 M,,Al Dept Of Env Mgt,HIGHEST CONCENTRATION,,,2,
2023-07-22,011179001,1,0.4,Parts per billion,0,"Lhoist, Montevallo Plant",23,96,42401,Sulfur dioxide,100,INSTRUMENTAL - ULTRAVIOLET FLUORESCENCE,13820,"Birmingham-Hoover, AL",33.0928,-86.8072,POINT,1,MIDDLE SCALE,100 M TO 500 M,,Al Dept Of Env Mgt,HIGHEST CONCENTRATION,,,2,
2023-07-21,011179001,1,1.7,Parts per billion,1,"Lhoist, Montevallo Plant",23,96,42401,Sulfur dioxide,100,INSTRUMENTAL - ULTRAVIOLET FLUORESCENCE,13820,"Birmingham-Hoover, AL",33.0928,-86.8072,POINT,1,MIDDLE SCALE,100 M TO 500 M,,Al Dept Of Env Mgt,HIGHEST CONCENTRATION,,,2,
2023-07-23,011179001,1,1.4,Parts per billion,1,"Lhoist, Montevallo Plant",24,100,42401,Sulfur dioxide,100,INSTRUMENTAL - ULTRAVIOLET FLUORESCENCE,13820,"Birmingham-Hoover, AL",33.0928,-86.8072,POINT,1,MIDDLE SCALE,100 M TO 500 M,,Al Dept Of Env Mgt,HIGHEST CONCENTRATION,,,2,
2023-07-24,011179001,1,1.2,Parts per billion,1,"Lhoist, Montevallo Plant",22,92,42401,Sulfur dioxide,100,INSTRUMENTAL - ULTRAVIOLET FLUORESCENCE,13820,"Birmingham-Hoover, AL",33.0928,-86.8072,POINT,1,MIDDLE SCALE,100 M TO 500 M,,Al Dept Of Env Mgt,HIGHEST CONCENTRATION,,,2,
2023-07-25,011179001,1,19,Parts per billion,27,"Lhoist, Montevallo Plant",22,92,42401,Sulfur dioxide,100,INSTRUMENTAL - ULTRAVIOLET FLUORESCENCE,13820,"Birmingham-Hoover, AL",33.0928,-86.8072,POINT,1,MIDDLE SCALE,100 M TO 500 M,,Al Dept Of Env Mgt,HIGHEST CONCENTRATION,,,2,
2023-07-26,011179001,1,2.2,Parts per billion,3,"Lhoist, Montevallo Plant",22,92,42401,Sulfur dioxide,100,INSTRUMENTAL - ULTRAVIOLET FLUORESCENCE,13820,"Birmingham-Hoover, AL",33.0928,-86.8072,POINT,1,MIDDLE SCALE,100 M TO 500 M,,Al Dept Of Env Mgt,HIGHEST CONCENTRATION,,,2,
2023-07-27,011179001,1,24.4,Parts per billion,34,"Lhoist, Montevallo Plant",23,96,42401,Sulfur dioxide,100,INSTRUMENTAL - ULTRAVIOLET FLUORESCENCE,13820,"Birmingham-Hoover, AL",33.0928,-86.8072,POINT,1,MIDDLE SCALE,100 M TO 500 M,,Al Dept Of Env Mgt,HIGHEST CONCENTRATION,,,2,
2023-07-28,011179001,1,11,Parts per billion,16,"Lhoist, Montevallo Plant",23,96,42401,Sulfur dioxide,100,INSTRUMENTAL - ULTRAVIOLET FLUORESCENCE,13820,"Birmingham-Hoover, AL",33.0928,-86.8072,POINT,1,MIDDLE SCALE,100 M TO 500 M,,Al Dept Of Env Mgt,HIGHEST CONCENTRATION,,,2,
2023-07-29,011179001,1,0.9,Parts per billion,0,"Lhoist, Montevallo Plant",23,96,42401,Sulfur dioxide,100,INSTRUMENTAL - ULTRAVIOLET FLUORESCENCE,13820,"Birmingham-Hoover, AL",33.0928,-86.8072,POINT,1,MIDDLE SCALE,100 M TO 500 M,,Al Dept Of Env Mgt,HIGHEST CONCENTRATION,,,2,
2023-07-30,011179001,1,0.8,Parts per billion,0,"Lhoist, Montevallo Plant",23,96,42401,Sulfur dioxide,100,INSTRUMENTAL - ULTRAVIOLET FLUORESCENCE,13820,"Birmingham-Hoover, AL",33.0928,-86.8072,POINT,1,MIDDLE SCALE,100 M TO 500 M,,Al Dept Of Env Mgt,HIGHEST CONCENTRATION,,,2,
2023-07-31,011179001,1,1.2,Parts per billion,1,"Lhoist, Montevallo Plant",23,96,42401,Sulfur dioxide,100,INSTRUMENTAL - ULTRAVIOLET FLUORESCENCE,13820,"Birmingham-Hoover, AL",33.0928,-86.8072,POINT,1,MIDDLE SCALE,100 M TO 500 M,,Al Dept Of Env Mgt,HIGHEST CONCENTRATION,,,2,
2023-08-01,011179001,1,0.9,Parts per billion,0,"Lhoist, Montevallo Plant",23,96,42401,Sulfur dioxide,100,INSTRUMENTAL - ULTRAVIOLET FLUORESCENCE,13820,"Birmingham-Hoover, AL",33.0928,-86.8072,POINT,1,MIDDLE SCALE,100 M TO 500 M,,Al Dept Of Env Mgt,HIGHEST CONCENTRATION,,,2,
2023-08-02,011179001,1,1.2,Parts per billion,1,"Lhoist, Montevallo Plant",23,96,42401,Sulfur dioxide,100,INSTRUMENTAL - ULTRAVIOLET FLUORESCENCE,13820,"Birmingham-Hoover, AL",33.0928,-86.8072,POINT,1,MIDDLE SCALE,100 M TO 500 M,,Al Dept Of Env Mgt,HIGHEST CONCENTRATION,,,2,
2023-08-03,011179001,1,0.9,Parts per billion,0,"Lhoist, Montevallo Plant",23,96,42401,Sulfur dioxide,100,INSTRUMENTAL - ULTRAVIOLET FLUORESCENCE,13820,"Birmingham-Hoover, AL",33.0928,-86.8072,POINT,1,MIDDLE SCALE,100 M TO 500 M,,Al Dept Of Env Mgt,HIGHEST CONCENTRATION,,,2,
2023-08-04,011179001,1,0.7,Parts per billion,0,"Lhoist, Montevallo Plant",23,96,42401,Sulfur dioxide,100,INSTRUMENTAL - ULTRAVIOLET FLUORESCENCE,13820,"Birmingham-Hoover, AL",33.0928,-86.8072,POINT,1,MIDDLE SCALE,100 M TO 500 M,,Al Dept Of Env Mgt,HIGHEST CONCENTRATION,,,2,
2023-08-05,011179001,1,1.1,Parts per billion,1,"Lhoist, Montevallo Plant",23,96,42401,Sulfur dioxide,100,INSTRUMENTAL - ULTRAVIOLET FLUORESCENCE,13820,"Birmingham-Hoover, AL",33.0928,-86.8072,POINT,1,MIDDLE SCALE,100 M TO 500 M,,Al Dept Of Env Mgt,HIGHEST CONCENTRATION,,,2,
2023-08-06,011179001,1,0.7,Parts per billion,0,"Lhoist, Montevallo Plant",23,96,42401,Sulfur dioxide,100,INSTRUMENTAL - ULTRAVIOLET FLUORESCENCE,13820,"Birmingham-Hoover, AL",33.0928,-86.8072,POINT,1,MIDDLE SCALE,100 M TO 500 M,,Al Dept Of Env Mgt,HIGHEST CONCENTRATION,,,2,
2023-08-07,011179001,1,1.5,Parts per billion,1,"Lhoist, Montevallo Plant",22,92,42401,Sulfur dioxide,100,INSTRUMENTAL - ULTRAVIOLET FLUORESCENCE,13820,"Birmingham-Hoover, AL",33.0928,-86.8072,POINT,1,MIDDLE SCALE,100 M TO 500 M,,Al Dept Of Env Mgt,HIGHEST CONCENTRATION,,,2,
2023-08-08,011179001,1,7.9,Parts per billion,10,"Lhoist, Montevallo Plant",23,96,42401,Sulfur dioxide,100,INSTRUMENTAL - ULTRAVIOLET FLUORESCENCE,13820,"Birmingham-Hoover, AL",33.0928,-86.8072,POINT,1,MIDDLE SCALE,100 M TO 500 M,,Al Dept Of Env Mgt,HIGHEST CONCENTRATION,,,2,
2023-08-09,011179001,1,4.7,Parts per billion,6,"Lhoist, Montevallo Plant",23,96,42401,Sulfur dioxide,100,INSTRUMENTAL - ULTRAVIOLET FLUORESCENCE,13820,"Birmingham-Hoover, AL",33.0928,-86.8072,POINT,1,MIDDLE SCALE,100 M TO 500 M,,Al Dept Of Env Mgt,HIGHEST CONCENTRATION,,,2,
2023-08-10,011179001,1,1.3,Parts per billion,1,"Lhoist, Montevallo Plant",23,96,42401,Sulfur dioxide,100,INSTRUMENTAL - ULTRAVIOLET FLUORESCENCE,13820,"Birmingham-Hoover, AL",33.0928,-86.8072,POINT,1,MIDDLE SCALE,100 M TO 500 M,,Al Dept Of Env Mgt,HIGHEST CONCENTRATION,,,2,
2023-08-11,011179001,1,1.1,Parts per billion,1,"Lhoist, Montevallo Plant",23,96,42401,Sulfur dioxide,100,INSTRUMENTAL - ULTRAVIOLET FLUORESCENCE,13820,"Birmingham-Hoover, AL",33.0928,-86.8072,POINT,1,MIDDLE SCALE,100 M TO 500 M,,Al Dept Of Env Mgt,HIGHEST CONCENTRATION,,,2,
2023-08-12,011179001,1,0.8,Parts per billion,0,"Lhoist, Montevallo Plant",23,96,42401,Sulfur dioxide,100,INSTRUMENTAL - ULTRAVIOLET FLUORESCENCE,13820,"Birmingham-Hoover, AL",33.0928,-86.8072,POINT,1,MIDDLE SCALE,100 M TO 500 M,,Al Dept Of Env Mgt,HIGHEST CONCENTRATION,,,2,
2023-08-13,011179001,1,0.9,Parts per billion,0,"Lhoist, Montevallo Plant",23,96,42401,Sulfur dioxide,100,INSTRUMENTAL - ULTRAVIOLET FLUORESCENCE,13820,"Birmingham-Hoover, AL",33.0928,-86.8072,POINT,1,MIDDLE SCALE,100 M TO 500 M,,Al Dept Of Env Mgt,HIGHEST CONCENTRATION,,,2,
2023-08-14,011179001,1,3.3,Parts per billion,4,"Lhoist, Montevallo Plant",22,92,42401,Sulfur dioxide,100,INSTRUMENTAL - ULTRAVIOLET FLUORESCENCE,13820,"Birmingham-Hoover, AL",33.0928,-86.8072,POINT,1,MIDDLE SCALE,100 M TO 500 M,,Al Dept Of Env Mgt,HIGHEST CONCENTRATION,,,2,
2023-08-15,011179001,1,2,Parts per billion,3,"Lhoist, Montevallo Plant",23,96,42401,Sulfur dioxide,100,INSTRUMENTAL - ULTRAVIOLET FLUORESCENCE,13820,"Birmingham-Hoover, AL",33.0928,-86.8072,POINT,1,MIDDLE SCALE,100 M TO 500 M,,Al Dept Of Env Mgt,HIGHEST CONCENTRATION,,,2,
2023-08-16,011179001,1,1.1,Parts per billion,1,"Lhoist, Montevallo Plant",23,96,42401,Sulfur dioxide,100,INSTRUMENTAL - ULTRAVIOLET FLUORESCENCE,13820,"Birmingham-Hoover, AL",33.0928,-86.8072,POINT,1,MIDDLE SCALE,100 M TO 500 M,,Al Dept Of Env Mgt,HIGHEST CONCENTRATION,,,2,
2023-08-17,011179001,1,1.8,Parts per billion,1,"Lhoist, Montevallo Plant",23,96,42401,Sulfur dioxide,100,INSTRUMENTAL - ULTRAVIOLET FLUORESCENCE,13820,"Birmingham-Hoover, AL",33.0928,-86.8072,POINT,1,MIDDLE SCALE,100 M TO 500 M,,Al Dept Of Env Mgt,HIGHEST CONCENTRATION,,,2,
2023-08-18,011179001,1,1.4,Parts per billion,1,"Lhoist, Montevallo Plant",23,96,42401,Sulfur dioxide,100,INSTRUMENTAL - ULTRAVIOLET FLUORESCENCE,13820,"Birmingham-Hoover, AL",33.0928,-86.8072,POINT,1,MIDDLE SCALE,100 M TO 500 M,,Al Dept Of Env Mgt,HIGHEST CONCENTRATION,,,2,
2023-08-19,011179001,1,18.6,Parts per billion,26,"Lhoist, Montevallo Plant",23,96,42401,Sulfur dioxide,100,INSTRUMENTAL - ULTRAVIOLET FLUORESCENCE,13820,"Birmingham-Hoover, AL",33.0928,-86.8072,POINT,1,MIDDLE SCALE,100 M TO 500 M,,Al Dept Of Env Mgt,HIGHEST CONCENTRATION,,,2,
2023-08-20,011179001,1,24.9,Parts per billion,34,"Lhoist, Montevallo Plant",23,96,42401,Sulfur dioxide,100,INSTRUMENTAL - ULTRAVIOLET FLUORESCENCE,13820,"Birmingham-Hoover, AL",33.0928,-86.8072,POINT,1,MIDDLE SCALE,100 M TO 500 M,,Al Dept Of Env Mgt,HIGHEST CONCENTRATION,,,2,
2023-08-21,011179001,1,19.7,Parts per billion,27,"Lhoist, Montevallo Plant",22,92,42401,Sulfur dioxide,100,INSTRUMENTAL - ULTRAVIOLET FLUORESCENCE,13820,"Birmingham-Hoover, AL",33.0928,-86.8072,POINT,1,MIDDLE SCALE,100 M TO 500 M,,Al Dept Of Env Mgt,HIGHEST CONCENTRATION,,,2,
2023-08-22,011179001,1,2.3,Parts per billion,3,"Lhoist, Montevallo Plant",23,96,42401,Sulfur dioxide,100,INSTRUMENTAL - ULTRAVIOLET FLUORESCENCE,13820,"Birmingham-Hoover, AL",33.0928,-86.8072,POINT,1,MIDDLE SCALE,100 M TO 500 M,,Al Dept Of Env Mgt,HIGHEST CONCENTRATION,,,2,
2023-08-23,011179001,1,31.1,Parts per billion,44,"Lhoist, Montevallo Plant",23,96,42401,Sulfur dioxide,100,INSTRUMENTAL - ULTRAVIOLET FLUORESCENCE,13820,"Birmingham-Hoover, AL",33.0928,-86.8072,POINT,1,MIDDLE SCALE,100 M TO 500 M,,Al Dept Of Env Mgt,HIGHEST CONCENTRATION,,,2,
2023-08-24,011179001,1,47.4,Parts per billion,65,"Lhoist, Montevallo Plant",23,96,42401,Sulfur dioxide,100,INSTRUMENTAL - ULTRAVIOLET FLUORESCENCE,13820,"Birmingham-Hoover, AL",33.0928,-86.8072,POINT,1,MIDDLE SCALE,100 M TO 500 M,,Al Dept Of Env Mgt,HIGHEST CONCENTRATION,,,2,
2023-08-25,011179001,1,2.2,Parts per billion,3,"Lhoist, Montevallo Plant",23,96,42401,Sulfur dioxide,100,INSTRUMENTAL - ULTRAVIOLET FLUORESCENCE,13820,"Birmingham-Hoover, AL",33.0928,-86.8072,POINT,1,MIDDLE SCALE,100 M TO 500 M,,Al Dept Of Env Mgt,HIGHEST CONCENTRATION,,,2,
2023-08-26,011179001,1,1.6,Parts per billion,1,"Lhoist, Montevallo Plant",23,96,42401,Sulfur dioxide,100,INSTRUMENTAL - ULTRAVIOLET FLUORESCENCE,13820,"Birmingham-Hoover, AL",33.0928,-86.8072,POINT,1,MIDDLE SCALE,100 M TO 500 M,,Al Dept Of Env Mgt,HIGHEST CONCENTRATION,,,2,
2023-08-27,011179001,1,3.5,Parts per billion,4,"Lhoist, Montevallo Plant",23,96,42401,Sulfur dioxide,100,INSTRUMENTAL - ULTRAVIOLET FLUORESCENCE,13820,"Birmingham-Hoover, AL",33.0928,-86.8072,POINT,1,MIDDLE SCALE,100 M TO 500 M,,Al Dept Of Env Mgt,HIGHEST CONCENTRATION,,,2,
2023-08-28,011179001,1,3.1,Parts per billion,4,"Lhoist, Montevallo Plant",22,92,42401,Sulfur dioxide,100,INSTRUMENTAL - ULTRAVIOLET FLUORESCENCE,13820,"Birmingham-Hoover, AL",33.0928,-86.8072,POINT,1,MIDDLE SCALE,100 M TO 500 M,,Al Dept Of Env Mgt,HIGHEST CONCENTRATION,,,2,
2023-08-29,011179001,1,19.2,Parts per billion,27,"Lhoist, Montevallo Plant",23,96,42401,Sulfur dioxide,100,INSTRUMENTAL - ULTRAVIOLET FLUORESCENCE,13820,"Birmingham-Hoover, AL",33.0928,-86.8072,POINT,1,MIDDLE SCALE,100 M TO 500 M,,Al Dept Of Env Mgt,HIGHEST CONCENTRATION,,,2,
2023-08-30,011179001,1,1.9,Parts per billion,1,"Lhoist, Montevallo Plant",23,96,42401,Sulfur dioxide,100,INSTRUMENTAL - ULTRAVIOLET FLUORESCENCE,13820,"Birmingham-Hoover, AL",33.0928,-86.8072,POINT,1,MIDDLE SCALE,100 M TO 500 M,,Al Dept Of Env Mgt,HIGHEST CONCENTRATION,,,2,
2023-08-31,011179001,1,1.6,Parts per billion,1,"Lhoist, Montevallo Plant",23,96,42401,Sulfur dioxide,100,INSTRUMENTAL - ULTRAVIOLET FLUORESCENCE,13820,"Birmingham-Hoover, AL",33.0928,-86.8072,POINT,1,MIDDLE SCALE,100 M TO 500 M,,Al Dept Of Env Mgt,HIGHEST CONCENTRATION,,,2,
2023-09-02,011179001,1,15.4,Parts per billion,21,"Lhoist, Montevallo Plant",23,96,42401,Sulfur dioxide,100,INSTRUMENTAL - ULTRAVIOLET FLUORESCENCE,13820,"Birmingham-Hoover, AL",33.0928,-86.8072,POINT,1,MIDDLE SCALE,100 M TO 500 M,,Al Dept Of Env Mgt,HIGHEST CONCENTRATION,,,2,
2023-09-01,011179001,1,22.3,Parts per billion,31,"Lhoist, Montevallo Plant",23,96,42401,Sulfur dioxide,100,INSTRUMENTAL - ULTRAVIOLET FLUORESCENCE,13820,"Birmingham-Hoover, AL",33.0928,-86.8072,POINT,1,MIDDLE SCALE,100 M TO 500 M,,Al Dept Of Env Mgt,HIGHEST CONCENTRATION,,,2,
2023-09-03,011179001,1,11.2,Parts per billion,16,"Lhoist, Montevallo Plant",23,96,42401,Sulfur dioxide,100,INSTRUMENTAL - ULTRAVIOLET FLUORESCENCE,13820,"Birmingham-Hoover, AL",33.0928,-86.8072,POINT,1,MIDDLE SCALE,100 M TO 500 M,,Al Dept Of Env Mgt,HIGHEST CONCENTRATION,,,2,
2023-09-04,011179001,1,18.1,Parts per billion,26,"Lhoist, Montevallo Plant",23,96,42401,Sulfur dioxide,100,INSTRUMENTAL - ULTRAVIOLET FLUORESCENCE,13820,"Birmingham-Hoover, AL",33.0928,-86.8072,POINT,1,MIDDLE SCALE,100 M TO 500 M,,Al Dept Of Env Mgt,HIGHEST CONCENTRATION,,,2,
2023-09-05,011179001,1,32.6,Parts per billion,46,"Lhoist, Montevallo Plant",22,92,42401,Sulfur dioxide,100,INSTRUMENTAL - ULTRAVIOLET FLUORESCENCE,13820,"Birmingham-Hoover, AL",33.0928,-86.8072,POINT,1,MIDDLE SCALE,100 M TO 500 M,,Al Dept Of Env Mgt,HIGHEST CONCENTRATION,,,2,
2023-09-06,011179001,1,1.6,Parts per billion,1,"Lhoist, Montevallo Plant",23,96,42401,Sulfur dioxide,100,INSTRUMENTAL - ULTRAVIOLET FLUORESCENCE,13820,"Birmingham-Hoover, AL",33.0928,-86.8072,POINT,1,MIDDLE SCALE,100 M TO 500 M,,Al Dept Of Env Mgt,HIGHEST CONCENTRATION,,,2,
2023-09-07,011179001,1,1.4,Parts per billion,1,"Lhoist, Montevallo Plant",23,96,42401,Sulfur dioxide,100,INSTRUMENTAL - ULTRAVIOLET FLUORESCENCE,13820,"Birmingham-Hoover, AL",33.0928,-86.8072,POINT,1,MIDDLE SCALE,100 M TO 500 M,,Al Dept Of Env Mgt,HIGHEST CONCENTRATION,,,2,
2023-09-08,011179001,1,1.6,Parts per billion,1,"Lhoist, Montevallo Plant",23,96,42401,Sulfur dioxide,100,INSTRUMENTAL - ULTRAVIOLET FLUORESCENCE,13820,"Birmingham-Hoover, AL",33.0928,-86.8072,POINT,1,MIDDLE SCALE,100 M TO 500 M,,Al Dept Of Env Mgt,HIGHEST CONCENTRATION,,,2,
2023-09-09,011179001,1,2.1,Parts per billion,3,"Lhoist, Montevallo Plant",23,96,42401,Sulfur dioxide,100,INSTRUMENTAL - ULTRAVIOLET FLUORESCENCE,13820,"Birmingham-Hoover, AL",33.0928,-86.8072,POINT,1,MIDDLE SCALE,100 M TO 500 M,,Al Dept Of Env Mgt,HIGHEST CONCENTRATION,,,2,
2023-09-10,011179001,1,3.8,Parts per billion,4,"Lhoist, Montevallo Plant",23,96,42401,Sulfur dioxide,100,INSTRUMENTAL - ULTRAVIOLET FLUORESCENCE,13820,"Birmingham-Hoover, AL",33.0928,-86.8072,POINT,1,MIDDLE SCALE,100 M TO 500 M,,Al Dept Of Env Mgt,HIGHEST CONCENTRATION,,,2,
2023-09-11,011179001,1,13.4,Parts per billion,19,"Lhoist, Montevallo Plant",23,96,42401,Sulfur dioxide,100,INSTRUMENTAL - ULTRAVIOLET FLUORESCENCE,13820,"Birmingham-Hoover, AL",33.0928,-86.8072,POINT,1,MIDDLE SCALE,100 M TO 500 M,,Al Dept Of Env Mgt,HIGHEST CONCENTRATION,,,2,
2023-09-12,011179001,1,2.1,Parts per billion,3,"Lhoist, Montevallo Plant",23,96,42401,Sulfur dioxide,100,INSTRUMENTAL - ULTRAVIOLET FLUORESCENCE,13820,"Birmingham-Hoover, AL",33.0928,-86.8072,POINT,1,MIDDLE SCALE,100 M TO 500 M,,Al Dept Of Env Mgt,HIGHEST CONCENTRATION,,,2,
2023-09-13,011179001,1,1.7,Parts per billion,1,"Lhoist, Montevallo Plant",23,96,42401,Sulfur dioxide,100,INSTRUMENTAL - ULTRAVIOLET FLUORESCENCE,13820,"Birmingham-Hoover, AL",33.0928,-86.8072,POINT,1,MIDDLE SCALE,100 M TO 500 M,,Al Dept Of Env Mgt,HIGHEST CONCENTRATION,,,2,
2023-09-14,011179001,1,2.4,Parts per billion,3,"Lhoist, Montevallo Plant",17,71,42401,Sulfur dioxide,100,INSTRUMENTAL - ULTRAVIOLET FLUORESCENCE,13820,"Birmingham-Hoover, AL",33.0928,-86.8072,POINT,1,MIDDLE SCALE,100 M TO 500 M,,Al Dept Of Env Mgt,HIGHEST CONCENTRATION,,,2,
2023-09-15,011179001,1,7.6,Parts per billion,10,"Lhoist, Montevallo Plant",23,96,42401,Sulfur dioxide,100,INSTRUMENTAL - ULTRAVIOLET FLUORESCENCE,13820,"Birmingham-Hoover, AL",33.0928,-86.8072,POINT,1,MIDDLE SCALE,100 M TO 500 M,,Al Dept Of Env Mgt,HIGHEST CONCENTRATION,,,2,
2023-09-16,011179001,1,7.2,Parts per billion,10,"Lhoist, Montevallo Plant",22,92,42401,Sulfur dioxide,100,INSTRUMENTAL - ULTRAVIOLET FLUORESCENCE,13820,"Birmingham-Hoover, AL",33.0928,-86.8072,POINT,1,MIDDLE SCALE,100 M TO 500 M,,Al Dept Of Env Mgt,HIGHEST CONCENTRATION,,,2,
2023-09-17,011179001,1,1.1,Parts per billion,1,"Lhoist, Montevallo Plant",24,100,42401,Sulfur dioxide,100,INSTRUMENTAL - ULTRAVIOLET FLUORESCENCE,13820,"Birmingham-Hoover, AL",33.0928,-86.8072,POINT,1,MIDDLE SCALE,100 M TO 500 M,,Al Dept Of Env Mgt,HIGHEST CONCENTRATION,,,2,
2023-09-18,011179001,1,1.5,Parts per billion,1,"Lhoist, Montevallo Plant",23,96,42401,Sulfur dioxide,100,INSTRUMENTAL - ULTRAVIOLET FLUORESCENCE,13820,"Birmingham-Hoover, AL",33.0928,-86.8072,POINT,1,MIDDLE SCALE,100 M TO 500 M,,Al Dept Of Env Mgt,HIGHEST CONCENTRATION,,,2,
2023-09-20,011179001,1,69.6,Parts per billion,92,"Lhoist, Montevallo Plant",23,96,42401,Sulfur dioxide,100,INSTRUMENTAL - ULTRAVIOLET FLUORESCENCE,13820,"Birmingham-Hoover, AL",33.0928,-86.8072,POINT,1,MIDDLE SCALE,100 M TO 500 M,,Al Dept Of Env Mgt,HIGHEST CONCENTRATION,,,2,
2023-09-19,011179001,1,33.2,Parts per billion,47,"Lhoist, Montevallo Plant",23,96,42401,Sulfur dioxide,100,INSTRUMENTAL - ULTRAVIOLET FLUORESCENCE,13820,"Birmingham-Hoover, AL",33.0928,-86.8072,POINT,1,MIDDLE SCALE,100 M TO 500 M,,Al Dept Of Env Mgt,HIGHEST CONCENTRATION,,,2,
2023-09-21,011179001,1,36.7,Parts per billion,51,"Lhoist, Montevallo Plant",22,92,42401,Sulfur dioxide,100,INSTRUMENTAL - ULTRAVIOLET FLUORESCENCE,13820,"Birmingham-Hoover, AL",33.0928,-86.8072,POINT,1,MIDDLE SCALE,100 M TO 500 M,,Al Dept Of Env Mgt,HIGHEST CONCENTRATION,,,2,
2023-09-22,011179001,1,40.7,Parts per billion,56,"Lhoist, Montevallo Plant",23,96,42401,Sulfur dioxide,100,INSTRUMENTAL - ULTRAVIOLET FLUORESCENCE,13820,"Birmingham-Hoover, AL",33.0928,-86.8072,POINT,1,MIDDLE SCALE,100 M TO 500 M,,Al Dept Of Env Mgt,HIGHEST CONCENTRATION,,,2,
2023-09-23,011179001,1,2.8,Parts per billion,3,"Lhoist, Montevallo Plant",23,96,42401,Sulfur dioxide,100,INSTRUMENTAL - ULTRAVIOLET FLUORESCENCE,13820,"Birmingham-Hoover, AL",33.0928,-86.8072,POINT,1,MIDDLE SCALE,100 M TO 500 M,,Al Dept Of Env Mgt,HIGHEST CONCENTRATION,,,2,
2023-09-24,011179001,1,2.7,Parts per billion,3,"Lhoist, Montevallo Plant",23,96,42401,Sulfur dioxide,100,INSTRUMENTAL - ULTRAVIOLET FLUORESCENCE,13820,"Birmingham-Hoover, AL",33.0928,-86.8072,POINT,1,MIDDLE SCALE,100 M TO 500 M,,Al Dept Of Env Mgt,HIGHEST CONCENTRATION,,,2,
2023-09-25,011179001,1,12.4,Parts per billion,17,"Lhoist, Montevallo Plant",23,96,42401,Sulfur dioxide,100,INSTRUMENTAL - ULTRAVIOLET FLUORESCENCE,13820,"Birmingham-Hoover, AL",33.0928,-86.8072,POINT,1,MIDDLE SCALE,100 M TO 500 M,,Al Dept Of Env Mgt,HIGHEST CONCENTRATION,,,2,
2023-09-26,011179001,1,18.8,Parts per billion,26,"Lhoist, Montevallo Plant",22,92,42401,Sulfur dioxide,100,INSTRUMENTAL - ULTRAVIOLET FLUORESCENCE,13820,"Birmingham-Hoover, AL",33.0928,-86.8072,POINT,1,MIDDLE SCALE,100 M TO 500 M,,Al Dept Of Env Mgt,HIGHEST CONCENTRATION,,,2,
2023-09-27,011179001,1,37.6,Parts per billion,52,"Lhoist, Montevallo Plant",23,96,42401,Sulfur dioxide,100,INSTRUMENTAL - ULTRAVIOLET FLUORESCENCE,13820,"Birmingham-Hoover, AL",33.0928,-86.8072,POINT,1,MIDDLE SCALE,100 M TO 500 M,,Al Dept Of Env Mgt,HIGHEST CONCENTRATION,,,2,
2023-09-28,011179001,1,25.2,Parts per billion,36,"Lhoist, Montevallo Plant",23,96,42401,Sulfur dioxide,100,INSTRUMENTAL - ULTRAVIOLET FLUORESCENCE,13820,"Birmingham-Hoover, AL",33.0928,-86.8072,POINT,1,MIDDLE SCALE,100 M TO 500 M,,Al Dept Of Env Mgt,HIGHEST CONCENTRATION,,,2,
2023-09-29,011179001,1,28,Parts per billion,40,"Lhoist, Montevallo Plant",23,96,42401,Sulfur dioxide,100,INSTRUMENTAL - ULTRAVIOLET FLUORESCENCE,13820,"Birmingham-Hoover, AL",33.0928,-86.8072,POINT,1,MIDDLE SCALE,100 M TO 500 M,,Al Dept Of Env Mgt,HIGHEST CONCENTRATION,,,2,
2023-09-30,011179001,1,14,Parts per billion,20,"Lhoist, Montevallo Plant",23,96,42401,Sulfur dioxide,100,INSTRUMENTAL - ULTRAVIOLET FLUORESCENCE,13820,"Birmingham-Hoover, AL",33.0928,-86.8072,POINT,1,MIDDLE SCALE,100 M TO 500 M,,Al Dept Of Env Mgt,HIGHEST CONCENTRATION,,,2,
2023-10-01,011179001,1,39.5,Parts per billion,55,"Lhoist, Montevallo Plant",23,96,42401,Sulfur dioxide,100,INSTRUMENTAL - ULTRAVIOLET FLUORESCENCE,13820,"Birmingham-Hoover, AL",33.0928,-86.8072,POINT,1,MIDDLE SCALE,100 M TO 500 M,,Al Dept Of Env Mgt,HIGHEST CONCENTRATION,,,2,
2023-10-02,011179001,1,26.1,Parts per billion,37,"Lhoist, Montevallo Plant",22,92,42401,Sulfur dioxide,100,INSTRUMENTAL - ULTRAVIOLET FLUORESCENCE,13820,"Birmingham-Hoover, AL",33.0928,-86.8072,POINT,1,MIDDLE SCALE,100 M TO 500 M,,Al Dept Of Env Mgt,HIGHEST CONCENTRATION,,,2,
2023-10-03,011179001,1,38.9,Parts per billion,54,"Lhoist, Montevallo Plant",23,96,42401,Sulfur dioxide,100,INSTRUMENTAL - ULTRAVIOLET FLUORESCENCE,13820,"Birmingham-Hoover, AL",33.0928,-86.8072,POINT,1,MIDDLE SCALE,100 M TO 500 M,,Al Dept Of Env Mgt,HIGHEST CONCENTRATION,,,2,
2023-10-04,011179001,1,37.3,Parts per billion,52,"Lhoist, Montevallo Plant",23,96,42401,Sulfur dioxide,100,INSTRUMENTAL - ULTRAVIOLET FLUORESCENCE,13820,"Birmingham-Hoover, AL",33.0928,-86.8072,POINT,1,MIDDLE SCALE,100 M TO 500 M,,Al Dept Of Env Mgt,HIGHEST CONCENTRATION,,,2,
2023-10-05,011179001,1,4.5,Parts per billion,6,"Lhoist, Montevallo Plant",23,96,42401,Sulfur dioxide,100,INSTRUMENTAL - ULTRAVIOLET FLUORESCENCE,13820,"Birmingham-Hoover, AL",33.0928,-86.8072,POINT,1,MIDDLE SCALE,100 M TO 500 M,,Al Dept Of Env Mgt,HIGHEST CONCENTRATION,,,2,
2023-10-06,011179001,1,1.5,Parts per billion,1,"Lhoist, Montevallo Plant",23,96,42401,Sulfur dioxide,100,INSTRUMENTAL - ULTRAVIOLET FLUORESCENCE,13820,"Birmingham-Hoover, AL",33.0928,-86.8072,POINT,1,MIDDLE SCALE,100 M TO 500 M,,Al Dept Of Env Mgt,HIGHEST CONCENTRATION,,,2,
2023-10-07,011179001,1,3.4,Parts per billion,4,"Lhoist, Montevallo Plant",23,96,42401,Sulfur dioxide,100,INSTRUMENTAL - ULTRAVIOLET FLUORESCENCE,13820,"Birmingham-Hoover, AL",33.0928,-86.8072,POINT,1,MIDDLE SCALE,100 M TO 500 M,,Al Dept Of Env Mgt,HIGHEST CONCENTRATION,,,2,
2023-10-08,011179001,1,5.3,Parts per billion,7,"Lhoist, Montevallo Plant",23,96,42401,Sulfur dioxide,100,INSTRUMENTAL - ULTRAVIOLET FLUORESCENCE,13820,"Birmingham-Hoover, AL",33.0928,-86.8072,POINT,1,MIDDLE SCALE,100 M TO 500 M,,Al Dept Of Env Mgt,HIGHEST CONCENTRATION,,,2,
2023-10-09,011179001,1,2,Parts per billion,3,"Lhoist, Montevallo Plant",22,92,42401,Sulfur dioxide,100,INSTRUMENTAL - ULTRAVIOLET FLUORESCENCE,13820,"Birmingham-Hoover, AL",33.0928,-86.8072,POINT,1,MIDDLE SCALE,100 M TO 500 M,,Al Dept Of Env Mgt,HIGHEST CONCENTRATION,,,2,
2023-10-10,011179001,1,1.8,Parts per billion,1,"Lhoist, Montevallo Plant",23,96,42401,Sulfur dioxide,100,INSTRUMENTAL - ULTRAVIOLET FLUORESCENCE,13820,"Birmingham-Hoover, AL",33.0928,-86.8072,POINT,1,MIDDLE SCALE,100 M TO 500 M,,Al Dept Of Env Mgt,HIGHEST CONCENTRATION,,,2,
2023-10-11,011179001,1,3.5,Parts per billion,4,"Lhoist, Montevallo Plant",23,96,42401,Sulfur dioxide,100,INSTRUMENTAL - ULTRAVIOLET FLUORESCENCE,13820,"Birmingham-Hoover, AL",33.0928,-86.8072,POINT,1,MIDDLE SCALE,100 M TO 500 M,,Al Dept Of Env Mgt,HIGHEST CONCENTRATION,,,2,
2023-10-12,011179001,1,1.5,Parts per billion,1,"Lhoist, Montevallo Plant",23,96,42401,Sulfur dioxide,100,INSTRUMENTAL - ULTRAVIOLET FLUORESCENCE,13820,"Birmingham-Hoover, AL",33.0928,-86.8072,POINT,1,MIDDLE SCALE,100 M TO 500 M,,Al Dept Of Env Mgt,HIGHEST CONCENTRATION,,,2,
2023-10-13,011179001,1,2.6,Parts per billion,3,"Lhoist, Montevallo Plant",23,96,42401,Sulfur dioxide,100,INSTRUMENTAL - ULTRAVIOLET FLUORESCENCE,13820,"Birmingham-Hoover, AL",33.0928,-86.8072,POINT,1,MIDDLE SCALE,100 M TO 500 M,,Al Dept Of Env Mgt,HIGHEST CONCENTRATION,,,2,
2023-10-14,011179001,1,1.5,Parts per billion,1,"Lhoist, Montevallo Plant",23,96,42401,Sulfur dioxide,100,INSTRUMENTAL - ULTRAVIOLET FLUORESCENCE,13820,"Birmingham-Hoover, AL",33.0928,-86.8072,POINT,1,MIDDLE SCALE,100 M TO 500 M,,Al Dept Of Env Mgt,HIGHEST CONCENTRATION,,,2,
2023-10-15,011179001,1,1.3,Parts per billion,1,"Lhoist, Montevallo Plant",23,96,42401,Sulfur dioxide,100,INSTRUMENTAL - ULTRAVIOLET FLUORESCENCE,13820,"Birmingham-Hoover, AL",33.0928,-86.8072,POINT,1,MIDDLE SCALE,100 M TO 500 M,,Al Dept Of Env Mgt,HIGHEST CONCENTRATION,,,2,
2023-10-16,011179001,1,1.4,Parts per billion,1,"Lhoist, Montevallo Plant",22,92,42401,Sulfur dioxide,100,INSTRUMENTAL - ULTRAVIOLET FLUORESCENCE,13820,"Birmingham-Hoover, AL",33.0928,-86.8072,POINT,1,MIDDLE SCALE,100 M TO 500 M,,Al Dept Of Env Mgt,HIGHEST CONCENTRATION,,,2,
2023-10-18,011179001,1,25.7,Parts per billion,36,"Lhoist, Montevallo Plant",23,96,42401,Sulfur dioxide,100,INSTRUMENTAL - ULTRAVIOLET FLUORESCENCE,13820,"Birmingham-Hoover, AL",33.0928,-86.8072,POINT,1,MIDDLE SCALE,100 M TO 500 M,,Al Dept Of Env Mgt,HIGHEST CONCENTRATION,,,2,
2023-10-17,011179001,1,1.6,Parts per billion,1,"Lhoist, Montevallo Plant",23,96,42401,Sulfur dioxide,100,INSTRUMENTAL - ULTRAVIOLET FLUORESCENCE,13820,"Birmingham-Hoover, AL",33.0928,-86.8072,POINT,1,MIDDLE SCALE,100 M TO 500 M,,Al Dept Of Env Mgt,HIGHEST CONCENTRATION,,,2,
2023-10-19,011179001,1,2.2,Parts per billion,3,"Lhoist, Montevallo Plant",23,96,42401,Sulfur dioxide,100,INSTRUMENTAL - ULTRAVIOLET FLUORESCENCE,13820,"Birmingham-Hoover, AL",33.0928,-86.8072,POINT,1,MIDDLE SCALE,100 M TO 500 M,,Al Dept Of Env Mgt,HIGHEST CONCENTRATION,,,2,
2023-10-20,011179001,1,1.6,Parts per billion,1,"Lhoist, Montevallo Plant",23,96,42401,Sulfur dioxide,100,INSTRUMENTAL - ULTRAVIOLET FLUORESCENCE,13820,"Birmingham-Hoover, AL",33.0928,-86.8072,POINT,1,MIDDLE SCALE,100 M TO 500 M,,Al Dept Of Env Mgt,HIGHEST CONCENTRATION,,,2,
2023-10-21,011179001,1,2.8,Parts per billion,3,"Lhoist, Montevallo Plant",23,96,42401,Sulfur dioxide,100,INSTRUMENTAL - ULTRAVIOLET FLUORESCENCE,13820,"Birmingham-Hoover, AL",33.0928,-86.8072,POINT,1,MIDDLE SCALE,100 M TO 500 M,,Al Dept Of Env Mgt,HIGHEST CONCENTRATION,,,2,
2023-10-22,011179001,1,3.1,Parts per billion,4,"Lhoist, Montevallo Plant",23,96,42401,Sulfur dioxide,100,INSTRUMENTAL - ULTRAVIOLET FLUORESCENCE,13820,"Birmingham-Hoover, AL",33.0928,-86.8072,POINT,1,MIDDLE SCALE,100 M TO 500 M,,Al Dept Of Env Mgt,HIGHEST CONCENTRATION,,,2,
2023-10-23,011179001,1,28.6,Parts per billion,40,"Lhoist, Montevallo Plant",23,96,42401,Sulfur dioxide,100,INSTRUMENTAL - ULTRAVIOLET FLUORESCENCE,13820,"Birmingham-Hoover, AL",33.0928,-86.8072,POINT,1,MIDDLE SCALE,100 M TO 500 M,,Al Dept Of Env Mgt,HIGHEST CONCENTRATION,,,2,
2023-10-24,011179001,1,33.5,Parts per billion,47,"Lhoist, Montevallo Plant",23,96,42401,Sulfur dioxide,100,INSTRUMENTAL - ULTRAVIOLET FLUORESCENCE,13820,"Birmingham-Hoover, AL",33.0928,-86.8072,POINT,1,MIDDLE SCALE,100 M TO 500 M,,Al Dept Of Env Mgt,HIGHEST CONCENTRATION,,,2,
2023-10-25,011179001,1,38.7,Parts per billion,54,"Lhoist, Montevallo Plant",23,96,42401,Sulfur dioxide,100,INSTRUMENTAL - ULTRAVIOLET FLUORESCENCE,13820,"Birmingham-Hoover, AL",33.0928,-86.8072,POINT,1,MIDDLE SCALE,100 M TO 500 M,,Al Dept Of Env Mgt,HIGHEST CONCENTRATION,,,2,
2023-10-26,011179001,1,6,Parts per billion,9,"Lhoist, Montevallo Plant",23,96,42401,Sulfur dioxide,100,INSTRUMENTAL - ULTRAVIOLET FLUORESCENCE,13820,"Birmingham-Hoover, AL",33.0928,-86.8072,POINT,1,MIDDLE SCALE,100 M TO 500 M,,Al Dept Of Env Mgt,HIGHEST CONCENTRATION,,,2,
2023-10-27,011179001,1,7.3,Parts per billion,10,"Lhoist, Montevallo Plant",23,96,42401,Sulfur dioxide,100,INSTRUMENTAL - ULTRAVIOLET FLUORESCENCE,13820,"Birmingham-Hoover, AL",33.0928,-86.8072,POINT,1,MIDDLE SCALE,100 M TO 500 M,,Al Dept Of Env Mgt,HIGHEST CONCENTRATION,,,2,
2023-10-28,011179001,1,13.6,Parts per billion,19,"Lhoist, Montevallo Plant",23,96,42401,Sulfur dioxide,100,INSTRUMENTAL - ULTRAVIOLET FLUORESCENCE,13820,"Birmingham-Hoover, AL",33.0928,-86.8072,POINT,1,MIDDLE SCALE,100 M TO 500 M,,Al Dept Of Env Mgt,HIGHEST CONCENTRATION,,,2,
2023-10-29,011179001,1,1.8,Parts per billion,1,"Lhoist, Montevallo Plant",23,96,42401,Sulfur dioxide,100,INSTRUMENTAL - ULTRAVIOLET FLUORESCENCE,13820,"Birmingham-Hoover, AL",33.0928,-86.8072,POINT,1,MIDDLE SCALE,100 M TO 500 M,,Al Dept Of Env Mgt,HIGHEST CONCENTRATION,,,2,
2023-10-30,011179001,1,1.9,Parts per billion,1,"Lhoist, Montevallo Plant",22,92,42401,Sulfur dioxide,100,INSTRUMENTAL - ULTRAVIOLET FLUORESCENCE,13820,"Birmingham-Hoover, AL",33.0928,-86.8072,POINT,1,MIDDLE SCALE,100 M TO 500 M,,Al Dept Of Env Mgt,HIGHEST CONCENTRATION,,,2,
2023-10-31,011179001,1,1.9,Parts per billion,1,"Lhoist, Montevallo Plant",23,96,42401,Sulfur dioxide,100,INSTRUMENTAL - ULTRAVIOLET FLUORESCENCE,13820,"Birmingham-Hoover, AL",33.0928,-86.8072,POINT,1,MIDDLE SCALE,100 M TO 500 M,,Al Dept Of Env Mgt,HIGHEST CONCENTRATION,,,2,
2023-11-01,011179001,1,3.3,Parts per billion,4,"Lhoist, Montevallo Plant",23,96,42401,Sulfur dioxide,100,INSTRUMENTAL - ULTRAVIOLET FLUORESCENCE,13820,"Birmingham-Hoover, AL",33.0928,-86.8072,POINT,1,MIDDLE SCALE,100 M TO 500 M,,Al Dept Of Env Mgt,HIGHEST CONCENTRATION,,,2,
2023-11-02,011179001,1,20.3,Parts per billion,29,"Lhoist, Montevallo Plant",23,96,42401,Sulfur dioxide,100,INSTRUMENTAL - ULTRAVIOLET FLUORESCENCE,13820,"Birmingham-Hoover, AL",33.0928,-86.8072,POINT,1,MIDDLE SCALE,100 M TO 500 M,,Al Dept Of Env Mgt,HIGHEST CONCENTRATION,,,2,
2023-11-03,011179001,1,22.5,Parts per billion,31,"Lhoist, Montevallo Plant",23,96,42401,Sulfur dioxide,100,INSTRUMENTAL - ULTRAVIOLET FLUORESCENCE,13820,"Birmingham-Hoover, AL",33.0928,-86.8072,POINT,1,MIDDLE SCALE,100 M TO 500 M,,Al Dept Of Env Mgt,HIGHEST CONCENTRATION,,,2,
2023-11-04,011179001,1,24.3,Parts per billion,34,"Lhoist, Montevallo Plant",23,96,42401,Sulfur dioxide,100,INSTRUMENTAL - ULTRAVIOLET FLUORESCENCE,13820,"Birmingham-Hoover, AL",33.0928,-86.8072,POINT,1,MIDDLE SCALE,100 M TO 500 M,,Al Dept Of Env Mgt,HIGHEST CONCENTRATION,,,2,
2023-11-06,011179001,1,2.9,Parts per billion,3,"Lhoist, Montevallo Plant",22,92,42401,Sulfur dioxide,100,INSTRUMENTAL - ULTRAVIOLET FLUORESCENCE,13820,"Birmingham-Hoover, AL",33.0928,-86.8072,POINT,1,MIDDLE SCALE,100 M TO 500 M,,Al Dept Of Env Mgt,HIGHEST CONCENTRATION,,,2,
2023-11-05,011179001,1,2.7,Parts per billion,3,"Lhoist, Montevallo Plant",23,96,42401,Sulfur dioxide,100,INSTRUMENTAL - ULTRAVIOLET FLUORESCENCE,13820,"Birmingham-Hoover, AL",33.0928,-86.8072,POINT,1,MIDDLE SCALE,100 M TO 500 M,,Al Dept Of Env Mgt,HIGHEST CONCENTRATION,,,2,
2023-11-07,011179001,1,2.5,Parts per billion,3,"Lhoist, Montevallo Plant",23,96,42401,Sulfur dioxide,100,INSTRUMENTAL - ULTRAVIOLET FLUORESCENCE,13820,"Birmingham-Hoover, AL",33.0928,-86.8072,POINT,1,MIDDLE SCALE,100 M TO 500 M,,Al Dept Of Env Mgt,HIGHEST CONCENTRATION,,,2,
2023-11-08,011179001,1,2.7,Parts per billion,3,"Lhoist, Montevallo Plant",23,96,42401,Sulfur dioxide,100,INSTRUMENTAL - ULTRAVIOLET FLUORESCENCE,13820,"Birmingham-Hoover, AL",33.0928,-86.8072,POINT,1,MIDDLE SCALE,100 M TO 500 M,,Al Dept Of Env Mgt,HIGHEST CONCENTRATION,,,2,
2023-11-09,011179001,1,1.9,Parts per billion,1,"Lhoist, Montevallo Plant",23,96,42401,Sulfur dioxide,100,INSTRUMENTAL - ULTRAVIOLET FLUORESCENCE,13820,"Birmingham-Hoover, AL",33.0928,-86.8072,POINT,1,MIDDLE SCALE,100 M TO 500 M,,Al Dept Of Env Mgt,HIGHEST CONCENTRATION,,,2,
2023-11-10,011179001,1,1.9,Parts per billion,1,"Lhoist, Montevallo Plant",23,96,42401,Sulfur dioxide,100,INSTRUMENTAL - ULTRAVIOLET FLUORESCENCE,13820,"Birmingham-Hoover, AL",33.0928,-86.8072,POINT,1,MIDDLE SCALE,100 M TO 500 M,,Al Dept Of Env Mgt,HIGHEST CONCENTRATION,,,2,
2023-11-11,011179001,1,1.7,Parts per billion,1,"Lhoist, Montevallo Plant",23,96,42401,Sulfur dioxide,100,INSTRUMENTAL - ULTRAVIOLET FLUORESCENCE,13820,"Birmingham-Hoover, AL",33.0928,-86.8072,POINT,1,MIDDLE SCALE,100 M TO 500 M,,Al Dept Of Env Mgt,HIGHEST CONCENTRATION,,,2,
2023-11-12,011179001,1,1.6,Parts per billion,1,"Lhoist, Montevallo Plant",23,96,42401,Sulfur dioxide,100,INSTRUMENTAL - ULTRAVIOLET FLUORESCENCE,13820,"Birmingham-Hoover, AL",33.0928,-86.8072,POINT,1,MIDDLE SCALE,100 M TO 500 M,,Al Dept Of Env Mgt,HIGHEST CONCENTRATION,,,2,
2023-11-13,011179001,1,1.9,Parts per billion,1,"Lhoist, Montevallo Plant",22,92,42401,Sulfur dioxide,100,INSTRUMENTAL - ULTRAVIOLET FLUORESCENCE,13820,"Birmingham-Hoover, AL",33.0928,-86.8072,POINT,1,MIDDLE SCALE,100 M TO 500 M,,Al Dept Of Env Mgt,HIGHEST CONCENTRATION,,,2,
2023-11-14,011179001,1,72.7,Parts per billion,96,"Lhoist, Montevallo Plant",23,96,42401,Sulfur dioxide,100,INSTRUMENTAL - ULTRAVIOLET FLUORESCENCE,13820,"Birmingham-Hoover, AL",33.0928,-86.8072,POINT,1,MIDDLE SCALE,100 M TO 500 M,,Al Dept Of Env Mgt,HIGHEST CONCENTRATION,,,2,
2023-11-15,011179001,1,3.3,Parts per billion,4,"Lhoist, Montevallo Plant",23,96,42401,Sulfur dioxide,100,INSTRUMENTAL - ULTRAVIOLET FLUORESCENCE,13820,"Birmingham-Hoover, AL",33.0928,-86.8072,POINT,1,MIDDLE SCALE,100 M TO 500 M,,Al Dept Of Env Mgt,HIGHEST CONCENTRATION,,,2,
2023-11-16,011179001,1,35,Parts per billion,50,"Lhoist, Montevallo Plant",23,96,42401,Sulfur dioxide,100,INSTRUMENTAL - ULTRAVIOLET FLUORESCENCE,13820,"Birmingham-Hoover, AL",33.0928,-86.8072,POINT,1,MIDDLE SCALE,100 M TO 500 M,,Al Dept Of Env Mgt,HIGHEST CONCENTRATION,,,2,
2023-11-17,011179001,1,3.4,Parts per billion,4,"Lhoist, Montevallo Plant",23,96,42401,Sulfur dioxide,100,INSTRUMENTAL - ULTRAVIOLET FLUORESCENCE,13820,"Birmingham-Hoover, AL",33.0928,-86.8072,POINT,1,MIDDLE SCALE,100 M TO 500 M,,Al Dept Of Env Mgt,HIGHEST CONCENTRATION,,,2,
2023-11-18,011179001,1,1.8,Parts per billion,1,"Lhoist, Montevallo Plant",23,96,42401,Sulfur dioxide,100,INSTRUMENTAL - ULTRAVIOLET FLUORESCENCE,13820,"Birmingham-Hoover, AL",33.0928,-86.8072,POINT,1,MIDDLE SCALE,100 M TO 500 M,,Al Dept Of Env Mgt,HIGHEST CONCENTRATION,,,2,
2023-11-19,011179001,1,53.3,Parts per billion,72,"Lhoist, Montevallo Plant",23,96,42401,Sulfur dioxide,100,INSTRUMENTAL - ULTRAVIOLET FLUORESCENCE,13820,"Birmingham-Hoover, AL",33.0928,-86.8072,POINT,1,MIDDLE SCALE,100 M TO 500 M,,Al Dept Of Env Mgt,HIGHEST CONCENTRATION,,,2,
2023-11-20,011179001,1,5.6,Parts per billion,7,"Lhoist, Montevallo Plant",22,92,42401,Sulfur dioxide,100,INSTRUMENTAL - ULTRAVIOLET FLUORESCENCE,13820,"Birmingham-Hoover, AL",33.0928,-86.8072,POINT,1,MIDDLE SCALE,100 M TO 500 M,,Al Dept Of Env Mgt,HIGHEST CONCENTRATION,,,2,
2023-11-21,011179001,1,1.6,Parts per billion,1,"Lhoist, Montevallo Plant",23,96,42401,Sulfur dioxide,100,INSTRUMENTAL - ULTRAVIOLET FLUORESCENCE,13820,"Birmingham-Hoover, AL",33.0928,-86.8072,POINT,1,MIDDLE SCALE,100 M TO 500 M,,Al Dept Of Env Mgt,HIGHEST CONCENTRATION,,,2,
2023-11-22,011179001,1,1.7,Parts per billion,1,"Lhoist, Montevallo Plant",23,96,42401,Sulfur dioxide,100,INSTRUMENTAL - ULTRAVIOLET FLUORESCENCE,13820,"Birmingham-Hoover, AL",33.0928,-86.8072,POINT,1,MIDDLE SCALE,100 M TO 500 M,,Al Dept Of Env Mgt,HIGHEST CONCENTRATION,,,2,
2023-11-23,011179001,1,2.5,Parts per billion,3,"Lhoist, Montevallo Plant",23,96,42401,Sulfur dioxide,100,INSTRUMENTAL - ULTRAVIOLET FLUORESCENCE,13820,"Birmingham-Hoover, AL",33.0928,-86.8072,POINT,1,MIDDLE SCALE,100 M TO 500 M,,Al Dept Of Env Mgt,HIGHEST CONCENTRATION,,,2,
2023-11-24,011179001,1,1.9,Parts per billion,1,"Lhoist, Montevallo Plant",23,96,42401,Sulfur dioxide,100,INSTRUMENTAL - ULTRAVIOLET FLUORESCENCE,13820,"Birmingham-Hoover, AL",33.0928,-86.8072,POINT,1,MIDDLE SCALE,100 M TO 500 M,,Al Dept Of Env Mgt,HIGHEST CONCENTRATION,,,2,
2023-11-25,011179001,1,18.7,Parts per billion,26,"Lhoist, Montevallo Plant",23,96,42401,Sulfur dioxide,100,INSTRUMENTAL - ULTRAVIOLET FLUORESCENCE,13820,"Birmingham-Hoover, AL",33.0928,-86.8072,POINT,1,MIDDLE SCALE,100 M TO 500 M,,Al Dept Of Env Mgt,HIGHEST CONCENTRATION,,,2,
2023-11-26,011179001,1,1.9,Parts per billion,1,"Lhoist, Montevallo Plant",23,96,42401,Sulfur dioxide,100,INSTRUMENTAL - ULTRAVIOLET FLUORESCENCE,13820,"Birmingham-Hoover, AL",33.0928,-86.8072,POINT,1,MIDDLE SCALE,100 M TO 500 M,,Al Dept Of Env Mgt,HIGHEST CONCENTRATION,,,2,
2023-11-27,011179001,1,1.9,Parts per billion,1,"Lhoist, Montevallo Plant",23,96,42401,Sulfur dioxide,100,INSTRUMENTAL - ULTRAVIOLET FLUORESCENCE,13820,"Birmingham-Hoover, AL",33.0928,-86.8072,POINT,1,MIDDLE SCALE,100 M TO 500 M,,Al Dept Of Env Mgt,HIGHEST CONCENTRATION,,,2,
2023-11-28,011179001,1,2.1,Parts per billion,3,"Lhoist, Montevallo Plant",23,96,42401,Sulfur dioxide,100,INSTRUMENTAL - ULTRAVIOLET FLUORESCENCE,13820,"Birmingham-Hoover, AL",33.0928,-86.8072,POINT,1,MIDDLE SCALE,100 M TO 500 M,,Al Dept Of Env Mgt,HIGHEST CONCENTRATION,,,2,
2023-11-29,011179001,1,6.8,Parts per billion,9,"Lhoist, Montevallo Plant",23,96,42401,Sulfur dioxide,100,INSTRUMENTAL - ULTRAVIOLET FLUORESCENCE,13820,"Birmingham-Hoover, AL",33.0928,-86.8072,POINT,1,MIDDLE SCALE,100 M TO 500 M,,Al Dept Of Env Mgt,HIGHEST CONCENTRATION,,,2,
2023-11-30,011179001,1,3.5,Parts per billion,4,"Lhoist, Montevallo Plant",23,96,42401,Sulfur dioxide,100,INSTRUMENTAL - ULTRAVIOLET FLUORESCENCE,13820,"Birmingham-Hoover, AL",33.0928,-86.8072,POINT,1,MIDDLE SCALE,100 M TO 500 M,,Al Dept Of Env Mgt,HIGHEST CONCENTRATION,,,2,
2023-12-01,011179001,1,14.9,Parts per billion,20,"Lhoist, Montevallo Plant",23,96,42401,Sulfur dioxide,100,INSTRUMENTAL - ULTRAVIOLET FLUORESCENCE,13820,"Birmingham-Hoover, AL",33.0928,-86.8072,POINT,1,MIDDLE SCALE,100 M TO 500 M,,Al Dept Of Env Mgt,HIGHEST CONCENTRATION,,,2,
2023-12-02,011179001,1,1.6,Parts per billion,1,"Lhoist, Montevallo Plant",23,96,42401,Sulfur dioxide,100,INSTRUMENTAL - ULTRAVIOLET FLUORESCENCE,13820,"Birmingham-Hoover, AL",33.0928,-86.8072,POINT,1,MIDDLE SCALE,100 M TO 500 M,,Al Dept Of Env Mgt,HIGHEST CONCENTRATION,,,2,
2023-12-03,011179001,1,1.9,Parts per billion,1,"Lhoist, Montevallo Plant",23,96,42401,Sulfur dioxide,100,INSTRUMENTAL - ULTRAVIOLET FLUORESCENCE,13820,"Birmingham-Hoover, AL",33.0928,-86.8072,POINT,1,MIDDLE SCALE,100 M TO 500 M,,Al Dept Of Env Mgt,HIGHEST CONCENTRATION,,,2,
2023-12-04,011179001,1,2.5,Parts per billion,3,"Lhoist, Montevallo Plant",22,92,42401,Sulfur dioxide,100,INSTRUMENTAL - ULTRAVIOLET FLUORESCENCE,13820,"Birmingham-Hoover, AL",33.0928,-86.8072,POINT,1,MIDDLE SCALE,100 M TO 500 M,,Al Dept Of Env Mgt,HIGHEST CONCENTRATION,,,2,
2023-12-05,011179001,1,2.3,Parts per billion,3,"Lhoist, Montevallo Plant",23,96,42401,Sulfur dioxide,100,INSTRUMENTAL - ULTRAVIOLET FLUORESCENCE,13820,"Birmingham-Hoover, AL",33.0928,-86.8072,POINT,1,MIDDLE SCALE,100 M TO 500 M,,Al Dept Of Env Mgt,HIGHEST CONCENTRATION,,,2,
2023-12-06,011179001,1,2,Parts per billion,3,"Lhoist, Montevallo Plant",23,96,42401,Sulfur dioxide,100,INSTRUMENTAL - ULTRAVIOLET FLUORESCENCE,13820,"Birmingham-Hoover, AL",33.0928,-86.8072,POINT,1,MIDDLE SCALE,100 M TO 500 M,,Al Dept Of Env Mgt,HIGHEST CONCENTRATION,,,2,
2023-12-07,011179001,1,3,Parts per billion,4,"Lhoist, Montevallo Plant",18,75,42401,Sulfur dioxide,100,INSTRUMENTAL - ULTRAVIOLET FLUORESCENCE,13820,"Birmingham-Hoover, AL",33.0928,-86.8072,POINT,1,MIDDLE SCALE,100 M TO 500 M,,Al Dept Of Env Mgt,HIGHEST CONCENTRATION,,,2,
2023-12-08,011179001,1,0.9,Parts per billion,0,"Lhoist, Montevallo Plant",23,96,42401,Sulfur dioxide,100,INSTRUMENTAL - ULTRAVIOLET FLUORESCENCE,13820,"Birmingham-Hoover, AL",33.0928,-86.8072,POINT,1,MIDDLE SCALE,100 M TO 500 M,,Al Dept Of Env Mgt,HIGHEST CONCENTRATION,,,2,
2023-12-09,011179001,1,0.3,Parts per billion,0,"Lhoist, Montevallo Plant",23,96,42401,Sulfur dioxide,100,INSTRUMENTAL - ULTRAVIOLET FLUORESCENCE,13820,"Birmingham-Hoover, AL",33.0928,-86.8072,POINT,1,MIDDLE SCALE,100 M TO 500 M,,Al Dept Of Env Mgt,HIGHEST CONCENTRATION,,,2,
2023-12-10,011179001,1,0.3,Parts per billion,0,"Lhoist, Montevallo Plant",23,96,42401,Sulfur dioxide,100,INSTRUMENTAL - ULTRAVIOLET FLUORESCENCE,13820,"Birmingham-Hoover, AL",33.0928,-86.8072,POINT,1,MIDDLE SCALE,100 M TO 500 M,,Al Dept Of Env Mgt,HIGHEST CONCENTRATION,,,2,
2023-12-11,011179001,1,2.1,Parts per billion,3,"Lhoist, Montevallo Plant",23,96,42401,Sulfur dioxide,100,INSTRUMENTAL - ULTRAVIOLET FLUORESCENCE,13820,"Birmingham-Hoover, AL",33.0928,-86.8072,POINT,1,MIDDLE SCALE,100 M TO 500 M,,Al Dept Of Env Mgt,HIGHEST CONCENTRATION,,,2,
2023-12-12,011179001,1,1.7,Parts per billion,1,"Lhoist, Montevallo Plant",23,96,42401,Sulfur dioxide,100,INSTRUMENTAL - ULTRAVIOLET FLUORESCENCE,13820,"Birmingham-Hoover, AL",33.0928,-86.8072,POINT,1,MIDDLE SCALE,100 M TO 500 M,,Al Dept Of Env Mgt,HIGHEST CONCENTRATION,,,2,
2023-12-14,011179001,1,20.2,Parts per billion,29,"Lhoist, Montevallo Plant",23,96,42401,Sulfur dioxide,100,INSTRUMENTAL - ULTRAVIOLET FLUORESCENCE,13820,"Birmingham-Hoover, AL",33.0928,-86.8072,POINT,1,MIDDLE SCALE,100 M TO 500 M,,Al Dept Of Env Mgt,HIGHEST CONCENTRATION,,,2,
2023-12-13,011179001,1,1.3,Parts per billion,1,"Lhoist, Montevallo Plant",22,92,42401,Sulfur dioxide,100,INSTRUMENTAL - ULTRAVIOLET FLUORESCENCE,13820,"Birmingham-Hoover, AL",33.0928,-86.8072,POINT,1,MIDDLE SCALE,100 M TO 500 M,,Al Dept Of Env Mgt,HIGHEST CONCENTRATION,,,2,
2023-12-15,011179001,1,46.4,Parts per billion,64,"Lhoist, Montevallo Plant",23,96,42401,Sulfur dioxide,100,INSTRUMENTAL - ULTRAVIOLET FLUORESCENCE,13820,"Birmingham-Hoover, AL",33.0928,-86.8072,POINT,1,MIDDLE SCALE,100 M TO 500 M,,Al Dept Of Env Mgt,HIGHEST CONCENTRATION,,,2,
2023-12-16,011179001,1,53.7,Parts per billion,72,"Lhoist, Montevallo Plant",24,100,42401,Sulfur dioxide,100,INSTRUMENTAL - ULTRAVIOLET FLUORESCENCE,13820,"Birmingham-Hoover, AL",33.0928,-86.8072,POINT,1,MIDDLE SCALE,100 M TO 500 M,,Al Dept Of Env Mgt,HIGHEST CONCENTRATION,,,2,
2023-12-17,011179001,1,0.4,Parts per billion,0,"Lhoist, Montevallo Plant",24,100,42401,Sulfur dioxide,100,INSTRUMENTAL - ULTRAVIOLET FLUORESCENCE,13820,"Birmingham-Hoover, AL",33.0928,-86.8072,POINT,1,MIDDLE SCALE,100 M TO 500 M,,Al Dept Of Env Mgt,HIGHEST CONCENTRATION,,,2,
2023-12-18,011179001,1,0.8,Parts per billion,0,"Lhoist, Montevallo Plant",23,96,42401,Sulfur dioxide,100,INSTRUMENTAL - ULTRAVIOLET FLUORESCENCE,13820,"Birmingham-Hoover, AL",33.0928,-86.8072,POINT,1,MIDDLE SCALE,100 M TO 500 M,,Al Dept Of Env Mgt,HIGHEST CONCENTRATION,,,2,
2023-12-19,011179001,1,4.6,Parts per billion,6,"Lhoist, Montevallo Plant",22,92,42401,Sulfur dioxide,100,INSTRUMENTAL - ULTRAVIOLET FLUORESCENCE,13820,"Birmingham-Hoover, AL",33.0928,-86.8072,POINT,1,MIDDLE SCALE,100 M TO 500 M,,Al Dept Of Env Mgt,HIGHEST CONCENTRATION,,,2,
2023-12-20,011179001,1,11.3,Parts per billion,16,"Lhoist, Montevallo Plant",23,96,42401,Sulfur dioxide,100,INSTRUMENTAL - ULTRAVIOLET FLUORESCENCE,13820,"Birmingham-Hoover, AL",33.0928,-86.8072,POINT,1,MIDDLE SCALE,100 M TO 500 M,,Al Dept Of Env Mgt,HIGHEST CONCENTRATION,,,2,
2023-12-21,011179001,1,6.9,Parts per billion,9,"Lhoist, Montevallo Plant",22,92,42401,Sulfur dioxide,100,INSTRUMENTAL - ULTRAVIOLET FLUORESCENCE,13820,"Birmingham-Hoover, AL",33.0928,-86.8072,POINT,1,MIDDLE SCALE,100 M TO 500 M,,Al Dept Of Env Mgt,HIGHEST CONCENTRATION,,,2,
2023-12-22,011179001,1,2.5,Parts per billion,3,"Lhoist, Montevallo Plant",23,96,42401,Sulfur dioxide,100,INSTRUMENTAL - ULTRAVIOLET FLUORESCENCE,13820,"Birmingham-Hoover, AL",33.0928,-86.8072,POINT,1,MIDDLE SCALE,100 M TO 500 M,,Al Dept Of Env Mgt,HIGHEST CONCENTRATION,,,2,
2023-12-23,011179001,1,3,Parts per billion,4,"Lhoist, Montevallo Plant",24,100,42401,Sulfur dioxide,100,INSTRUMENTAL - ULTRAVIOLET FLUORESCENCE,13820,"Birmingham-Hoover, AL",33.0928,-86.8072,POINT,1,MIDDLE SCALE,100 M TO 500 M,,Al Dept Of Env Mgt,HIGHEST CONCENTRATION,,,2,
2023-12-24,011179001,1,12,Parts per billion,17,"Lhoist, Montevallo Plant",24,100,42401,Sulfur dioxide,100,INSTRUMENTAL - ULTRAVIOLET FLUORESCENCE,13820,"Birmingham-Hoover, AL",33.0928,-86.8072,POINT,1,MIDDLE SCALE,100 M TO 500 M,,Al Dept Of Env Mgt,HIGHEST CONCENTRATION,,,2,
2023-12-25,011179001,1,0.6,Parts per billion,0,"Lhoist, Montevallo Plant",23,96,42401,Sulfur dioxide,100,INSTRUMENTAL - ULTRAVIOLET FLUORESCENCE,13820,"Birmingham-Hoover, AL",33.0928,-86.8072,POINT,1,MIDDLE SCALE,100 M TO 500 M,,Al Dept Of Env Mgt,HIGHEST CONCENTRATION,,,2,
2023-12-26,011179001,1,0.9,Parts per billion,0,"Lhoist, Montevallo Plant",24,100,42401,Sulfur dioxide,100,INSTRUMENTAL - ULTRAVIOLET FLUORESCENCE,13820,"Birmingham-Hoover, AL",33.0928,-86.8072,POINT,1,MIDDLE SCALE,100 M TO 500 M,,Al Dept Of Env Mgt,HIGHEST CONCENTRATION,,,2,
2023-12-27,011179001,1,1.1,Parts per billion,1,"Lhoist, Montevallo Plant",22,92,42401,Sulfur dioxide,100,INSTRUMENTAL - ULTRAVIOLET FLUORESCENCE,13820,"Birmingham-Hoover, AL",33.0928,-86.8072,POINT,1,MIDDLE SCALE,100 M TO 500 M,,Al Dept Of Env Mgt,HIGHEST CONCENTRATION,,,2,
2023-12-28,011179001,1,0.9,Parts per billion,0,"Lhoist, Montevallo Plant",23,96,42401,Sulfur dioxide,100,INSTRUMENTAL - ULTRAVIOLET FLUORESCENCE,13820,"Birmingham-Hoover, AL",33.0928,-86.8072,POINT,1,MIDDLE SCALE,100 M TO 500 M,,Al Dept Of Env Mgt,HIGHEST CONCENTRATION,,,2,
2023-12-29,011179001,1,0.4,Parts per billion,0,"Lhoist, Montevallo Plant",23,96,42401,Sulfur dioxide,100,INSTRUMENTAL - ULTRAVIOLET FLUORESCENCE,13820,"Birmingham-Hoover, AL",33.0928,-86.8072,POINT,1,MIDDLE SCALE,100 M TO 500 M,,Al Dept Of Env Mgt,HIGHEST CONCENTRATION,,,2,
2023-12-30,011179001,1,0.7,Parts per billion,0,"Lhoist, Montevallo Plant",23,96,42401,Sulfur dioxide,100,INSTRUMENTAL - ULTRAVIOLET FLUORESCENCE,13820,"Birmingham-Hoover, AL",33.0928,-86.8072,POINT,1,MIDDLE SCALE,100 M TO 500 M,,Al Dept Of Env Mgt,HIGHEST CONCENTRATION,,,2,
2023-12-31,011179001,1,0.9,Parts per billion,0,"Lhoist, Montevallo Plant",24,100,42401,Sulfur dioxide,100,INSTRUMENTAL - ULTRAVIOLET FLUORESCENCE,13820,"Birmingham-Hoover, AL",33.0928,-86.8072,POINT,1,MIDDLE SCALE,100 M TO 500 M,,Al Dept Of Env Mgt,HIGHEST CONCENTRATION,,,2,
2022-01-03,011190003,1,0.3,Parts per billion,0,"Ward, Sumter Co.",23,96,42401,Sulfur dioxide,100,INSTRUMENTAL - ULTRAVIOLET FLUORESCENCE,,,32.362606,-88.277992,AREA,63.7032,REGIONAL SCALE,50 TO HUNDREDS KM,SLAMS,Al Dept Of Env Mgt,GENERAL/BACKGROUND,Y,,3,
2022-01-01,011190003,1,0.7,Parts per billion,0,"Ward, Sumter Co.",23,96,42401,Sulfur dioxide,100,INSTRUMENTAL - ULTRAVIOLET FLUORESCENCE,,,32.362606,-88.277992,AREA,63.7032,REGIONAL SCALE,50 TO HUNDREDS KM,SLAMS,Al Dept Of Env Mgt,GENERAL/BACKGROUND,Y,,3,
2022-01-02,011190003,1,0.6,Parts per billion,0,"Ward, Sumter Co.",23,96,42401,Sulfur dioxide,100,INSTRUMENTAL - ULTRAVIOLET FLUORESCENCE,,,32.362606,-88.277992,AREA,63.7032,REGIONAL SCALE,50 TO HUNDREDS KM,SLAMS,Al Dept Of Env Mgt,GENERAL/BACKGROUND,Y,,3,
2022-01-04,011190003,1,0.5,Parts per billion,0,"Ward, Sumter Co.",23,96,42401,Sulfur dioxide,100,INSTRUMENTAL - ULTRAVIOLET FLUORESCENCE,,,32.362606,-88.277992,AREA,63.7032,REGIONAL SCALE,50 TO HUNDREDS KM,SLAMS,Al Dept Of Env Mgt,GENERAL/BACKGROUND,Y,,3,
2022-01-05,011190003,1,0.7,Parts per billion,0,"Ward, Sumter Co.",23,96,42401,Sulfur dioxide,100,INSTRUMENTAL - ULTRAVIOLET FLUORESCENCE,,,32.362606,-88.277992,AREA,63.7032,REGIONAL SCALE,50 TO HUNDREDS KM,SLAMS,Al Dept Of Env Mgt,GENERAL/BACKGROUND,Y,,3,
2022-01-06,011190003,1,0.8,Parts per billion,0,"Ward, Sumter Co.",23,96,42401,Sulfur dioxide,100,INSTRUMENTAL - ULTRAVIOLET FLUORESCENCE,,,32.362606,-88.277992,AREA,63.7032,REGIONAL SCALE,50 TO HUNDREDS KM,SLAMS,Al Dept Of Env Mgt,GENERAL/BACKGROUND,Y,,3,
2022-01-07,011190003,1,1.7,Parts per billion,1,"Ward, Sumter Co.",23,96,42401,Sulfur dioxide,100,INSTRUMENTAL - ULTRAVIOLET FLUORESCENCE,,,32.362606,-88.277992,AREA,63.7032,REGIONAL SCALE,50 TO HUNDREDS KM,SLAMS,Al Dept Of Env Mgt,GENERAL/BACKGROUND,Y,,3,
2022-01-08,011190003,1,1,Parts per billion,1,"Ward, Sumter Co.",23,96,42401,Sulfur dioxide,100,INSTRUMENTAL - ULTRAVIOLET FLUORESCENCE,,,32.362606,-88.277992,AREA,63.7032,REGIONAL SCALE,50 TO HUNDREDS KM,SLAMS,Al Dept Of Env Mgt,GENERAL/BACKGROUND,Y,,3,
2022-01-09,011190003,1,0.7,Parts per billion,0,"Ward, Sumter Co.",23,96,42401,Sulfur dioxide,100,INSTRUMENTAL - ULTRAVIOLET FLUORESCENCE,,,32.362606,-88.277992,AREA,63.7032,REGIONAL SCALE,50 TO HUNDREDS KM,SLAMS,Al Dept Of Env Mgt,GENERAL/BACKGROUND,Y,,3,
2022-01-10,011190003,1,0.6,Parts per billion,0,"Ward, Sumter Co.",22,92,42401,Sulfur dioxide,100,INSTRUMENTAL - ULTRAVIOLET FLUORESCENCE,,,32.362606,-88.277992,AREA,63.7032,REGIONAL SCALE,50 TO HUNDREDS KM,SLAMS,Al Dept Of Env Mgt,GENERAL/BACKGROUND,Y,,3,
2022-01-11,011190003,1,1.3,Parts per billion,1,"Ward, Sumter Co.",23,96,42401,Sulfur dioxide,100,INSTRUMENTAL - ULTRAVIOLET FLUORESCENCE,,,32.362606,-88.277992,AREA,63.7032,REGIONAL SCALE,50 TO HUNDREDS KM,SLAMS,Al Dept Of Env Mgt,GENERAL/BACKGROUND,Y,,3,
2022-01-12,011190003,1,1.1,Parts per billion,1,"Ward, Sumter Co.",23,96,42401,Sulfur dioxide,100,INSTRUMENTAL - ULTRAVIOLET FLUORESCENCE,,,32.362606,-88.277992,AREA,63.7032,REGIONAL SCALE,50 TO HUNDREDS KM,SLAMS,Al Dept Of Env Mgt,GENERAL/BACKGROUND,Y,,3,
2022-01-13,011190003,1,0.9,Parts per billion,0,"Ward, Sumter Co.",22,92,42401,Sulfur dioxide,100,INSTRUMENTAL - ULTRAVIOLET FLUORESCENCE,,,32.362606,-88.277992,AREA,63.7032,REGIONAL SCALE,50 TO HUNDREDS KM,SLAMS,Al Dept Of Env Mgt,GENERAL/BACKGROUND,Y,,3,
2022-01-14,011190003,1,1,Parts per billion,1,"Ward, Sumter Co.",23,96,42401,Sulfur dioxide,100,INSTRUMENTAL - ULTRAVIOLET FLUORESCENCE,,,32.362606,-88.277992,AREA,63.7032,REGIONAL SCALE,50 TO HUNDREDS KM,SLAMS,Al Dept Of Env Mgt,GENERAL/BACKGROUND,Y,,3,
2022-01-15,011190003,1,1.2,Parts per billion,1,"Ward, Sumter Co.",23,96,42401,Sulfur dioxide,100,INSTRUMENTAL - ULTRAVIOLET FLUORESCENCE,,,32.362606,-88.277992,AREA,63.7032,REGIONAL SCALE,50 TO HUNDREDS KM,SLAMS,Al Dept Of Env Mgt,GENERAL/BACKGROUND,Y,,3,
2022-01-16,011190003,1,0.6,Parts per billion,0,"Ward, Sumter Co.",23,96,42401,Sulfur dioxide,100,INSTRUMENTAL - ULTRAVIOLET FLUORESCENCE,,,32.362606,-88.277992,AREA,63.7032,REGIONAL SCALE,50 TO HUNDREDS KM,SLAMS,Al Dept Of Env Mgt,GENERAL/BACKGROUND,Y,,3,
2022-01-17,011190003,1,0.7,Parts per billion,0,"Ward, Sumter Co.",23,96,42401,Sulfur dioxide,100,INSTRUMENTAL - ULTRAVIOLET FLUORESCENCE,,,32.362606,-88.277992,AREA,63.7032,REGIONAL SCALE,50 TO HUNDREDS KM,SLAMS,Al Dept Of Env Mgt,GENERAL/BACKGROUND,Y,,3,
2022-01-18,011190003,1,2.4,Parts per billion,3,"Ward, Sumter Co.",23,96,42401,Sulfur dioxide,100,INSTRUMENTAL - ULTRAVIOLET FLUORESCENCE,,,32.362606,-88.277992,AREA,63.7032,REGIONAL SCALE,50 TO HUNDREDS KM,SLAMS,Al Dept Of Env Mgt,GENERAL/BACKGROUND,Y,,3,
2022-01-19,011190003,1,1.6,Parts per billion,1,"Ward, Sumter Co.",23,96,42401,Sulfur dioxide,100,INSTRUMENTAL - ULTRAVIOLET FLUORESCENCE,,,32.362606,-88.277992,AREA,63.7032,REGIONAL SCALE,50 TO HUNDREDS KM,SLAMS,Al Dept Of Env Mgt,GENERAL/BACKGROUND,Y,,3,
2022-01-20,011190003,1,0.4,Parts per billion,0,"Ward, Sumter Co.",23,96,42401,Sulfur dioxide,100,INSTRUMENTAL - ULTRAVIOLET FLUORESCENCE,,,32.362606,-88.277992,AREA,63.7032,REGIONAL SCALE,50 TO HUNDREDS KM,SLAMS,Al Dept Of Env Mgt,GENERAL/BACKGROUND,Y,,3,
2022-01-21,011190003,1,0.5,Parts per billion,0,"Ward, Sumter Co.",23,96,42401,Sulfur dioxide,100,INSTRUMENTAL - ULTRAVIOLET FLUORESCENCE,,,32.362606,-88.277992,AREA,63.7032,REGIONAL SCALE,50 TO HUNDREDS KM,SLAMS,Al Dept Of Env Mgt,GENERAL/BACKGROUND,Y,,3,
2022-01-22,011190003,1,0.4,Parts per billion,0,"Ward, Sumter Co.",23,96,42401,Sulfur dioxide,100,INSTRUMENTAL - ULTRAVIOLET FLUORESCENCE,,,32.362606,-88.277992,AREA,63.7032,REGIONAL SCALE,50 TO HUNDREDS KM,SLAMS,Al Dept Of Env Mgt,GENERAL/BACKGROUND,Y,,3,
2022-01-23,011190003,1,1.1,Parts per billion,1,"Ward, Sumter Co.",23,96,42401,Sulfur dioxide,100,INSTRUMENTAL - ULTRAVIOLET FLUORESCENCE,,,32.362606,-88.277992,AREA,63.7032,REGIONAL SCALE,50 TO HUNDREDS KM,SLAMS,Al Dept Of Env Mgt,GENERAL/BACKGROUND,Y,,3,
2022-01-24,011190003,1,1.2,Parts per billion,1,"Ward, Sumter Co.",23,96,42401,Sulfur dioxide,100,INSTRUMENTAL - ULTRAVIOLET FLUORESCENCE,,,32.362606,-88.277992,AREA,63.7032,REGIONAL SCALE,50 TO HUNDREDS KM,SLAMS,Al Dept Of Env Mgt,GENERAL/BACKGROUND,Y,,3,
2022-01-25,011190003,1,0.9,Parts per billion,0,"Ward, Sumter Co.",23,96,42401,Sulfur dioxide,100,INSTRUMENTAL - ULTRAVIOLET FLUORESCENCE,,,32.362606,-88.277992,AREA,63.7032,REGIONAL SCALE,50 TO HUNDREDS KM,SLAMS,Al Dept Of Env Mgt,GENERAL/BACKGROUND,Y,,3,
2022-01-26,011190003,1,1.6,Parts per billion,1,"Ward, Sumter Co.",22,92,42401,Sulfur dioxide,100,INSTRUMENTAL - ULTRAVIOLET FLUORESCENCE,,,32.362606,-88.277992,AREA,63.7032,REGIONAL SCALE,50 TO HUNDREDS KM,SLAMS,Al Dept Of Env Mgt,GENERAL/BACKGROUND,Y,,3,
2022-01-27,011190003,1,2.4,Parts per billion,3,"Ward, Sumter Co.",23,96,42401,Sulfur dioxide,100,INSTRUMENTAL - ULTRAVIOLET FLUORESCENCE,,,32.362606,-88.277992,AREA,63.7032,REGIONAL SCALE,50 TO HUNDREDS KM,SLAMS,Al Dept Of Env Mgt,GENERAL/BACKGROUND,Y,,3,
2022-01-28,011190003,1,1,Parts per billion,1,"Ward, Sumter Co.",23,96,42401,Sulfur dioxide,100,INSTRUMENTAL - ULTRAVIOLET FLUORESCENCE,,,32.362606,-88.277992,AREA,63.7032,REGIONAL SCALE,50 TO HUNDREDS KM,SLAMS,Al Dept Of Env Mgt,GENERAL/BACKGROUND,Y,,3,
2022-01-29,011190003,1,0.6,Parts per billion,0,"Ward, Sumter Co.",23,96,42401,Sulfur dioxide,100,INSTRUMENTAL - ULTRAVIOLET FLUORESCENCE,,,32.362606,-88.277992,AREA,63.7032,REGIONAL SCALE,50 TO HUNDREDS KM,SLAMS,Al Dept Of Env Mgt,GENERAL/BACKGROUND,Y,,3,
2022-01-30,011190003,1,1.9,Parts per billion,1,"Ward, Sumter Co.",23,96,42401,Sulfur dioxide,100,INSTRUMENTAL - ULTRAVIOLET FLUORESCENCE,,,32.362606,-88.277992,AREA,63.7032,REGIONAL SCALE,50 TO HUNDREDS KM,SLAMS,Al Dept Of Env Mgt,GENERAL/BACKGROUND,Y,,3,
2022-01-31,011190003,1,1.3,Parts per billion,1,"Ward, Sumter Co.",23,96,42401,Sulfur dioxide,100,INSTRUMENTAL - ULTRAVIOLET FLUORESCENCE,,,32.362606,-88.277992,AREA,63.7032,REGIONAL SCALE,50 TO HUNDREDS KM,SLAMS,Al Dept Of Env Mgt,GENERAL/BACKGROUND,Y,,3,
2022-02-01,011190003,1,1.4,Parts per billion,1,"Ward, Sumter Co.",23,96,42401,Sulfur dioxide,100,INSTRUMENTAL - ULTRAVIOLET FLUORESCENCE,,,32.362606,-88.277992,AREA,63.7032,REGIONAL SCALE,50 TO HUNDREDS KM,SLAMS,Al Dept Of Env Mgt,GENERAL/BACKGROUND,Y,,3,
2022-02-02,011190003,1,0.7,Parts per billion,0,"Ward, Sumter Co.",23,96,42401,Sulfur dioxide,100,INSTRUMENTAL - ULTRAVIOLET FLUORESCENCE,,,32.362606,-88.277992,AREA,63.7032,REGIONAL SCALE,50 TO HUNDREDS KM,SLAMS,Al Dept Of Env Mgt,GENERAL/BACKGROUND,Y,,3,
2022-02-03,011190003,1,0.9,Parts per billion,0,"Ward, Sumter Co.",23,96,42401,Sulfur dioxide,100,INSTRUMENTAL - ULTRAVIOLET FLUORESCENCE,,,32.362606,-88.277992,AREA,63.7032,REGIONAL SCALE,50 TO HUNDREDS KM,SLAMS,Al Dept Of Env Mgt,GENERAL/BACKGROUND,Y,,3,
2022-02-04,011190003,1,0.4,Parts per billion,0,"Ward, Sumter Co.",23,96,42401,Sulfur dioxide,100,INSTRUMENTAL - ULTRAVIOLET FLUORESCENCE,,,32.362606,-88.277992,AREA,63.7032,REGIONAL SCALE,50 TO HUNDREDS KM,SLAMS,Al Dept Of Env Mgt,GENERAL/BACKGROUND,Y,,3,
2022-02-05,011190003,1,0.6,Parts per billion,0,"Ward, Sumter Co.",23,96,42401,Sulfur dioxide,100,INSTRUMENTAL - ULTRAVIOLET FLUORESCENCE,,,32.362606,-88.277992,AREA,63.7032,REGIONAL SCALE,50 TO HUNDREDS KM,SLAMS,Al Dept Of Env Mgt,GENERAL/BACKGROUND,Y,,3,
2022-02-06,011190003,1,0.7,Parts per billion,0,"Ward, Sumter Co.",23,96,42401,Sulfur dioxide,100,INSTRUMENTAL - ULTRAVIOLET FLUORESCENCE,,,32.362606,-88.277992,AREA,63.7032,REGIONAL SCALE,50 TO HUNDREDS KM,SLAMS,Al Dept Of Env Mgt,GENERAL/BACKGROUND,Y,,3,
2022-02-07,011190003,1,0.8,Parts per billion,0,"Ward, Sumter Co.",23,96,42401,Sulfur dioxide,100,INSTRUMENTAL - ULTRAVIOLET FLUORESCENCE,,,32.362606,-88.277992,AREA,63.7032,REGIONAL SCALE,50 TO HUNDREDS KM,SLAMS,Al Dept Of Env Mgt,GENERAL/BACKGROUND,Y,,3,
2022-02-08,011190003,1,0.7,Parts per billion,0,"Ward, Sumter Co.",22,92,42401,Sulfur dioxide,100,INSTRUMENTAL - ULTRAVIOLET FLUORESCENCE,,,32.362606,-88.277992,AREA,63.7032,REGIONAL SCALE,50 TO HUNDREDS KM,SLAMS,Al Dept Of Env Mgt,GENERAL/BACKGROUND,Y,,3,
2022-02-09,011190003,1,1,Parts per billion,1,"Ward, Sumter Co.",23,96,42401,Sulfur dioxide,100,INSTRUMENTAL - ULTRAVIOLET FLUORESCENCE,,,32.362606,-88.277992,AREA,63.7032,REGIONAL SCALE,50 TO HUNDREDS KM,SLAMS,Al Dept Of Env Mgt,GENERAL/BACKGROUND,Y,,3,
2022-02-10,011190003,1,1.6,Parts per billion,1,"Ward, Sumter Co.",23,96,42401,Sulfur dioxide,100,INSTRUMENTAL - ULTRAVIOLET FLUORESCENCE,,,32.362606,-88.277992,AREA,63.7032,REGIONAL SCALE,50 TO HUNDREDS KM,SLAMS,Al Dept Of Env Mgt,GENERAL/BACKGROUND,Y,,3,
2022-02-11,011190003,1,1.4,Parts per billion,1,"Ward, Sumter Co.",23,96,42401,Sulfur dioxide,100,INSTRUMENTAL - ULTRAVIOLET FLUORESCENCE,,,32.362606,-88.277992,AREA,63.7032,REGIONAL SCALE,50 TO HUNDREDS KM,SLAMS,Al Dept Of Env Mgt,GENERAL/BACKGROUND,Y,,3,
2022-02-12,011190003,1,0.9,Parts per billion,0,"Ward, Sumter Co.",23,96,42401,Sulfur dioxide,100,INSTRUMENTAL - ULTRAVIOLET FLUORESCENCE,,,32.362606,-88.277992,AREA,63.7032,REGIONAL SCALE,50 TO HUNDREDS KM,SLAMS,Al Dept Of Env Mgt,GENERAL/BACKGROUND,Y,,3,
2022-02-13,011190003,1,0.5,Parts per billion,0,"Ward, Sumter Co.",23,96,42401,Sulfur dioxide,100,INSTRUMENTAL - ULTRAVIOLET FLUORESCENCE,,,32.362606,-88.277992,AREA,63.7032,REGIONAL SCALE,50 TO HUNDREDS KM,SLAMS,Al Dept Of Env Mgt,GENERAL/BACKGROUND,Y,,3,
2022-02-14,011190003,1,0.9,Parts per billion,0,"Ward, Sumter Co.",23,96,42401,Sulfur dioxide,100,INSTRUMENTAL - ULTRAVIOLET FLUORESCENCE,,,32.362606,-88.277992,AREA,63.7032,REGIONAL SCALE,50 TO HUNDREDS KM,SLAMS,Al Dept Of Env Mgt,GENERAL/BACKGROUND,Y,,3,
2022-02-15,011190003,1,1.4,Parts per billion,1,"Ward, Sumter Co.",23,96,42401,Sulfur dioxide,100,INSTRUMENTAL - ULTRAVIOLET FLUORESCENCE,,,32.362606,-88.277992,AREA,63.7032,REGIONAL SCALE,50 TO HUNDREDS KM,SLAMS,Al Dept Of Env Mgt,GENERAL/BACKGROUND,Y,,3,
2022-02-16,011190003,1,1.1,Parts per billion,1,"Ward, Sumter Co.",23,96,42401,Sulfur dioxide,100,INSTRUMENTAL - ULTRAVIOLET FLUORESCENCE,,,32.362606,-88.277992,AREA,63.7032,REGIONAL SCALE,50 TO HUNDREDS KM,SLAMS,Al Dept Of Env Mgt,GENERAL/BACKGROUND,Y,,3,
2022-02-17,011190003,1,1.2,Parts per billion,1,"Ward, Sumter Co.",19,79,42401,Sulfur dioxide,100,INSTRUMENTAL - ULTRAVIOLET FLUORESCENCE,,,32.362606,-88.277992,AREA,63.7032,REGIONAL SCALE,50 TO HUNDREDS KM,SLAMS,Al Dept Of Env Mgt,GENERAL/BACKGROUND,Y,,3,
2022-02-18,011190003,1,0.4,Parts per billion,0,"Ward, Sumter Co.",20,83,42401,Sulfur dioxide,100,INSTRUMENTAL - ULTRAVIOLET FLUORESCENCE,,,32.362606,-88.277992,AREA,63.7032,REGIONAL SCALE,50 TO HUNDREDS KM,SLAMS,Al Dept Of Env Mgt,GENERAL/BACKGROUND,Y,,3,
2022-02-19,011190003,1,0.7,Parts per billion,0,"Ward, Sumter Co.",23,96,42401,Sulfur dioxide,100,INSTRUMENTAL - ULTRAVIOLET FLUORESCENCE,,,32.362606,-88.277992,AREA,63.7032,REGIONAL SCALE,50 TO HUNDREDS KM,SLAMS,Al Dept Of Env Mgt,GENERAL/BACKGROUND,Y,,3,
2022-02-20,011190003,1,1.1,Parts per billion,1,"Ward, Sumter Co.",23,96,42401,Sulfur dioxide,100,INSTRUMENTAL - ULTRAVIOLET FLUORESCENCE,,,32.362606,-88.277992,AREA,63.7032,REGIONAL SCALE,50 TO HUNDREDS KM,SLAMS,Al Dept Of Env Mgt,GENERAL/BACKGROUND,Y,,3,
2022-02-21,011190003,1,0.9,Parts per billion,0,"Ward, Sumter Co.",23,96,42401,Sulfur dioxide,100,INSTRUMENTAL - ULTRAVIOLET FLUORESCENCE,,,32.362606,-88.277992,AREA,63.7032,REGIONAL SCALE,50 TO HUNDREDS KM,SLAMS,Al Dept Of Env Mgt,GENERAL/BACKGROUND,Y,,3,
2022-02-22,011190003,1,1,Parts per billion,1,"Ward, Sumter Co.",23,96,42401,Sulfur dioxide,100,INSTRUMENTAL - ULTRAVIOLET FLUORESCENCE,,,32.362606,-88.277992,AREA,63.7032,REGIONAL SCALE,50 TO HUNDREDS KM,SLAMS,Al Dept Of Env Mgt,GENERAL/BACKGROUND,Y,,3,
2022-02-23,011190003,1,1.4,Parts per billion,1,"Ward, Sumter Co.",23,96,42401,Sulfur dioxide,100,INSTRUMENTAL - ULTRAVIOLET FLUORESCENCE,,,32.362606,-88.277992,AREA,63.7032,REGIONAL SCALE,50 TO HUNDREDS KM,SLAMS,Al Dept Of Env Mgt,GENERAL/BACKGROUND,Y,,3,
2022-02-24,011190003,1,0.8,Parts per billion,0,"Ward, Sumter Co.",21,88,42401,Sulfur dioxide,100,INSTRUMENTAL - ULTRAVIOLET FLUORESCENCE,,,32.362606,-88.277992,AREA,63.7032,REGIONAL SCALE,50 TO HUNDREDS KM,SLAMS,Al Dept Of Env Mgt,GENERAL/BACKGROUND,Y,,3,
2022-02-25,011190003,1,0.6,Parts per billion,0,"Ward, Sumter Co.",23,96,42401,Sulfur dioxide,100,INSTRUMENTAL - ULTRAVIOLET FLUORESCENCE,,,32.362606,-88.277992,AREA,63.7032,REGIONAL SCALE,50 TO HUNDREDS KM,SLAMS,Al Dept Of Env Mgt,GENERAL/BACKGROUND,Y,,3,
2022-02-26,011190003,1,2,Parts per billion,3,"Ward, Sumter Co.",23,96,42401,Sulfur dioxide,100,INSTRUMENTAL - ULTRAVIOLET FLUORESCENCE,,,32.362606,-88.277992,AREA,63.7032,REGIONAL SCALE,50 TO HUNDREDS KM,SLAMS,Al Dept Of Env Mgt,GENERAL/BACKGROUND,Y,,3,
2022-02-27,011190003,1,0.6,Parts per billion,0,"Ward, Sumter Co.",23,96,42401,Sulfur dioxide,100,INSTRUMENTAL - ULTRAVIOLET FLUORESCENCE,,,32.362606,-88.277992,AREA,63.7032,REGIONAL SCALE,50 TO HUNDREDS KM,SLAMS,Al Dept Of Env Mgt,GENERAL/BACKGROUND,Y,,3,
2022-02-28,011190003,1,1.3,Parts per billion,1,"Ward, Sumter Co.",23,96,42401,Sulfur dioxide,100,INSTRUMENTAL - ULTRAVIOLET FLUORESCENCE,,,32.362606,-88.277992,AREA,63.7032,REGIONAL SCALE,50 TO HUNDREDS KM,SLAMS,Al Dept Of Env Mgt,GENERAL/BACKGROUND,Y,,3,
2022-03-01,011190003,1,1,Parts per billion,1,"Ward, Sumter Co.",23,96,42401,Sulfur dioxide,100,INSTRUMENTAL - ULTRAVIOLET FLUORESCENCE,,,32.362606,-88.277992,AREA,63.7032,REGIONAL SCALE,50 TO HUNDREDS KM,SLAMS,Al Dept Of Env Mgt,GENERAL/BACKGROUND,Y,,3,
2022-03-02,011190003,1,1.2,Parts per billion,1,"Ward, Sumter Co.",23,96,42401,Sulfur dioxide,100,INSTRUMENTAL - ULTRAVIOLET FLUORESCENCE,,,32.362606,-88.277992,AREA,63.7032,REGIONAL SCALE,50 TO HUNDREDS KM,SLAMS,Al Dept Of Env Mgt,GENERAL/BACKGROUND,Y,,3,
2022-03-03,011190003,1,1.2,Parts per billion,1,"Ward, Sumter Co.",23,96,42401,Sulfur dioxide,100,INSTRUMENTAL - ULTRAVIOLET FLUORESCENCE,,,32.362606,-88.277992,AREA,63.7032,REGIONAL SCALE,50 TO HUNDREDS KM,SLAMS,Al Dept Of Env Mgt,GENERAL/BACKGROUND,Y,,3,
2022-03-04,011190003,1,1.2,Parts per billion,1,"Ward, Sumter Co.",23,96,42401,Sulfur dioxide,100,INSTRUMENTAL - ULTRAVIOLET FLUORESCENCE,,,32.362606,-88.277992,AREA,63.7032,REGIONAL SCALE,50 TO HUNDREDS KM,SLAMS,Al Dept Of Env Mgt,GENERAL/BACKGROUND,Y,,3,
2022-03-05,011190003,1,1.1,Parts per billion,1,"Ward, Sumter Co.",23,96,42401,Sulfur dioxide,100,INSTRUMENTAL - ULTRAVIOLET FLUORESCENCE,,,32.362606,-88.277992,AREA,63.7032,REGIONAL SCALE,50 TO HUNDREDS KM,SLAMS,Al Dept Of Env Mgt,GENERAL/BACKGROUND,Y,,3,
2022-03-06,011190003,1,0.7,Parts per billion,0,"Ward, Sumter Co.",23,96,42401,Sulfur dioxide,100,INSTRUMENTAL - ULTRAVIOLET FLUORESCENCE,,,32.362606,-88.277992,AREA,63.7032,REGIONAL SCALE,50 TO HUNDREDS KM,SLAMS,Al Dept Of Env Mgt,GENERAL/BACKGROUND,Y,,3,
2022-03-07,011190003,1,0.7,Parts per billion,0,"Ward, Sumter Co.",23,96,42401,Sulfur dioxide,100,INSTRUMENTAL - ULTRAVIOLET FLUORESCENCE,,,32.362606,-88.277992,AREA,63.7032,REGIONAL SCALE,50 TO HUNDREDS KM,SLAMS,Al Dept Of Env Mgt,GENERAL/BACKGROUND,Y,,3,
2022-03-08,011190003,1,1.2,Parts per billion,1,"Ward, Sumter Co.",23,96,42401,Sulfur dioxide,100,INSTRUMENTAL - ULTRAVIOLET FLUORESCENCE,,,32.362606,-88.277992,AREA,63.7032,REGIONAL SCALE,50 TO HUNDREDS KM,SLAMS,Al Dept Of Env Mgt,GENERAL/BACKGROUND,Y,,3,
2022-03-09,011190003,1,1.3,Parts per billion,1,"Ward, Sumter Co.",22,92,42401,Sulfur dioxide,100,INSTRUMENTAL - ULTRAVIOLET FLUORESCENCE,,,32.362606,-88.277992,AREA,63.7032,REGIONAL SCALE,50 TO HUNDREDS KM,SLAMS,Al Dept Of Env Mgt,GENERAL/BACKGROUND,Y,,3,
2022-03-10,011190003,1,1.4,Parts per billion,1,"Ward, Sumter Co.",23,96,42401,Sulfur dioxide,100,INSTRUMENTAL - ULTRAVIOLET FLUORESCENCE,,,32.362606,-88.277992,AREA,63.7032,REGIONAL SCALE,50 TO HUNDREDS KM,SLAMS,Al Dept Of Env Mgt,GENERAL/BACKGROUND,Y,,3,
2022-03-11,011190003,1,1.4,Parts per billion,1,"Ward, Sumter Co.",23,96,42401,Sulfur dioxide,100,INSTRUMENTAL - ULTRAVIOLET FLUORESCENCE,,,32.362606,-88.277992,AREA,63.7032,REGIONAL SCALE,50 TO HUNDREDS KM,SLAMS,Al Dept Of Env Mgt,GENERAL/BACKGROUND,Y,,3,
2022-03-12,011190003,1,0.9,Parts per billion,0,"Ward, Sumter Co.",23,96,42401,Sulfur dioxide,100,INSTRUMENTAL - ULTRAVIOLET FLUORESCENCE,,,32.362606,-88.277992,AREA,63.7032,REGIONAL SCALE,50 TO HUNDREDS KM,SLAMS,Al Dept Of Env Mgt,GENERAL/BACKGROUND,Y,,3,
2022-03-14,011190003,1,1.3,Parts per billion,1,"Ward, Sumter Co.",23,96,42401,Sulfur dioxide,100,INSTRUMENTAL - ULTRAVIOLET FLUORESCENCE,,,32.362606,-88.277992,AREA,63.7032,REGIONAL SCALE,50 TO HUNDREDS KM,SLAMS,Al Dept Of Env Mgt,GENERAL/BACKGROUND,Y,,3,
2022-03-13,011190003,1,1.3,Parts per billion,1,"Ward, Sumter Co.",23,96,42401,Sulfur dioxide,100,INSTRUMENTAL - ULTRAVIOLET FLUORESCENCE,,,32.362606,-88.277992,AREA,63.7032,REGIONAL SCALE,50 TO HUNDREDS KM,SLAMS,Al Dept Of Env Mgt,GENERAL/BACKGROUND,Y,,3,
2022-03-15,011190003,1,1.1,Parts per billion,1,"Ward, Sumter Co.",23,96,42401,Sulfur dioxide,100,INSTRUMENTAL - ULTRAVIOLET FLUORESCENCE,,,32.362606,-88.277992,AREA,63.7032,REGIONAL SCALE,50 TO HUNDREDS KM,SLAMS,Al Dept Of Env Mgt,GENERAL/BACKGROUND,Y,,3,
2022-03-16,011190003,1,0.8,Parts per billion,0,"Ward, Sumter Co.",23,96,42401,Sulfur dioxide,100,INSTRUMENTAL - ULTRAVIOLET FLUORESCENCE,,,32.362606,-88.277992,AREA,63.7032,REGIONAL SCALE,50 TO HUNDREDS KM,SLAMS,Al Dept Of Env Mgt,GENERAL/BACKGROUND,Y,,3,
2022-03-17,011190003,1,1.2,Parts per billion,1,"Ward, Sumter Co.",23,96,42401,Sulfur dioxide,100,INSTRUMENTAL - ULTRAVIOLET FLUORESCENCE,,,32.362606,-88.277992,AREA,63.7032,REGIONAL SCALE,50 TO HUNDREDS KM,SLAMS,Al Dept Of Env Mgt,GENERAL/BACKGROUND,Y,,3,
2022-03-18,011190003,1,1,Parts per billion,1,"Ward, Sumter Co.",23,96,42401,Sulfur dioxide,100,INSTRUMENTAL - ULTRAVIOLET FLUORESCENCE,,,32.362606,-88.277992,AREA,63.7032,REGIONAL SCALE,50 TO HUNDREDS KM,SLAMS,Al Dept Of Env Mgt,GENERAL/BACKGROUND,Y,,3,
2022-03-19,011190003,1,0.7,Parts per billion,0,"Ward, Sumter Co.",23,96,42401,Sulfur dioxide,100,INSTRUMENTAL - ULTRAVIOLET FLUORESCENCE,,,32.362606,-88.277992,AREA,63.7032,REGIONAL SCALE,50 TO HUNDREDS KM,SLAMS,Al Dept Of Env Mgt,GENERAL/BACKGROUND,Y,,3,
2022-03-20,011190003,1,1.1,Parts per billion,1,"Ward, Sumter Co.",23,96,42401,Sulfur dioxide,100,INSTRUMENTAL - ULTRAVIOLET FLUORESCENCE,,,32.362606,-88.277992,AREA,63.7032,REGIONAL SCALE,50 TO HUNDREDS KM,SLAMS,Al Dept Of Env Mgt,GENERAL/BACKGROUND,Y,,3,
2022-03-21,011190003,1,2.1,Parts per billion,3,"Ward, Sumter Co.",23,96,42401,Sulfur dioxide,100,INSTRUMENTAL - ULTRAVIOLET FLUORESCENCE,,,32.362606,-88.277992,AREA,63.7032,REGIONAL SCALE,50 TO HUNDREDS KM,SLAMS,Al Dept Of Env Mgt,GENERAL/BACKGROUND,Y,,3,
2022-03-22,011190003,1,1.5,Parts per billion,1,"Ward, Sumter Co.",22,92,42401,Sulfur dioxide,100,INSTRUMENTAL - ULTRAVIOLET FLUORESCENCE,,,32.362606,-88.277992,AREA,63.7032,REGIONAL SCALE,50 TO HUNDREDS KM,SLAMS,Al Dept Of Env Mgt,GENERAL/BACKGROUND,Y,,3,
2022-03-23,011190003,1,1.1,Parts per billion,1,"Ward, Sumter Co.",23,96,42401,Sulfur dioxide,100,INSTRUMENTAL - ULTRAVIOLET FLUORESCENCE,,,32.362606,-88.277992,AREA,63.7032,REGIONAL SCALE,50 TO HUNDREDS KM,SLAMS,Al Dept Of Env Mgt,GENERAL/BACKGROUND,Y,,3,
2022-03-24,011190003,1,1.1,Parts per billion,1,"Ward, Sumter Co.",23,96,42401,Sulfur dioxide,100,INSTRUMENTAL - ULTRAVIOLET FLUORESCENCE,,,32.362606,-88.277992,AREA,63.7032,REGIONAL SCALE,50 TO HUNDREDS KM,SLAMS,Al Dept Of Env Mgt,GENERAL/BACKGROUND,Y,,3,
2022-03-25,011190003,1,0.9,Parts per billion,0,"Ward, Sumter Co.",23,96,42401,Sulfur dioxide,100,INSTRUMENTAL - ULTRAVIOLET FLUORESCENCE,,,32.362606,-88.277992,AREA,63.7032,REGIONAL SCALE,50 TO HUNDREDS KM,SLAMS,Al Dept Of Env Mgt,GENERAL/BACKGROUND,Y,,3,
2022-03-26,011190003,1,0.7,Parts per billion,0,"Ward, Sumter Co.",23,96,42401,Sulfur dioxide,100,INSTRUMENTAL - ULTRAVIOLET FLUORESCENCE,,,32.362606,-88.277992,AREA,63.7032,REGIONAL SCALE,50 TO HUNDREDS KM,SLAMS,Al Dept Of Env Mgt,GENERAL/BACKGROUND,Y,,3,
2022-03-27,011190003,1,1.9,Parts per billion,1,"Ward, Sumter Co.",23,96,42401,Sulfur dioxide,100,INSTRUMENTAL - ULTRAVIOLET FLUORESCENCE,,,32.362606,-88.277992,AREA,63.7032,REGIONAL SCALE,50 TO HUNDREDS KM,SLAMS,Al Dept Of Env Mgt,GENERAL/BACKGROUND,Y,,3,
2022-03-28,011190003,1,1.5,Parts per billion,1,"Ward, Sumter Co.",23,96,42401,Sulfur dioxide,100,INSTRUMENTAL - ULTRAVIOLET FLUORESCENCE,,,32.362606,-88.277992,AREA,63.7032,REGIONAL SCALE,50 TO HUNDREDS KM,SLAMS,Al Dept Of Env Mgt,GENERAL/BACKGROUND,Y,,3,
2022-03-29,011190003,1,0.9,Parts per billion,0,"Ward, Sumter Co.",23,96,42401,Sulfur dioxide,100,INSTRUMENTAL - ULTRAVIOLET FLUORESCENCE,,,32.362606,-88.277992,AREA,63.7032,REGIONAL SCALE,50 TO HUNDREDS KM,SLAMS,Al Dept Of Env Mgt,GENERAL/BACKGROUND,Y,,3,
2022-03-30,011190003,1,1,Parts per billion,1,"Ward, Sumter Co.",23,96,42401,Sulfur dioxide,100,INSTRUMENTAL - ULTRAVIOLET FLUORESCENCE,,,32.362606,-88.277992,AREA,63.7032,REGIONAL SCALE,50 TO HUNDREDS KM,SLAMS,Al Dept Of Env Mgt,GENERAL/BACKGROUND,Y,,3,
2022-03-31,011190003,1,0.9,Parts per billion,0,"Ward, Sumter Co.",18,75,42401,Sulfur dioxide,100,INSTRUMENTAL - ULTRAVIOLET FLUORESCENCE,,,32.362606,-88.277992,AREA,63.7032,REGIONAL SCALE,50 TO HUNDREDS KM,SLAMS,Al Dept Of Env Mgt,GENERAL/BACKGROUND,Y,,3,
2022-04-01,011190003,1,1,Parts per billion,1,"Ward, Sumter Co.",23,96,42401,Sulfur dioxide,100,INSTRUMENTAL - ULTRAVIOLET FLUORESCENCE,,,32.362606,-88.277992,AREA,63.7032,REGIONAL SCALE,50 TO HUNDREDS KM,SLAMS,Al Dept Of Env Mgt,GENERAL/BACKGROUND,Y,,3,
2022-04-02,011190003,1,1.5,Parts per billion,1,"Ward, Sumter Co.",23,96,42401,Sulfur dioxide,100,INSTRUMENTAL - ULTRAVIOLET FLUORESCENCE,,,32.362606,-88.277992,AREA,63.7032,REGIONAL SCALE,50 TO HUNDREDS KM,SLAMS,Al Dept Of Env Mgt,GENERAL/BACKGROUND,Y,,3,
2022-04-03,011190003,1,1,Parts per billion,1,"Ward, Sumter Co.",23,96,42401,Sulfur dioxide,100,INSTRUMENTAL - ULTRAVIOLET FLUORESCENCE,,,32.362606,-88.277992,AREA,63.7032,REGIONAL SCALE,50 TO HUNDREDS KM,SLAMS,Al Dept Of Env Mgt,GENERAL/BACKGROUND,Y,,3,
2022-04-04,011190003,1,1,Parts per billion,1,"Ward, Sumter Co.",23,96,42401,Sulfur dioxide,100,INSTRUMENTAL - ULTRAVIOLET FLUORESCENCE,,,32.362606,-88.277992,AREA,63.7032,REGIONAL SCALE,50 TO HUNDREDS KM,SLAMS,Al Dept Of Env Mgt,GENERAL/BACKGROUND,Y,,3,
2022-04-05,011190003,1,1,Parts per billion,1,"Ward, Sumter Co.",23,96,42401,Sulfur dioxide,100,INSTRUMENTAL - ULTRAVIOLET FLUORESCENCE,,,32.362606,-88.277992,AREA,63.7032,REGIONAL SCALE,50 TO HUNDREDS KM,SLAMS,Al Dept Of Env Mgt,GENERAL/BACKGROUND,Y,,3,
2022-04-06,011190003,1,0.9,Parts per billion,0,"Ward, Sumter Co.",22,92,42401,Sulfur dioxide,100,INSTRUMENTAL - ULTRAVIOLET FLUORESCENCE,,,32.362606,-88.277992,AREA,63.7032,REGIONAL SCALE,50 TO HUNDREDS KM,SLAMS,Al Dept Of Env Mgt,GENERAL/BACKGROUND,Y,,3,
2022-04-07,011190003,1,0.8,Parts per billion,0,"Ward, Sumter Co.",23,96,42401,Sulfur dioxide,100,INSTRUMENTAL - ULTRAVIOLET FLUORESCENCE,,,32.362606,-88.277992,AREA,63.7032,REGIONAL SCALE,50 TO HUNDREDS KM,SLAMS,Al Dept Of Env Mgt,GENERAL/BACKGROUND,Y,,3,
2022-04-08,011190003,1,0.9,Parts per billion,0,"Ward, Sumter Co.",23,96,42401,Sulfur dioxide,100,INSTRUMENTAL - ULTRAVIOLET FLUORESCENCE,,,32.362606,-88.277992,AREA,63.7032,REGIONAL SCALE,50 TO HUNDREDS KM,SLAMS,Al Dept Of Env Mgt,GENERAL/BACKGROUND,Y,,3,
2022-04-09,011190003,1,0.8,Parts per billion,0,"Ward, Sumter Co.",23,96,42401,Sulfur dioxide,100,INSTRUMENTAL - ULTRAVIOLET FLUORESCENCE,,,32.362606,-88.277992,AREA,63.7032,REGIONAL SCALE,50 TO HUNDREDS KM,SLAMS,Al Dept Of Env Mgt,GENERAL/BACKGROUND,Y,,3,
2022-04-10,011190003,1,1.2,Parts per billion,1,"Ward, Sumter Co.",23,96,42401,Sulfur dioxide,100,INSTRUMENTAL - ULTRAVIOLET FLUORESCENCE,,,32.362606,-88.277992,AREA,63.7032,REGIONAL SCALE,50 TO HUNDREDS KM,SLAMS,Al Dept Of Env Mgt,GENERAL/BACKGROUND,Y,,3,
2022-04-11,011190003,1,1.1,Parts per billion,1,"Ward, Sumter Co.",23,96,42401,Sulfur dioxide,100,INSTRUMENTAL - ULTRAVIOLET FLUORESCENCE,,,32.362606,-88.277992,AREA,63.7032,REGIONAL SCALE,50 TO HUNDREDS KM,SLAMS,Al Dept Of Env Mgt,GENERAL/BACKGROUND,Y,,3,
2022-04-12,011190003,1,0.9,Parts per billion,0,"Ward, Sumter Co.",23,96,42401,Sulfur dioxide,100,INSTRUMENTAL - ULTRAVIOLET FLUORESCENCE,,,32.362606,-88.277992,AREA,63.7032,REGIONAL SCALE,50 TO HUNDREDS KM,SLAMS,Al Dept Of Env Mgt,GENERAL/BACKGROUND,Y,,3,
2022-04-13,011190003,1,0.9,Parts per billion,0,"Ward, Sumter Co.",23,96,42401,Sulfur dioxide,100,INSTRUMENTAL - ULTRAVIOLET FLUORESCENCE,,,32.362606,-88.277992,AREA,63.7032,REGIONAL SCALE,50 TO HUNDREDS KM,SLAMS,Al Dept Of Env Mgt,GENERAL/BACKGROUND,Y,,3,
2022-04-14,011190003,1,0.9,Parts per billion,0,"Ward, Sumter Co.",23,96,42401,Sulfur dioxide,100,INSTRUMENTAL - ULTRAVIOLET FLUORESCENCE,,,32.362606,-88.277992,AREA,63.7032,REGIONAL SCALE,50 TO HUNDREDS KM,SLAMS,Al Dept Of Env Mgt,GENERAL/BACKGROUND,Y,,3,
2022-04-15,011190003,1,1.2,Parts per billion,1,"Ward, Sumter Co.",23,96,42401,Sulfur dioxide,100,INSTRUMENTAL - ULTRAVIOLET FLUORESCENCE,,,32.362606,-88.277992,AREA,63.7032,REGIONAL SCALE,50 TO HUNDREDS KM,SLAMS,Al Dept Of Env Mgt,GENERAL/BACKGROUND,Y,,3,
2022-04-16,011190003,1,0.9,Parts per billion,0,"Ward, Sumter Co.",23,96,42401,Sulfur dioxide,100,INSTRUMENTAL - ULTRAVIOLET FLUORESCENCE,,,32.362606,-88.277992,AREA,63.7032,REGIONAL SCALE,50 TO HUNDREDS KM,SLAMS,Al Dept Of Env Mgt,GENERAL/BACKGROUND,Y,,3,
2022-04-17,011190003,1,1.6,Parts per billion,1,"Ward, Sumter Co.",23,96,42401,Sulfur dioxide,100,INSTRUMENTAL - ULTRAVIOLET FLUORESCENCE,,,32.362606,-88.277992,AREA,63.7032,REGIONAL SCALE,50 TO HUNDREDS KM,SLAMS,Al Dept Of Env Mgt,GENERAL/BACKGROUND,Y,,3,
2022-04-18,011190003,1,1.5,Parts per billion,1,"Ward, Sumter Co.",23,96,42401,Sulfur dioxide,100,INSTRUMENTAL - ULTRAVIOLET FLUORESCENCE,,,32.362606,-88.277992,AREA,63.7032,REGIONAL SCALE,50 TO HUNDREDS KM,SLAMS,Al Dept Of Env Mgt,GENERAL/BACKGROUND,Y,,3,
2022-04-19,011190003,1,1.4,Parts per billion,1,"Ward, Sumter Co.",23,96,42401,Sulfur dioxide,100,INSTRUMENTAL - ULTRAVIOLET FLUORESCENCE,,,32.362606,-88.277992,AREA,63.7032,REGIONAL SCALE,50 TO HUNDREDS KM,SLAMS,Al Dept Of Env Mgt,GENERAL/BACKGROUND,Y,,3,
2022-04-20,011190003,1,0.7,Parts per billion,0,"Ward, Sumter Co.",2,8,42401,Sulfur dioxide,100,INSTRUMENTAL - ULTRAVIOLET FLUORESCENCE,,,32.362606,-88.277992,AREA,63.7032,REGIONAL SCALE,50 TO HUNDREDS KM,SLAMS,Al Dept Of Env Mgt,GENERAL/BACKGROUND,Y,,3,
2022-04-21,011190003,1,0.1,Parts per billion,0,"Ward, Sumter Co.",8,33,42401,Sulfur dioxide,100,INSTRUMENTAL - ULTRAVIOLET FLUORESCENCE,,,32.362606,-88.277992,AREA,63.7032,REGIONAL SCALE,50 TO HUNDREDS KM,SLAMS,Al Dept Of Env Mgt,GENERAL/BACKGROUND,Y,,3,
2022-04-23,011190003,1,0.6,Parts per billion,0,"Ward, Sumter Co.",23,96,42401,Sulfur dioxide,100,INSTRUMENTAL - ULTRAVIOLET FLUORESCENCE,,,32.362606,-88.277992,AREA,63.7032,REGIONAL SCALE,50 TO HUNDREDS KM,SLAMS,Al Dept Of Env Mgt,GENERAL/BACKGROUND,Y,,3,
2022-04-22,011190003,1,0.6,Parts per billion,0,"Ward, Sumter Co.",23,96,42401,Sulfur dioxide,100,INSTRUMENTAL - ULTRAVIOLET FLUORESCENCE,,,32.362606,-88.277992,AREA,63.7032,REGIONAL SCALE,50 TO HUNDREDS KM,SLAMS,Al Dept Of Env Mgt,GENERAL/BACKGROUND,Y,,3,
2022-04-24,011190003,1,0.3,Parts per billion,0,"Ward, Sumter Co.",23,96,42401,Sulfur dioxide,100,INSTRUMENTAL - ULTRAVIOLET FLUORESCENCE,,,32.362606,-88.277992,AREA,63.7032,REGIONAL SCALE,50 TO HUNDREDS KM,SLAMS,Al Dept Of Env Mgt,GENERAL/BACKGROUND,Y,,3,
2022-04-25,011190003,1,0.1,Parts per billion,0,"Ward, Sumter Co.",23,96,42401,Sulfur dioxide,100,INSTRUMENTAL - ULTRAVIOLET FLUORESCENCE,,,32.362606,-88.277992,AREA,63.7032,REGIONAL SCALE,50 TO HUNDREDS KM,SLAMS,Al Dept Of Env Mgt,GENERAL/BACKGROUND,Y,,3,
2022-04-26,011190003,1,0,Parts per billion,0,"Ward, Sumter Co.",23,96,42401,Sulfur dioxide,100,INSTRUMENTAL - ULTRAVIOLET FLUORESCENCE,,,32.362606,-88.277992,AREA,63.7032,REGIONAL SCALE,50 TO HUNDREDS KM,SLAMS,Al Dept Of Env Mgt,GENERAL/BACKGROUND,Y,,3,
2022-04-27,011190003,1,1,Parts per billion,1,"Ward, Sumter Co.",23,96,42401,Sulfur dioxide,100,INSTRUMENTAL - ULTRAVIOLET FLUORESCENCE,,,32.362606,-88.277992,AREA,63.7032,REGIONAL SCALE,50 TO HUNDREDS KM,SLAMS,Al Dept Of Env Mgt,GENERAL/BACKGROUND,Y,,3,
2022-04-28,011190003,1,1,Parts per billion,1,"Ward, Sumter Co.",23,96,42401,Sulfur dioxide,100,INSTRUMENTAL - ULTRAVIOLET FLUORESCENCE,,,32.362606,-88.277992,AREA,63.7032,REGIONAL SCALE,50 TO HUNDREDS KM,SLAMS,Al Dept Of Env Mgt,GENERAL/BACKGROUND,Y,,3,
2022-04-29,011190003,1,0.5,Parts per billion,0,"Ward, Sumter Co.",23,96,42401,Sulfur dioxide,100,INSTRUMENTAL - ULTRAVIOLET FLUORESCENCE,,,32.362606,-88.277992,AREA,63.7032,REGIONAL SCALE,50 TO HUNDREDS KM,SLAMS,Al Dept Of Env Mgt,GENERAL/BACKGROUND,Y,,3,
2022-04-30,011190003,1,0.1,Parts per billion,0,"Ward, Sumter Co.",23,96,42401,Sulfur dioxide,100,INSTRUMENTAL - ULTRAVIOLET FLUORESCENCE,,,32.362606,-88.277992,AREA,63.7032,REGIONAL SCALE,50 TO HUNDREDS KM,SLAMS,Al Dept Of Env Mgt,GENERAL/BACKGROUND,Y,,3,
2022-05-01,011190003,1,0,Parts per billion,0,"Ward, Sumter Co.",23,96,42401,Sulfur dioxide,100,INSTRUMENTAL - ULTRAVIOLET FLUORESCENCE,,,32.362606,-88.277992,AREA,63.7032,REGIONAL SCALE,50 TO HUNDREDS KM,SLAMS,Al Dept Of Env Mgt,GENERAL/BACKGROUND,Y,,3,
2022-05-02,011190003,1,0.3,Parts per billion,0,"Ward, Sumter Co.",23,96,42401,Sulfur dioxide,100,INSTRUMENTAL - ULTRAVIOLET FLUORESCENCE,,,32.362606,-88.277992,AREA,63.7032,REGIONAL SCALE,50 TO HUNDREDS KM,SLAMS,Al Dept Of Env Mgt,GENERAL/BACKGROUND,Y,,3,
2022-05-03,011190003,1,0,Parts per billion,0,"Ward, Sumter Co.",21,88,42401,Sulfur dioxide,100,INSTRUMENTAL - ULTRAVIOLET FLUORESCENCE,,,32.362606,-88.277992,AREA,63.7032,REGIONAL SCALE,50 TO HUNDREDS KM,SLAMS,Al Dept Of Env Mgt,GENERAL/BACKGROUND,Y,,3,
2022-05-04,011190003,1,0.6,Parts per billion,0,"Ward, Sumter Co.",23,96,42401,Sulfur dioxide,100,INSTRUMENTAL - ULTRAVIOLET FLUORESCENCE,,,32.362606,-88.277992,AREA,63.7032,REGIONAL SCALE,50 TO HUNDREDS KM,SLAMS,Al Dept Of Env Mgt,GENERAL/BACKGROUND,Y,,3,
2022-05-05,011190003,1,0.5,Parts per billion,0,"Ward, Sumter Co.",23,96,42401,Sulfur dioxide,100,INSTRUMENTAL - ULTRAVIOLET FLUORESCENCE,,,32.362606,-88.277992,AREA,63.7032,REGIONAL SCALE,50 TO HUNDREDS KM,SLAMS,Al Dept Of Env Mgt,GENERAL/BACKGROUND,Y,,3,
2022-05-06,011190003,1,0.1,Parts per billion,0,"Ward, Sumter Co.",23,96,42401,Sulfur dioxide,100,INSTRUMENTAL - ULTRAVIOLET FLUORESCENCE,,,32.362606,-88.277992,AREA,63.7032,REGIONAL SCALE,50 TO HUNDREDS KM,SLAMS,Al Dept Of Env Mgt,GENERAL/BACKGROUND,Y,,3,
2022-05-07,011190003,1,0.3,Parts per billion,0,"Ward, Sumter Co.",23,96,42401,Sulfur dioxide,100,INSTRUMENTAL - ULTRAVIOLET FLUORESCENCE,,,32.362606,-88.277992,AREA,63.7032,REGIONAL SCALE,50 TO HUNDREDS KM,SLAMS,Al Dept Of Env Mgt,GENERAL/BACKGROUND,Y,,3,
2022-05-08,011190003,1,0.2,Parts per billion,0,"Ward, Sumter Co.",23,96,42401,Sulfur dioxide,100,INSTRUMENTAL - ULTRAVIOLET FLUORESCENCE,,,32.362606,-88.277992,AREA,63.7032,REGIONAL SCALE,50 TO HUNDREDS KM,SLAMS,Al Dept Of Env Mgt,GENERAL/BACKGROUND,Y,,3,
2022-05-09,011190003,1,0.4,Parts per billion,0,"Ward, Sumter Co.",23,96,42401,Sulfur dioxide,100,INSTRUMENTAL - ULTRAVIOLET FLUORESCENCE,,,32.362606,-88.277992,AREA,63.7032,REGIONAL SCALE,50 TO HUNDREDS KM,SLAMS,Al Dept Of Env Mgt,GENERAL/BACKGROUND,Y,,3,
2022-05-10,011190003,1,0.2,Parts per billion,0,"Ward, Sumter Co.",23,96,42401,Sulfur dioxide,100,INSTRUMENTAL - ULTRAVIOLET FLUORESCENCE,,,32.362606,-88.277992,AREA,63.7032,REGIONAL SCALE,50 TO HUNDREDS KM,SLAMS,Al Dept Of Env Mgt,GENERAL/BACKGROUND,Y,,3,
2022-05-11,011190003,1,0.9,Parts per billion,0,"Ward, Sumter Co.",23,96,42401,Sulfur dioxide,100,INSTRUMENTAL - ULTRAVIOLET FLUORESCENCE,,,32.362606,-88.277992,AREA,63.7032,REGIONAL SCALE,50 TO HUNDREDS KM,SLAMS,Al Dept Of Env Mgt,GENERAL/BACKGROUND,Y,,3,
2022-05-12,011190003,1,0.3,Parts per billion,0,"Ward, Sumter Co.",23,96,42401,Sulfur dioxide,100,INSTRUMENTAL - ULTRAVIOLET FLUORESCENCE,,,32.362606,-88.277992,AREA,63.7032,REGIONAL SCALE,50 TO HUNDREDS KM,SLAMS,Al Dept Of Env Mgt,GENERAL/BACKGROUND,Y,,3,
2022-05-13,011190003,1,0.2,Parts per billion,0,"Ward, Sumter Co.",23,96,42401,Sulfur dioxide,100,INSTRUMENTAL - ULTRAVIOLET FLUORESCENCE,,,32.362606,-88.277992,AREA,63.7032,REGIONAL SCALE,50 TO HUNDREDS KM,SLAMS,Al Dept Of Env Mgt,GENERAL/BACKGROUND,Y,,3,
2022-05-14,011190003,1,1,Parts per billion,1,"Ward, Sumter Co.",23,96,42401,Sulfur dioxide,100,INSTRUMENTAL - ULTRAVIOLET FLUORESCENCE,,,32.362606,-88.277992,AREA,63.7032,REGIONAL SCALE,50 TO HUNDREDS KM,SLAMS,Al Dept Of Env Mgt,GENERAL/BACKGROUND,Y,,3,
2022-05-15,011190003,1,0.2,Parts per billion,0,"Ward, Sumter Co.",23,96,42401,Sulfur dioxide,100,INSTRUMENTAL - ULTRAVIOLET FLUORESCENCE,,,32.362606,-88.277992,AREA,63.7032,REGIONAL SCALE,50 TO HUNDREDS KM,SLAMS,Al Dept Of Env Mgt,GENERAL/BACKGROUND,Y,,3,
2022-05-16,011190003,1,0.1,Parts per billion,0,"Ward, Sumter Co.",23,96,42401,Sulfur dioxide,100,INSTRUMENTAL - ULTRAVIOLET FLUORESCENCE,,,32.362606,-88.277992,AREA,63.7032,REGIONAL SCALE,50 TO HUNDREDS KM,SLAMS,Al Dept Of Env Mgt,GENERAL/BACKGROUND,Y,,3,
2022-05-17,011190003,1,0.7,Parts per billion,0,"Ward, Sumter Co.",23,96,42401,Sulfur dioxide,100,INSTRUMENTAL - ULTRAVIOLET FLUORESCENCE,,,32.362606,-88.277992,AREA,63.7032,REGIONAL SCALE,50 TO HUNDREDS KM,SLAMS,Al Dept Of Env Mgt,GENERAL/BACKGROUND,Y,,3,
2022-05-18,011190003,1,0.2,Parts per billion,0,"Ward, Sumter Co.",22,92,42401,Sulfur dioxide,100,INSTRUMENTAL - ULTRAVIOLET FLUORESCENCE,,,32.362606,-88.277992,AREA,63.7032,REGIONAL SCALE,50 TO HUNDREDS KM,SLAMS,Al Dept Of Env Mgt,GENERAL/BACKGROUND,Y,,3,
2022-05-20,011190003,1,0.1,Parts per billion,0,"Ward, Sumter Co.",23,96,42401,Sulfur dioxide,100,INSTRUMENTAL - ULTRAVIOLET FLUORESCENCE,,,32.362606,-88.277992,AREA,63.7032,REGIONAL SCALE,50 TO HUNDREDS KM,SLAMS,Al Dept Of Env Mgt,GENERAL/BACKGROUND,Y,,3,
2022-05-19,011190003,1,0.3,Parts per billion,0,"Ward, Sumter Co.",23,96,42401,Sulfur dioxide,100,INSTRUMENTAL - ULTRAVIOLET FLUORESCENCE,,,32.362606,-88.277992,AREA,63.7032,REGIONAL SCALE,50 TO HUNDREDS KM,SLAMS,Al Dept Of Env Mgt,GENERAL/BACKGROUND,Y,,3,
2022-05-21,011190003,1,0,Parts per billion,0,"Ward, Sumter Co.",23,96,42401,Sulfur dioxide,100,INSTRUMENTAL - ULTRAVIOLET FLUORESCENCE,,,32.362606,-88.277992,AREA,63.7032,REGIONAL SCALE,50 TO HUNDREDS KM,SLAMS,Al Dept Of Env Mgt,GENERAL/BACKGROUND,Y,,3,
2022-05-22,011190003,1,0,Parts per billion,0,"Ward, Sumter Co.",23,96,42401,Sulfur dioxide,100,INSTRUMENTAL - ULTRAVIOLET FLUORESCENCE,,,32.362606,-88.277992,AREA,63.7032,REGIONAL SCALE,50 TO HUNDREDS KM,SLAMS,Al Dept Of Env Mgt,GENERAL/BACKGROUND,Y,,3,
2022-05-23,011190003,1,0,Parts per billion,0,"Ward, Sumter Co.",23,96,42401,Sulfur dioxide,100,INSTRUMENTAL - ULTRAVIOLET FLUORESCENCE,,,32.362606,-88.277992,AREA,63.7032,REGIONAL SCALE,50 TO HUNDREDS KM,SLAMS,Al Dept Of Env Mgt,GENERAL/BACKGROUND,Y,,3,
2022-05-24,011190003,1,0.2,Parts per billion,0,"Ward, Sumter Co.",23,96,42401,Sulfur dioxide,100,INSTRUMENTAL - ULTRAVIOLET FLUORESCENCE,,,32.362606,-88.277992,AREA,63.7032,REGIONAL SCALE,50 TO HUNDREDS KM,SLAMS,Al Dept Of Env Mgt,GENERAL/BACKGROUND,Y,,3,
2022-05-25,011190003,1,0.3,Parts per billion,0,"Ward, Sumter Co.",23,96,42401,Sulfur dioxide,100,INSTRUMENTAL - ULTRAVIOLET FLUORESCENCE,,,32.362606,-88.277992,AREA,63.7032,REGIONAL SCALE,50 TO HUNDREDS KM,SLAMS,Al Dept Of Env Mgt,GENERAL/BACKGROUND,Y,,3,
2022-05-26,011190003,1,0.2,Parts per billion,0,"Ward, Sumter Co.",23,96,42401,Sulfur dioxide,100,INSTRUMENTAL - ULTRAVIOLET FLUORESCENCE,,,32.362606,-88.277992,AREA,63.7032,REGIONAL SCALE,50 TO HUNDREDS KM,SLAMS,Al Dept Of Env Mgt,GENERAL/BACKGROUND,Y,,3,
2022-05-27,011190003,1,0.2,Parts per billion,0,"Ward, Sumter Co.",23,96,42401,Sulfur dioxide,100,INSTRUMENTAL - ULTRAVIOLET FLUORESCENCE,,,32.362606,-88.277992,AREA,63.7032,REGIONAL SCALE,50 TO HUNDREDS KM,SLAMS,Al Dept Of Env Mgt,GENERAL/BACKGROUND,Y,,3,
2022-05-28,011190003,1,0.3,Parts per billion,0,"Ward, Sumter Co.",23,96,42401,Sulfur dioxide,100,INSTRUMENTAL - ULTRAVIOLET FLUORESCENCE,,,32.362606,-88.277992,AREA,63.7032,REGIONAL SCALE,50 TO HUNDREDS KM,SLAMS,Al Dept Of Env Mgt,GENERAL/BACKGROUND,Y,,3,
2022-05-29,011190003,1,0.4,Parts per billion,0,"Ward, Sumter Co.",23,96,42401,Sulfur dioxide,100,INSTRUMENTAL - ULTRAVIOLET FLUORESCENCE,,,32.362606,-88.277992,AREA,63.7032,REGIONAL SCALE,50 TO HUNDREDS KM,SLAMS,Al Dept Of Env Mgt,GENERAL/BACKGROUND,Y,,3,
2022-05-30,011190003,1,0.1,Parts per billion,0,"Ward, Sumter Co.",23,96,42401,Sulfur dioxide,100,INSTRUMENTAL - ULTRAVIOLET FLUORESCENCE,,,32.362606,-88.277992,AREA,63.7032,REGIONAL SCALE,50 TO HUNDREDS KM,SLAMS,Al Dept Of Env Mgt,GENERAL/BACKGROUND,Y,,3,
2022-05-31,011190003,1,0.1,Parts per billion,0,"Ward, Sumter Co.",23,96,42401,Sulfur dioxide,100,INSTRUMENTAL - ULTRAVIOLET FLUORESCENCE,,,32.362606,-88.277992,AREA,63.7032,REGIONAL SCALE,50 TO HUNDREDS KM,SLAMS,Al Dept Of Env Mgt,GENERAL/BACKGROUND,Y,,3,
2022-06-01,011190003,1,0.1,Parts per billion,0,"Ward, Sumter Co.",22,92,42401,Sulfur dioxide,100,INSTRUMENTAL - ULTRAVIOLET FLUORESCENCE,,,32.362606,-88.277992,AREA,63.7032,REGIONAL SCALE,50 TO HUNDREDS KM,SLAMS,Al Dept Of Env Mgt,GENERAL/BACKGROUND,Y,,3,
2022-06-02,011190003,1,0.3,Parts per billion,0,"Ward, Sumter Co.",23,96,42401,Sulfur dioxide,100,INSTRUMENTAL - ULTRAVIOLET FLUORESCENCE,,,32.362606,-88.277992,AREA,63.7032,REGIONAL SCALE,50 TO HUNDREDS KM,SLAMS,Al Dept Of Env Mgt,GENERAL/BACKGROUND,Y,,3,
2022-06-03,011190003,1,0.8,Parts per billion,0,"Ward, Sumter Co.",23,96,42401,Sulfur dioxide,100,INSTRUMENTAL - ULTRAVIOLET FLUORESCENCE,,,32.362606,-88.277992,AREA,63.7032,REGIONAL SCALE,50 TO HUNDREDS KM,SLAMS,Al Dept Of Env Mgt,GENERAL/BACKGROUND,Y,,3,
2022-06-04,011190003,1,1.2,Parts per billion,1,"Ward, Sumter Co.",23,96,42401,Sulfur dioxide,100,INSTRUMENTAL - ULTRAVIOLET FLUORESCENCE,,,32.362606,-88.277992,AREA,63.7032,REGIONAL SCALE,50 TO HUNDREDS KM,SLAMS,Al Dept Of Env Mgt,GENERAL/BACKGROUND,Y,,3,
2022-06-05,011190003,1,0.7,Parts per billion,0,"Ward, Sumter Co.",23,96,42401,Sulfur dioxide,100,INSTRUMENTAL - ULTRAVIOLET FLUORESCENCE,,,32.362606,-88.277992,AREA,63.7032,REGIONAL SCALE,50 TO HUNDREDS KM,SLAMS,Al Dept Of Env Mgt,GENERAL/BACKGROUND,Y,,3,
2022-06-06,011190003,1,0.3,Parts per billion,0,"Ward, Sumter Co.",23,96,42401,Sulfur dioxide,100,INSTRUMENTAL - ULTRAVIOLET FLUORESCENCE,,,32.362606,-88.277992,AREA,63.7032,REGIONAL SCALE,50 TO HUNDREDS KM,SLAMS,Al Dept Of Env Mgt,GENERAL/BACKGROUND,Y,,3,
2022-06-07,011190003,1,0.2,Parts per billion,0,"Ward, Sumter Co.",23,96,42401,Sulfur dioxide,100,INSTRUMENTAL - ULTRAVIOLET FLUORESCENCE,,,32.362606,-88.277992,AREA,63.7032,REGIONAL SCALE,50 TO HUNDREDS KM,SLAMS,Al Dept Of Env Mgt,GENERAL/BACKGROUND,Y,,3,
2022-06-08,011190003,1,0.6,Parts per billion,0,"Ward, Sumter Co.",23,96,42401,Sulfur dioxide,100,INSTRUMENTAL - ULTRAVIOLET FLUORESCENCE,,,32.362606,-88.277992,AREA,63.7032,REGIONAL SCALE,50 TO HUNDREDS KM,SLAMS,Al Dept Of Env Mgt,GENERAL/BACKGROUND,Y,,3,
2022-06-09,011190003,1,0.1,Parts per billion,0,"Ward, Sumter Co.",23,96,42401,Sulfur dioxide,100,INSTRUMENTAL - ULTRAVIOLET FLUORESCENCE,,,32.362606,-88.277992,AREA,63.7032,REGIONAL SCALE,50 TO HUNDREDS KM,SLAMS,Al Dept Of Env Mgt,GENERAL/BACKGROUND,Y,,3,
2022-06-10,011190003,1,0.7,Parts per billion,0,"Ward, Sumter Co.",23,96,42401,Sulfur dioxide,100,INSTRUMENTAL - ULTRAVIOLET FLUORESCENCE,,,32.362606,-88.277992,AREA,63.7032,REGIONAL SCALE,50 TO HUNDREDS KM,SLAMS,Al Dept Of Env Mgt,GENERAL/BACKGROUND,Y,,3,
2022-06-11,011190003,1,0.4,Parts per billion,0,"Ward, Sumter Co.",23,96,42401,Sulfur dioxide,100,INSTRUMENTAL - ULTRAVIOLET FLUORESCENCE,,,32.362606,-88.277992,AREA,63.7032,REGIONAL SCALE,50 TO HUNDREDS KM,SLAMS,Al Dept Of Env Mgt,GENERAL/BACKGROUND,Y,,3,
2022-06-12,011190003,1,0.5,Parts per billion,0,"Ward, Sumter Co.",23,96,42401,Sulfur dioxide,100,INSTRUMENTAL - ULTRAVIOLET FLUORESCENCE,,,32.362606,-88.277992,AREA,63.7032,REGIONAL SCALE,50 TO HUNDREDS KM,SLAMS,Al Dept Of Env Mgt,GENERAL/BACKGROUND,Y,,3,
2022-06-13,011190003,1,0.5,Parts per billion,0,"Ward, Sumter Co.",23,96,42401,Sulfur dioxide,100,INSTRUMENTAL - ULTRAVIOLET FLUORESCENCE,,,32.362606,-88.277992,AREA,63.7032,REGIONAL SCALE,50 TO HUNDREDS KM,SLAMS,Al Dept Of Env Mgt,GENERAL/BACKGROUND,Y,,3,
2022-06-14,011190003,1,0.4,Parts per billion,0,"Ward, Sumter Co.",23,96,42401,Sulfur dioxide,100,INSTRUMENTAL - ULTRAVIOLET FLUORESCENCE,,,32.362606,-88.277992,AREA,63.7032,REGIONAL SCALE,50 TO HUNDREDS KM,SLAMS,Al Dept Of Env Mgt,GENERAL/BACKGROUND,Y,,3,
2022-06-15,011190003,1,0.7,Parts per billion,0,"Ward, Sumter Co.",22,92,42401,Sulfur dioxide,100,INSTRUMENTAL - ULTRAVIOLET FLUORESCENCE,,,32.362606,-88.277992,AREA,63.7032,REGIONAL SCALE,50 TO HUNDREDS KM,SLAMS,Al Dept Of Env Mgt,GENERAL/BACKGROUND,Y,,3,
2022-06-16,011190003,1,0.3,Parts per billion,0,"Ward, Sumter Co.",23,96,42401,Sulfur dioxide,100,INSTRUMENTAL - ULTRAVIOLET FLUORESCENCE,,,32.362606,-88.277992,AREA,63.7032,REGIONAL SCALE,50 TO HUNDREDS KM,SLAMS,Al Dept Of Env Mgt,GENERAL/BACKGROUND,Y,,3,
2022-06-17,011190003,1,0.2,Parts per billion,0,"Ward, Sumter Co.",23,96,42401,Sulfur dioxide,100,INSTRUMENTAL - ULTRAVIOLET FLUORESCENCE,,,32.362606,-88.277992,AREA,63.7032,REGIONAL SCALE,50 TO HUNDREDS KM,SLAMS,Al Dept Of Env Mgt,GENERAL/BACKGROUND,Y,,3,
2022-06-18,011190003,1,0.7,Parts per billion,0,"Ward, Sumter Co.",23,96,42401,Sulfur dioxide,100,INSTRUMENTAL - ULTRAVIOLET FLUORESCENCE,,,32.362606,-88.277992,AREA,63.7032,REGIONAL SCALE,50 TO HUNDREDS KM,SLAMS,Al Dept Of Env Mgt,GENERAL/BACKGROUND,Y,,3,
2022-06-19,011190003,1,1.2,Parts per billion,1,"Ward, Sumter Co.",23,96,42401,Sulfur dioxide,100,INSTRUMENTAL - ULTRAVIOLET FLUORESCENCE,,,32.362606,-88.277992,AREA,63.7032,REGIONAL SCALE,50 TO HUNDREDS KM,SLAMS,Al Dept Of Env Mgt,GENERAL/BACKGROUND,Y,,3,
2022-06-20,011190003,1,0.5,Parts per billion,0,"Ward, Sumter Co.",23,96,42401,Sulfur dioxide,100,INSTRUMENTAL - ULTRAVIOLET FLUORESCENCE,,,32.362606,-88.277992,AREA,63.7032,REGIONAL SCALE,50 TO HUNDREDS KM,SLAMS,Al Dept Of Env Mgt,GENERAL/BACKGROUND,Y,,3,
2022-06-21,011190003,1,0.3,Parts per billion,0,"Ward, Sumter Co.",23,96,42401,Sulfur dioxide,100,INSTRUMENTAL - ULTRAVIOLET FLUORESCENCE,,,32.362606,-88.277992,AREA,63.7032,REGIONAL SCALE,50 TO HUNDREDS KM,SLAMS,Al Dept Of Env Mgt,GENERAL/BACKGROUND,Y,,3,
2022-06-22,011190003,1,0.4,Parts per billion,0,"Ward, Sumter Co.",23,96,42401,Sulfur dioxide,100,INSTRUMENTAL - ULTRAVIOLET FLUORESCENCE,,,32.362606,-88.277992,AREA,63.7032,REGIONAL SCALE,50 TO HUNDREDS KM,SLAMS,Al Dept Of Env Mgt,GENERAL/BACKGROUND,Y,,3,
2022-06-23,011190003,1,0.4,Parts per billion,0,"Ward, Sumter Co.",23,96,42401,Sulfur dioxide,100,INSTRUMENTAL - ULTRAVIOLET FLUORESCENCE,,,32.362606,-88.277992,AREA,63.7032,REGIONAL SCALE,50 TO HUNDREDS KM,SLAMS,Al Dept Of Env Mgt,GENERAL/BACKGROUND,Y,,3,
2022-06-24,011190003,1,0.3,Parts per billion,0,"Ward, Sumter Co.",23,96,42401,Sulfur dioxide,100,INSTRUMENTAL - ULTRAVIOLET FLUORESCENCE,,,32.362606,-88.277992,AREA,63.7032,REGIONAL SCALE,50 TO HUNDREDS KM,SLAMS,Al Dept Of Env Mgt,GENERAL/BACKGROUND,Y,,3,
2022-06-25,011190003,1,0.6,Parts per billion,0,"Ward, Sumter Co.",23,96,42401,Sulfur dioxide,100,INSTRUMENTAL - ULTRAVIOLET FLUORESCENCE,,,32.362606,-88.277992,AREA,63.7032,REGIONAL SCALE,50 TO HUNDREDS KM,SLAMS,Al Dept Of Env Mgt,GENERAL/BACKGROUND,Y,,3,
2022-06-26,011190003,1,0.3,Parts per billion,0,"Ward, Sumter Co.",23,96,42401,Sulfur dioxide,100,INSTRUMENTAL - ULTRAVIOLET FLUORESCENCE,,,32.362606,-88.277992,AREA,63.7032,REGIONAL SCALE,50 TO HUNDREDS KM,SLAMS,Al Dept Of Env Mgt,GENERAL/BACKGROUND,Y,,3,
2022-06-27,011190003,1,0.8,Parts per billion,0,"Ward, Sumter Co.",23,96,42401,Sulfur dioxide,100,INSTRUMENTAL - ULTRAVIOLET FLUORESCENCE,,,32.362606,-88.277992,AREA,63.7032,REGIONAL SCALE,50 TO HUNDREDS KM,SLAMS,Al Dept Of Env Mgt,GENERAL/BACKGROUND,Y,,3,
2022-06-28,011190003,1,2.1,Parts per billion,3,"Ward, Sumter Co.",23,96,42401,Sulfur dioxide,100,INSTRUMENTAL - ULTRAVIOLET FLUORESCENCE,,,32.362606,-88.277992,AREA,63.7032,REGIONAL SCALE,50 TO HUNDREDS KM,SLAMS,Al Dept Of Env Mgt,GENERAL/BACKGROUND,Y,,3,
2022-06-29,011190003,1,0.5,Parts per billion,0,"Ward, Sumter Co.",22,92,42401,Sulfur dioxide,100,INSTRUMENTAL - ULTRAVIOLET FLUORESCENCE,,,32.362606,-88.277992,AREA,63.7032,REGIONAL SCALE,50 TO HUNDREDS KM,SLAMS,Al Dept Of Env Mgt,GENERAL/BACKGROUND,Y,,3,
2022-06-30,011190003,1,0.3,Parts per billion,0,"Ward, Sumter Co.",23,96,42401,Sulfur dioxide,100,INSTRUMENTAL - ULTRAVIOLET FLUORESCENCE,,,32.362606,-88.277992,AREA,63.7032,REGIONAL SCALE,50 TO HUNDREDS KM,SLAMS,Al Dept Of Env Mgt,GENERAL/BACKGROUND,Y,,3,
2022-07-01,011190003,1,0.3,Parts per billion,0,"Ward, Sumter Co.",23,96,42401,Sulfur dioxide,100,INSTRUMENTAL - ULTRAVIOLET FLUORESCENCE,,,32.362606,-88.277992,AREA,63.7032,REGIONAL SCALE,50 TO HUNDREDS KM,SLAMS,Al Dept Of Env Mgt,GENERAL/BACKGROUND,Y,,3,
2022-07-02,011190003,1,0.3,Parts per billion,0,"Ward, Sumter Co.",23,96,42401,Sulfur dioxide,100,INSTRUMENTAL - ULTRAVIOLET FLUORESCENCE,,,32.362606,-88.277992,AREA,63.7032,REGIONAL SCALE,50 TO HUNDREDS KM,SLAMS,Al Dept Of Env Mgt,GENERAL/BACKGROUND,Y,,3,
2022-07-03,011190003,1,0.2,Parts per billion,0,"Ward, Sumter Co.",23,96,42401,Sulfur dioxide,100,INSTRUMENTAL - ULTRAVIOLET FLUORESCENCE,,,32.362606,-88.277992,AREA,63.7032,REGIONAL SCALE,50 TO HUNDREDS KM,SLAMS,Al Dept Of Env Mgt,GENERAL/BACKGROUND,Y,,3,
2022-07-04,011190003,1,0.7,Parts per billion,0,"Ward, Sumter Co.",23,96,42401,Sulfur dioxide,100,INSTRUMENTAL - ULTRAVIOLET FLUORESCENCE,,,32.362606,-88.277992,AREA,63.7032,REGIONAL SCALE,50 TO HUNDREDS KM,SLAMS,Al Dept Of Env Mgt,GENERAL/BACKGROUND,Y,,3,
2022-07-05,011190003,1,0.5,Parts per billion,0,"Ward, Sumter Co.",23,96,42401,Sulfur dioxide,100,INSTRUMENTAL - ULTRAVIOLET FLUORESCENCE,,,32.362606,-88.277992,AREA,63.7032,REGIONAL SCALE,50 TO HUNDREDS KM,SLAMS,Al Dept Of Env Mgt,GENERAL/BACKGROUND,Y,,3,
2022-07-06,011190003,1,0.2,Parts per billion,0,"Ward, Sumter Co.",23,96,42401,Sulfur dioxide,100,INSTRUMENTAL - ULTRAVIOLET FLUORESCENCE,,,32.362606,-88.277992,AREA,63.7032,REGIONAL SCALE,50 TO HUNDREDS KM,SLAMS,Al Dept Of Env Mgt,GENERAL/BACKGROUND,Y,,3,
2022-07-07,011190003,1,0.4,Parts per billion,0,"Ward, Sumter Co.",23,96,42401,Sulfur dioxide,100,INSTRUMENTAL - ULTRAVIOLET FLUORESCENCE,,,32.362606,-88.277992,AREA,63.7032,REGIONAL SCALE,50 TO HUNDREDS KM,SLAMS,Al Dept Of Env Mgt,GENERAL/BACKGROUND,Y,,3,
2022-07-08,011190003,1,0.3,Parts per billion,0,"Ward, Sumter Co.",23,96,42401,Sulfur dioxide,100,INSTRUMENTAL - ULTRAVIOLET FLUORESCENCE,,,32.362606,-88.277992,AREA,63.7032,REGIONAL SCALE,50 TO HUNDREDS KM,SLAMS,Al Dept Of Env Mgt,GENERAL/BACKGROUND,Y,,3,
2022-07-09,011190003,1,0.3,Parts per billion,0,"Ward, Sumter Co.",23,96,42401,Sulfur dioxide,100,INSTRUMENTAL - ULTRAVIOLET FLUORESCENCE,,,32.362606,-88.277992,AREA,63.7032,REGIONAL SCALE,50 TO HUNDREDS KM,SLAMS,Al Dept Of Env Mgt,GENERAL/BACKGROUND,Y,,3,
2022-07-10,011190003,1,0.3,Parts per billion,0,"Ward, Sumter Co.",23,96,42401,Sulfur dioxide,100,INSTRUMENTAL - ULTRAVIOLET FLUORESCENCE,,,32.362606,-88.277992,AREA,63.7032,REGIONAL SCALE,50 TO HUNDREDS KM,SLAMS,Al Dept Of Env Mgt,GENERAL/BACKGROUND,Y,,3,
2022-07-11,011190003,1,2,Parts per billion,3,"Ward, Sumter Co.",22,92,42401,Sulfur dioxide,100,INSTRUMENTAL - ULTRAVIOLET FLUORESCENCE,,,32.362606,-88.277992,AREA,63.7032,REGIONAL SCALE,50 TO HUNDREDS KM,SLAMS,Al Dept Of Env Mgt,GENERAL/BACKGROUND,Y,,3,
2022-07-12,011190003,1,0.3,Parts per billion,0,"Ward, Sumter Co.",23,96,42401,Sulfur dioxide,100,INSTRUMENTAL - ULTRAVIOLET FLUORESCENCE,,,32.362606,-88.277992,AREA,63.7032,REGIONAL SCALE,50 TO HUNDREDS KM,SLAMS,Al Dept Of Env Mgt,GENERAL/BACKGROUND,Y,,3,
2022-07-13,011190003,1,0.3,Parts per billion,0,"Ward, Sumter Co.",23,96,42401,Sulfur dioxide,100,INSTRUMENTAL - ULTRAVIOLET FLUORESCENCE,,,32.362606,-88.277992,AREA,63.7032,REGIONAL SCALE,50 TO HUNDREDS KM,SLAMS,Al Dept Of Env Mgt,GENERAL/BACKGROUND,Y,,3,
2022-07-14,011190003,1,0.4,Parts per billion,0,"Ward, Sumter Co.",23,96,42401,Sulfur dioxide,100,INSTRUMENTAL - ULTRAVIOLET FLUORESCENCE,,,32.362606,-88.277992,AREA,63.7032,REGIONAL SCALE,50 TO HUNDREDS KM,SLAMS,Al Dept Of Env Mgt,GENERAL/BACKGROUND,Y,,3,
2022-07-15,011190003,1,0.2,Parts per billion,0,"Ward, Sumter Co.",23,96,42401,Sulfur dioxide,100,INSTRUMENTAL - ULTRAVIOLET FLUORESCENCE,,,32.362606,-88.277992,AREA,63.7032,REGIONAL SCALE,50 TO HUNDREDS KM,SLAMS,Al Dept Of Env Mgt,GENERAL/BACKGROUND,Y,,3,
2022-07-16,011190003,1,0.7,Parts per billion,0,"Ward, Sumter Co.",23,96,42401,Sulfur dioxide,100,INSTRUMENTAL - ULTRAVIOLET FLUORESCENCE,,,32.362606,-88.277992,AREA,63.7032,REGIONAL SCALE,50 TO HUNDREDS KM,SLAMS,Al Dept Of Env Mgt,GENERAL/BACKGROUND,Y,,3,
2022-07-17,011190003,1,0.3,Parts per billion,0,"Ward, Sumter Co.",23,96,42401,Sulfur dioxide,100,INSTRUMENTAL - ULTRAVIOLET FLUORESCENCE,,,32.362606,-88.277992,AREA,63.7032,REGIONAL SCALE,50 TO HUNDREDS KM,SLAMS,Al Dept Of Env Mgt,GENERAL/BACKGROUND,Y,,3,
2022-07-18,011190003,1,0.4,Parts per billion,0,"Ward, Sumter Co.",23,96,42401,Sulfur dioxide,100,INSTRUMENTAL - ULTRAVIOLET FLUORESCENCE,,,32.362606,-88.277992,AREA,63.7032,REGIONAL SCALE,50 TO HUNDREDS KM,SLAMS,Al Dept Of Env Mgt,GENERAL/BACKGROUND,Y,,3,
2022-07-19,011190003,1,0.3,Parts per billion,0,"Ward, Sumter Co.",23,96,42401,Sulfur dioxide,100,INSTRUMENTAL - ULTRAVIOLET FLUORESCENCE,,,32.362606,-88.277992,AREA,63.7032,REGIONAL SCALE,50 TO HUNDREDS KM,SLAMS,Al Dept Of Env Mgt,GENERAL/BACKGROUND,Y,,3,
2022-07-20,011190003,1,0.3,Parts per billion,0,"Ward, Sumter Co.",23,96,42401,Sulfur dioxide,100,INSTRUMENTAL - ULTRAVIOLET FLUORESCENCE,,,32.362606,-88.277992,AREA,63.7032,REGIONAL SCALE,50 TO HUNDREDS KM,SLAMS,Al Dept Of Env Mgt,GENERAL/BACKGROUND,Y,,3,
2022-07-21,011190003,1,0.3,Parts per billion,0,"Ward, Sumter Co.",23,96,42401,Sulfur dioxide,100,INSTRUMENTAL - ULTRAVIOLET FLUORESCENCE,,,32.362606,-88.277992,AREA,63.7032,REGIONAL SCALE,50 TO HUNDREDS KM,SLAMS,Al Dept Of Env Mgt,GENERAL/BACKGROUND,Y,,3,
2022-07-22,011190003,1,0.3,Parts per billion,0,"Ward, Sumter Co.",23,96,42401,Sulfur dioxide,100,INSTRUMENTAL - ULTRAVIOLET FLUORESCENCE,,,32.362606,-88.277992,AREA,63.7032,REGIONAL SCALE,50 TO HUNDREDS KM,SLAMS,Al Dept Of Env Mgt,GENERAL/BACKGROUND,Y,,3,
2022-07-23,011190003,1,0.2,Parts per billion,0,"Ward, Sumter Co.",23,96,42401,Sulfur dioxide,100,INSTRUMENTAL - ULTRAVIOLET FLUORESCENCE,,,32.362606,-88.277992,AREA,63.7032,REGIONAL SCALE,50 TO HUNDREDS KM,SLAMS,Al Dept Of Env Mgt,GENERAL/BACKGROUND,Y,,3,
2022-07-24,011190003,1,0.4,Parts per billion,0,"Ward, Sumter Co.",23,96,42401,Sulfur dioxide,100,INSTRUMENTAL - ULTRAVIOLET FLUORESCENCE,,,32.362606,-88.277992,AREA,63.7032,REGIONAL SCALE,50 TO HUNDREDS KM,SLAMS,Al Dept Of Env Mgt,GENERAL/BACKGROUND,Y,,3,
2022-07-25,011190003,1,0.5,Parts per billion,0,"Ward, Sumter Co.",23,96,42401,Sulfur dioxide,100,INSTRUMENTAL - ULTRAVIOLET FLUORESCENCE,,,32.362606,-88.277992,AREA,63.7032,REGIONAL SCALE,50 TO HUNDREDS KM,SLAMS,Al Dept Of Env Mgt,GENERAL/BACKGROUND,Y,,3,
2022-07-26,011190003,1,0.9,Parts per billion,0,"Ward, Sumter Co.",22,92,42401,Sulfur dioxide,100,INSTRUMENTAL - ULTRAVIOLET FLUORESCENCE,,,32.362606,-88.277992,AREA,63.7032,REGIONAL SCALE,50 TO HUNDREDS KM,SLAMS,Al Dept Of Env Mgt,GENERAL/BACKGROUND,Y,,3,
2022-07-27,011190003,1,0.2,Parts per billion,0,"Ward, Sumter Co.",23,96,42401,Sulfur dioxide,100,INSTRUMENTAL - ULTRAVIOLET FLUORESCENCE,,,32.362606,-88.277992,AREA,63.7032,REGIONAL SCALE,50 TO HUNDREDS KM,SLAMS,Al Dept Of Env Mgt,GENERAL/BACKGROUND,Y,,3,
2022-07-28,011190003,1,0.3,Parts per billion,0,"Ward, Sumter Co.",23,96,42401,Sulfur dioxide,100,INSTRUMENTAL - ULTRAVIOLET FLUORESCENCE,,,32.362606,-88.277992,AREA,63.7032,REGIONAL SCALE,50 TO HUNDREDS KM,SLAMS,Al Dept Of Env Mgt,GENERAL/BACKGROUND,Y,,3,
2022-07-29,011190003,1,0.4,Parts per billion,0,"Ward, Sumter Co.",23,96,42401,Sulfur dioxide,100,INSTRUMENTAL - ULTRAVIOLET FLUORESCENCE,,,32.362606,-88.277992,AREA,63.7032,REGIONAL SCALE,50 TO HUNDREDS KM,SLAMS,Al Dept Of Env Mgt,GENERAL/BACKGROUND,Y,,3,
2022-07-30,011190003,1,0.7,Parts per billion,0,"Ward, Sumter Co.",23,96,42401,Sulfur dioxide,100,INSTRUMENTAL - ULTRAVIOLET FLUORESCENCE,,,32.362606,-88.277992,AREA,63.7032,REGIONAL SCALE,50 TO HUNDREDS KM,SLAMS,Al Dept Of Env Mgt,GENERAL/BACKGROUND,Y,,3,
2022-07-31,011190003,1,0.3,Parts per billion,0,"Ward, Sumter Co.",23,96,42401,Sulfur dioxide,100,INSTRUMENTAL - ULTRAVIOLET FLUORESCENCE,,,32.362606,-88.277992,AREA,63.7032,REGIONAL SCALE,50 TO HUNDREDS KM,SLAMS,Al Dept Of Env Mgt,GENERAL/BACKGROUND,Y,,3,
2022-08-01,011190003,1,0.2,Parts per billion,0,"Ward, Sumter Co.",23,96,42401,Sulfur dioxide,100,INSTRUMENTAL - ULTRAVIOLET FLUORESCENCE,,,32.362606,-88.277992,AREA,63.7032,REGIONAL SCALE,50 TO HUNDREDS KM,SLAMS,Al Dept Of Env Mgt,GENERAL/BACKGROUND,Y,,3,
2022-08-02,011190003,1,0.3,Parts per billion,0,"Ward, Sumter Co.",23,96,42401,Sulfur dioxide,100,INSTRUMENTAL - ULTRAVIOLET FLUORESCENCE,,,32.362606,-88.277992,AREA,63.7032,REGIONAL SCALE,50 TO HUNDREDS KM,SLAMS,Al Dept Of Env Mgt,GENERAL/BACKGROUND,Y,,3,
2022-08-03,011190003,1,0.4,Parts per billion,0,"Ward, Sumter Co.",23,96,42401,Sulfur dioxide,100,INSTRUMENTAL - ULTRAVIOLET FLUORESCENCE,,,32.362606,-88.277992,AREA,63.7032,REGIONAL SCALE,50 TO HUNDREDS KM,SLAMS,Al Dept Of Env Mgt,GENERAL/BACKGROUND,Y,,3,
2022-08-04,011190003,1,0.2,Parts per billion,0,"Ward, Sumter Co.",23,96,42401,Sulfur dioxide,100,INSTRUMENTAL - ULTRAVIOLET FLUORESCENCE,,,32.362606,-88.277992,AREA,63.7032,REGIONAL SCALE,50 TO HUNDREDS KM,SLAMS,Al Dept Of Env Mgt,GENERAL/BACKGROUND,Y,,3,
2022-08-05,011190003,1,0.2,Parts per billion,0,"Ward, Sumter Co.",23,96,42401,Sulfur dioxide,100,INSTRUMENTAL - ULTRAVIOLET FLUORESCENCE,,,32.362606,-88.277992,AREA,63.7032,REGIONAL SCALE,50 TO HUNDREDS KM,SLAMS,Al Dept Of Env Mgt,GENERAL/BACKGROUND,Y,,3,
2022-08-06,011190003,1,0.6,Parts per billion,0,"Ward, Sumter Co.",23,96,42401,Sulfur dioxide,100,INSTRUMENTAL - ULTRAVIOLET FLUORESCENCE,,,32.362606,-88.277992,AREA,63.7032,REGIONAL SCALE,50 TO HUNDREDS KM,SLAMS,Al Dept Of Env Mgt,GENERAL/BACKGROUND,Y,,3,
2022-08-07,011190003,1,0.2,Parts per billion,0,"Ward, Sumter Co.",23,96,42401,Sulfur dioxide,100,INSTRUMENTAL - ULTRAVIOLET FLUORESCENCE,,,32.362606,-88.277992,AREA,63.7032,REGIONAL SCALE,50 TO HUNDREDS KM,SLAMS,Al Dept Of Env Mgt,GENERAL/BACKGROUND,Y,,3,
2022-08-08,011190003,1,0.2,Parts per billion,0,"Ward, Sumter Co.",23,96,42401,Sulfur dioxide,100,INSTRUMENTAL - ULTRAVIOLET FLUORESCENCE,,,32.362606,-88.277992,AREA,63.7032,REGIONAL SCALE,50 TO HUNDREDS KM,SLAMS,Al Dept Of Env Mgt,GENERAL/BACKGROUND,Y,,3,
2022-08-09,011190003,1,0.4,Parts per billion,0,"Ward, Sumter Co.",20,83,42401,Sulfur dioxide,100,INSTRUMENTAL - ULTRAVIOLET FLUORESCENCE,,,32.362606,-88.277992,AREA,63.7032,REGIONAL SCALE,50 TO HUNDREDS KM,SLAMS,Al Dept Of Env Mgt,GENERAL/BACKGROUND,Y,,3,
2022-08-10,011190003,1,0.3,Parts per billion,0,"Ward, Sumter Co.",21,88,42401,Sulfur dioxide,100,INSTRUMENTAL - ULTRAVIOLET FLUORESCENCE,,,32.362606,-88.277992,AREA,63.7032,REGIONAL SCALE,50 TO HUNDREDS KM,SLAMS,Al Dept Of Env Mgt,GENERAL/BACKGROUND,Y,,3,
2022-08-11,011190003,1,0.5,Parts per billion,0,"Ward, Sumter Co.",23,96,42401,Sulfur dioxide,100,INSTRUMENTAL - ULTRAVIOLET FLUORESCENCE,,,32.362606,-88.277992,AREA,63.7032,REGIONAL SCALE,50 TO HUNDREDS KM,SLAMS,Al Dept Of Env Mgt,GENERAL/BACKGROUND,Y,,3,
2022-08-12,011190003,1,0.2,Parts per billion,0,"Ward, Sumter Co.",23,96,42401,Sulfur dioxide,100,INSTRUMENTAL - ULTRAVIOLET FLUORESCENCE,,,32.362606,-88.277992,AREA,63.7032,REGIONAL SCALE,50 TO HUNDREDS KM,SLAMS,Al Dept Of Env Mgt,GENERAL/BACKGROUND,Y,,3,
2022-08-13,011190003,1,0.3,Parts per billion,0,"Ward, Sumter Co.",23,96,42401,Sulfur dioxide,100,INSTRUMENTAL - ULTRAVIOLET FLUORESCENCE,,,32.362606,-88.277992,AREA,63.7032,REGIONAL SCALE,50 TO HUNDREDS KM,SLAMS,Al Dept Of Env Mgt,GENERAL/BACKGROUND,Y,,3,
2022-08-14,011190003,1,0.2,Parts per billion,0,"Ward, Sumter Co.",23,96,42401,Sulfur dioxide,100,INSTRUMENTAL - ULTRAVIOLET FLUORESCENCE,,,32.362606,-88.277992,AREA,63.7032,REGIONAL SCALE,50 TO HUNDREDS KM,SLAMS,Al Dept Of Env Mgt,GENERAL/BACKGROUND,Y,,3,
2022-08-15,011190003,1,0.3,Parts per billion,0,"Ward, Sumter Co.",22,92,42401,Sulfur dioxide,100,INSTRUMENTAL - ULTRAVIOLET FLUORESCENCE,,,32.362606,-88.277992,AREA,63.7032,REGIONAL SCALE,50 TO HUNDREDS KM,SLAMS,Al Dept Of Env Mgt,GENERAL/BACKGROUND,Y,,3,
2022-08-16,011190003,1,0.2,Parts per billion,0,"Ward, Sumter Co.",24,100,42401,Sulfur dioxide,100,INSTRUMENTAL - ULTRAVIOLET FLUORESCENCE,,,32.362606,-88.277992,AREA,63.7032,REGIONAL SCALE,50 TO HUNDREDS KM,SLAMS,Al Dept Of Env Mgt,GENERAL/BACKGROUND,Y,,3,
2022-08-17,011190003,1,1,Parts per billion,1,"Ward, Sumter Co.",24,100,42401,Sulfur dioxide,100,INSTRUMENTAL - ULTRAVIOLET FLUORESCENCE,,,32.362606,-88.277992,AREA,63.7032,REGIONAL SCALE,50 TO HUNDREDS KM,SLAMS,Al Dept Of Env Mgt,GENERAL/BACKGROUND,Y,,3,
2022-08-18,011190003,1,1.3,Parts per billion,1,"Ward, Sumter Co.",24,100,42401,Sulfur dioxide,100,INSTRUMENTAL - ULTRAVIOLET FLUORESCENCE,,,32.362606,-88.277992,AREA,63.7032,REGIONAL SCALE,50 TO HUNDREDS KM,SLAMS,Al Dept Of Env Mgt,GENERAL/BACKGROUND,Y,,3,
2022-08-19,011190003,1,0.2,Parts per billion,0,"Ward, Sumter Co.",24,100,42401,Sulfur dioxide,100,INSTRUMENTAL - ULTRAVIOLET FLUORESCENCE,,,32.362606,-88.277992,AREA,63.7032,REGIONAL SCALE,50 TO HUNDREDS KM,SLAMS,Al Dept Of Env Mgt,GENERAL/BACKGROUND,Y,,3,
2022-08-20,011190003,1,0.2,Parts per billion,0,"Ward, Sumter Co.",24,100,42401,Sulfur dioxide,100,INSTRUMENTAL - ULTRAVIOLET FLUORESCENCE,,,32.362606,-88.277992,AREA,63.7032,REGIONAL SCALE,50 TO HUNDREDS KM,SLAMS,Al Dept Of Env Mgt,GENERAL/BACKGROUND,Y,,3,
2022-08-21,011190003,1,0.3,Parts per billion,0,"Ward, Sumter Co.",24,100,42401,Sulfur dioxide,100,INSTRUMENTAL - ULTRAVIOLET FLUORESCENCE,,,32.362606,-88.277992,AREA,63.7032,REGIONAL SCALE,50 TO HUNDREDS KM,SLAMS,Al Dept Of Env Mgt,GENERAL/BACKGROUND,Y,,3,
2022-08-22,011190003,1,0.2,Parts per billion,0,"Ward, Sumter Co.",21,88,42401,Sulfur dioxide,100,INSTRUMENTAL - ULTRAVIOLET FLUORESCENCE,,,32.362606,-88.277992,AREA,63.7032,REGIONAL SCALE,50 TO HUNDREDS KM,SLAMS,Al Dept Of Env Mgt,GENERAL/BACKGROUND,Y,,3,
2022-08-23,011190003,1,0.4,Parts per billion,0,"Ward, Sumter Co.",23,96,42401,Sulfur dioxide,100,INSTRUMENTAL - ULTRAVIOLET FLUORESCENCE,,,32.362606,-88.277992,AREA,63.7032,REGIONAL SCALE,50 TO HUNDREDS KM,SLAMS,Al Dept Of Env Mgt,GENERAL/BACKGROUND,Y,,3,
2022-08-24,011190003,1,0.4,Parts per billion,0,"Ward, Sumter Co.",23,96,42401,Sulfur dioxide,100,INSTRUMENTAL - ULTRAVIOLET FLUORESCENCE,,,32.362606,-88.277992,AREA,63.7032,REGIONAL SCALE,50 TO HUNDREDS KM,SLAMS,Al Dept Of Env Mgt,GENERAL/BACKGROUND,Y,,3,
2022-08-25,011190003,1,0.5,Parts per billion,0,"Ward, Sumter Co.",23,96,42401,Sulfur dioxide,100,INSTRUMENTAL - ULTRAVIOLET FLUORESCENCE,,,32.362606,-88.277992,AREA,63.7032,REGIONAL SCALE,50 TO HUNDREDS KM,SLAMS,Al Dept Of Env Mgt,GENERAL/BACKGROUND,Y,,3,
2022-08-26,011190003,1,0.5,Parts per billion,0,"Ward, Sumter Co.",23,96,42401,Sulfur dioxide,100,INSTRUMENTAL - ULTRAVIOLET FLUORESCENCE,,,32.362606,-88.277992,AREA,63.7032,REGIONAL SCALE,50 TO HUNDREDS KM,SLAMS,Al Dept Of Env Mgt,GENERAL/BACKGROUND,Y,,3,
2022-08-28,011190003,1,0.4,Parts per billion,0,"Ward, Sumter Co.",23,96,42401,Sulfur dioxide,100,INSTRUMENTAL - ULTRAVIOLET FLUORESCENCE,,,32.362606,-88.277992,AREA,63.7032,REGIONAL SCALE,50 TO HUNDREDS KM,SLAMS,Al Dept Of Env Mgt,GENERAL/BACKGROUND,Y,,3,
2022-08-27,011190003,1,0.4,Parts per billion,0,"Ward, Sumter Co.",23,96,42401,Sulfur dioxide,100,INSTRUMENTAL - ULTRAVIOLET FLUORESCENCE,,,32.362606,-88.277992,AREA,63.7032,REGIONAL SCALE,50 TO HUNDREDS KM,SLAMS,Al Dept Of Env Mgt,GENERAL/BACKGROUND,Y,,3,
2022-08-29,011190003,1,0.5,Parts per billion,0,"Ward, Sumter Co.",23,96,42401,Sulfur dioxide,100,INSTRUMENTAL - ULTRAVIOLET FLUORESCENCE,,,32.362606,-88.277992,AREA,63.7032,REGIONAL SCALE,50 TO HUNDREDS KM,SLAMS,Al Dept Of Env Mgt,GENERAL/BACKGROUND,Y,,3,
2022-08-30,011190003,1,1.4,Parts per billion,1,"Ward, Sumter Co.",23,96,42401,Sulfur dioxide,100,INSTRUMENTAL - ULTRAVIOLET FLUORESCENCE,,,32.362606,-88.277992,AREA,63.7032,REGIONAL SCALE,50 TO HUNDREDS KM,SLAMS,Al Dept Of Env Mgt,GENERAL/BACKGROUND,Y,,3,
2022-08-31,011190003,1,0.7,Parts per billion,0,"Ward, Sumter Co.",23,96,42401,Sulfur dioxide,100,INSTRUMENTAL - ULTRAVIOLET FLUORESCENCE,,,32.362606,-88.277992,AREA,63.7032,REGIONAL SCALE,50 TO HUNDREDS KM,SLAMS,Al Dept Of Env Mgt,GENERAL/BACKGROUND,Y,,3,
2022-09-01,011190003,1,0.7,Parts per billion,0,"Ward, Sumter Co.",21,88,42401,Sulfur dioxide,100,INSTRUMENTAL - ULTRAVIOLET FLUORESCENCE,,,32.362606,-88.277992,AREA,63.7032,REGIONAL SCALE,50 TO HUNDREDS KM,SLAMS,Al Dept Of Env Mgt,GENERAL/BACKGROUND,Y,,3,
2022-09-02,011190003,1,0.6,Parts per billion,0,"Ward, Sumter Co.",23,96,42401,Sulfur dioxide,100,INSTRUMENTAL - ULTRAVIOLET FLUORESCENCE,,,32.362606,-88.277992,AREA,63.7032,REGIONAL SCALE,50 TO HUNDREDS KM,SLAMS,Al Dept Of Env Mgt,GENERAL/BACKGROUND,Y,,3,
2022-09-03,011190003,1,0.3,Parts per billion,0,"Ward, Sumter Co.",23,96,42401,Sulfur dioxide,100,INSTRUMENTAL - ULTRAVIOLET FLUORESCENCE,,,32.362606,-88.277992,AREA,63.7032,REGIONAL SCALE,50 TO HUNDREDS KM,SLAMS,Al Dept Of Env Mgt,GENERAL/BACKGROUND,Y,,3,
2022-09-04,011190003,1,0.3,Parts per billion,0,"Ward, Sumter Co.",23,96,42401,Sulfur dioxide,100,INSTRUMENTAL - ULTRAVIOLET FLUORESCENCE,,,32.362606,-88.277992,AREA,63.7032,REGIONAL SCALE,50 TO HUNDREDS KM,SLAMS,Al Dept Of Env Mgt,GENERAL/BACKGROUND,Y,,3,
2022-09-05,011190003,1,0.4,Parts per billion,0,"Ward, Sumter Co.",23,96,42401,Sulfur dioxide,100,INSTRUMENTAL - ULTRAVIOLET FLUORESCENCE,,,32.362606,-88.277992,AREA,63.7032,REGIONAL SCALE,50 TO HUNDREDS KM,SLAMS,Al Dept Of Env Mgt,GENERAL/BACKGROUND,Y,,3,
2022-09-06,011190003,1,0.5,Parts per billion,0,"Ward, Sumter Co.",22,92,42401,Sulfur dioxide,100,INSTRUMENTAL - ULTRAVIOLET FLUORESCENCE,,,32.362606,-88.277992,AREA,63.7032,REGIONAL SCALE,50 TO HUNDREDS KM,SLAMS,Al Dept Of Env Mgt,GENERAL/BACKGROUND,Y,,3,
2022-09-07,011190003,1,0.4,Parts per billion,0,"Ward, Sumter Co.",23,96,42401,Sulfur dioxide,100,INSTRUMENTAL - ULTRAVIOLET FLUORESCENCE,,,32.362606,-88.277992,AREA,63.7032,REGIONAL SCALE,50 TO HUNDREDS KM,SLAMS,Al Dept Of Env Mgt,GENERAL/BACKGROUND,Y,,3,
2022-09-08,011190003,1,1.5,Parts per billion,1,"Ward, Sumter Co.",23,96,42401,Sulfur dioxide,100,INSTRUMENTAL - ULTRAVIOLET FLUORESCENCE,,,32.362606,-88.277992,AREA,63.7032,REGIONAL SCALE,50 TO HUNDREDS KM,SLAMS,Al Dept Of Env Mgt,GENERAL/BACKGROUND,Y,,3,
2022-09-09,011190003,1,0.4,Parts per billion,0,"Ward, Sumter Co.",23,96,42401,Sulfur dioxide,100,INSTRUMENTAL - ULTRAVIOLET FLUORESCENCE,,,32.362606,-88.277992,AREA,63.7032,REGIONAL SCALE,50 TO HUNDREDS KM,SLAMS,Al Dept Of Env Mgt,GENERAL/BACKGROUND,Y,,3,
2022-09-10,011190003,1,0.4,Parts per billion,0,"Ward, Sumter Co.",23,96,42401,Sulfur dioxide,100,INSTRUMENTAL - ULTRAVIOLET FLUORESCENCE,,,32.362606,-88.277992,AREA,63.7032,REGIONAL SCALE,50 TO HUNDREDS KM,SLAMS,Al Dept Of Env Mgt,GENERAL/BACKGROUND,Y,,3,
2022-09-11,011190003,1,0.5,Parts per billion,0,"Ward, Sumter Co.",23,96,42401,Sulfur dioxide,100,INSTRUMENTAL - ULTRAVIOLET FLUORESCENCE,,,32.362606,-88.277992,AREA,63.7032,REGIONAL SCALE,50 TO HUNDREDS KM,SLAMS,Al Dept Of Env Mgt,GENERAL/BACKGROUND,Y,,3,
2022-09-12,011190003,1,0.5,Parts per billion,0,"Ward, Sumter Co.",23,96,42401,Sulfur dioxide,100,INSTRUMENTAL - ULTRAVIOLET FLUORESCENCE,,,32.362606,-88.277992,AREA,63.7032,REGIONAL SCALE,50 TO HUNDREDS KM,SLAMS,Al Dept Of Env Mgt,GENERAL/BACKGROUND,Y,,3,
2022-09-13,011190003,1,1.8,Parts per billion,1,"Ward, Sumter Co.",23,96,42401,Sulfur dioxide,100,INSTRUMENTAL - ULTRAVIOLET FLUORESCENCE,,,32.362606,-88.277992,AREA,63.7032,REGIONAL SCALE,50 TO HUNDREDS KM,SLAMS,Al Dept Of Env Mgt,GENERAL/BACKGROUND,Y,,3,
2022-09-14,011190003,1,1.4,Parts per billion,1,"Ward, Sumter Co.",23,96,42401,Sulfur dioxide,100,INSTRUMENTAL - ULTRAVIOLET FLUORESCENCE,,,32.362606,-88.277992,AREA,63.7032,REGIONAL SCALE,50 TO HUNDREDS KM,SLAMS,Al Dept Of Env Mgt,GENERAL/BACKGROUND,Y,,3,
2022-09-15,011190003,1,1,Parts per billion,1,"Ward, Sumter Co.",23,96,42401,Sulfur dioxide,100,INSTRUMENTAL - ULTRAVIOLET FLUORESCENCE,,,32.362606,-88.277992,AREA,63.7032,REGIONAL SCALE,50 TO HUNDREDS KM,SLAMS,Al Dept Of Env Mgt,GENERAL/BACKGROUND,Y,,3,
2022-09-16,011190003,1,0.4,Parts per billion,0,"Ward, Sumter Co.",23,96,42401,Sulfur dioxide,100,INSTRUMENTAL - ULTRAVIOLET FLUORESCENCE,,,32.362606,-88.277992,AREA,63.7032,REGIONAL SCALE,50 TO HUNDREDS KM,SLAMS,Al Dept Of Env Mgt,GENERAL/BACKGROUND,Y,,3,
2022-09-17,011190003,1,0.7,Parts per billion,0,"Ward, Sumter Co.",23,96,42401,Sulfur dioxide,100,INSTRUMENTAL - ULTRAVIOLET FLUORESCENCE,,,32.362606,-88.277992,AREA,63.7032,REGIONAL SCALE,50 TO HUNDREDS KM,SLAMS,Al Dept Of Env Mgt,GENERAL/BACKGROUND,Y,,3,
2022-09-18,011190003,1,0.7,Parts per billion,0,"Ward, Sumter Co.",23,96,42401,Sulfur dioxide,100,INSTRUMENTAL - ULTRAVIOLET FLUORESCENCE,,,32.362606,-88.277992,AREA,63.7032,REGIONAL SCALE,50 TO HUNDREDS KM,SLAMS,Al Dept Of Env Mgt,GENERAL/BACKGROUND,Y,,3,
2022-09-19,011190003,1,0.7,Parts per billion,0,"Ward, Sumter Co.",22,92,42401,Sulfur dioxide,100,INSTRUMENTAL - ULTRAVIOLET FLUORESCENCE,,,32.362606,-88.277992,AREA,63.7032,REGIONAL SCALE,50 TO HUNDREDS KM,SLAMS,Al Dept Of Env Mgt,GENERAL/BACKGROUND,Y,,3,
2022-09-20,011190003,1,0.7,Parts per billion,0,"Ward, Sumter Co.",23,96,42401,Sulfur dioxide,100,INSTRUMENTAL - ULTRAVIOLET FLUORESCENCE,,,32.362606,-88.277992,AREA,63.7032,REGIONAL SCALE,50 TO HUNDREDS KM,SLAMS,Al Dept Of Env Mgt,GENERAL/BACKGROUND,Y,,3,
2022-09-21,011190003,1,2.4,Parts per billion,3,"Ward, Sumter Co.",23,96,42401,Sulfur dioxide,100,INSTRUMENTAL - ULTRAVIOLET FLUORESCENCE,,,32.362606,-88.277992,AREA,63.7032,REGIONAL SCALE,50 TO HUNDREDS KM,SLAMS,Al Dept Of Env Mgt,GENERAL/BACKGROUND,Y,,3,
2022-09-22,011190003,1,0.5,Parts per billion,0,"Ward, Sumter Co.",23,96,42401,Sulfur dioxide,100,INSTRUMENTAL - ULTRAVIOLET FLUORESCENCE,,,32.362606,-88.277992,AREA,63.7032,REGIONAL SCALE,50 TO HUNDREDS KM,SLAMS,Al Dept Of Env Mgt,GENERAL/BACKGROUND,Y,,3,
2022-09-23,011190003,1,1.5,Parts per billion,1,"Ward, Sumter Co.",23,96,42401,Sulfur dioxide,100,INSTRUMENTAL - ULTRAVIOLET FLUORESCENCE,,,32.362606,-88.277992,AREA,63.7032,REGIONAL SCALE,50 TO HUNDREDS KM,SLAMS,Al Dept Of Env Mgt,GENERAL/BACKGROUND,Y,,3,
2022-09-24,011190003,1,0.6,Parts per billion,0,"Ward, Sumter Co.",23,96,42401,Sulfur dioxide,100,INSTRUMENTAL - ULTRAVIOLET FLUORESCENCE,,,32.362606,-88.277992,AREA,63.7032,REGIONAL SCALE,50 TO HUNDREDS KM,SLAMS,Al Dept Of Env Mgt,GENERAL/BACKGROUND,Y,,3,
2022-09-25,011190003,1,0.6,Parts per billion,0,"Ward, Sumter Co.",23,96,42401,Sulfur dioxide,100,INSTRUMENTAL - ULTRAVIOLET FLUORESCENCE,,,32.362606,-88.277992,AREA,63.7032,REGIONAL SCALE,50 TO HUNDREDS KM,SLAMS,Al Dept Of Env Mgt,GENERAL/BACKGROUND,Y,,3,
2022-09-26,011190003,1,2.5,Parts per billion,3,"Ward, Sumter Co.",23,96,42401,Sulfur dioxide,100,INSTRUMENTAL - ULTRAVIOLET FLUORESCENCE,,,32.362606,-88.277992,AREA,63.7032,REGIONAL SCALE,50 TO HUNDREDS KM,SLAMS,Al Dept Of Env Mgt,GENERAL/BACKGROUND,Y,,3,
2022-09-27,011190003,1,0.8,Parts per billion,0,"Ward, Sumter Co.",23,96,42401,Sulfur dioxide,100,INSTRUMENTAL - ULTRAVIOLET FLUORESCENCE,,,32.362606,-88.277992,AREA,63.7032,REGIONAL SCALE,50 TO HUNDREDS KM,SLAMS,Al Dept Of Env Mgt,GENERAL/BACKGROUND,Y,,3,
2022-09-28,011190003,1,7.5,Parts per billion,10,"Ward, Sumter Co.",23,96,42401,Sulfur dioxide,100,INSTRUMENTAL - ULTRAVIOLET FLUORESCENCE,,,32.362606,-88.277992,AREA,63.7032,REGIONAL SCALE,50 TO HUNDREDS KM,SLAMS,Al Dept Of Env Mgt,GENERAL/BACKGROUND,Y,,3,
2022-09-29,011190003,1,1.6,Parts per billion,1,"Ward, Sumter Co.",23,96,42401,Sulfur dioxide,100,INSTRUMENTAL - ULTRAVIOLET FLUORESCENCE,,,32.362606,-88.277992,AREA,63.7032,REGIONAL SCALE,50 TO HUNDREDS KM,SLAMS,Al Dept Of Env Mgt,GENERAL/BACKGROUND,Y,,3,
2022-09-30,011190003,1,1.5,Parts per billion,1,"Ward, Sumter Co.",23,96,42401,Sulfur dioxide,100,INSTRUMENTAL - ULTRAVIOLET FLUORESCENCE,,,32.362606,-88.277992,AREA,63.7032,REGIONAL SCALE,50 TO HUNDREDS KM,SLAMS,Al Dept Of Env Mgt,GENERAL/BACKGROUND,Y,,3,
2022-10-01,011190003,1,0.5,Parts per billion,0,"Ward, Sumter Co.",23,96,42401,Sulfur dioxide,100,INSTRUMENTAL - ULTRAVIOLET FLUORESCENCE,,,32.362606,-88.277992,AREA,63.7032,REGIONAL SCALE,50 TO HUNDREDS KM,SLAMS,Al Dept Of Env Mgt,GENERAL/BACKGROUND,Y,,3,
2022-10-02,011190003,1,0.4,Parts per billion,0,"Ward, Sumter Co.",23,96,42401,Sulfur dioxide,100,INSTRUMENTAL - ULTRAVIOLET FLUORESCENCE,,,32.362606,-88.277992,AREA,63.7032,REGIONAL SCALE,50 TO HUNDREDS KM,SLAMS,Al Dept Of Env Mgt,GENERAL/BACKGROUND,Y,,3,
2022-10-03,011190003,1,1.9,Parts per billion,1,"Ward, Sumter Co.",23,96,42401,Sulfur dioxide,100,INSTRUMENTAL - ULTRAVIOLET FLUORESCENCE,,,32.362606,-88.277992,AREA,63.7032,REGIONAL SCALE,50 TO HUNDREDS KM,SLAMS,Al Dept Of Env Mgt,GENERAL/BACKGROUND,Y,,3,
2022-10-04,011190003,1,0.5,Parts per billion,0,"Ward, Sumter Co.",23,96,42401,Sulfur dioxide,100,INSTRUMENTAL - ULTRAVIOLET FLUORESCENCE,,,32.362606,-88.277992,AREA,63.7032,REGIONAL SCALE,50 TO HUNDREDS KM,SLAMS,Al Dept Of Env Mgt,GENERAL/BACKGROUND,Y,,3,
2022-10-05,011190003,1,0.8,Parts per billion,0,"Ward, Sumter Co.",22,92,42401,Sulfur dioxide,100,INSTRUMENTAL - ULTRAVIOLET FLUORESCENCE,,,32.362606,-88.277992,AREA,63.7032,REGIONAL SCALE,50 TO HUNDREDS KM,SLAMS,Al Dept Of Env Mgt,GENERAL/BACKGROUND,Y,,3,
2022-10-06,011190003,1,0.6,Parts per billion,0,"Ward, Sumter Co.",23,96,42401,Sulfur dioxide,100,INSTRUMENTAL - ULTRAVIOLET FLUORESCENCE,,,32.362606,-88.277992,AREA,63.7032,REGIONAL SCALE,50 TO HUNDREDS KM,SLAMS,Al Dept Of Env Mgt,GENERAL/BACKGROUND,Y,,3,
2022-10-07,011190003,1,0.6,Parts per billion,0,"Ward, Sumter Co.",23,96,42401,Sulfur dioxide,100,INSTRUMENTAL - ULTRAVIOLET FLUORESCENCE,,,32.362606,-88.277992,AREA,63.7032,REGIONAL SCALE,50 TO HUNDREDS KM,SLAMS,Al Dept Of Env Mgt,GENERAL/BACKGROUND,Y,,3,
2022-10-08,011190003,1,1.3,Parts per billion,1,"Ward, Sumter Co.",23,96,42401,Sulfur dioxide,100,INSTRUMENTAL - ULTRAVIOLET FLUORESCENCE,,,32.362606,-88.277992,AREA,63.7032,REGIONAL SCALE,50 TO HUNDREDS KM,SLAMS,Al Dept Of Env Mgt,GENERAL/BACKGROUND,Y,,3,
2022-10-09,011190003,1,1.4,Parts per billion,1,"Ward, Sumter Co.",23,96,42401,Sulfur dioxide,100,INSTRUMENTAL - ULTRAVIOLET FLUORESCENCE,,,32.362606,-88.277992,AREA,63.7032,REGIONAL SCALE,50 TO HUNDREDS KM,SLAMS,Al Dept Of Env Mgt,GENERAL/BACKGROUND,Y,,3,
2022-10-10,011190003,1,1.4,Parts per billion,1,"Ward, Sumter Co.",23,96,42401,Sulfur dioxide,100,INSTRUMENTAL - ULTRAVIOLET FLUORESCENCE,,,32.362606,-88.277992,AREA,63.7032,REGIONAL SCALE,50 TO HUNDREDS KM,SLAMS,Al Dept Of Env Mgt,GENERAL/BACKGROUND,Y,,3,
2022-10-11,011190003,1,0.8,Parts per billion,0,"Ward, Sumter Co.",23,96,42401,Sulfur dioxide,100,INSTRUMENTAL - ULTRAVIOLET FLUORESCENCE,,,32.362606,-88.277992,AREA,63.7032,REGIONAL SCALE,50 TO HUNDREDS KM,SLAMS,Al Dept Of Env Mgt,GENERAL/BACKGROUND,Y,,3,
2022-10-12,011190003,1,0.4,Parts per billion,0,"Ward, Sumter Co.",23,96,42401,Sulfur dioxide,100,INSTRUMENTAL - ULTRAVIOLET FLUORESCENCE,,,32.362606,-88.277992,AREA,63.7032,REGIONAL SCALE,50 TO HUNDREDS KM,SLAMS,Al Dept Of Env Mgt,GENERAL/BACKGROUND,Y,,3,
2022-10-13,011190003,1,0.4,Parts per billion,0,"Ward, Sumter Co.",23,96,42401,Sulfur dioxide,100,INSTRUMENTAL - ULTRAVIOLET FLUORESCENCE,,,32.362606,-88.277992,AREA,63.7032,REGIONAL SCALE,50 TO HUNDREDS KM,SLAMS,Al Dept Of Env Mgt,GENERAL/BACKGROUND,Y,,3,
2022-10-14,011190003,1,0.7,Parts per billion,0,"Ward, Sumter Co.",23,96,42401,Sulfur dioxide,100,INSTRUMENTAL - ULTRAVIOLET FLUORESCENCE,,,32.362606,-88.277992,AREA,63.7032,REGIONAL SCALE,50 TO HUNDREDS KM,SLAMS,Al Dept Of Env Mgt,GENERAL/BACKGROUND,Y,,3,
2022-10-15,011190003,1,0.7,Parts per billion,0,"Ward, Sumter Co.",23,96,42401,Sulfur dioxide,100,INSTRUMENTAL - ULTRAVIOLET FLUORESCENCE,,,32.362606,-88.277992,AREA,63.7032,REGIONAL SCALE,50 TO HUNDREDS KM,SLAMS,Al Dept Of Env Mgt,GENERAL/BACKGROUND,Y,,3,
2022-10-16,011190003,1,0.6,Parts per billion,0,"Ward, Sumter Co.",23,96,42401,Sulfur dioxide,100,INSTRUMENTAL - ULTRAVIOLET FLUORESCENCE,,,32.362606,-88.277992,AREA,63.7032,REGIONAL SCALE,50 TO HUNDREDS KM,SLAMS,Al Dept Of Env Mgt,GENERAL/BACKGROUND,Y,,3,
2022-10-17,011190003,1,0.8,Parts per billion,0,"Ward, Sumter Co.",23,96,42401,Sulfur dioxide,100,INSTRUMENTAL - ULTRAVIOLET FLUORESCENCE,,,32.362606,-88.277992,AREA,63.7032,REGIONAL SCALE,50 TO HUNDREDS KM,SLAMS,Al Dept Of Env Mgt,GENERAL/BACKGROUND,Y,,3,
2022-10-18,011190003,1,0.4,Parts per billion,0,"Ward, Sumter Co.",23,96,42401,Sulfur dioxide,100,INSTRUMENTAL - ULTRAVIOLET FLUORESCENCE,,,32.362606,-88.277992,AREA,63.7032,REGIONAL SCALE,50 TO HUNDREDS KM,SLAMS,Al Dept Of Env Mgt,GENERAL/BACKGROUND,Y,,3,
2022-10-19,011190003,1,0.7,Parts per billion,0,"Ward, Sumter Co.",21,88,42401,Sulfur dioxide,100,INSTRUMENTAL - ULTRAVIOLET FLUORESCENCE,,,32.362606,-88.277992,AREA,63.7032,REGIONAL SCALE,50 TO HUNDREDS KM,SLAMS,Al Dept Of Env Mgt,GENERAL/BACKGROUND,Y,,3,
2022-10-20,011190003,1,1.1,Parts per billion,1,"Ward, Sumter Co.",23,96,42401,Sulfur dioxide,100,INSTRUMENTAL - ULTRAVIOLET FLUORESCENCE,,,32.362606,-88.277992,AREA,63.7032,REGIONAL SCALE,50 TO HUNDREDS KM,SLAMS,Al Dept Of Env Mgt,GENERAL/BACKGROUND,Y,,3,
2022-10-21,011190003,1,1.3,Parts per billion,1,"Ward, Sumter Co.",23,96,42401,Sulfur dioxide,100,INSTRUMENTAL - ULTRAVIOLET FLUORESCENCE,,,32.362606,-88.277992,AREA,63.7032,REGIONAL SCALE,50 TO HUNDREDS KM,SLAMS,Al Dept Of Env Mgt,GENERAL/BACKGROUND,Y,,3,
2022-10-22,011190003,1,1.1,Parts per billion,1,"Ward, Sumter Co.",23,96,42401,Sulfur dioxide,100,INSTRUMENTAL - ULTRAVIOLET FLUORESCENCE,,,32.362606,-88.277992,AREA,63.7032,REGIONAL SCALE,50 TO HUNDREDS KM,SLAMS,Al Dept Of Env Mgt,GENERAL/BACKGROUND,Y,,3,
2022-10-23,011190003,1,0.8,Parts per billion,0,"Ward, Sumter Co.",23,96,42401,Sulfur dioxide,100,INSTRUMENTAL - ULTRAVIOLET FLUORESCENCE,,,32.362606,-88.277992,AREA,63.7032,REGIONAL SCALE,50 TO HUNDREDS KM,SLAMS,Al Dept Of Env Mgt,GENERAL/BACKGROUND,Y,,3,
2022-10-24,011190003,1,1.6,Parts per billion,1,"Ward, Sumter Co.",23,96,42401,Sulfur dioxide,100,INSTRUMENTAL - ULTRAVIOLET FLUORESCENCE,,,32.362606,-88.277992,AREA,63.7032,REGIONAL SCALE,50 TO HUNDREDS KM,SLAMS,Al Dept Of Env Mgt,GENERAL/BACKGROUND,Y,,3,
2022-10-25,011190003,1,0.8,Parts per billion,0,"Ward, Sumter Co.",23,96,42401,Sulfur dioxide,100,INSTRUMENTAL - ULTRAVIOLET FLUORESCENCE,,,32.362606,-88.277992,AREA,63.7032,REGIONAL SCALE,50 TO HUNDREDS KM,SLAMS,Al Dept Of Env Mgt,GENERAL/BACKGROUND,Y,,3,
2022-10-26,011190003,1,0.7,Parts per billion,0,"Ward, Sumter Co.",23,96,42401,Sulfur dioxide,100,INSTRUMENTAL - ULTRAVIOLET FLUORESCENCE,,,32.362606,-88.277992,AREA,63.7032,REGIONAL SCALE,50 TO HUNDREDS KM,SLAMS,Al Dept Of Env Mgt,GENERAL/BACKGROUND,Y,,3,
2022-10-27,011190003,1,1,Parts per billion,1,"Ward, Sumter Co.",23,96,42401,Sulfur dioxide,100,INSTRUMENTAL - ULTRAVIOLET FLUORESCENCE,,,32.362606,-88.277992,AREA,63.7032,REGIONAL SCALE,50 TO HUNDREDS KM,SLAMS,Al Dept Of Env Mgt,GENERAL/BACKGROUND,Y,,3,
2022-10-28,011190003,1,1.1,Parts per billion,1,"Ward, Sumter Co.",23,96,42401,Sulfur dioxide,100,INSTRUMENTAL - ULTRAVIOLET FLUORESCENCE,,,32.362606,-88.277992,AREA,63.7032,REGIONAL SCALE,50 TO HUNDREDS KM,SLAMS,Al Dept Of Env Mgt,GENERAL/BACKGROUND,Y,,3,
2022-10-29,011190003,1,0.9,Parts per billion,0,"Ward, Sumter Co.",23,96,42401,Sulfur dioxide,100,INSTRUMENTAL - ULTRAVIOLET FLUORESCENCE,,,32.362606,-88.277992,AREA,63.7032,REGIONAL SCALE,50 TO HUNDREDS KM,SLAMS,Al Dept Of Env Mgt,GENERAL/BACKGROUND,Y,,3,
2022-10-30,011190003,1,0.8,Parts per billion,0,"Ward, Sumter Co.",23,96,42401,Sulfur dioxide,100,INSTRUMENTAL - ULTRAVIOLET FLUORESCENCE,,,32.362606,-88.277992,AREA,63.7032,REGIONAL SCALE,50 TO HUNDREDS KM,SLAMS,Al Dept Of Env Mgt,GENERAL/BACKGROUND,Y,,3,
2022-10-31,011190003,1,1.2,Parts per billion,1,"Ward, Sumter Co.",23,96,42401,Sulfur dioxide,100,INSTRUMENTAL - ULTRAVIOLET FLUORESCENCE,,,32.362606,-88.277992,AREA,63.7032,REGIONAL SCALE,50 TO HUNDREDS KM,SLAMS,Al Dept Of Env Mgt,GENERAL/BACKGROUND,Y,,3,
2022-11-01,011190003,1,1.1,Parts per billion,1,"Ward, Sumter Co.",23,96,42401,Sulfur dioxide,100,INSTRUMENTAL - ULTRAVIOLET FLUORESCENCE,,,32.362606,-88.277992,AREA,63.7032,REGIONAL SCALE,50 TO HUNDREDS KM,SLAMS,Al Dept Of Env Mgt,GENERAL/BACKGROUND,Y,,3,
2022-11-02,011190003,1,2.2,Parts per billion,3,"Ward, Sumter Co.",22,92,42401,Sulfur dioxide,100,INSTRUMENTAL - ULTRAVIOLET FLUORESCENCE,,,32.362606,-88.277992,AREA,63.7032,REGIONAL SCALE,50 TO HUNDREDS KM,SLAMS,Al Dept Of Env Mgt,GENERAL/BACKGROUND,Y,,3,
2022-11-03,011190003,1,1,Parts per billion,1,"Ward, Sumter Co.",23,96,42401,Sulfur dioxide,100,INSTRUMENTAL - ULTRAVIOLET FLUORESCENCE,,,32.362606,-88.277992,AREA,63.7032,REGIONAL SCALE,50 TO HUNDREDS KM,SLAMS,Al Dept Of Env Mgt,GENERAL/BACKGROUND,Y,,3,
2022-11-04,011190003,1,1.1,Parts per billion,1,"Ward, Sumter Co.",23,96,42401,Sulfur dioxide,100,INSTRUMENTAL - ULTRAVIOLET FLUORESCENCE,,,32.362606,-88.277992,AREA,63.7032,REGIONAL SCALE,50 TO HUNDREDS KM,SLAMS,Al Dept Of Env Mgt,GENERAL/BACKGROUND,Y,,3,
2022-11-05,011190003,1,0.7,Parts per billion,0,"Ward, Sumter Co.",23,96,42401,Sulfur dioxide,100,INSTRUMENTAL - ULTRAVIOLET FLUORESCENCE,,,32.362606,-88.277992,AREA,63.7032,REGIONAL SCALE,50 TO HUNDREDS KM,SLAMS,Al Dept Of Env Mgt,GENERAL/BACKGROUND,Y,,3,
2022-11-06,011190003,1,0.6,Parts per billion,0,"Ward, Sumter Co.",23,96,42401,Sulfur dioxide,100,INSTRUMENTAL - ULTRAVIOLET FLUORESCENCE,,,32.362606,-88.277992,AREA,63.7032,REGIONAL SCALE,50 TO HUNDREDS KM,SLAMS,Al Dept Of Env Mgt,GENERAL/BACKGROUND,Y,,3,
2022-11-07,011190003,1,1.3,Parts per billion,1,"Ward, Sumter Co.",23,96,42401,Sulfur dioxide,100,INSTRUMENTAL - ULTRAVIOLET FLUORESCENCE,,,32.362606,-88.277992,AREA,63.7032,REGIONAL SCALE,50 TO HUNDREDS KM,SLAMS,Al Dept Of Env Mgt,GENERAL/BACKGROUND,Y,,3,
2022-11-08,011190003,1,1.7,Parts per billion,1,"Ward, Sumter Co.",23,96,42401,Sulfur dioxide,100,INSTRUMENTAL - ULTRAVIOLET FLUORESCENCE,,,32.362606,-88.277992,AREA,63.7032,REGIONAL SCALE,50 TO HUNDREDS KM,SLAMS,Al Dept Of Env Mgt,GENERAL/BACKGROUND,Y,,3,
2022-11-09,011190003,1,0.8,Parts per billion,0,"Ward, Sumter Co.",23,96,42401,Sulfur dioxide,100,INSTRUMENTAL - ULTRAVIOLET FLUORESCENCE,,,32.362606,-88.277992,AREA,63.7032,REGIONAL SCALE,50 TO HUNDREDS KM,SLAMS,Al Dept Of Env Mgt,GENERAL/BACKGROUND,Y,,3,
2022-11-10,011190003,1,2.1,Parts per billion,3,"Ward, Sumter Co.",23,96,42401,Sulfur dioxide,100,INSTRUMENTAL - ULTRAVIOLET FLUORESCENCE,,,32.362606,-88.277992,AREA,63.7032,REGIONAL SCALE,50 TO HUNDREDS KM,SLAMS,Al Dept Of Env Mgt,GENERAL/BACKGROUND,Y,,3,
2022-11-11,011190003,1,0.7,Parts per billion,0,"Ward, Sumter Co.",23,96,42401,Sulfur dioxide,100,INSTRUMENTAL - ULTRAVIOLET FLUORESCENCE,,,32.362606,-88.277992,AREA,63.7032,REGIONAL SCALE,50 TO HUNDREDS KM,SLAMS,Al Dept Of Env Mgt,GENERAL/BACKGROUND,Y,,3,
2022-11-12,011190003,1,1,Parts per billion,1,"Ward, Sumter Co.",23,96,42401,Sulfur dioxide,100,INSTRUMENTAL - ULTRAVIOLET FLUORESCENCE,,,32.362606,-88.277992,AREA,63.7032,REGIONAL SCALE,50 TO HUNDREDS KM,SLAMS,Al Dept Of Env Mgt,GENERAL/BACKGROUND,Y,,3,
2022-11-13,011190003,1,1.1,Parts per billion,1,"Ward, Sumter Co.",23,96,42401,Sulfur dioxide,100,INSTRUMENTAL - ULTRAVIOLET FLUORESCENCE,,,32.362606,-88.277992,AREA,63.7032,REGIONAL SCALE,50 TO HUNDREDS KM,SLAMS,Al Dept Of Env Mgt,GENERAL/BACKGROUND,Y,,3,
2022-11-14,011190003,1,1.1,Parts per billion,1,"Ward, Sumter Co.",20,83,42401,Sulfur dioxide,100,INSTRUMENTAL - ULTRAVIOLET FLUORESCENCE,,,32.362606,-88.277992,AREA,63.7032,REGIONAL SCALE,50 TO HUNDREDS KM,SLAMS,Al Dept Of Env Mgt,GENERAL/BACKGROUND,Y,,3,
2022-11-15,011190003,1,0.6,Parts per billion,0,"Ward, Sumter Co.",23,96,42401,Sulfur dioxide,100,INSTRUMENTAL - ULTRAVIOLET FLUORESCENCE,,,32.362606,-88.277992,AREA,63.7032,REGIONAL SCALE,50 TO HUNDREDS KM,SLAMS,Al Dept Of Env Mgt,GENERAL/BACKGROUND,Y,,3,
2022-11-16,011190003,1,0.5,Parts per billion,0,"Ward, Sumter Co.",23,96,42401,Sulfur dioxide,100,INSTRUMENTAL - ULTRAVIOLET FLUORESCENCE,,,32.362606,-88.277992,AREA,63.7032,REGIONAL SCALE,50 TO HUNDREDS KM,SLAMS,Al Dept Of Env Mgt,GENERAL/BACKGROUND,Y,,3,
2022-11-17,011190003,1,1,Parts per billion,1,"Ward, Sumter Co.",23,96,42401,Sulfur dioxide,100,INSTRUMENTAL - ULTRAVIOLET FLUORESCENCE,,,32.362606,-88.277992,AREA,63.7032,REGIONAL SCALE,50 TO HUNDREDS KM,SLAMS,Al Dept Of Env Mgt,GENERAL/BACKGROUND,Y,,3,
2022-11-18,011190003,1,1,Parts per billion,1,"Ward, Sumter Co.",23,96,42401,Sulfur dioxide,100,INSTRUMENTAL - ULTRAVIOLET FLUORESCENCE,,,32.362606,-88.277992,AREA,63.7032,REGIONAL SCALE,50 TO HUNDREDS KM,SLAMS,Al Dept Of Env Mgt,GENERAL/BACKGROUND,Y,,3,
2022-11-19,011190003,1,1.6,Parts per billion,1,"Ward, Sumter Co.",23,96,42401,Sulfur dioxide,100,INSTRUMENTAL - ULTRAVIOLET FLUORESCENCE,,,32.362606,-88.277992,AREA,63.7032,REGIONAL SCALE,50 TO HUNDREDS KM,SLAMS,Al Dept Of Env Mgt,GENERAL/BACKGROUND,Y,,3,
2022-11-20,011190003,1,2.8,Parts per billion,3,"Ward, Sumter Co.",23,96,42401,Sulfur dioxide,100,INSTRUMENTAL - ULTRAVIOLET FLUORESCENCE,,,32.362606,-88.277992,AREA,63.7032,REGIONAL SCALE,50 TO HUNDREDS KM,SLAMS,Al Dept Of Env Mgt,GENERAL/BACKGROUND,Y,,3,
2022-11-21,011190003,1,4.2,Parts per billion,6,"Ward, Sumter Co.",23,96,42401,Sulfur dioxide,100,INSTRUMENTAL - ULTRAVIOLET FLUORESCENCE,,,32.362606,-88.277992,AREA,63.7032,REGIONAL SCALE,50 TO HUNDREDS KM,SLAMS,Al Dept Of Env Mgt,GENERAL/BACKGROUND,Y,,3,
2022-11-22,011190003,1,2.8,Parts per billion,3,"Ward, Sumter Co.",23,96,42401,Sulfur dioxide,100,INSTRUMENTAL - ULTRAVIOLET FLUORESCENCE,,,32.362606,-88.277992,AREA,63.7032,REGIONAL SCALE,50 TO HUNDREDS KM,SLAMS,Al Dept Of Env Mgt,GENERAL/BACKGROUND,Y,,3,
2022-11-23,011190003,1,1.5,Parts per billion,1,"Ward, Sumter Co.",23,96,42401,Sulfur dioxide,100,INSTRUMENTAL - ULTRAVIOLET FLUORESCENCE,,,32.362606,-88.277992,AREA,63.7032,REGIONAL SCALE,50 TO HUNDREDS KM,SLAMS,Al Dept Of Env Mgt,GENERAL/BACKGROUND,Y,,3,
2022-11-28,011190003,1,1,Parts per billion,1,"Ward, Sumter Co.",23,96,42401,Sulfur dioxide,100,INSTRUMENTAL - ULTRAVIOLET FLUORESCENCE,,,32.362606,-88.277992,AREA,63.7032,REGIONAL SCALE,50 TO HUNDREDS KM,SLAMS,Al Dept Of Env Mgt,GENERAL/BACKGROUND,Y,,3,
2022-11-29,011190003,1,1.1,Parts per billion,1,"Ward, Sumter Co.",22,92,42401,Sulfur dioxide,100,INSTRUMENTAL - ULTRAVIOLET FLUORESCENCE,,,32.362606,-88.277992,AREA,63.7032,REGIONAL SCALE,50 TO HUNDREDS KM,SLAMS,Al Dept Of Env Mgt,GENERAL/BACKGROUND,Y,,3,
2022-11-30,011190003,1,0.8,Parts per billion,0,"Ward, Sumter Co.",23,96,42401,Sulfur dioxide,100,INSTRUMENTAL - ULTRAVIOLET FLUORESCENCE,,,32.362606,-88.277992,AREA,63.7032,REGIONAL SCALE,50 TO HUNDREDS KM,SLAMS,Al Dept Of Env Mgt,GENERAL/BACKGROUND,Y,,3,
2022-12-01,011190003,1,0.9,Parts per billion,0,"Ward, Sumter Co.",23,96,42401,Sulfur dioxide,100,INSTRUMENTAL - ULTRAVIOLET FLUORESCENCE,,,32.362606,-88.277992,AREA,63.7032,REGIONAL SCALE,50 TO HUNDREDS KM,SLAMS,Al Dept Of Env Mgt,GENERAL/BACKGROUND,Y,,3,
2022-12-02,011190003,1,1,Parts per billion,1,"Ward, Sumter Co.",23,96,42401,Sulfur dioxide,100,INSTRUMENTAL - ULTRAVIOLET FLUORESCENCE,,,32.362606,-88.277992,AREA,63.7032,REGIONAL SCALE,50 TO HUNDREDS KM,SLAMS,Al Dept Of Env Mgt,GENERAL/BACKGROUND,Y,,3,
2022-12-03,011190003,1,0.7,Parts per billion,0,"Ward, Sumter Co.",23,96,42401,Sulfur dioxide,100,INSTRUMENTAL - ULTRAVIOLET FLUORESCENCE,,,32.362606,-88.277992,AREA,63.7032,REGIONAL SCALE,50 TO HUNDREDS KM,SLAMS,Al Dept Of Env Mgt,GENERAL/BACKGROUND,Y,,3,
2022-12-04,011190003,1,0.7,Parts per billion,0,"Ward, Sumter Co.",23,96,42401,Sulfur dioxide,100,INSTRUMENTAL - ULTRAVIOLET FLUORESCENCE,,,32.362606,-88.277992,AREA,63.7032,REGIONAL SCALE,50 TO HUNDREDS KM,SLAMS,Al Dept Of Env Mgt,GENERAL/BACKGROUND,Y,,3,
2022-12-05,011190003,1,0.8,Parts per billion,0,"Ward, Sumter Co.",23,96,42401,Sulfur dioxide,100,INSTRUMENTAL - ULTRAVIOLET FLUORESCENCE,,,32.362606,-88.277992,AREA,63.7032,REGIONAL SCALE,50 TO HUNDREDS KM,SLAMS,Al Dept Of Env Mgt,GENERAL/BACKGROUND,Y,,3,
2022-12-06,011190003,1,0.8,Parts per billion,0,"Ward, Sumter Co.",23,96,42401,Sulfur dioxide,100,INSTRUMENTAL - ULTRAVIOLET FLUORESCENCE,,,32.362606,-88.277992,AREA,63.7032,REGIONAL SCALE,50 TO HUNDREDS KM,SLAMS,Al Dept Of Env Mgt,GENERAL/BACKGROUND,Y,,3,
2022-12-07,011190003,1,0.7,Parts per billion,0,"Ward, Sumter Co.",23,96,42401,Sulfur dioxide,100,INSTRUMENTAL - ULTRAVIOLET FLUORESCENCE,,,32.362606,-88.277992,AREA,63.7032,REGIONAL SCALE,50 TO HUNDREDS KM,SLAMS,Al Dept Of Env Mgt,GENERAL/BACKGROUND,Y,,3,
2022-12-08,011190003,1,1,Parts per billion,1,"Ward, Sumter Co.",23,96,42401,Sulfur dioxide,100,INSTRUMENTAL - ULTRAVIOLET FLUORESCENCE,,,32.362606,-88.277992,AREA,63.7032,REGIONAL SCALE,50 TO HUNDREDS KM,SLAMS,Al Dept Of Env Mgt,GENERAL/BACKGROUND,Y,,3,
2022-12-09,011190003,1,0.9,Parts per billion,0,"Ward, Sumter Co.",23,96,42401,Sulfur dioxide,100,INSTRUMENTAL - ULTRAVIOLET FLUORESCENCE,,,32.362606,-88.277992,AREA,63.7032,REGIONAL SCALE,50 TO HUNDREDS KM,SLAMS,Al Dept Of Env Mgt,GENERAL/BACKGROUND,Y,,3,
2022-12-10,011190003,1,0.9,Parts per billion,0,"Ward, Sumter Co.",23,96,42401,Sulfur dioxide,100,INSTRUMENTAL - ULTRAVIOLET FLUORESCENCE,,,32.362606,-88.277992,AREA,63.7032,REGIONAL SCALE,50 TO HUNDREDS KM,SLAMS,Al Dept Of Env Mgt,GENERAL/BACKGROUND,Y,,3,
2022-12-11,011190003,1,1.1,Parts per billion,1,"Ward, Sumter Co.",23,96,42401,Sulfur dioxide,100,INSTRUMENTAL - ULTRAVIOLET FLUORESCENCE,,,32.362606,-88.277992,AREA,63.7032,REGIONAL SCALE,50 TO HUNDREDS KM,SLAMS,Al Dept Of Env Mgt,GENERAL/BACKGROUND,Y,,3,
2022-12-12,011190003,1,0.8,Parts per billion,0,"Ward, Sumter Co.",23,96,42401,Sulfur dioxide,100,INSTRUMENTAL - ULTRAVIOLET FLUORESCENCE,,,32.362606,-88.277992,AREA,63.7032,REGIONAL SCALE,50 TO HUNDREDS KM,SLAMS,Al Dept Of Env Mgt,GENERAL/BACKGROUND,Y,,3,
2022-12-13,011190003,1,0.8,Parts per billion,0,"Ward, Sumter Co.",22,92,42401,Sulfur dioxide,100,INSTRUMENTAL - ULTRAVIOLET FLUORESCENCE,,,32.362606,-88.277992,AREA,63.7032,REGIONAL SCALE,50 TO HUNDREDS KM,SLAMS,Al Dept Of Env Mgt,GENERAL/BACKGROUND,Y,,3,
2022-12-14,011190003,1,0.7,Parts per billion,0,"Ward, Sumter Co.",23,96,42401,Sulfur dioxide,100,INSTRUMENTAL - ULTRAVIOLET FLUORESCENCE,,,32.362606,-88.277992,AREA,63.7032,REGIONAL SCALE,50 TO HUNDREDS KM,SLAMS,Al Dept Of Env Mgt,GENERAL/BACKGROUND,Y,,3,
2022-12-15,011190003,1,0.7,Parts per billion,0,"Ward, Sumter Co.",23,96,42401,Sulfur dioxide,100,INSTRUMENTAL - ULTRAVIOLET FLUORESCENCE,,,32.362606,-88.277992,AREA,63.7032,REGIONAL SCALE,50 TO HUNDREDS KM,SLAMS,Al Dept Of Env Mgt,GENERAL/BACKGROUND,Y,,3,
2022-12-16,011190003,1,1.1,Parts per billion,1,"Ward, Sumter Co.",23,96,42401,Sulfur dioxide,100,INSTRUMENTAL - ULTRAVIOLET FLUORESCENCE,,,32.362606,-88.277992,AREA,63.7032,REGIONAL SCALE,50 TO HUNDREDS KM,SLAMS,Al Dept Of Env Mgt,GENERAL/BACKGROUND,Y,,3,
2022-12-17,011190003,1,0.8,Parts per billion,0,"Ward, Sumter Co.",23,96,42401,Sulfur dioxide,100,INSTRUMENTAL - ULTRAVIOLET FLUORESCENCE,,,32.362606,-88.277992,AREA,63.7032,REGIONAL SCALE,50 TO HUNDREDS KM,SLAMS,Al Dept Of Env Mgt,GENERAL/BACKGROUND,Y,,3,
2022-12-18,011190003,1,0.9,Parts per billion,0,"Ward, Sumter Co.",23,96,42401,Sulfur dioxide,100,INSTRUMENTAL - ULTRAVIOLET FLUORESCENCE,,,32.362606,-88.277992,AREA,63.7032,REGIONAL SCALE,50 TO HUNDREDS KM,SLAMS,Al Dept Of Env Mgt,GENERAL/BACKGROUND,Y,,3,
2022-12-19,011190003,1,2,Parts per billion,3,"Ward, Sumter Co.",23,96,42401,Sulfur dioxide,100,INSTRUMENTAL - ULTRAVIOLET FLUORESCENCE,,,32.362606,-88.277992,AREA,63.7032,REGIONAL SCALE,50 TO HUNDREDS KM,SLAMS,Al Dept Of Env Mgt,GENERAL/BACKGROUND,Y,,3,
2022-12-20,011190003,1,1.3,Parts per billion,1,"Ward, Sumter Co.",23,96,42401,Sulfur dioxide,100,INSTRUMENTAL - ULTRAVIOLET FLUORESCENCE,,,32.362606,-88.277992,AREA,63.7032,REGIONAL SCALE,50 TO HUNDREDS KM,SLAMS,Al Dept Of Env Mgt,GENERAL/BACKGROUND,Y,,3,
2022-12-21,011190003,1,0.9,Parts per billion,0,"Ward, Sumter Co.",23,96,42401,Sulfur dioxide,100,INSTRUMENTAL - ULTRAVIOLET FLUORESCENCE,,,32.362606,-88.277992,AREA,63.7032,REGIONAL SCALE,50 TO HUNDREDS KM,SLAMS,Al Dept Of Env Mgt,GENERAL/BACKGROUND,Y,,3,
2022-12-22,011190003,1,0.9,Parts per billion,0,"Ward, Sumter Co.",23,96,42401,Sulfur dioxide,100,INSTRUMENTAL - ULTRAVIOLET FLUORESCENCE,,,32.362606,-88.277992,AREA,63.7032,REGIONAL SCALE,50 TO HUNDREDS KM,SLAMS,Al Dept Of Env Mgt,GENERAL/BACKGROUND,Y,,3,
2022-12-23,011190003,1,1,Parts per billion,1,"Ward, Sumter Co.",23,96,42401,Sulfur dioxide,100,INSTRUMENTAL - ULTRAVIOLET FLUORESCENCE,,,32.362606,-88.277992,AREA,63.7032,REGIONAL SCALE,50 TO HUNDREDS KM,SLAMS,Al Dept Of Env Mgt,GENERAL/BACKGROUND,Y,,3,
2022-12-24,011190003,1,0.9,Parts per billion,0,"Ward, Sumter Co.",23,96,42401,Sulfur dioxide,100,INSTRUMENTAL - ULTRAVIOLET FLUORESCENCE,,,32.362606,-88.277992,AREA,63.7032,REGIONAL SCALE,50 TO HUNDREDS KM,SLAMS,Al Dept Of Env Mgt,GENERAL/BACKGROUND,Y,,3,
2022-12-25,011190003,1,0.8,Parts per billion,0,"Ward, Sumter Co.",23,96,42401,Sulfur dioxide,100,INSTRUMENTAL - ULTRAVIOLET FLUORESCENCE,,,32.362606,-88.277992,AREA,63.7032,REGIONAL SCALE,50 TO HUNDREDS KM,SLAMS,Al Dept Of Env Mgt,GENERAL/BACKGROUND,Y,,3,
2022-12-26,011190003,1,0.8,Parts per billion,0,"Ward, Sumter Co.",23,96,42401,Sulfur dioxide,100,INSTRUMENTAL - ULTRAVIOLET FLUORESCENCE,,,32.362606,-88.277992,AREA,63.7032,REGIONAL SCALE,50 TO HUNDREDS KM,SLAMS,Al Dept Of Env Mgt,GENERAL/BACKGROUND,Y,,3,
2022-12-27,011190003,1,1.4,Parts per billion,1,"Ward, Sumter Co.",23,96,42401,Sulfur dioxide,100,INSTRUMENTAL - ULTRAVIOLET FLUORESCENCE,,,32.362606,-88.277992,AREA,63.7032,REGIONAL SCALE,50 TO HUNDREDS KM,SLAMS,Al Dept Of Env Mgt,GENERAL/BACKGROUND,Y,,3,
2022-12-28,011190003,1,1.1,Parts per billion,1,"Ward, Sumter Co.",22,92,42401,Sulfur dioxide,100,INSTRUMENTAL - ULTRAVIOLET FLUORESCENCE,,,32.362606,-88.277992,AREA,63.7032,REGIONAL SCALE,50 TO HUNDREDS KM,SLAMS,Al Dept Of Env Mgt,GENERAL/BACKGROUND,Y,,3,
2022-12-29,011190003,1,0.9,Parts per billion,0,"Ward, Sumter Co.",23,96,42401,Sulfur dioxide,100,INSTRUMENTAL - ULTRAVIOLET FLUORESCENCE,,,32.362606,-88.277992,AREA,63.7032,REGIONAL SCALE,50 TO HUNDREDS KM,SLAMS,Al Dept Of Env Mgt,GENERAL/BACKGROUND,Y,,3,
2022-12-30,011190003,1,0.8,Parts per billion,0,"Ward, Sumter Co.",23,96,42401,Sulfur dioxide,100,INSTRUMENTAL - ULTRAVIOLET FLUORESCENCE,,,32.362606,-88.277992,AREA,63.7032,REGIONAL SCALE,50 TO HUNDREDS KM,SLAMS,Al Dept Of Env Mgt,GENERAL/BACKGROUND,Y,,3,
2022-12-31,011190003,1,0.9,Parts per billion,0,"Ward, Sumter Co.",23,96,42401,Sulfur dioxide,100,INSTRUMENTAL - ULTRAVIOLET FLUORESCENCE,,,32.362606,-88.277992,AREA,63.7032,REGIONAL SCALE,50 TO HUNDREDS KM,SLAMS,Al Dept Of Env Mgt,GENERAL/BACKGROUND,Y,,3,
2023-01-01,011190003,1,1.5,Parts per billion,1,"Ward, Sumter Co.",23,96,42401,Sulfur dioxide,100,INSTRUMENTAL - ULTRAVIOLET FLUORESCENCE,,,32.362606,-88.277992,AREA,63.7032,REGIONAL SCALE,50 TO HUNDREDS KM,SLAMS,Al Dept Of Env Mgt,GENERAL/BACKGROUND,Y,,3,
2023-01-02,011190003,1,0.9,Parts per billion,0,"Ward, Sumter Co.",23,96,42401,Sulfur dioxide,100,INSTRUMENTAL - ULTRAVIOLET FLUORESCENCE,,,32.362606,-88.277992,AREA,63.7032,REGIONAL SCALE,50 TO HUNDREDS KM,SLAMS,Al Dept Of Env Mgt,GENERAL/BACKGROUND,Y,,3,
2023-01-03,011190003,1,0.9,Parts per billion,0,"Ward, Sumter Co.",23,96,42401,Sulfur dioxide,100,INSTRUMENTAL - ULTRAVIOLET FLUORESCENCE,,,32.362606,-88.277992,AREA,63.7032,REGIONAL SCALE,50 TO HUNDREDS KM,SLAMS,Al Dept Of Env Mgt,GENERAL/BACKGROUND,Y,,3,
2023-01-04,011190003,1,1,Parts per billion,1,"Ward, Sumter Co.",23,96,42401,Sulfur dioxide,100,INSTRUMENTAL - ULTRAVIOLET FLUORESCENCE,,,32.362606,-88.277992,AREA,63.7032,REGIONAL SCALE,50 TO HUNDREDS KM,SLAMS,Al Dept Of Env Mgt,GENERAL/BACKGROUND,Y,,3,
2023-01-05,011190003,1,1.2,Parts per billion,1,"Ward, Sumter Co.",23,96,42401,Sulfur dioxide,100,INSTRUMENTAL - ULTRAVIOLET FLUORESCENCE,,,32.362606,-88.277992,AREA,63.7032,REGIONAL SCALE,50 TO HUNDREDS KM,SLAMS,Al Dept Of Env Mgt,GENERAL/BACKGROUND,Y,,3,
2023-01-06,011190003,1,0.9,Parts per billion,0,"Ward, Sumter Co.",23,96,42401,Sulfur dioxide,100,INSTRUMENTAL - ULTRAVIOLET FLUORESCENCE,,,32.362606,-88.277992,AREA,63.7032,REGIONAL SCALE,50 TO HUNDREDS KM,SLAMS,Al Dept Of Env Mgt,GENERAL/BACKGROUND,Y,,3,
2023-01-07,011190003,1,1.1,Parts per billion,1,"Ward, Sumter Co.",23,96,42401,Sulfur dioxide,100,INSTRUMENTAL - ULTRAVIOLET FLUORESCENCE,,,32.362606,-88.277992,AREA,63.7032,REGIONAL SCALE,50 TO HUNDREDS KM,SLAMS,Al Dept Of Env Mgt,GENERAL/BACKGROUND,Y,,3,
2023-01-08,011190003,1,1,Parts per billion,1,"Ward, Sumter Co.",23,96,42401,Sulfur dioxide,100,INSTRUMENTAL - ULTRAVIOLET FLUORESCENCE,,,32.362606,-88.277992,AREA,63.7032,REGIONAL SCALE,50 TO HUNDREDS KM,SLAMS,Al Dept Of Env Mgt,GENERAL/BACKGROUND,Y,,3,
2023-01-09,011190003,1,1.7,Parts per billion,1,"Ward, Sumter Co.",23,96,42401,Sulfur dioxide,100,INSTRUMENTAL - ULTRAVIOLET FLUORESCENCE,,,32.362606,-88.277992,AREA,63.7032,REGIONAL SCALE,50 TO HUNDREDS KM,SLAMS,Al Dept Of Env Mgt,GENERAL/BACKGROUND,Y,,3,
2023-01-10,011190003,1,1.2,Parts per billion,1,"Ward, Sumter Co.",23,96,42401,Sulfur dioxide,100,INSTRUMENTAL - ULTRAVIOLET FLUORESCENCE,,,32.362606,-88.277992,AREA,63.7032,REGIONAL SCALE,50 TO HUNDREDS KM,SLAMS,Al Dept Of Env Mgt,GENERAL/BACKGROUND,Y,,3,
2023-01-11,011190003,1,1.2,Parts per billion,1,"Ward, Sumter Co.",23,96,42401,Sulfur dioxide,100,INSTRUMENTAL - ULTRAVIOLET FLUORESCENCE,,,32.362606,-88.277992,AREA,63.7032,REGIONAL SCALE,50 TO HUNDREDS KM,SLAMS,Al Dept Of Env Mgt,GENERAL/BACKGROUND,Y,,3,
2023-01-12,011190003,1,0.9,Parts per billion,0,"Ward, Sumter Co.",21,88,42401,Sulfur dioxide,100,INSTRUMENTAL - ULTRAVIOLET FLUORESCENCE,,,32.362606,-88.277992,AREA,63.7032,REGIONAL SCALE,50 TO HUNDREDS KM,SLAMS,Al Dept Of Env Mgt,GENERAL/BACKGROUND,Y,,3,
2023-01-14,011190003,1,0.7,Parts per billion,0,"Ward, Sumter Co.",23,96,42401,Sulfur dioxide,100,INSTRUMENTAL - ULTRAVIOLET FLUORESCENCE,,,32.362606,-88.277992,AREA,63.7032,REGIONAL SCALE,50 TO HUNDREDS KM,SLAMS,Al Dept Of Env Mgt,GENERAL/BACKGROUND,Y,,3,
2023-01-13,011190003,1,0.5,Parts per billion,0,"Ward, Sumter Co.",23,96,42401,Sulfur dioxide,100,INSTRUMENTAL - ULTRAVIOLET FLUORESCENCE,,,32.362606,-88.277992,AREA,63.7032,REGIONAL SCALE,50 TO HUNDREDS KM,SLAMS,Al Dept Of Env Mgt,GENERAL/BACKGROUND,Y,,3,
2023-01-15,011190003,1,1.1,Parts per billion,1,"Ward, Sumter Co.",23,96,42401,Sulfur dioxide,100,INSTRUMENTAL - ULTRAVIOLET FLUORESCENCE,,,32.362606,-88.277992,AREA,63.7032,REGIONAL SCALE,50 TO HUNDREDS KM,SLAMS,Al Dept Of Env Mgt,GENERAL/BACKGROUND,Y,,3,
2023-01-16,011190003,1,1.1,Parts per billion,1,"Ward, Sumter Co.",23,96,42401,Sulfur dioxide,100,INSTRUMENTAL - ULTRAVIOLET FLUORESCENCE,,,32.362606,-88.277992,AREA,63.7032,REGIONAL SCALE,50 TO HUNDREDS KM,SLAMS,Al Dept Of Env Mgt,GENERAL/BACKGROUND,Y,,3,
2023-01-17,011190003,1,1,Parts per billion,1,"Ward, Sumter Co.",23,96,42401,Sulfur dioxide,100,INSTRUMENTAL - ULTRAVIOLET FLUORESCENCE,,,32.362606,-88.277992,AREA,63.7032,REGIONAL SCALE,50 TO HUNDREDS KM,SLAMS,Al Dept Of Env Mgt,GENERAL/BACKGROUND,Y,,3,
2023-01-18,011190003,1,2.1,Parts per billion,3,"Ward, Sumter Co.",23,96,42401,Sulfur dioxide,100,INSTRUMENTAL - ULTRAVIOLET FLUORESCENCE,,,32.362606,-88.277992,AREA,63.7032,REGIONAL SCALE,50 TO HUNDREDS KM,SLAMS,Al Dept Of Env Mgt,GENERAL/BACKGROUND,Y,,3,
2023-01-19,011190003,1,0.9,Parts per billion,0,"Ward, Sumter Co.",23,96,42401,Sulfur dioxide,100,INSTRUMENTAL - ULTRAVIOLET FLUORESCENCE,,,32.362606,-88.277992,AREA,63.7032,REGIONAL SCALE,50 TO HUNDREDS KM,SLAMS,Al Dept Of Env Mgt,GENERAL/BACKGROUND,Y,,3,
2023-01-20,011190003,1,0.7,Parts per billion,0,"Ward, Sumter Co.",23,96,42401,Sulfur dioxide,100,INSTRUMENTAL - ULTRAVIOLET FLUORESCENCE,,,32.362606,-88.277992,AREA,63.7032,REGIONAL SCALE,50 TO HUNDREDS KM,SLAMS,Al Dept Of Env Mgt,GENERAL/BACKGROUND,Y,,3,
2023-01-21,011190003,1,1.4,Parts per billion,1,"Ward, Sumter Co.",23,96,42401,Sulfur dioxide,100,INSTRUMENTAL - ULTRAVIOLET FLUORESCENCE,,,32.362606,-88.277992,AREA,63.7032,REGIONAL SCALE,50 TO HUNDREDS KM,SLAMS,Al Dept Of Env Mgt,GENERAL/BACKGROUND,Y,,3,
2023-01-22,011190003,1,1,Parts per billion,1,"Ward, Sumter Co.",23,96,42401,Sulfur dioxide,100,INSTRUMENTAL - ULTRAVIOLET FLUORESCENCE,,,32.362606,-88.277992,AREA,63.7032,REGIONAL SCALE,50 TO HUNDREDS KM,SLAMS,Al Dept Of Env Mgt,GENERAL/BACKGROUND,Y,,3,
2023-01-23,011190003,1,1.2,Parts per billion,1,"Ward, Sumter Co.",23,96,42401,Sulfur dioxide,100,INSTRUMENTAL - ULTRAVIOLET FLUORESCENCE,,,32.362606,-88.277992,AREA,63.7032,REGIONAL SCALE,50 TO HUNDREDS KM,SLAMS,Al Dept Of Env Mgt,GENERAL/BACKGROUND,Y,,3,
2023-01-24,011190003,1,1.3,Parts per billion,1,"Ward, Sumter Co.",23,96,42401,Sulfur dioxide,100,INSTRUMENTAL - ULTRAVIOLET FLUORESCENCE,,,32.362606,-88.277992,AREA,63.7032,REGIONAL SCALE,50 TO HUNDREDS KM,SLAMS,Al Dept Of Env Mgt,GENERAL/BACKGROUND,Y,,3,
2023-01-25,011190003,1,1.1,Parts per billion,1,"Ward, Sumter Co.",23,96,42401,Sulfur dioxide,100,INSTRUMENTAL - ULTRAVIOLET FLUORESCENCE,,,32.362606,-88.277992,AREA,63.7032,REGIONAL SCALE,50 TO HUNDREDS KM,SLAMS,Al Dept Of Env Mgt,GENERAL/BACKGROUND,Y,,3,
2023-01-26,011190003,1,0.8,Parts per billion,0,"Ward, Sumter Co.",22,92,42401,Sulfur dioxide,100,INSTRUMENTAL - ULTRAVIOLET FLUORESCENCE,,,32.362606,-88.277992,AREA,63.7032,REGIONAL SCALE,50 TO HUNDREDS KM,SLAMS,Al Dept Of Env Mgt,GENERAL/BACKGROUND,Y,,3,
2023-01-27,011190003,1,0.8,Parts per billion,0,"Ward, Sumter Co.",23,96,42401,Sulfur dioxide,100,INSTRUMENTAL - ULTRAVIOLET FLUORESCENCE,,,32.362606,-88.277992,AREA,63.7032,REGIONAL SCALE,50 TO HUNDREDS KM,SLAMS,Al Dept Of Env Mgt,GENERAL/BACKGROUND,Y,,3,
2023-01-28,011190003,1,1.6,Parts per billion,1,"Ward, Sumter Co.",23,96,42401,Sulfur dioxide,100,INSTRUMENTAL - ULTRAVIOLET FLUORESCENCE,,,32.362606,-88.277992,AREA,63.7032,REGIONAL SCALE,50 TO HUNDREDS KM,SLAMS,Al Dept Of Env Mgt,GENERAL/BACKGROUND,Y,,3,
2023-01-29,011190003,1,1,Parts per billion,1,"Ward, Sumter Co.",23,96,42401,Sulfur dioxide,100,INSTRUMENTAL - ULTRAVIOLET FLUORESCENCE,,,32.362606,-88.277992,AREA,63.7032,REGIONAL SCALE,50 TO HUNDREDS KM,SLAMS,Al Dept Of Env Mgt,GENERAL/BACKGROUND,Y,,3,
2023-01-30,011190003,1,1,Parts per billion,1,"Ward, Sumter Co.",23,96,42401,Sulfur dioxide,100,INSTRUMENTAL - ULTRAVIOLET FLUORESCENCE,,,32.362606,-88.277992,AREA,63.7032,REGIONAL SCALE,50 TO HUNDREDS KM,SLAMS,Al Dept Of Env Mgt,GENERAL/BACKGROUND,Y,,3,
2023-02-01,011190003,1,0.9,Parts per billion,0,"Ward, Sumter Co.",23,96,42401,Sulfur dioxide,100,INSTRUMENTAL - ULTRAVIOLET FLUORESCENCE,,,32.362606,-88.277992,AREA,63.7032,REGIONAL SCALE,50 TO HUNDREDS KM,SLAMS,Al Dept Of Env Mgt,GENERAL/BACKGROUND,Y,,3,
2023-01-31,011190003,1,1,Parts per billion,1,"Ward, Sumter Co.",23,96,42401,Sulfur dioxide,100,INSTRUMENTAL - ULTRAVIOLET FLUORESCENCE,,,32.362606,-88.277992,AREA,63.7032,REGIONAL SCALE,50 TO HUNDREDS KM,SLAMS,Al Dept Of Env Mgt,GENERAL/BACKGROUND,Y,,3,
2023-02-02,011190003,1,0.8,Parts per billion,0,"Ward, Sumter Co.",24,100,42401,Sulfur dioxide,100,INSTRUMENTAL - ULTRAVIOLET FLUORESCENCE,,,32.362606,-88.277992,AREA,63.7032,REGIONAL SCALE,50 TO HUNDREDS KM,SLAMS,Al Dept Of Env Mgt,GENERAL/BACKGROUND,Y,,3,
2023-02-03,011190003,1,1.1,Parts per billion,1,"Ward, Sumter Co.",24,100,42401,Sulfur dioxide,100,INSTRUMENTAL - ULTRAVIOLET FLUORESCENCE,,,32.362606,-88.277992,AREA,63.7032,REGIONAL SCALE,50 TO HUNDREDS KM,SLAMS,Al Dept Of Env Mgt,GENERAL/BACKGROUND,Y,,3,
2023-02-04,011190003,1,0.9,Parts per billion,0,"Ward, Sumter Co.",24,100,42401,Sulfur dioxide,100,INSTRUMENTAL - ULTRAVIOLET FLUORESCENCE,,,32.362606,-88.277992,AREA,63.7032,REGIONAL SCALE,50 TO HUNDREDS KM,SLAMS,Al Dept Of Env Mgt,GENERAL/BACKGROUND,Y,,3,
2023-02-05,011190003,1,1,Parts per billion,1,"Ward, Sumter Co.",24,100,42401,Sulfur dioxide,100,INSTRUMENTAL - ULTRAVIOLET FLUORESCENCE,,,32.362606,-88.277992,AREA,63.7032,REGIONAL SCALE,50 TO HUNDREDS KM,SLAMS,Al Dept Of Env Mgt,GENERAL/BACKGROUND,Y,,3,
2023-02-06,011190003,1,1.3,Parts per billion,1,"Ward, Sumter Co.",24,100,42401,Sulfur dioxide,100,INSTRUMENTAL - ULTRAVIOLET FLUORESCENCE,,,32.362606,-88.277992,AREA,63.7032,REGIONAL SCALE,50 TO HUNDREDS KM,SLAMS,Al Dept Of Env Mgt,GENERAL/BACKGROUND,Y,,3,
2023-02-07,011190003,1,1,Parts per billion,1,"Ward, Sumter Co.",22,92,42401,Sulfur dioxide,100,INSTRUMENTAL - ULTRAVIOLET FLUORESCENCE,,,32.362606,-88.277992,AREA,63.7032,REGIONAL SCALE,50 TO HUNDREDS KM,SLAMS,Al Dept Of Env Mgt,GENERAL/BACKGROUND,Y,,3,
2023-02-08,011190003,1,0.8,Parts per billion,0,"Ward, Sumter Co.",23,96,42401,Sulfur dioxide,100,INSTRUMENTAL - ULTRAVIOLET FLUORESCENCE,,,32.362606,-88.277992,AREA,63.7032,REGIONAL SCALE,50 TO HUNDREDS KM,SLAMS,Al Dept Of Env Mgt,GENERAL/BACKGROUND,Y,,3,
2023-02-09,011190003,1,0.8,Parts per billion,0,"Ward, Sumter Co.",23,96,42401,Sulfur dioxide,100,INSTRUMENTAL - ULTRAVIOLET FLUORESCENCE,,,32.362606,-88.277992,AREA,63.7032,REGIONAL SCALE,50 TO HUNDREDS KM,SLAMS,Al Dept Of Env Mgt,GENERAL/BACKGROUND,Y,,3,
2023-02-10,011190003,1,1.3,Parts per billion,1,"Ward, Sumter Co.",23,96,42401,Sulfur dioxide,100,INSTRUMENTAL - ULTRAVIOLET FLUORESCENCE,,,32.362606,-88.277992,AREA,63.7032,REGIONAL SCALE,50 TO HUNDREDS KM,SLAMS,Al Dept Of Env Mgt,GENERAL/BACKGROUND,Y,,3,
2023-02-11,011190003,1,0.8,Parts per billion,0,"Ward, Sumter Co.",23,96,42401,Sulfur dioxide,100,INSTRUMENTAL - ULTRAVIOLET FLUORESCENCE,,,32.362606,-88.277992,AREA,63.7032,REGIONAL SCALE,50 TO HUNDREDS KM,SLAMS,Al Dept Of Env Mgt,GENERAL/BACKGROUND,Y,,3,
2023-02-12,011190003,1,0.9,Parts per billion,0,"Ward, Sumter Co.",23,96,42401,Sulfur dioxide,100,INSTRUMENTAL - ULTRAVIOLET FLUORESCENCE,,,32.362606,-88.277992,AREA,63.7032,REGIONAL SCALE,50 TO HUNDREDS KM,SLAMS,Al Dept Of Env Mgt,GENERAL/BACKGROUND,Y,,3,
2023-02-13,011190003,1,1.2,Parts per billion,1,"Ward, Sumter Co.",23,96,42401,Sulfur dioxide,100,INSTRUMENTAL - ULTRAVIOLET FLUORESCENCE,,,32.362606,-88.277992,AREA,63.7032,REGIONAL SCALE,50 TO HUNDREDS KM,SLAMS,Al Dept Of Env Mgt,GENERAL/BACKGROUND,Y,,3,
2023-02-14,011190003,1,1.4,Parts per billion,1,"Ward, Sumter Co.",23,96,42401,Sulfur dioxide,100,INSTRUMENTAL - ULTRAVIOLET FLUORESCENCE,,,32.362606,-88.277992,AREA,63.7032,REGIONAL SCALE,50 TO HUNDREDS KM,SLAMS,Al Dept Of Env Mgt,GENERAL/BACKGROUND,Y,,3,
2023-02-15,011190003,1,1.2,Parts per billion,1,"Ward, Sumter Co.",23,96,42401,Sulfur dioxide,100,INSTRUMENTAL - ULTRAVIOLET FLUORESCENCE,,,32.362606,-88.277992,AREA,63.7032,REGIONAL SCALE,50 TO HUNDREDS KM,SLAMS,Al Dept Of Env Mgt,GENERAL/BACKGROUND,Y,,3,
2023-02-16,011190003,1,0.9,Parts per billion,0,"Ward, Sumter Co.",23,96,42401,Sulfur dioxide,100,INSTRUMENTAL - ULTRAVIOLET FLUORESCENCE,,,32.362606,-88.277992,AREA,63.7032,REGIONAL SCALE,50 TO HUNDREDS KM,SLAMS,Al Dept Of Env Mgt,GENERAL/BACKGROUND,Y,,3,
2023-02-17,011190003,1,0.7,Parts per billion,0,"Ward, Sumter Co.",23,96,42401,Sulfur dioxide,100,INSTRUMENTAL - ULTRAVIOLET FLUORESCENCE,,,32.362606,-88.277992,AREA,63.7032,REGIONAL SCALE,50 TO HUNDREDS KM,SLAMS,Al Dept Of Env Mgt,GENERAL/BACKGROUND,Y,,3,
2023-02-18,011190003,1,0.9,Parts per billion,0,"Ward, Sumter Co.",23,96,42401,Sulfur dioxide,100,INSTRUMENTAL - ULTRAVIOLET FLUORESCENCE,,,32.362606,-88.277992,AREA,63.7032,REGIONAL SCALE,50 TO HUNDREDS KM,SLAMS,Al Dept Of Env Mgt,GENERAL/BACKGROUND,Y,,3,
2023-02-19,011190003,1,1.2,Parts per billion,1,"Ward, Sumter Co.",23,96,42401,Sulfur dioxide,100,INSTRUMENTAL - ULTRAVIOLET FLUORESCENCE,,,32.362606,-88.277992,AREA,63.7032,REGIONAL SCALE,50 TO HUNDREDS KM,SLAMS,Al Dept Of Env Mgt,GENERAL/BACKGROUND,Y,,3,
2023-02-20,011190003,1,1.1,Parts per billion,1,"Ward, Sumter Co.",23,96,42401,Sulfur dioxide,100,INSTRUMENTAL - ULTRAVIOLET FLUORESCENCE,,,32.362606,-88.277992,AREA,63.7032,REGIONAL SCALE,50 TO HUNDREDS KM,SLAMS,Al Dept Of Env Mgt,GENERAL/BACKGROUND,Y,,3,
2023-02-21,011190003,1,1.1,Parts per billion,1,"Ward, Sumter Co.",22,92,42401,Sulfur dioxide,100,INSTRUMENTAL - ULTRAVIOLET FLUORESCENCE,,,32.362606,-88.277992,AREA,63.7032,REGIONAL SCALE,50 TO HUNDREDS KM,SLAMS,Al Dept Of Env Mgt,GENERAL/BACKGROUND,Y,,3,
2023-02-22,011190003,1,1.1,Parts per billion,1,"Ward, Sumter Co.",23,96,42401,Sulfur dioxide,100,INSTRUMENTAL - ULTRAVIOLET FLUORESCENCE,,,32.362606,-88.277992,AREA,63.7032,REGIONAL SCALE,50 TO HUNDREDS KM,SLAMS,Al Dept Of Env Mgt,GENERAL/BACKGROUND,Y,,3,
2023-02-23,011190003,1,1.2,Parts per billion,1,"Ward, Sumter Co.",23,96,42401,Sulfur dioxide,100,INSTRUMENTAL - ULTRAVIOLET FLUORESCENCE,,,32.362606,-88.277992,AREA,63.7032,REGIONAL SCALE,50 TO HUNDREDS KM,SLAMS,Al Dept Of Env Mgt,GENERAL/BACKGROUND,Y,,3,
2023-02-24,011190003,1,1.3,Parts per billion,1,"Ward, Sumter Co.",23,96,42401,Sulfur dioxide,100,INSTRUMENTAL - ULTRAVIOLET FLUORESCENCE,,,32.362606,-88.277992,AREA,63.7032,REGIONAL SCALE,50 TO HUNDREDS KM,SLAMS,Al Dept Of Env Mgt,GENERAL/BACKGROUND,Y,,3,
2023-02-25,011190003,1,1.3,Parts per billion,1,"Ward, Sumter Co.",23,96,42401,Sulfur dioxide,100,INSTRUMENTAL - ULTRAVIOLET FLUORESCENCE,,,32.362606,-88.277992,AREA,63.7032,REGIONAL SCALE,50 TO HUNDREDS KM,SLAMS,Al Dept Of Env Mgt,GENERAL/BACKGROUND,Y,,3,
2023-02-26,011190003,1,1.2,Parts per billion,1,"Ward, Sumter Co.",23,96,42401,Sulfur dioxide,100,INSTRUMENTAL - ULTRAVIOLET FLUORESCENCE,,,32.362606,-88.277992,AREA,63.7032,REGIONAL SCALE,50 TO HUNDREDS KM,SLAMS,Al Dept Of Env Mgt,GENERAL/BACKGROUND,Y,,3,
2023-02-27,011190003,1,1.1,Parts per billion,1,"Ward, Sumter Co.",23,96,42401,Sulfur dioxide,100,INSTRUMENTAL - ULTRAVIOLET FLUORESCENCE,,,32.362606,-88.277992,AREA,63.7032,REGIONAL SCALE,50 TO HUNDREDS KM,SLAMS,Al Dept Of Env Mgt,GENERAL/BACKGROUND,Y,,3,
2023-02-28,011190003,1,1.1,Parts per billion,1,"Ward, Sumter Co.",23,96,42401,Sulfur dioxide,100,INSTRUMENTAL - ULTRAVIOLET FLUORESCENCE,,,32.362606,-88.277992,AREA,63.7032,REGIONAL SCALE,50 TO HUNDREDS KM,SLAMS,Al Dept Of Env Mgt,GENERAL/BACKGROUND,Y,,3,
2023-03-01,011190003,1,1.2,Parts per billion,1,"Ward, Sumter Co.",23,96,42401,Sulfur dioxide,100,INSTRUMENTAL - ULTRAVIOLET FLUORESCENCE,,,32.362606,-88.277992,AREA,63.7032,REGIONAL SCALE,50 TO HUNDREDS KM,SLAMS,Al Dept Of Env Mgt,GENERAL/BACKGROUND,Y,,3,
2023-03-02,011190003,1,1.2,Parts per billion,1,"Ward, Sumter Co.",23,96,42401,Sulfur dioxide,100,INSTRUMENTAL - ULTRAVIOLET FLUORESCENCE,,,32.362606,-88.277992,AREA,63.7032,REGIONAL SCALE,50 TO HUNDREDS KM,SLAMS,Al Dept Of Env Mgt,GENERAL/BACKGROUND,Y,,3,
2023-03-03,011190003,1,1.4,Parts per billion,1,"Ward, Sumter Co.",23,96,42401,Sulfur dioxide,100,INSTRUMENTAL - ULTRAVIOLET FLUORESCENCE,,,32.362606,-88.277992,AREA,63.7032,REGIONAL SCALE,50 TO HUNDREDS KM,SLAMS,Al Dept Of Env Mgt,GENERAL/BACKGROUND,Y,,3,
2023-03-04,011190003,1,1.1,Parts per billion,1,"Ward, Sumter Co.",23,96,42401,Sulfur dioxide,100,INSTRUMENTAL - ULTRAVIOLET FLUORESCENCE,,,32.362606,-88.277992,AREA,63.7032,REGIONAL SCALE,50 TO HUNDREDS KM,SLAMS,Al Dept Of Env Mgt,GENERAL/BACKGROUND,Y,,3,
2023-03-05,011190003,1,1.5,Parts per billion,1,"Ward, Sumter Co.",23,96,42401,Sulfur dioxide,100,INSTRUMENTAL - ULTRAVIOLET FLUORESCENCE,,,32.362606,-88.277992,AREA,63.7032,REGIONAL SCALE,50 TO HUNDREDS KM,SLAMS,Al Dept Of Env Mgt,GENERAL/BACKGROUND,Y,,3,
2023-03-06,011190003,1,2,Parts per billion,3,"Ward, Sumter Co.",23,96,42401,Sulfur dioxide,100,INSTRUMENTAL - ULTRAVIOLET FLUORESCENCE,,,32.362606,-88.277992,AREA,63.7032,REGIONAL SCALE,50 TO HUNDREDS KM,SLAMS,Al Dept Of Env Mgt,GENERAL/BACKGROUND,Y,,3,
2023-03-07,011190003,1,1.3,Parts per billion,1,"Ward, Sumter Co.",23,96,42401,Sulfur dioxide,100,INSTRUMENTAL - ULTRAVIOLET FLUORESCENCE,,,32.362606,-88.277992,AREA,63.7032,REGIONAL SCALE,50 TO HUNDREDS KM,SLAMS,Al Dept Of Env Mgt,GENERAL/BACKGROUND,Y,,3,
2023-03-08,011190003,1,2.3,Parts per billion,3,"Ward, Sumter Co.",23,96,42401,Sulfur dioxide,100,INSTRUMENTAL - ULTRAVIOLET FLUORESCENCE,,,32.362606,-88.277992,AREA,63.7032,REGIONAL SCALE,50 TO HUNDREDS KM,SLAMS,Al Dept Of Env Mgt,GENERAL/BACKGROUND,Y,,3,
2023-03-09,011190003,1,2.2,Parts per billion,3,"Ward, Sumter Co.",22,92,42401,Sulfur dioxide,100,INSTRUMENTAL - ULTRAVIOLET FLUORESCENCE,,,32.362606,-88.277992,AREA,63.7032,REGIONAL SCALE,50 TO HUNDREDS KM,SLAMS,Al Dept Of Env Mgt,GENERAL/BACKGROUND,Y,,3,
2023-03-10,011190003,1,1.4,Parts per billion,1,"Ward, Sumter Co.",23,96,42401,Sulfur dioxide,100,INSTRUMENTAL - ULTRAVIOLET FLUORESCENCE,,,32.362606,-88.277992,AREA,63.7032,REGIONAL SCALE,50 TO HUNDREDS KM,SLAMS,Al Dept Of Env Mgt,GENERAL/BACKGROUND,Y,,3,
2023-03-11,011190003,1,1.8,Parts per billion,1,"Ward, Sumter Co.",23,96,42401,Sulfur dioxide,100,INSTRUMENTAL - ULTRAVIOLET FLUORESCENCE,,,32.362606,-88.277992,AREA,63.7032,REGIONAL SCALE,50 TO HUNDREDS KM,SLAMS,Al Dept Of Env Mgt,GENERAL/BACKGROUND,Y,,3,
2023-03-12,011190003,1,1.2,Parts per billion,1,"Ward, Sumter Co.",23,96,42401,Sulfur dioxide,100,INSTRUMENTAL - ULTRAVIOLET FLUORESCENCE,,,32.362606,-88.277992,AREA,63.7032,REGIONAL SCALE,50 TO HUNDREDS KM,SLAMS,Al Dept Of Env Mgt,GENERAL/BACKGROUND,Y,,3,
2023-03-13,011190003,1,1,Parts per billion,1,"Ward, Sumter Co.",23,96,42401,Sulfur dioxide,100,INSTRUMENTAL - ULTRAVIOLET FLUORESCENCE,,,32.362606,-88.277992,AREA,63.7032,REGIONAL SCALE,50 TO HUNDREDS KM,SLAMS,Al Dept Of Env Mgt,GENERAL/BACKGROUND,Y,,3,
2023-03-14,011190003,1,1.4,Parts per billion,1,"Ward, Sumter Co.",23,96,42401,Sulfur dioxide,100,INSTRUMENTAL - ULTRAVIOLET FLUORESCENCE,,,32.362606,-88.277992,AREA,63.7032,REGIONAL SCALE,50 TO HUNDREDS KM,SLAMS,Al Dept Of Env Mgt,GENERAL/BACKGROUND,Y,,3,
2023-03-15,011190003,1,1.1,Parts per billion,1,"Ward, Sumter Co.",23,96,42401,Sulfur dioxide,100,INSTRUMENTAL - ULTRAVIOLET FLUORESCENCE,,,32.362606,-88.277992,AREA,63.7032,REGIONAL SCALE,50 TO HUNDREDS KM,SLAMS,Al Dept Of Env Mgt,GENERAL/BACKGROUND,Y,,3,
2023-03-16,011190003,1,1.3,Parts per billion,1,"Ward, Sumter Co.",23,96,42401,Sulfur dioxide,100,INSTRUMENTAL - ULTRAVIOLET FLUORESCENCE,,,32.362606,-88.277992,AREA,63.7032,REGIONAL SCALE,50 TO HUNDREDS KM,SLAMS,Al Dept Of Env Mgt,GENERAL/BACKGROUND,Y,,3,
2023-03-17,011190003,1,1.2,Parts per billion,1,"Ward, Sumter Co.",23,96,42401,Sulfur dioxide,100,INSTRUMENTAL - ULTRAVIOLET FLUORESCENCE,,,32.362606,-88.277992,AREA,63.7032,REGIONAL SCALE,50 TO HUNDREDS KM,SLAMS,Al Dept Of Env Mgt,GENERAL/BACKGROUND,Y,,3,
2023-03-18,011190003,1,1.3,Parts per billion,1,"Ward, Sumter Co.",23,96,42401,Sulfur dioxide,100,INSTRUMENTAL - ULTRAVIOLET FLUORESCENCE,,,32.362606,-88.277992,AREA,63.7032,REGIONAL SCALE,50 TO HUNDREDS KM,SLAMS,Al Dept Of Env Mgt,GENERAL/BACKGROUND,Y,,3,
2023-03-19,011190003,1,1,Parts per billion,1,"Ward, Sumter Co.",23,96,42401,Sulfur dioxide,100,INSTRUMENTAL - ULTRAVIOLET FLUORESCENCE,,,32.362606,-88.277992,AREA,63.7032,REGIONAL SCALE,50 TO HUNDREDS KM,SLAMS,Al Dept Of Env Mgt,GENERAL/BACKGROUND,Y,,3,
2023-03-21,011190003,1,1.9,Parts per billion,1,"Ward, Sumter Co.",22,92,42401,Sulfur dioxide,100,INSTRUMENTAL - ULTRAVIOLET FLUORESCENCE,,,32.362606,-88.277992,AREA,63.7032,REGIONAL SCALE,50 TO HUNDREDS KM,SLAMS,Al Dept Of Env Mgt,GENERAL/BACKGROUND,Y,,3,
2023-03-20,011190003,1,1.7,Parts per billion,1,"Ward, Sumter Co.",23,96,42401,Sulfur dioxide,100,INSTRUMENTAL - ULTRAVIOLET FLUORESCENCE,,,32.362606,-88.277992,AREA,63.7032,REGIONAL SCALE,50 TO HUNDREDS KM,SLAMS,Al Dept Of Env Mgt,GENERAL/BACKGROUND,Y,,3,
2023-03-22,011190003,1,1.2,Parts per billion,1,"Ward, Sumter Co.",23,96,42401,Sulfur dioxide,100,INSTRUMENTAL - ULTRAVIOLET FLUORESCENCE,,,32.362606,-88.277992,AREA,63.7032,REGIONAL SCALE,50 TO HUNDREDS KM,SLAMS,Al Dept Of Env Mgt,GENERAL/BACKGROUND,Y,,3,
2023-03-23,011190003,1,1.2,Parts per billion,1,"Ward, Sumter Co.",23,96,42401,Sulfur dioxide,100,INSTRUMENTAL - ULTRAVIOLET FLUORESCENCE,,,32.362606,-88.277992,AREA,63.7032,REGIONAL SCALE,50 TO HUNDREDS KM,SLAMS,Al Dept Of Env Mgt,GENERAL/BACKGROUND,Y,,3,
2023-03-24,011190003,1,1.1,Parts per billion,1,"Ward, Sumter Co.",23,96,42401,Sulfur dioxide,100,INSTRUMENTAL - ULTRAVIOLET FLUORESCENCE,,,32.362606,-88.277992,AREA,63.7032,REGIONAL SCALE,50 TO HUNDREDS KM,SLAMS,Al Dept Of Env Mgt,GENERAL/BACKGROUND,Y,,3,
2023-03-25,011190003,1,1.1,Parts per billion,1,"Ward, Sumter Co.",23,96,42401,Sulfur dioxide,100,INSTRUMENTAL - ULTRAVIOLET FLUORESCENCE,,,32.362606,-88.277992,AREA,63.7032,REGIONAL SCALE,50 TO HUNDREDS KM,SLAMS,Al Dept Of Env Mgt,GENERAL/BACKGROUND,Y,,3,
2023-03-26,011190003,1,1.2,Parts per billion,1,"Ward, Sumter Co.",23,96,42401,Sulfur dioxide,100,INSTRUMENTAL - ULTRAVIOLET FLUORESCENCE,,,32.362606,-88.277992,AREA,63.7032,REGIONAL SCALE,50 TO HUNDREDS KM,SLAMS,Al Dept Of Env Mgt,GENERAL/BACKGROUND,Y,,3,
2023-03-27,011190003,1,1.5,Parts per billion,1,"Ward, Sumter Co.",23,96,42401,Sulfur dioxide,100,INSTRUMENTAL - ULTRAVIOLET FLUORESCENCE,,,32.362606,-88.277992,AREA,63.7032,REGIONAL SCALE,50 TO HUNDREDS KM,SLAMS,Al Dept Of Env Mgt,GENERAL/BACKGROUND,Y,,3,
2023-03-28,011190003,1,1.3,Parts per billion,1,"Ward, Sumter Co.",23,96,42401,Sulfur dioxide,100,INSTRUMENTAL - ULTRAVIOLET FLUORESCENCE,,,32.362606,-88.277992,AREA,63.7032,REGIONAL SCALE,50 TO HUNDREDS KM,SLAMS,Al Dept Of Env Mgt,GENERAL/BACKGROUND,Y,,3,
2023-03-29,011190003,1,1.5,Parts per billion,1,"Ward, Sumter Co.",23,96,42401,Sulfur dioxide,100,INSTRUMENTAL - ULTRAVIOLET FLUORESCENCE,,,32.362606,-88.277992,AREA,63.7032,REGIONAL SCALE,50 TO HUNDREDS KM,SLAMS,Al Dept Of Env Mgt,GENERAL/BACKGROUND,Y,,3,
2023-03-30,011190003,1,2.3,Parts per billion,3,"Ward, Sumter Co.",23,96,42401,Sulfur dioxide,100,INSTRUMENTAL - ULTRAVIOLET FLUORESCENCE,,,32.362606,-88.277992,AREA,63.7032,REGIONAL SCALE,50 TO HUNDREDS KM,SLAMS,Al Dept Of Env Mgt,GENERAL/BACKGROUND,Y,,3,
2023-03-31,011190003,1,1.1,Parts per billion,1,"Ward, Sumter Co.",23,96,42401,Sulfur dioxide,100,INSTRUMENTAL - ULTRAVIOLET FLUORESCENCE,,,32.362606,-88.277992,AREA,63.7032,REGIONAL SCALE,50 TO HUNDREDS KM,SLAMS,Al Dept Of Env Mgt,GENERAL/BACKGROUND,Y,,3,
2023-04-01,011190003,1,1.1,Parts per billion,1,"Ward, Sumter Co.",23,96,42401,Sulfur dioxide,100,INSTRUMENTAL - ULTRAVIOLET FLUORESCENCE,,,32.362606,-88.277992,AREA,63.7032,REGIONAL SCALE,50 TO HUNDREDS KM,SLAMS,Al Dept Of Env Mgt,GENERAL/BACKGROUND,Y,,3,
2023-04-02,011190003,1,1.4,Parts per billion,1,"Ward, Sumter Co.",23,96,42401,Sulfur dioxide,100,INSTRUMENTAL - ULTRAVIOLET FLUORESCENCE,,,32.362606,-88.277992,AREA,63.7032,REGIONAL SCALE,50 TO HUNDREDS KM,SLAMS,Al Dept Of Env Mgt,GENERAL/BACKGROUND,Y,,3,
2023-04-03,011190003,1,1.2,Parts per billion,1,"Ward, Sumter Co.",19,79,42401,Sulfur dioxide,100,INSTRUMENTAL - ULTRAVIOLET FLUORESCENCE,,,32.362606,-88.277992,AREA,63.7032,REGIONAL SCALE,50 TO HUNDREDS KM,SLAMS,Al Dept Of Env Mgt,GENERAL/BACKGROUND,Y,,3,
2023-04-04,011190003,1,1.1,Parts per billion,1,"Ward, Sumter Co.",18,75,42401,Sulfur dioxide,100,INSTRUMENTAL - ULTRAVIOLET FLUORESCENCE,,,32.362606,-88.277992,AREA,63.7032,REGIONAL SCALE,50 TO HUNDREDS KM,SLAMS,Al Dept Of Env Mgt,GENERAL/BACKGROUND,Y,,3,
2023-04-05,011190003,1,1.1,Parts per billion,1,"Ward, Sumter Co.",23,96,42401,Sulfur dioxide,100,INSTRUMENTAL - ULTRAVIOLET FLUORESCENCE,,,32.362606,-88.277992,AREA,63.7032,REGIONAL SCALE,50 TO HUNDREDS KM,SLAMS,Al Dept Of Env Mgt,GENERAL/BACKGROUND,Y,,3,
2023-04-06,011190003,1,1.7,Parts per billion,1,"Ward, Sumter Co.",22,92,42401,Sulfur dioxide,100,INSTRUMENTAL - ULTRAVIOLET FLUORESCENCE,,,32.362606,-88.277992,AREA,63.7032,REGIONAL SCALE,50 TO HUNDREDS KM,SLAMS,Al Dept Of Env Mgt,GENERAL/BACKGROUND,Y,,3,
2023-04-07,011190003,1,1.2,Parts per billion,1,"Ward, Sumter Co.",23,96,42401,Sulfur dioxide,100,INSTRUMENTAL - ULTRAVIOLET FLUORESCENCE,,,32.362606,-88.277992,AREA,63.7032,REGIONAL SCALE,50 TO HUNDREDS KM,SLAMS,Al Dept Of Env Mgt,GENERAL/BACKGROUND,Y,,3,
2023-04-08,011190003,1,1.1,Parts per billion,1,"Ward, Sumter Co.",23,96,42401,Sulfur dioxide,100,INSTRUMENTAL - ULTRAVIOLET FLUORESCENCE,,,32.362606,-88.277992,AREA,63.7032,REGIONAL SCALE,50 TO HUNDREDS KM,SLAMS,Al Dept Of Env Mgt,GENERAL/BACKGROUND,Y,,3,
2023-04-09,011190003,1,1.1,Parts per billion,1,"Ward, Sumter Co.",23,96,42401,Sulfur dioxide,100,INSTRUMENTAL - ULTRAVIOLET FLUORESCENCE,,,32.362606,-88.277992,AREA,63.7032,REGIONAL SCALE,50 TO HUNDREDS KM,SLAMS,Al Dept Of Env Mgt,GENERAL/BACKGROUND,Y,,3,
2023-04-10,011190003,1,1.5,Parts per billion,1,"Ward, Sumter Co.",23,96,42401,Sulfur dioxide,100,INSTRUMENTAL - ULTRAVIOLET FLUORESCENCE,,,32.362606,-88.277992,AREA,63.7032,REGIONAL SCALE,50 TO HUNDREDS KM,SLAMS,Al Dept Of Env Mgt,GENERAL/BACKGROUND,Y,,3,
2023-04-11,011190003,1,1.3,Parts per billion,1,"Ward, Sumter Co.",23,96,42401,Sulfur dioxide,100,INSTRUMENTAL - ULTRAVIOLET FLUORESCENCE,,,32.362606,-88.277992,AREA,63.7032,REGIONAL SCALE,50 TO HUNDREDS KM,SLAMS,Al Dept Of Env Mgt,GENERAL/BACKGROUND,Y,,3,
2023-04-12,011190003,1,1.4,Parts per billion,1,"Ward, Sumter Co.",23,96,42401,Sulfur dioxide,100,INSTRUMENTAL - ULTRAVIOLET FLUORESCENCE,,,32.362606,-88.277992,AREA,63.7032,REGIONAL SCALE,50 TO HUNDREDS KM,SLAMS,Al Dept Of Env Mgt,GENERAL/BACKGROUND,Y,,3,
2023-04-13,011190003,1,1.2,Parts per billion,1,"Ward, Sumter Co.",23,96,42401,Sulfur dioxide,100,INSTRUMENTAL - ULTRAVIOLET FLUORESCENCE,,,32.362606,-88.277992,AREA,63.7032,REGIONAL SCALE,50 TO HUNDREDS KM,SLAMS,Al Dept Of Env Mgt,GENERAL/BACKGROUND,Y,,3,
2023-04-14,011190003,1,1.5,Parts per billion,1,"Ward, Sumter Co.",23,96,42401,Sulfur dioxide,100,INSTRUMENTAL - ULTRAVIOLET FLUORESCENCE,,,32.362606,-88.277992,AREA,63.7032,REGIONAL SCALE,50 TO HUNDREDS KM,SLAMS,Al Dept Of Env Mgt,GENERAL/BACKGROUND,Y,,3,
2023-04-15,011190003,1,1.7,Parts per billion,1,"Ward, Sumter Co.",23,96,42401,Sulfur dioxide,100,INSTRUMENTAL - ULTRAVIOLET FLUORESCENCE,,,32.362606,-88.277992,AREA,63.7032,REGIONAL SCALE,50 TO HUNDREDS KM,SLAMS,Al Dept Of Env Mgt,GENERAL/BACKGROUND,Y,,3,
2023-04-16,011190003,1,1.3,Parts per billion,1,"Ward, Sumter Co.",23,96,42401,Sulfur dioxide,100,INSTRUMENTAL - ULTRAVIOLET FLUORESCENCE,,,32.362606,-88.277992,AREA,63.7032,REGIONAL SCALE,50 TO HUNDREDS KM,SLAMS,Al Dept Of Env Mgt,GENERAL/BACKGROUND,Y,,3,
2023-04-17,011190003,1,1.7,Parts per billion,1,"Ward, Sumter Co.",23,96,42401,Sulfur dioxide,100,INSTRUMENTAL - ULTRAVIOLET FLUORESCENCE,,,32.362606,-88.277992,AREA,63.7032,REGIONAL SCALE,50 TO HUNDREDS KM,SLAMS,Al Dept Of Env Mgt,GENERAL/BACKGROUND,Y,,3,
2023-04-18,011190003,1,1.8,Parts per billion,1,"Ward, Sumter Co.",23,96,42401,Sulfur dioxide,100,INSTRUMENTAL - ULTRAVIOLET FLUORESCENCE,,,32.362606,-88.277992,AREA,63.7032,REGIONAL SCALE,50 TO HUNDREDS KM,SLAMS,Al Dept Of Env Mgt,GENERAL/BACKGROUND,Y,,3,
2023-04-19,011190003,1,1.5,Parts per billion,1,"Ward, Sumter Co.",23,96,42401,Sulfur dioxide,100,INSTRUMENTAL - ULTRAVIOLET FLUORESCENCE,,,32.362606,-88.277992,AREA,63.7032,REGIONAL SCALE,50 TO HUNDREDS KM,SLAMS,Al Dept Of Env Mgt,GENERAL/BACKGROUND,Y,,3,
2023-04-21,011190003,1,1.2,Parts per billion,1,"Ward, Sumter Co.",23,96,42401,Sulfur dioxide,100,INSTRUMENTAL - ULTRAVIOLET FLUORESCENCE,,,32.362606,-88.277992,AREA,63.7032,REGIONAL SCALE,50 TO HUNDREDS KM,SLAMS,Al Dept Of Env Mgt,GENERAL/BACKGROUND,Y,,3,
2023-04-20,011190003,1,1.4,Parts per billion,1,"Ward, Sumter Co.",22,92,42401,Sulfur dioxide,100,INSTRUMENTAL - ULTRAVIOLET FLUORESCENCE,,,32.362606,-88.277992,AREA,63.7032,REGIONAL SCALE,50 TO HUNDREDS KM,SLAMS,Al Dept Of Env Mgt,GENERAL/BACKGROUND,Y,,3,
2023-04-22,011190003,1,1.4,Parts per billion,1,"Ward, Sumter Co.",23,96,42401,Sulfur dioxide,100,INSTRUMENTAL - ULTRAVIOLET FLUORESCENCE,,,32.362606,-88.277992,AREA,63.7032,REGIONAL SCALE,50 TO HUNDREDS KM,SLAMS,Al Dept Of Env Mgt,GENERAL/BACKGROUND,Y,,3,
2023-04-23,011190003,1,1.5,Parts per billion,1,"Ward, Sumter Co.",23,96,42401,Sulfur dioxide,100,INSTRUMENTAL - ULTRAVIOLET FLUORESCENCE,,,32.362606,-88.277992,AREA,63.7032,REGIONAL SCALE,50 TO HUNDREDS KM,SLAMS,Al Dept Of Env Mgt,GENERAL/BACKGROUND,Y,,3,
2023-04-25,011190003,1,1.5,Parts per billion,1,"Ward, Sumter Co.",23,96,42401,Sulfur dioxide,100,INSTRUMENTAL - ULTRAVIOLET FLUORESCENCE,,,32.362606,-88.277992,AREA,63.7032,REGIONAL SCALE,50 TO HUNDREDS KM,SLAMS,Al Dept Of Env Mgt,GENERAL/BACKGROUND,Y,,3,
2023-04-24,011190003,1,2.2,Parts per billion,3,"Ward, Sumter Co.",23,96,42401,Sulfur dioxide,100,INSTRUMENTAL - ULTRAVIOLET FLUORESCENCE,,,32.362606,-88.277992,AREA,63.7032,REGIONAL SCALE,50 TO HUNDREDS KM,SLAMS,Al Dept Of Env Mgt,GENERAL/BACKGROUND,Y,,3,
2023-04-26,011190003,1,1.8,Parts per billion,1,"Ward, Sumter Co.",23,96,42401,Sulfur dioxide,100,INSTRUMENTAL - ULTRAVIOLET FLUORESCENCE,,,32.362606,-88.277992,AREA,63.7032,REGIONAL SCALE,50 TO HUNDREDS KM,SLAMS,Al Dept Of Env Mgt,GENERAL/BACKGROUND,Y,,3,
2023-04-27,011190003,1,1.2,Parts per billion,1,"Ward, Sumter Co.",23,96,42401,Sulfur dioxide,100,INSTRUMENTAL - ULTRAVIOLET FLUORESCENCE,,,32.362606,-88.277992,AREA,63.7032,REGIONAL SCALE,50 TO HUNDREDS KM,SLAMS,Al Dept Of Env Mgt,GENERAL/BACKGROUND,Y,,3,
2023-04-28,011190003,1,1.4,Parts per billion,1,"Ward, Sumter Co.",23,96,42401,Sulfur dioxide,100,INSTRUMENTAL - ULTRAVIOLET FLUORESCENCE,,,32.362606,-88.277992,AREA,63.7032,REGIONAL SCALE,50 TO HUNDREDS KM,SLAMS,Al Dept Of Env Mgt,GENERAL/BACKGROUND,Y,,3,
2023-04-29,011190003,1,1.6,Parts per billion,1,"Ward, Sumter Co.",23,96,42401,Sulfur dioxide,100,INSTRUMENTAL - ULTRAVIOLET FLUORESCENCE,,,32.362606,-88.277992,AREA,63.7032,REGIONAL SCALE,50 TO HUNDREDS KM,SLAMS,Al Dept Of Env Mgt,GENERAL/BACKGROUND,Y,,3,
2023-04-30,011190003,1,1.5,Parts per billion,1,"Ward, Sumter Co.",23,96,42401,Sulfur dioxide,100,INSTRUMENTAL - ULTRAVIOLET FLUORESCENCE,,,32.362606,-88.277992,AREA,63.7032,REGIONAL SCALE,50 TO HUNDREDS KM,SLAMS,Al Dept Of Env Mgt,GENERAL/BACKGROUND,Y,,3,
2023-05-01,011190003,1,1.3,Parts per billion,1,"Ward, Sumter Co.",23,96,42401,Sulfur dioxide,100,INSTRUMENTAL - ULTRAVIOLET FLUORESCENCE,,,32.362606,-88.277992,AREA,63.7032,REGIONAL SCALE,50 TO HUNDREDS KM,SLAMS,Al Dept Of Env Mgt,GENERAL/BACKGROUND,Y,,3,
2023-05-02,011190003,1,1.3,Parts per billion,1,"Ward, Sumter Co.",22,92,42401,Sulfur dioxide,100,INSTRUMENTAL - ULTRAVIOLET FLUORESCENCE,,,32.362606,-88.277992,AREA,63.7032,REGIONAL SCALE,50 TO HUNDREDS KM,SLAMS,Al Dept Of Env Mgt,GENERAL/BACKGROUND,Y,,3,
2023-05-03,011190003,1,1.6,Parts per billion,1,"Ward, Sumter Co.",23,96,42401,Sulfur dioxide,100,INSTRUMENTAL - ULTRAVIOLET FLUORESCENCE,,,32.362606,-88.277992,AREA,63.7032,REGIONAL SCALE,50 TO HUNDREDS KM,SLAMS,Al Dept Of Env Mgt,GENERAL/BACKGROUND,Y,,3,
2023-05-04,011190003,1,1.9,Parts per billion,1,"Ward, Sumter Co.",23,96,42401,Sulfur dioxide,100,INSTRUMENTAL - ULTRAVIOLET FLUORESCENCE,,,32.362606,-88.277992,AREA,63.7032,REGIONAL SCALE,50 TO HUNDREDS KM,SLAMS,Al Dept Of Env Mgt,GENERAL/BACKGROUND,Y,,3,
2023-05-05,011190003,1,1.4,Parts per billion,1,"Ward, Sumter Co.",23,96,42401,Sulfur dioxide,100,INSTRUMENTAL - ULTRAVIOLET FLUORESCENCE,,,32.362606,-88.277992,AREA,63.7032,REGIONAL SCALE,50 TO HUNDREDS KM,SLAMS,Al Dept Of Env Mgt,GENERAL/BACKGROUND,Y,,3,
2023-05-06,011190003,1,1.3,Parts per billion,1,"Ward, Sumter Co.",23,96,42401,Sulfur dioxide,100,INSTRUMENTAL - ULTRAVIOLET FLUORESCENCE,,,32.362606,-88.277992,AREA,63.7032,REGIONAL SCALE,50 TO HUNDREDS KM,SLAMS,Al Dept Of Env Mgt,GENERAL/BACKGROUND,Y,,3,
2023-05-07,011190003,1,2.4,Parts per billion,3,"Ward, Sumter Co.",23,96,42401,Sulfur dioxide,100,INSTRUMENTAL - ULTRAVIOLET FLUORESCENCE,,,32.362606,-88.277992,AREA,63.7032,REGIONAL SCALE,50 TO HUNDREDS KM,SLAMS,Al Dept Of Env Mgt,GENERAL/BACKGROUND,Y,,3,
2023-05-08,011190003,1,1.4,Parts per billion,1,"Ward, Sumter Co.",23,96,42401,Sulfur dioxide,100,INSTRUMENTAL - ULTRAVIOLET FLUORESCENCE,,,32.362606,-88.277992,AREA,63.7032,REGIONAL SCALE,50 TO HUNDREDS KM,SLAMS,Al Dept Of Env Mgt,GENERAL/BACKGROUND,Y,,3,
2023-05-09,011190003,1,4.1,Parts per billion,6,"Ward, Sumter Co.",23,96,42401,Sulfur dioxide,100,INSTRUMENTAL - ULTRAVIOLET FLUORESCENCE,,,32.362606,-88.277992,AREA,63.7032,REGIONAL SCALE,50 TO HUNDREDS KM,SLAMS,Al Dept Of Env Mgt,GENERAL/BACKGROUND,Y,,3,
2023-05-10,011190003,1,1.7,Parts per billion,1,"Ward, Sumter Co.",23,96,42401,Sulfur dioxide,100,INSTRUMENTAL - ULTRAVIOLET FLUORESCENCE,,,32.362606,-88.277992,AREA,63.7032,REGIONAL SCALE,50 TO HUNDREDS KM,SLAMS,Al Dept Of Env Mgt,GENERAL/BACKGROUND,Y,,3,
2023-05-11,011190003,1,1.6,Parts per billion,1,"Ward, Sumter Co.",23,96,42401,Sulfur dioxide,100,INSTRUMENTAL - ULTRAVIOLET FLUORESCENCE,,,32.362606,-88.277992,AREA,63.7032,REGIONAL SCALE,50 TO HUNDREDS KM,SLAMS,Al Dept Of Env Mgt,GENERAL/BACKGROUND,Y,,3,
2023-05-12,011190003,1,1.4,Parts per billion,1,"Ward, Sumter Co.",23,96,42401,Sulfur dioxide,100,INSTRUMENTAL - ULTRAVIOLET FLUORESCENCE,,,32.362606,-88.277992,AREA,63.7032,REGIONAL SCALE,50 TO HUNDREDS KM,SLAMS,Al Dept Of Env Mgt,GENERAL/BACKGROUND,Y,,3,
2023-05-13,011190003,1,1.3,Parts per billion,1,"Ward, Sumter Co.",23,96,42401,Sulfur dioxide,100,INSTRUMENTAL - ULTRAVIOLET FLUORESCENCE,,,32.362606,-88.277992,AREA,63.7032,REGIONAL SCALE,50 TO HUNDREDS KM,SLAMS,Al Dept Of Env Mgt,GENERAL/BACKGROUND,Y,,3,
2023-05-14,011190003,1,2,Parts per billion,3,"Ward, Sumter Co.",23,96,42401,Sulfur dioxide,100,INSTRUMENTAL - ULTRAVIOLET FLUORESCENCE,,,32.362606,-88.277992,AREA,63.7032,REGIONAL SCALE,50 TO HUNDREDS KM,SLAMS,Al Dept Of Env Mgt,GENERAL/BACKGROUND,Y,,3,
2023-05-15,011190003,1,2,Parts per billion,3,"Ward, Sumter Co.",23,96,42401,Sulfur dioxide,100,INSTRUMENTAL - ULTRAVIOLET FLUORESCENCE,,,32.362606,-88.277992,AREA,63.7032,REGIONAL SCALE,50 TO HUNDREDS KM,SLAMS,Al Dept Of Env Mgt,GENERAL/BACKGROUND,Y,,3,
2023-05-16,011190003,1,1.2,Parts per billion,1,"Ward, Sumter Co.",21,88,42401,Sulfur dioxide,100,INSTRUMENTAL - ULTRAVIOLET FLUORESCENCE,,,32.362606,-88.277992,AREA,63.7032,REGIONAL SCALE,50 TO HUNDREDS KM,SLAMS,Al Dept Of Env Mgt,GENERAL/BACKGROUND,Y,,3,
2023-05-17,011190003,1,1.5,Parts per billion,1,"Ward, Sumter Co.",23,96,42401,Sulfur dioxide,100,INSTRUMENTAL - ULTRAVIOLET FLUORESCENCE,,,32.362606,-88.277992,AREA,63.7032,REGIONAL SCALE,50 TO HUNDREDS KM,SLAMS,Al Dept Of Env Mgt,GENERAL/BACKGROUND,Y,,3,
2023-05-18,011190003,1,1.5,Parts per billion,1,"Ward, Sumter Co.",22,92,42401,Sulfur dioxide,100,INSTRUMENTAL - ULTRAVIOLET FLUORESCENCE,,,32.362606,-88.277992,AREA,63.7032,REGIONAL SCALE,50 TO HUNDREDS KM,SLAMS,Al Dept Of Env Mgt,GENERAL/BACKGROUND,Y,,3,
2023-05-19,011190003,1,1.2,Parts per billion,1,"Ward, Sumter Co.",23,96,42401,Sulfur dioxide,100,INSTRUMENTAL - ULTRAVIOLET FLUORESCENCE,,,32.362606,-88.277992,AREA,63.7032,REGIONAL SCALE,50 TO HUNDREDS KM,SLAMS,Al Dept Of Env Mgt,GENERAL/BACKGROUND,Y,,3,
2023-05-20,011190003,1,1.4,Parts per billion,1,"Ward, Sumter Co.",23,96,42401,Sulfur dioxide,100,INSTRUMENTAL - ULTRAVIOLET FLUORESCENCE,,,32.362606,-88.277992,AREA,63.7032,REGIONAL SCALE,50 TO HUNDREDS KM,SLAMS,Al Dept Of Env Mgt,GENERAL/BACKGROUND,Y,,3,
2023-05-22,011190003,1,2.4,Parts per billion,3,"Ward, Sumter Co.",23,96,42401,Sulfur dioxide,100,INSTRUMENTAL - ULTRAVIOLET FLUORESCENCE,,,32.362606,-88.277992,AREA,63.7032,REGIONAL SCALE,50 TO HUNDREDS KM,SLAMS,Al Dept Of Env Mgt,GENERAL/BACKGROUND,Y,,3,
2023-05-21,011190003,1,2.1,Parts per billion,3,"Ward, Sumter Co.",23,96,42401,Sulfur dioxide,100,INSTRUMENTAL - ULTRAVIOLET FLUORESCENCE,,,32.362606,-88.277992,AREA,63.7032,REGIONAL SCALE,50 TO HUNDREDS KM,SLAMS,Al Dept Of Env Mgt,GENERAL/BACKGROUND,Y,,3,
2023-05-23,011190003,1,4.9,Parts per billion,6,"Ward, Sumter Co.",23,96,42401,Sulfur dioxide,100,INSTRUMENTAL - ULTRAVIOLET FLUORESCENCE,,,32.362606,-88.277992,AREA,63.7032,REGIONAL SCALE,50 TO HUNDREDS KM,SLAMS,Al Dept Of Env Mgt,GENERAL/BACKGROUND,Y,,3,
2023-05-24,011190003,1,1.2,Parts per billion,1,"Ward, Sumter Co.",21,88,42401,Sulfur dioxide,100,INSTRUMENTAL - ULTRAVIOLET FLUORESCENCE,,,32.362606,-88.277992,AREA,63.7032,REGIONAL SCALE,50 TO HUNDREDS KM,SLAMS,Al Dept Of Env Mgt,GENERAL/BACKGROUND,Y,,3,
2023-05-25,011190003,1,1.7,Parts per billion,1,"Ward, Sumter Co.",20,83,42401,Sulfur dioxide,100,INSTRUMENTAL - ULTRAVIOLET FLUORESCENCE,,,32.362606,-88.277992,AREA,63.7032,REGIONAL SCALE,50 TO HUNDREDS KM,SLAMS,Al Dept Of Env Mgt,GENERAL/BACKGROUND,Y,,3,
2023-05-26,011190003,1,1.7,Parts per billion,1,"Ward, Sumter Co.",21,88,42401,Sulfur dioxide,100,INSTRUMENTAL - ULTRAVIOLET FLUORESCENCE,,,32.362606,-88.277992,AREA,63.7032,REGIONAL SCALE,50 TO HUNDREDS KM,SLAMS,Al Dept Of Env Mgt,GENERAL/BACKGROUND,Y,,3,
2023-05-28,011190003,1,1.4,Parts per billion,1,"Ward, Sumter Co.",23,96,42401,Sulfur dioxide,100,INSTRUMENTAL - ULTRAVIOLET FLUORESCENCE,,,32.362606,-88.277992,AREA,63.7032,REGIONAL SCALE,50 TO HUNDREDS KM,SLAMS,Al Dept Of Env Mgt,GENERAL/BACKGROUND,Y,,3,
2023-05-27,011190003,1,2.6,Parts per billion,3,"Ward, Sumter Co.",23,96,42401,Sulfur dioxide,100,INSTRUMENTAL - ULTRAVIOLET FLUORESCENCE,,,32.362606,-88.277992,AREA,63.7032,REGIONAL SCALE,50 TO HUNDREDS KM,SLAMS,Al Dept Of Env Mgt,GENERAL/BACKGROUND,Y,,3,
2023-05-29,011190003,1,6.4,Parts per billion,9,"Ward, Sumter Co.",23,96,42401,Sulfur dioxide,100,INSTRUMENTAL - ULTRAVIOLET FLUORESCENCE,,,32.362606,-88.277992,AREA,63.7032,REGIONAL SCALE,50 TO HUNDREDS KM,SLAMS,Al Dept Of Env Mgt,GENERAL/BACKGROUND,Y,,3,
2023-05-30,011190003,1,3,Parts per billion,4,"Ward, Sumter Co.",23,96,42401,Sulfur dioxide,100,INSTRUMENTAL - ULTRAVIOLET FLUORESCENCE,,,32.362606,-88.277992,AREA,63.7032,REGIONAL SCALE,50 TO HUNDREDS KM,SLAMS,Al Dept Of Env Mgt,GENERAL/BACKGROUND,Y,,3,
2023-05-31,011190003,1,1.4,Parts per billion,1,"Ward, Sumter Co.",23,96,42401,Sulfur dioxide,100,INSTRUMENTAL - ULTRAVIOLET FLUORESCENCE,,,32.362606,-88.277992,AREA,63.7032,REGIONAL SCALE,50 TO HUNDREDS KM,SLAMS,Al Dept Of Env Mgt,GENERAL/BACKGROUND,Y,,3,
2023-06-01,011190003,1,1.4,Parts per billion,1,"Ward, Sumter Co.",21,88,42401,Sulfur dioxide,100,INSTRUMENTAL - ULTRAVIOLET FLUORESCENCE,,,32.362606,-88.277992,AREA,63.7032,REGIONAL SCALE,50 TO HUNDREDS KM,SLAMS,Al Dept Of Env Mgt,GENERAL/BACKGROUND,Y,,3,
2023-06-02,011190003,1,1.8,Parts per billion,1,"Ward, Sumter Co.",23,96,42401,Sulfur dioxide,100,INSTRUMENTAL - ULTRAVIOLET FLUORESCENCE,,,32.362606,-88.277992,AREA,63.7032,REGIONAL SCALE,50 TO HUNDREDS KM,SLAMS,Al Dept Of Env Mgt,GENERAL/BACKGROUND,Y,,3,
2023-06-03,011190003,1,2,Parts per billion,3,"Ward, Sumter Co.",23,96,42401,Sulfur dioxide,100,INSTRUMENTAL - ULTRAVIOLET FLUORESCENCE,,,32.362606,-88.277992,AREA,63.7032,REGIONAL SCALE,50 TO HUNDREDS KM,SLAMS,Al Dept Of Env Mgt,GENERAL/BACKGROUND,Y,,3,
2023-06-04,011190003,1,2.1,Parts per billion,3,"Ward, Sumter Co.",23,96,42401,Sulfur dioxide,100,INSTRUMENTAL - ULTRAVIOLET FLUORESCENCE,,,32.362606,-88.277992,AREA,63.7032,REGIONAL SCALE,50 TO HUNDREDS KM,SLAMS,Al Dept Of Env Mgt,GENERAL/BACKGROUND,Y,,3,
2023-06-05,011190003,1,1.4,Parts per billion,1,"Ward, Sumter Co.",23,96,42401,Sulfur dioxide,100,INSTRUMENTAL - ULTRAVIOLET FLUORESCENCE,,,32.362606,-88.277992,AREA,63.7032,REGIONAL SCALE,50 TO HUNDREDS KM,SLAMS,Al Dept Of Env Mgt,GENERAL/BACKGROUND,Y,,3,
2023-06-06,011190003,1,1.5,Parts per billion,1,"Ward, Sumter Co.",23,96,42401,Sulfur dioxide,100,INSTRUMENTAL - ULTRAVIOLET FLUORESCENCE,,,32.362606,-88.277992,AREA,63.7032,REGIONAL SCALE,50 TO HUNDREDS KM,SLAMS,Al Dept Of Env Mgt,GENERAL/BACKGROUND,Y,,3,
2023-06-07,011190003,1,1.4,Parts per billion,1,"Ward, Sumter Co.",23,96,42401,Sulfur dioxide,100,INSTRUMENTAL - ULTRAVIOLET FLUORESCENCE,,,32.362606,-88.277992,AREA,63.7032,REGIONAL SCALE,50 TO HUNDREDS KM,SLAMS,Al Dept Of Env Mgt,GENERAL/BACKGROUND,Y,,3,
2023-06-08,011190003,1,1.7,Parts per billion,1,"Ward, Sumter Co.",23,96,42401,Sulfur dioxide,100,INSTRUMENTAL - ULTRAVIOLET FLUORESCENCE,,,32.362606,-88.277992,AREA,63.7032,REGIONAL SCALE,50 TO HUNDREDS KM,SLAMS,Al Dept Of Env Mgt,GENERAL/BACKGROUND,Y,,3,
2023-06-09,011190003,1,3,Parts per billion,4,"Ward, Sumter Co.",23,96,42401,Sulfur dioxide,100,INSTRUMENTAL - ULTRAVIOLET FLUORESCENCE,,,32.362606,-88.277992,AREA,63.7032,REGIONAL SCALE,50 TO HUNDREDS KM,SLAMS,Al Dept Of Env Mgt,GENERAL/BACKGROUND,Y,,3,
2023-06-10,011190003,1,1.5,Parts per billion,1,"Ward, Sumter Co.",23,96,42401,Sulfur dioxide,100,INSTRUMENTAL - ULTRAVIOLET FLUORESCENCE,,,32.362606,-88.277992,AREA,63.7032,REGIONAL SCALE,50 TO HUNDREDS KM,SLAMS,Al Dept Of Env Mgt,GENERAL/BACKGROUND,Y,,3,
2023-06-11,011190003,1,1.4,Parts per billion,1,"Ward, Sumter Co.",23,96,42401,Sulfur dioxide,100,INSTRUMENTAL - ULTRAVIOLET FLUORESCENCE,,,32.362606,-88.277992,AREA,63.7032,REGIONAL SCALE,50 TO HUNDREDS KM,SLAMS,Al Dept Of Env Mgt,GENERAL/BACKGROUND,Y,,3,
2023-06-12,011190003,1,1.3,Parts per billion,1,"Ward, Sumter Co.",23,96,42401,Sulfur dioxide,100,INSTRUMENTAL - ULTRAVIOLET FLUORESCENCE,,,32.362606,-88.277992,AREA,63.7032,REGIONAL SCALE,50 TO HUNDREDS KM,SLAMS,Al Dept Of Env Mgt,GENERAL/BACKGROUND,Y,,3,
2023-06-13,011190003,1,1.5,Parts per billion,1,"Ward, Sumter Co.",23,96,42401,Sulfur dioxide,100,INSTRUMENTAL - ULTRAVIOLET FLUORESCENCE,,,32.362606,-88.277992,AREA,63.7032,REGIONAL SCALE,50 TO HUNDREDS KM,SLAMS,Al Dept Of Env Mgt,GENERAL/BACKGROUND,Y,,3,
2023-06-14,011190003,1,1.4,Parts per billion,1,"Ward, Sumter Co.",8,33,42401,Sulfur dioxide,100,INSTRUMENTAL - ULTRAVIOLET FLUORESCENCE,,,32.362606,-88.277992,AREA,63.7032,REGIONAL SCALE,50 TO HUNDREDS KM,SLAMS,Al Dept Of Env Mgt,GENERAL/BACKGROUND,Y,,3,
2023-06-15,011190003,1,1.4,Parts per billion,1,"Ward, Sumter Co.",5,21,42401,Sulfur dioxide,100,INSTRUMENTAL - ULTRAVIOLET FLUORESCENCE,,,32.362606,-88.277992,AREA,63.7032,REGIONAL SCALE,50 TO HUNDREDS KM,SLAMS,Al Dept Of Env Mgt,GENERAL/BACKGROUND,Y,,3,
2023-06-17,011190003,1,1.3,Parts per billion,1,"Ward, Sumter Co.",9,38,42401,Sulfur dioxide,100,INSTRUMENTAL - ULTRAVIOLET FLUORESCENCE,,,32.362606,-88.277992,AREA,63.7032,REGIONAL SCALE,50 TO HUNDREDS KM,SLAMS,Al Dept Of Env Mgt,GENERAL/BACKGROUND,Y,,3,
2023-06-18,011190003,1,1.4,Parts per billion,1,"Ward, Sumter Co.",23,96,42401,Sulfur dioxide,100,INSTRUMENTAL - ULTRAVIOLET FLUORESCENCE,,,32.362606,-88.277992,AREA,63.7032,REGIONAL SCALE,50 TO HUNDREDS KM,SLAMS,Al Dept Of Env Mgt,GENERAL/BACKGROUND,Y,,3,
2023-06-19,011190003,1,1.4,Parts per billion,1,"Ward, Sumter Co.",23,96,42401,Sulfur dioxide,100,INSTRUMENTAL - ULTRAVIOLET FLUORESCENCE,,,32.362606,-88.277992,AREA,63.7032,REGIONAL SCALE,50 TO HUNDREDS KM,SLAMS,Al Dept Of Env Mgt,GENERAL/BACKGROUND,Y,,3,
2023-06-20,011190003,1,1.6,Parts per billion,1,"Ward, Sumter Co.",22,92,42401,Sulfur dioxide,100,INSTRUMENTAL - ULTRAVIOLET FLUORESCENCE,,,32.362606,-88.277992,AREA,63.7032,REGIONAL SCALE,50 TO HUNDREDS KM,SLAMS,Al Dept Of Env Mgt,GENERAL/BACKGROUND,Y,,3,
2023-06-21,011190003,1,1.5,Parts per billion,1,"Ward, Sumter Co.",23,96,42401,Sulfur dioxide,100,INSTRUMENTAL - ULTRAVIOLET FLUORESCENCE,,,32.362606,-88.277992,AREA,63.7032,REGIONAL SCALE,50 TO HUNDREDS KM,SLAMS,Al Dept Of Env Mgt,GENERAL/BACKGROUND,Y,,3,
2023-06-22,011190003,1,2.1,Parts per billion,3,"Ward, Sumter Co.",13,54,42401,Sulfur dioxide,100,INSTRUMENTAL - ULTRAVIOLET FLUORESCENCE,,,32.362606,-88.277992,AREA,63.7032,REGIONAL SCALE,50 TO HUNDREDS KM,SLAMS,Al Dept Of Env Mgt,GENERAL/BACKGROUND,Y,,3,
2023-06-23,011190003,1,1.4,Parts per billion,1,"Ward, Sumter Co.",18,75,42401,Sulfur dioxide,100,INSTRUMENTAL - ULTRAVIOLET FLUORESCENCE,,,32.362606,-88.277992,AREA,63.7032,REGIONAL SCALE,50 TO HUNDREDS KM,SLAMS,Al Dept Of Env Mgt,GENERAL/BACKGROUND,Y,,3,
2023-06-24,011190003,1,1.6,Parts per billion,1,"Ward, Sumter Co.",10,42,42401,Sulfur dioxide,100,INSTRUMENTAL - ULTRAVIOLET FLUORESCENCE,,,32.362606,-88.277992,AREA,63.7032,REGIONAL SCALE,50 TO HUNDREDS KM,SLAMS,Al Dept Of Env Mgt,GENERAL/BACKGROUND,Y,,3,
2023-06-25,011190003,1,1.4,Parts per billion,1,"Ward, Sumter Co.",19,79,42401,Sulfur dioxide,100,INSTRUMENTAL - ULTRAVIOLET FLUORESCENCE,,,32.362606,-88.277992,AREA,63.7032,REGIONAL SCALE,50 TO HUNDREDS KM,SLAMS,Al Dept Of Env Mgt,GENERAL/BACKGROUND,Y,,3,
2023-06-26,011190003,1,1.4,Parts per billion,1,"Ward, Sumter Co.",14,58,42401,Sulfur dioxide,100,INSTRUMENTAL - ULTRAVIOLET FLUORESCENCE,,,32.362606,-88.277992,AREA,63.7032,REGIONAL SCALE,50 TO HUNDREDS KM,SLAMS,Al Dept Of Env Mgt,GENERAL/BACKGROUND,Y,,3,
2023-06-27,011190003,1,1.5,Parts per billion,1,"Ward, Sumter Co.",23,96,42401,Sulfur dioxide,100,INSTRUMENTAL - ULTRAVIOLET FLUORESCENCE,,,32.362606,-88.277992,AREA,63.7032,REGIONAL SCALE,50 TO HUNDREDS KM,SLAMS,Al Dept Of Env Mgt,GENERAL/BACKGROUND,Y,,3,
2023-06-28,011190003,1,4.5,Parts per billion,6,"Ward, Sumter Co.",23,96,42401,Sulfur dioxide,100,INSTRUMENTAL - ULTRAVIOLET FLUORESCENCE,,,32.362606,-88.277992,AREA,63.7032,REGIONAL SCALE,50 TO HUNDREDS KM,SLAMS,Al Dept Of Env Mgt,GENERAL/BACKGROUND,Y,,3,
2023-06-29,011190003,1,1.7,Parts per billion,1,"Ward, Sumter Co.",23,96,42401,Sulfur dioxide,100,INSTRUMENTAL - ULTRAVIOLET FLUORESCENCE,,,32.362606,-88.277992,AREA,63.7032,REGIONAL SCALE,50 TO HUNDREDS KM,SLAMS,Al Dept Of Env Mgt,GENERAL/BACKGROUND,Y,,3,
2023-06-30,011190003,1,1.6,Parts per billion,1,"Ward, Sumter Co.",23,96,42401,Sulfur dioxide,100,INSTRUMENTAL - ULTRAVIOLET FLUORESCENCE,,,32.362606,-88.277992,AREA,63.7032,REGIONAL SCALE,50 TO HUNDREDS KM,SLAMS,Al Dept Of Env Mgt,GENERAL/BACKGROUND,Y,,3,
2023-07-02,011190003,1,1.5,Parts per billion,1,"Ward, Sumter Co.",23,96,42401,Sulfur dioxide,100,INSTRUMENTAL - ULTRAVIOLET FLUORESCENCE,,,32.362606,-88.277992,AREA,63.7032,REGIONAL SCALE,50 TO HUNDREDS KM,SLAMS,Al Dept Of Env Mgt,GENERAL/BACKGROUND,Y,,3,
2023-07-01,011190003,1,5.4,Parts per billion,7,"Ward, Sumter Co.",23,96,42401,Sulfur dioxide,100,INSTRUMENTAL - ULTRAVIOLET FLUORESCENCE,,,32.362606,-88.277992,AREA,63.7032,REGIONAL SCALE,50 TO HUNDREDS KM,SLAMS,Al Dept Of Env Mgt,GENERAL/BACKGROUND,Y,,3,
2023-07-03,011190003,1,1.8,Parts per billion,1,"Ward, Sumter Co.",23,96,42401,Sulfur dioxide,100,INSTRUMENTAL - ULTRAVIOLET FLUORESCENCE,,,32.362606,-88.277992,AREA,63.7032,REGIONAL SCALE,50 TO HUNDREDS KM,SLAMS,Al Dept Of Env Mgt,GENERAL/BACKGROUND,Y,,3,
2023-07-04,011190003,1,1.4,Parts per billion,1,"Ward, Sumter Co.",23,96,42401,Sulfur dioxide,100,INSTRUMENTAL - ULTRAVIOLET FLUORESCENCE,,,32.362606,-88.277992,AREA,63.7032,REGIONAL SCALE,50 TO HUNDREDS KM,SLAMS,Al Dept Of Env Mgt,GENERAL/BACKGROUND,Y,,3,
2023-07-05,011190003,1,1.4,Parts per billion,1,"Ward, Sumter Co.",23,96,42401,Sulfur dioxide,100,INSTRUMENTAL - ULTRAVIOLET FLUORESCENCE,,,32.362606,-88.277992,AREA,63.7032,REGIONAL SCALE,50 TO HUNDREDS KM,SLAMS,Al Dept Of Env Mgt,GENERAL/BACKGROUND,Y,,3,
2023-07-06,011190003,1,1.4,Parts per billion,1,"Ward, Sumter Co.",22,92,42401,Sulfur dioxide,100,INSTRUMENTAL - ULTRAVIOLET FLUORESCENCE,,,32.362606,-88.277992,AREA,63.7032,REGIONAL SCALE,50 TO HUNDREDS KM,SLAMS,Al Dept Of Env Mgt,GENERAL/BACKGROUND,Y,,3,
2023-07-07,011190003,1,1.4,Parts per billion,1,"Ward, Sumter Co.",23,96,42401,Sulfur dioxide,100,INSTRUMENTAL - ULTRAVIOLET FLUORESCENCE,,,32.362606,-88.277992,AREA,63.7032,REGIONAL SCALE,50 TO HUNDREDS KM,SLAMS,Al Dept Of Env Mgt,GENERAL/BACKGROUND,Y,,3,
2023-07-08,011190003,1,1.6,Parts per billion,1,"Ward, Sumter Co.",23,96,42401,Sulfur dioxide,100,INSTRUMENTAL - ULTRAVIOLET FLUORESCENCE,,,32.362606,-88.277992,AREA,63.7032,REGIONAL SCALE,50 TO HUNDREDS KM,SLAMS,Al Dept Of Env Mgt,GENERAL/BACKGROUND,Y,,3,
2023-07-09,011190003,1,1.4,Parts per billion,1,"Ward, Sumter Co.",23,96,42401,Sulfur dioxide,100,INSTRUMENTAL - ULTRAVIOLET FLUORESCENCE,,,32.362606,-88.277992,AREA,63.7032,REGIONAL SCALE,50 TO HUNDREDS KM,SLAMS,Al Dept Of Env Mgt,GENERAL/BACKGROUND,Y,,3,
2023-07-10,011190003,1,1.5,Parts per billion,1,"Ward, Sumter Co.",23,96,42401,Sulfur dioxide,100,INSTRUMENTAL - ULTRAVIOLET FLUORESCENCE,,,32.362606,-88.277992,AREA,63.7032,REGIONAL SCALE,50 TO HUNDREDS KM,SLAMS,Al Dept Of Env Mgt,GENERAL/BACKGROUND,Y,,3,
2023-07-11,011190003,1,1.7,Parts per billion,1,"Ward, Sumter Co.",23,96,42401,Sulfur dioxide,100,INSTRUMENTAL - ULTRAVIOLET FLUORESCENCE,,,32.362606,-88.277992,AREA,63.7032,REGIONAL SCALE,50 TO HUNDREDS KM,SLAMS,Al Dept Of Env Mgt,GENERAL/BACKGROUND,Y,,3,
2023-07-12,011190003,1,1.5,Parts per billion,1,"Ward, Sumter Co.",23,96,42401,Sulfur dioxide,100,INSTRUMENTAL - ULTRAVIOLET FLUORESCENCE,,,32.362606,-88.277992,AREA,63.7032,REGIONAL SCALE,50 TO HUNDREDS KM,SLAMS,Al Dept Of Env Mgt,GENERAL/BACKGROUND,Y,,3,
2023-07-13,011190003,1,1.4,Parts per billion,1,"Ward, Sumter Co.",23,96,42401,Sulfur dioxide,100,INSTRUMENTAL - ULTRAVIOLET FLUORESCENCE,,,32.362606,-88.277992,AREA,63.7032,REGIONAL SCALE,50 TO HUNDREDS KM,SLAMS,Al Dept Of Env Mgt,GENERAL/BACKGROUND,Y,,3,
2023-07-14,011190003,1,1.7,Parts per billion,1,"Ward, Sumter Co.",23,96,42401,Sulfur dioxide,100,INSTRUMENTAL - ULTRAVIOLET FLUORESCENCE,,,32.362606,-88.277992,AREA,63.7032,REGIONAL SCALE,50 TO HUNDREDS KM,SLAMS,Al Dept Of Env Mgt,GENERAL/BACKGROUND,Y,,3,
2023-07-15,011190003,1,1.5,Parts per billion,1,"Ward, Sumter Co.",23,96,42401,Sulfur dioxide,100,INSTRUMENTAL - ULTRAVIOLET FLUORESCENCE,,,32.362606,-88.277992,AREA,63.7032,REGIONAL SCALE,50 TO HUNDREDS KM,SLAMS,Al Dept Of Env Mgt,GENERAL/BACKGROUND,Y,,3,
2023-07-16,011190003,1,1.6,Parts per billion,1,"Ward, Sumter Co.",23,96,42401,Sulfur dioxide,100,INSTRUMENTAL - ULTRAVIOLET FLUORESCENCE,,,32.362606,-88.277992,AREA,63.7032,REGIONAL SCALE,50 TO HUNDREDS KM,SLAMS,Al Dept Of Env Mgt,GENERAL/BACKGROUND,Y,,3,
2023-07-17,011190003,1,1.4,Parts per billion,1,"Ward, Sumter Co.",23,96,42401,Sulfur dioxide,100,INSTRUMENTAL - ULTRAVIOLET FLUORESCENCE,,,32.362606,-88.277992,AREA,63.7032,REGIONAL SCALE,50 TO HUNDREDS KM,SLAMS,Al Dept Of Env Mgt,GENERAL/BACKGROUND,Y,,3,
2023-07-18,011190003,1,1.4,Parts per billion,1,"Ward, Sumter Co.",23,96,42401,Sulfur dioxide,100,INSTRUMENTAL - ULTRAVIOLET FLUORESCENCE,,,32.362606,-88.277992,AREA,63.7032,REGIONAL SCALE,50 TO HUNDREDS KM,SLAMS,Al Dept Of Env Mgt,GENERAL/BACKGROUND,Y,,3,
2023-07-19,011190003,1,1.7,Parts per billion,1,"Ward, Sumter Co.",23,96,42401,Sulfur dioxide,100,INSTRUMENTAL - ULTRAVIOLET FLUORESCENCE,,,32.362606,-88.277992,AREA,63.7032,REGIONAL SCALE,50 TO HUNDREDS KM,SLAMS,Al Dept Of Env Mgt,GENERAL/BACKGROUND,Y,,3,
2023-07-20,011190003,1,1.6,Parts per billion,1,"Ward, Sumter Co.",24,100,42401,Sulfur dioxide,100,INSTRUMENTAL - ULTRAVIOLET FLUORESCENCE,,,32.362606,-88.277992,AREA,63.7032,REGIONAL SCALE,50 TO HUNDREDS KM,SLAMS,Al Dept Of Env Mgt,GENERAL/BACKGROUND,Y,,3,
2023-07-21,011190003,1,1.6,Parts per billion,1,"Ward, Sumter Co.",23,96,42401,Sulfur dioxide,100,INSTRUMENTAL - ULTRAVIOLET FLUORESCENCE,,,32.362606,-88.277992,AREA,63.7032,REGIONAL SCALE,50 TO HUNDREDS KM,SLAMS,Al Dept Of Env Mgt,GENERAL/BACKGROUND,Y,,3,
2023-07-22,011190003,1,1.8,Parts per billion,1,"Ward, Sumter Co.",23,96,42401,Sulfur dioxide,100,INSTRUMENTAL - ULTRAVIOLET FLUORESCENCE,,,32.362606,-88.277992,AREA,63.7032,REGIONAL SCALE,50 TO HUNDREDS KM,SLAMS,Al Dept Of Env Mgt,GENERAL/BACKGROUND,Y,,3,
2023-07-23,011190003,1,1.5,Parts per billion,1,"Ward, Sumter Co.",23,96,42401,Sulfur dioxide,100,INSTRUMENTAL - ULTRAVIOLET FLUORESCENCE,,,32.362606,-88.277992,AREA,63.7032,REGIONAL SCALE,50 TO HUNDREDS KM,SLAMS,Al Dept Of Env Mgt,GENERAL/BACKGROUND,Y,,3,
2023-07-24,011190003,1,1.8,Parts per billion,1,"Ward, Sumter Co.",23,96,42401,Sulfur dioxide,100,INSTRUMENTAL - ULTRAVIOLET FLUORESCENCE,,,32.362606,-88.277992,AREA,63.7032,REGIONAL SCALE,50 TO HUNDREDS KM,SLAMS,Al Dept Of Env Mgt,GENERAL/BACKGROUND,Y,,3,
2023-07-25,011190003,1,1.7,Parts per billion,1,"Ward, Sumter Co.",23,96,42401,Sulfur dioxide,100,INSTRUMENTAL - ULTRAVIOLET FLUORESCENCE,,,32.362606,-88.277992,AREA,63.7032,REGIONAL SCALE,50 TO HUNDREDS KM,SLAMS,Al Dept Of Env Mgt,GENERAL/BACKGROUND,Y,,3,
2023-07-26,011190003,1,1.7,Parts per billion,1,"Ward, Sumter Co.",23,96,42401,Sulfur dioxide,100,INSTRUMENTAL - ULTRAVIOLET FLUORESCENCE,,,32.362606,-88.277992,AREA,63.7032,REGIONAL SCALE,50 TO HUNDREDS KM,SLAMS,Al Dept Of Env Mgt,GENERAL/BACKGROUND,Y,,3,
2023-07-27,011190003,1,2.3,Parts per billion,3,"Ward, Sumter Co.",23,96,42401,Sulfur dioxide,100,INSTRUMENTAL - ULTRAVIOLET FLUORESCENCE,,,32.362606,-88.277992,AREA,63.7032,REGIONAL SCALE,50 TO HUNDREDS KM,SLAMS,Al Dept Of Env Mgt,GENERAL/BACKGROUND,Y,,3,
2023-07-28,011190003,1,1.6,Parts per billion,1,"Ward, Sumter Co.",23,96,42401,Sulfur dioxide,100,INSTRUMENTAL - ULTRAVIOLET FLUORESCENCE,,,32.362606,-88.277992,AREA,63.7032,REGIONAL SCALE,50 TO HUNDREDS KM,SLAMS,Al Dept Of Env Mgt,GENERAL/BACKGROUND,Y,,3,
2023-07-29,011190003,1,1.8,Parts per billion,1,"Ward, Sumter Co.",23,96,42401,Sulfur dioxide,100,INSTRUMENTAL - ULTRAVIOLET FLUORESCENCE,,,32.362606,-88.277992,AREA,63.7032,REGIONAL SCALE,50 TO HUNDREDS KM,SLAMS,Al Dept Of Env Mgt,GENERAL/BACKGROUND,Y,,3,
2023-07-30,011190003,1,1.8,Parts per billion,1,"Ward, Sumter Co.",23,96,42401,Sulfur dioxide,100,INSTRUMENTAL - ULTRAVIOLET FLUORESCENCE,,,32.362606,-88.277992,AREA,63.7032,REGIONAL SCALE,50 TO HUNDREDS KM,SLAMS,Al Dept Of Env Mgt,GENERAL/BACKGROUND,Y,,3,
2023-07-31,011190003,1,2.2,Parts per billion,3,"Ward, Sumter Co.",22,92,42401,Sulfur dioxide,100,INSTRUMENTAL - ULTRAVIOLET FLUORESCENCE,,,32.362606,-88.277992,AREA,63.7032,REGIONAL SCALE,50 TO HUNDREDS KM,SLAMS,Al Dept Of Env Mgt,GENERAL/BACKGROUND,Y,,3,
2023-08-01,011190003,1,1.9,Parts per billion,1,"Ward, Sumter Co.",23,96,42401,Sulfur dioxide,100,INSTRUMENTAL - ULTRAVIOLET FLUORESCENCE,,,32.362606,-88.277992,AREA,63.7032,REGIONAL SCALE,50 TO HUNDREDS KM,SLAMS,Al Dept Of Env Mgt,GENERAL/BACKGROUND,Y,,3,
2023-08-02,011190003,1,1.7,Parts per billion,1,"Ward, Sumter Co.",23,96,42401,Sulfur dioxide,100,INSTRUMENTAL - ULTRAVIOLET FLUORESCENCE,,,32.362606,-88.277992,AREA,63.7032,REGIONAL SCALE,50 TO HUNDREDS KM,SLAMS,Al Dept Of Env Mgt,GENERAL/BACKGROUND,Y,,3,
2023-08-03,011190003,1,1.9,Parts per billion,1,"Ward, Sumter Co.",23,96,42401,Sulfur dioxide,100,INSTRUMENTAL - ULTRAVIOLET FLUORESCENCE,,,32.362606,-88.277992,AREA,63.7032,REGIONAL SCALE,50 TO HUNDREDS KM,SLAMS,Al Dept Of Env Mgt,GENERAL/BACKGROUND,Y,,3,
2023-08-04,011190003,1,1.7,Parts per billion,1,"Ward, Sumter Co.",20,83,42401,Sulfur dioxide,100,INSTRUMENTAL - ULTRAVIOLET FLUORESCENCE,,,32.362606,-88.277992,AREA,63.7032,REGIONAL SCALE,50 TO HUNDREDS KM,SLAMS,Al Dept Of Env Mgt,GENERAL/BACKGROUND,Y,,3,
2023-08-05,011190003,1,2.2,Parts per billion,3,"Ward, Sumter Co.",23,96,42401,Sulfur dioxide,100,INSTRUMENTAL - ULTRAVIOLET FLUORESCENCE,,,32.362606,-88.277992,AREA,63.7032,REGIONAL SCALE,50 TO HUNDREDS KM,SLAMS,Al Dept Of Env Mgt,GENERAL/BACKGROUND,Y,,3,
2023-08-06,011190003,1,1.6,Parts per billion,1,"Ward, Sumter Co.",23,96,42401,Sulfur dioxide,100,INSTRUMENTAL - ULTRAVIOLET FLUORESCENCE,,,32.362606,-88.277992,AREA,63.7032,REGIONAL SCALE,50 TO HUNDREDS KM,SLAMS,Al Dept Of Env Mgt,GENERAL/BACKGROUND,Y,,3,
2023-08-07,011190003,1,2.2,Parts per billion,3,"Ward, Sumter Co.",23,96,42401,Sulfur dioxide,100,INSTRUMENTAL - ULTRAVIOLET FLUORESCENCE,,,32.362606,-88.277992,AREA,63.7032,REGIONAL SCALE,50 TO HUNDREDS KM,SLAMS,Al Dept Of Env Mgt,GENERAL/BACKGROUND,Y,,3,
2023-08-08,011190003,1,1.9,Parts per billion,1,"Ward, Sumter Co.",23,96,42401,Sulfur dioxide,100,INSTRUMENTAL - ULTRAVIOLET FLUORESCENCE,,,32.362606,-88.277992,AREA,63.7032,REGIONAL SCALE,50 TO HUNDREDS KM,SLAMS,Al Dept Of Env Mgt,GENERAL/BACKGROUND,Y,,3,
2023-08-09,011190003,1,2.3,Parts per billion,3,"Ward, Sumter Co.",23,96,42401,Sulfur dioxide,100,INSTRUMENTAL - ULTRAVIOLET FLUORESCENCE,,,32.362606,-88.277992,AREA,63.7032,REGIONAL SCALE,50 TO HUNDREDS KM,SLAMS,Al Dept Of Env Mgt,GENERAL/BACKGROUND,Y,,3,
2023-08-10,011190003,1,1.6,Parts per billion,1,"Ward, Sumter Co.",23,96,42401,Sulfur dioxide,100,INSTRUMENTAL - ULTRAVIOLET FLUORESCENCE,,,32.362606,-88.277992,AREA,63.7032,REGIONAL SCALE,50 TO HUNDREDS KM,SLAMS,Al Dept Of Env Mgt,GENERAL/BACKGROUND,Y,,3,
2023-08-11,011190003,1,1.6,Parts per billion,1,"Ward, Sumter Co.",23,96,42401,Sulfur dioxide,100,INSTRUMENTAL - ULTRAVIOLET FLUORESCENCE,,,32.362606,-88.277992,AREA,63.7032,REGIONAL SCALE,50 TO HUNDREDS KM,SLAMS,Al Dept Of Env Mgt,GENERAL/BACKGROUND,Y,,3,
2023-08-14,011190003,1,2.4,Parts per billion,3,"Ward, Sumter Co.",23,96,42401,Sulfur dioxide,100,INSTRUMENTAL - ULTRAVIOLET FLUORESCENCE,,,32.362606,-88.277992,AREA,63.7032,REGIONAL SCALE,50 TO HUNDREDS KM,SLAMS,Al Dept Of Env Mgt,GENERAL/BACKGROUND,Y,,3,
2023-08-15,011190003,1,1.7,Parts per billion,1,"Ward, Sumter Co.",22,92,42401,Sulfur dioxide,100,INSTRUMENTAL - ULTRAVIOLET FLUORESCENCE,,,32.362606,-88.277992,AREA,63.7032,REGIONAL SCALE,50 TO HUNDREDS KM,SLAMS,Al Dept Of Env Mgt,GENERAL/BACKGROUND,Y,,3,
2023-08-16,011190003,1,1.7,Parts per billion,1,"Ward, Sumter Co.",24,100,42401,Sulfur dioxide,100,INSTRUMENTAL - ULTRAVIOLET FLUORESCENCE,,,32.362606,-88.277992,AREA,63.7032,REGIONAL SCALE,50 TO HUNDREDS KM,SLAMS,Al Dept Of Env Mgt,GENERAL/BACKGROUND,Y,,3,
2023-08-17,011190003,1,1.5,Parts per billion,1,"Ward, Sumter Co.",24,100,42401,Sulfur dioxide,100,INSTRUMENTAL - ULTRAVIOLET FLUORESCENCE,,,32.362606,-88.277992,AREA,63.7032,REGIONAL SCALE,50 TO HUNDREDS KM,SLAMS,Al Dept Of Env Mgt,GENERAL/BACKGROUND,Y,,3,
2023-08-18,011190003,1,2.8,Parts per billion,3,"Ward, Sumter Co.",23,96,42401,Sulfur dioxide,100,INSTRUMENTAL - ULTRAVIOLET FLUORESCENCE,,,32.362606,-88.277992,AREA,63.7032,REGIONAL SCALE,50 TO HUNDREDS KM,SLAMS,Al Dept Of Env Mgt,GENERAL/BACKGROUND,Y,,3,
2023-08-19,011190003,1,2.5,Parts per billion,3,"Ward, Sumter Co.",23,96,42401,Sulfur dioxide,100,INSTRUMENTAL - ULTRAVIOLET FLUORESCENCE,,,32.362606,-88.277992,AREA,63.7032,REGIONAL SCALE,50 TO HUNDREDS KM,SLAMS,Al Dept Of Env Mgt,GENERAL/BACKGROUND,Y,,3,
2023-08-20,011190003,1,2.3,Parts per billion,3,"Ward, Sumter Co.",23,96,42401,Sulfur dioxide,100,INSTRUMENTAL - ULTRAVIOLET FLUORESCENCE,,,32.362606,-88.277992,AREA,63.7032,REGIONAL SCALE,50 TO HUNDREDS KM,SLAMS,Al Dept Of Env Mgt,GENERAL/BACKGROUND,Y,,3,
2023-08-21,011190003,1,2.1,Parts per billion,3,"Ward, Sumter Co.",23,96,42401,Sulfur dioxide,100,INSTRUMENTAL - ULTRAVIOLET FLUORESCENCE,,,32.362606,-88.277992,AREA,63.7032,REGIONAL SCALE,50 TO HUNDREDS KM,SLAMS,Al Dept Of Env Mgt,GENERAL/BACKGROUND,Y,,3,
2023-08-22,011190003,1,1.8,Parts per billion,1,"Ward, Sumter Co.",23,96,42401,Sulfur dioxide,100,INSTRUMENTAL - ULTRAVIOLET FLUORESCENCE,,,32.362606,-88.277992,AREA,63.7032,REGIONAL SCALE,50 TO HUNDREDS KM,SLAMS,Al Dept Of Env Mgt,GENERAL/BACKGROUND,Y,,3,
2023-08-23,011190003,1,1.8,Parts per billion,1,"Ward, Sumter Co.",23,96,42401,Sulfur dioxide,100,INSTRUMENTAL - ULTRAVIOLET FLUORESCENCE,,,32.362606,-88.277992,AREA,63.7032,REGIONAL SCALE,50 TO HUNDREDS KM,SLAMS,Al Dept Of Env Mgt,GENERAL/BACKGROUND,Y,,3,
2023-08-24,011190003,1,1.7,Parts per billion,1,"Ward, Sumter Co.",23,96,42401,Sulfur dioxide,100,INSTRUMENTAL - ULTRAVIOLET FLUORESCENCE,,,32.362606,-88.277992,AREA,63.7032,REGIONAL SCALE,50 TO HUNDREDS KM,SLAMS,Al Dept Of Env Mgt,GENERAL/BACKGROUND,Y,,3,
2023-08-25,011190003,1,1.7,Parts per billion,1,"Ward, Sumter Co.",21,88,42401,Sulfur dioxide,100,INSTRUMENTAL - ULTRAVIOLET FLUORESCENCE,,,32.362606,-88.277992,AREA,63.7032,REGIONAL SCALE,50 TO HUNDREDS KM,SLAMS,Al Dept Of Env Mgt,GENERAL/BACKGROUND,Y,,3,
2023-08-26,011190003,1,1.7,Parts per billion,1,"Ward, Sumter Co.",23,96,42401,Sulfur dioxide,100,INSTRUMENTAL - ULTRAVIOLET FLUORESCENCE,,,32.362606,-88.277992,AREA,63.7032,REGIONAL SCALE,50 TO HUNDREDS KM,SLAMS,Al Dept Of Env Mgt,GENERAL/BACKGROUND,Y,,3,
2023-08-27,011190003,1,2.5,Parts per billion,3,"Ward, Sumter Co.",23,96,42401,Sulfur dioxide,100,INSTRUMENTAL - ULTRAVIOLET FLUORESCENCE,,,32.362606,-88.277992,AREA,63.7032,REGIONAL SCALE,50 TO HUNDREDS KM,SLAMS,Al Dept Of Env Mgt,GENERAL/BACKGROUND,Y,,3,
2023-08-28,011190003,1,1.6,Parts per billion,1,"Ward, Sumter Co.",23,96,42401,Sulfur dioxide,100,INSTRUMENTAL - ULTRAVIOLET FLUORESCENCE,,,32.362606,-88.277992,AREA,63.7032,REGIONAL SCALE,50 TO HUNDREDS KM,SLAMS,Al Dept Of Env Mgt,GENERAL/BACKGROUND,Y,,3,
2023-08-29,011190003,1,2.5,Parts per billion,3,"Ward, Sumter Co.",23,96,42401,Sulfur dioxide,100,INSTRUMENTAL - ULTRAVIOLET FLUORESCENCE,,,32.362606,-88.277992,AREA,63.7032,REGIONAL SCALE,50 TO HUNDREDS KM,SLAMS,Al Dept Of Env Mgt,GENERAL/BACKGROUND,Y,,3,
2023-08-30,011190003,1,2.4,Parts per billion,3,"Ward, Sumter Co.",23,96,42401,Sulfur dioxide,100,INSTRUMENTAL - ULTRAVIOLET FLUORESCENCE,,,32.362606,-88.277992,AREA,63.7032,REGIONAL SCALE,50 TO HUNDREDS KM,SLAMS,Al Dept Of Env Mgt,GENERAL/BACKGROUND,Y,,3,
2023-08-31,011190003,1,2.3,Parts per billion,3,"Ward, Sumter Co.",22,92,42401,Sulfur dioxide,100,INSTRUMENTAL - ULTRAVIOLET FLUORESCENCE,,,32.362606,-88.277992,AREA,63.7032,REGIONAL SCALE,50 TO HUNDREDS KM,SLAMS,Al Dept Of Env Mgt,GENERAL/BACKGROUND,Y,,3,
2023-09-01,011190003,1,3.4,Parts per billion,4,"Ward, Sumter Co.",23,96,42401,Sulfur dioxide,100,INSTRUMENTAL - ULTRAVIOLET FLUORESCENCE,,,32.362606,-88.277992,AREA,63.7032,REGIONAL SCALE,50 TO HUNDREDS KM,SLAMS,Al Dept Of Env Mgt,GENERAL/BACKGROUND,Y,,3,
2023-09-02,011190003,1,1.5,Parts per billion,1,"Ward, Sumter Co.",23,96,42401,Sulfur dioxide,100,INSTRUMENTAL - ULTRAVIOLET FLUORESCENCE,,,32.362606,-88.277992,AREA,63.7032,REGIONAL SCALE,50 TO HUNDREDS KM,SLAMS,Al Dept Of Env Mgt,GENERAL/BACKGROUND,Y,,3,
2023-09-03,011190003,1,1.8,Parts per billion,1,"Ward, Sumter Co.",23,96,42401,Sulfur dioxide,100,INSTRUMENTAL - ULTRAVIOLET FLUORESCENCE,,,32.362606,-88.277992,AREA,63.7032,REGIONAL SCALE,50 TO HUNDREDS KM,SLAMS,Al Dept Of Env Mgt,GENERAL/BACKGROUND,Y,,3,
2023-09-04,011190003,1,1.9,Parts per billion,1,"Ward, Sumter Co.",23,96,42401,Sulfur dioxide,100,INSTRUMENTAL - ULTRAVIOLET FLUORESCENCE,,,32.362606,-88.277992,AREA,63.7032,REGIONAL SCALE,50 TO HUNDREDS KM,SLAMS,Al Dept Of Env Mgt,GENERAL/BACKGROUND,Y,,3,
2023-09-05,011190003,1,2.1,Parts per billion,3,"Ward, Sumter Co.",23,96,42401,Sulfur dioxide,100,INSTRUMENTAL - ULTRAVIOLET FLUORESCENCE,,,32.362606,-88.277992,AREA,63.7032,REGIONAL SCALE,50 TO HUNDREDS KM,SLAMS,Al Dept Of Env Mgt,GENERAL/BACKGROUND,Y,,3,
2023-09-06,011190003,1,1.8,Parts per billion,1,"Ward, Sumter Co.",23,96,42401,Sulfur dioxide,100,INSTRUMENTAL - ULTRAVIOLET FLUORESCENCE,,,32.362606,-88.277992,AREA,63.7032,REGIONAL SCALE,50 TO HUNDREDS KM,SLAMS,Al Dept Of Env Mgt,GENERAL/BACKGROUND,Y,,3,
2023-09-07,011190003,1,1.7,Parts per billion,1,"Ward, Sumter Co.",22,92,42401,Sulfur dioxide,100,INSTRUMENTAL - ULTRAVIOLET FLUORESCENCE,,,32.362606,-88.277992,AREA,63.7032,REGIONAL SCALE,50 TO HUNDREDS KM,SLAMS,Al Dept Of Env Mgt,GENERAL/BACKGROUND,Y,,3,
2023-09-08,011190003,1,1.9,Parts per billion,1,"Ward, Sumter Co.",23,96,42401,Sulfur dioxide,100,INSTRUMENTAL - ULTRAVIOLET FLUORESCENCE,,,32.362606,-88.277992,AREA,63.7032,REGIONAL SCALE,50 TO HUNDREDS KM,SLAMS,Al Dept Of Env Mgt,GENERAL/BACKGROUND,Y,,3,
2023-09-09,011190003,1,2,Parts per billion,3,"Ward, Sumter Co.",23,96,42401,Sulfur dioxide,100,INSTRUMENTAL - ULTRAVIOLET FLUORESCENCE,,,32.362606,-88.277992,AREA,63.7032,REGIONAL SCALE,50 TO HUNDREDS KM,SLAMS,Al Dept Of Env Mgt,GENERAL/BACKGROUND,Y,,3,
2023-09-10,011190003,1,1.6,Parts per billion,1,"Ward, Sumter Co.",23,96,42401,Sulfur dioxide,100,INSTRUMENTAL - ULTRAVIOLET FLUORESCENCE,,,32.362606,-88.277992,AREA,63.7032,REGIONAL SCALE,50 TO HUNDREDS KM,SLAMS,Al Dept Of Env Mgt,GENERAL/BACKGROUND,Y,,3,
2023-09-11,011190003,1,2,Parts per billion,3,"Ward, Sumter Co.",23,96,42401,Sulfur dioxide,100,INSTRUMENTAL - ULTRAVIOLET FLUORESCENCE,,,32.362606,-88.277992,AREA,63.7032,REGIONAL SCALE,50 TO HUNDREDS KM,SLAMS,Al Dept Of Env Mgt,GENERAL/BACKGROUND,Y,,3,
2023-09-12,011190003,1,1.8,Parts per billion,1,"Ward, Sumter Co.",23,96,42401,Sulfur dioxide,100,INSTRUMENTAL - ULTRAVIOLET FLUORESCENCE,,,32.362606,-88.277992,AREA,63.7032,REGIONAL SCALE,50 TO HUNDREDS KM,SLAMS,Al Dept Of Env Mgt,GENERAL/BACKGROUND,Y,,3,
2023-09-13,011190003,1,1.6,Parts per billion,1,"Ward, Sumter Co.",23,96,42401,Sulfur dioxide,100,INSTRUMENTAL - ULTRAVIOLET FLUORESCENCE,,,32.362606,-88.277992,AREA,63.7032,REGIONAL SCALE,50 TO HUNDREDS KM,SLAMS,Al Dept Of Env Mgt,GENERAL/BACKGROUND,Y,,3,
2023-09-14,011190003,1,2,Parts per billion,3,"Ward, Sumter Co.",22,92,42401,Sulfur dioxide,100,INSTRUMENTAL - ULTRAVIOLET FLUORESCENCE,,,32.362606,-88.277992,AREA,63.7032,REGIONAL SCALE,50 TO HUNDREDS KM,SLAMS,Al Dept Of Env Mgt,GENERAL/BACKGROUND,Y,,3,
2023-09-15,011190003,1,1.9,Parts per billion,1,"Ward, Sumter Co.",23,96,42401,Sulfur dioxide,100,INSTRUMENTAL - ULTRAVIOLET FLUORESCENCE,,,32.362606,-88.277992,AREA,63.7032,REGIONAL SCALE,50 TO HUNDREDS KM,SLAMS,Al Dept Of Env Mgt,GENERAL/BACKGROUND,Y,,3,
2023-09-16,011190003,1,2.1,Parts per billion,3,"Ward, Sumter Co.",23,96,42401,Sulfur dioxide,100,INSTRUMENTAL - ULTRAVIOLET FLUORESCENCE,,,32.362606,-88.277992,AREA,63.7032,REGIONAL SCALE,50 TO HUNDREDS KM,SLAMS,Al Dept Of Env Mgt,GENERAL/BACKGROUND,Y,,3,
2023-09-17,011190003,1,2.3,Parts per billion,3,"Ward, Sumter Co.",23,96,42401,Sulfur dioxide,100,INSTRUMENTAL - ULTRAVIOLET FLUORESCENCE,,,32.362606,-88.277992,AREA,63.7032,REGIONAL SCALE,50 TO HUNDREDS KM,SLAMS,Al Dept Of Env Mgt,GENERAL/BACKGROUND,Y,,3,
2023-09-18,011190003,1,2.1,Parts per billion,3,"Ward, Sumter Co.",23,96,42401,Sulfur dioxide,100,INSTRUMENTAL - ULTRAVIOLET FLUORESCENCE,,,32.362606,-88.277992,AREA,63.7032,REGIONAL SCALE,50 TO HUNDREDS KM,SLAMS,Al Dept Of Env Mgt,GENERAL/BACKGROUND,Y,,3,
2023-09-19,011190003,1,2.1,Parts per billion,3,"Ward, Sumter Co.",22,92,42401,Sulfur dioxide,100,INSTRUMENTAL - ULTRAVIOLET FLUORESCENCE,,,32.362606,-88.277992,AREA,63.7032,REGIONAL SCALE,50 TO HUNDREDS KM,SLAMS,Al Dept Of Env Mgt,GENERAL/BACKGROUND,Y,,3,
2023-09-20,011190003,1,2.4,Parts per billion,3,"Ward, Sumter Co.",23,96,42401,Sulfur dioxide,100,INSTRUMENTAL - ULTRAVIOLET FLUORESCENCE,,,32.362606,-88.277992,AREA,63.7032,REGIONAL SCALE,50 TO HUNDREDS KM,SLAMS,Al Dept Of Env Mgt,GENERAL/BACKGROUND,Y,,3,
2023-09-21,011190003,1,1.8,Parts per billion,1,"Ward, Sumter Co.",23,96,42401,Sulfur dioxide,100,INSTRUMENTAL - ULTRAVIOLET FLUORESCENCE,,,32.362606,-88.277992,AREA,63.7032,REGIONAL SCALE,50 TO HUNDREDS KM,SLAMS,Al Dept Of Env Mgt,GENERAL/BACKGROUND,Y,,3,
2023-09-22,011190003,1,1.7,Parts per billion,1,"Ward, Sumter Co.",23,96,42401,Sulfur dioxide,100,INSTRUMENTAL - ULTRAVIOLET FLUORESCENCE,,,32.362606,-88.277992,AREA,63.7032,REGIONAL SCALE,50 TO HUNDREDS KM,SLAMS,Al Dept Of Env Mgt,GENERAL/BACKGROUND,Y,,3,
2023-09-23,011190003,1,2.2,Parts per billion,3,"Ward, Sumter Co.",23,96,42401,Sulfur dioxide,100,INSTRUMENTAL - ULTRAVIOLET FLUORESCENCE,,,32.362606,-88.277992,AREA,63.7032,REGIONAL SCALE,50 TO HUNDREDS KM,SLAMS,Al Dept Of Env Mgt,GENERAL/BACKGROUND,Y,,3,
2023-09-24,011190003,1,2.2,Parts per billion,3,"Ward, Sumter Co.",23,96,42401,Sulfur dioxide,100,INSTRUMENTAL - ULTRAVIOLET FLUORESCENCE,,,32.362606,-88.277992,AREA,63.7032,REGIONAL SCALE,50 TO HUNDREDS KM,SLAMS,Al Dept Of Env Mgt,GENERAL/BACKGROUND,Y,,3,
2023-09-27,011190003,1,2.4,Parts per billion,3,"Ward, Sumter Co.",23,96,42401,Sulfur dioxide,100,INSTRUMENTAL - ULTRAVIOLET FLUORESCENCE,,,32.362606,-88.277992,AREA,63.7032,REGIONAL SCALE,50 TO HUNDREDS KM,SLAMS,Al Dept Of Env Mgt,GENERAL/BACKGROUND,Y,,3,
2023-09-28,011190003,1,3.1,Parts per billion,4,"Ward, Sumter Co.",22,92,42401,Sulfur dioxide,100,INSTRUMENTAL - ULTRAVIOLET FLUORESCENCE,,,32.362606,-88.277992,AREA,63.7032,REGIONAL SCALE,50 TO HUNDREDS KM,SLAMS,Al Dept Of Env Mgt,GENERAL/BACKGROUND,Y,,3,
2023-09-29,011190003,1,2.5,Parts per billion,3,"Ward, Sumter Co.",23,96,42401,Sulfur dioxide,100,INSTRUMENTAL - ULTRAVIOLET FLUORESCENCE,,,32.362606,-88.277992,AREA,63.7032,REGIONAL SCALE,50 TO HUNDREDS KM,SLAMS,Al Dept Of Env Mgt,GENERAL/BACKGROUND,Y,,3,
2023-09-30,011190003,1,2.1,Parts per billion,3,"Ward, Sumter Co.",23,96,42401,Sulfur dioxide,100,INSTRUMENTAL - ULTRAVIOLET FLUORESCENCE,,,32.362606,-88.277992,AREA,63.7032,REGIONAL SCALE,50 TO HUNDREDS KM,SLAMS,Al Dept Of Env Mgt,GENERAL/BACKGROUND,Y,,3,
2023-10-01,011190003,1,2,Parts per billion,3,"Ward, Sumter Co.",23,96,42401,Sulfur dioxide,100,INSTRUMENTAL - ULTRAVIOLET FLUORESCENCE,,,32.362606,-88.277992,AREA,63.7032,REGIONAL SCALE,50 TO HUNDREDS KM,SLAMS,Al Dept Of Env Mgt,GENERAL/BACKGROUND,Y,,3,
2023-10-02,011190003,1,2,Parts per billion,3,"Ward, Sumter Co.",23,96,42401,Sulfur dioxide,100,INSTRUMENTAL - ULTRAVIOLET FLUORESCENCE,,,32.362606,-88.277992,AREA,63.7032,REGIONAL SCALE,50 TO HUNDREDS KM,SLAMS,Al Dept Of Env Mgt,GENERAL/BACKGROUND,Y,,3,
2023-10-03,011190003,1,2.1,Parts per billion,3,"Ward, Sumter Co.",23,96,42401,Sulfur dioxide,100,INSTRUMENTAL - ULTRAVIOLET FLUORESCENCE,,,32.362606,-88.277992,AREA,63.7032,REGIONAL SCALE,50 TO HUNDREDS KM,SLAMS,Al Dept Of Env Mgt,GENERAL/BACKGROUND,Y,,3,
2023-10-04,011190003,1,2.1,Parts per billion,3,"Ward, Sumter Co.",23,96,42401,Sulfur dioxide,100,INSTRUMENTAL - ULTRAVIOLET FLUORESCENCE,,,32.362606,-88.277992,AREA,63.7032,REGIONAL SCALE,50 TO HUNDREDS KM,SLAMS,Al Dept Of Env Mgt,GENERAL/BACKGROUND,Y,,3,
2023-10-05,011190003,1,1.9,Parts per billion,1,"Ward, Sumter Co.",23,96,42401,Sulfur dioxide,100,INSTRUMENTAL - ULTRAVIOLET FLUORESCENCE,,,32.362606,-88.277992,AREA,63.7032,REGIONAL SCALE,50 TO HUNDREDS KM,SLAMS,Al Dept Of Env Mgt,GENERAL/BACKGROUND,Y,,3,
2023-10-06,011190003,1,1.8,Parts per billion,1,"Ward, Sumter Co.",23,96,42401,Sulfur dioxide,100,INSTRUMENTAL - ULTRAVIOLET FLUORESCENCE,,,32.362606,-88.277992,AREA,63.7032,REGIONAL SCALE,50 TO HUNDREDS KM,SLAMS,Al Dept Of Env Mgt,GENERAL/BACKGROUND,Y,,3,
2023-10-07,011190003,1,1.6,Parts per billion,1,"Ward, Sumter Co.",23,96,42401,Sulfur dioxide,100,INSTRUMENTAL - ULTRAVIOLET FLUORESCENCE,,,32.362606,-88.277992,AREA,63.7032,REGIONAL SCALE,50 TO HUNDREDS KM,SLAMS,Al Dept Of Env Mgt,GENERAL/BACKGROUND,Y,,3,
2023-10-08,011190003,1,2.4,Parts per billion,3,"Ward, Sumter Co.",23,96,42401,Sulfur dioxide,100,INSTRUMENTAL - ULTRAVIOLET FLUORESCENCE,,,32.362606,-88.277992,AREA,63.7032,REGIONAL SCALE,50 TO HUNDREDS KM,SLAMS,Al Dept Of Env Mgt,GENERAL/BACKGROUND,Y,,3,
2023-10-09,011190003,1,2.4,Parts per billion,3,"Ward, Sumter Co.",23,96,42401,Sulfur dioxide,100,INSTRUMENTAL - ULTRAVIOLET FLUORESCENCE,,,32.362606,-88.277992,AREA,63.7032,REGIONAL SCALE,50 TO HUNDREDS KM,SLAMS,Al Dept Of Env Mgt,GENERAL/BACKGROUND,Y,,3,
2023-10-10,011190003,1,2.1,Parts per billion,3,"Ward, Sumter Co.",22,92,42401,Sulfur dioxide,100,INSTRUMENTAL - ULTRAVIOLET FLUORESCENCE,,,32.362606,-88.277992,AREA,63.7032,REGIONAL SCALE,50 TO HUNDREDS KM,SLAMS,Al Dept Of Env Mgt,GENERAL/BACKGROUND,Y,,3,
2023-10-11,011190003,1,1.9,Parts per billion,1,"Ward, Sumter Co.",23,96,42401,Sulfur dioxide,100,INSTRUMENTAL - ULTRAVIOLET FLUORESCENCE,,,32.362606,-88.277992,AREA,63.7032,REGIONAL SCALE,50 TO HUNDREDS KM,SLAMS,Al Dept Of Env Mgt,GENERAL/BACKGROUND,Y,,3,
2023-10-12,011190003,1,1.8,Parts per billion,1,"Ward, Sumter Co.",23,96,42401,Sulfur dioxide,100,INSTRUMENTAL - ULTRAVIOLET FLUORESCENCE,,,32.362606,-88.277992,AREA,63.7032,REGIONAL SCALE,50 TO HUNDREDS KM,SLAMS,Al Dept Of Env Mgt,GENERAL/BACKGROUND,Y,,3,
2023-10-13,011190003,1,2.2,Parts per billion,3,"Ward, Sumter Co.",23,96,42401,Sulfur dioxide,100,INSTRUMENTAL - ULTRAVIOLET FLUORESCENCE,,,32.362606,-88.277992,AREA,63.7032,REGIONAL SCALE,50 TO HUNDREDS KM,SLAMS,Al Dept Of Env Mgt,GENERAL/BACKGROUND,Y,,3,
2023-10-14,011190003,1,2.2,Parts per billion,3,"Ward, Sumter Co.",23,96,42401,Sulfur dioxide,100,INSTRUMENTAL - ULTRAVIOLET FLUORESCENCE,,,32.362606,-88.277992,AREA,63.7032,REGIONAL SCALE,50 TO HUNDREDS KM,SLAMS,Al Dept Of Env Mgt,GENERAL/BACKGROUND,Y,,3,
2023-10-15,011190003,1,1.7,Parts per billion,1,"Ward, Sumter Co.",23,96,42401,Sulfur dioxide,100,INSTRUMENTAL - ULTRAVIOLET FLUORESCENCE,,,32.362606,-88.277992,AREA,63.7032,REGIONAL SCALE,50 TO HUNDREDS KM,SLAMS,Al Dept Of Env Mgt,GENERAL/BACKGROUND,Y,,3,
2023-10-16,011190003,1,1.9,Parts per billion,1,"Ward, Sumter Co.",23,96,42401,Sulfur dioxide,100,INSTRUMENTAL - ULTRAVIOLET FLUORESCENCE,,,32.362606,-88.277992,AREA,63.7032,REGIONAL SCALE,50 TO HUNDREDS KM,SLAMS,Al Dept Of Env Mgt,GENERAL/BACKGROUND,Y,,3,
2023-10-17,011190003,1,2.1,Parts per billion,3,"Ward, Sumter Co.",23,96,42401,Sulfur dioxide,100,INSTRUMENTAL - ULTRAVIOLET FLUORESCENCE,,,32.362606,-88.277992,AREA,63.7032,REGIONAL SCALE,50 TO HUNDREDS KM,SLAMS,Al Dept Of Env Mgt,GENERAL/BACKGROUND,Y,,3,
2023-10-18,011190003,1,2.5,Parts per billion,3,"Ward, Sumter Co.",23,96,42401,Sulfur dioxide,100,INSTRUMENTAL - ULTRAVIOLET FLUORESCENCE,,,32.362606,-88.277992,AREA,63.7032,REGIONAL SCALE,50 TO HUNDREDS KM,SLAMS,Al Dept Of Env Mgt,GENERAL/BACKGROUND,Y,,3,
2023-10-19,011190003,1,2.5,Parts per billion,3,"Ward, Sumter Co.",23,96,42401,Sulfur dioxide,100,INSTRUMENTAL - ULTRAVIOLET FLUORESCENCE,,,32.362606,-88.277992,AREA,63.7032,REGIONAL SCALE,50 TO HUNDREDS KM,SLAMS,Al Dept Of Env Mgt,GENERAL/BACKGROUND,Y,,3,
2023-10-20,011190003,1,1.9,Parts per billion,1,"Ward, Sumter Co.",23,96,42401,Sulfur dioxide,100,INSTRUMENTAL - ULTRAVIOLET FLUORESCENCE,,,32.362606,-88.277992,AREA,63.7032,REGIONAL SCALE,50 TO HUNDREDS KM,SLAMS,Al Dept Of Env Mgt,GENERAL/BACKGROUND,Y,,3,
2023-10-21,011190003,1,1.8,Parts per billion,1,"Ward, Sumter Co.",22,92,42401,Sulfur dioxide,100,INSTRUMENTAL - ULTRAVIOLET FLUORESCENCE,,,32.362606,-88.277992,AREA,63.7032,REGIONAL SCALE,50 TO HUNDREDS KM,SLAMS,Al Dept Of Env Mgt,GENERAL/BACKGROUND,Y,,3,
2023-10-22,011190003,1,3,Parts per billion,4,"Ward, Sumter Co.",23,96,42401,Sulfur dioxide,100,INSTRUMENTAL - ULTRAVIOLET FLUORESCENCE,,,32.362606,-88.277992,AREA,63.7032,REGIONAL SCALE,50 TO HUNDREDS KM,SLAMS,Al Dept Of Env Mgt,GENERAL/BACKGROUND,Y,,3,
2023-10-23,011190003,1,2.6,Parts per billion,3,"Ward, Sumter Co.",23,96,42401,Sulfur dioxide,100,INSTRUMENTAL - ULTRAVIOLET FLUORESCENCE,,,32.362606,-88.277992,AREA,63.7032,REGIONAL SCALE,50 TO HUNDREDS KM,SLAMS,Al Dept Of Env Mgt,GENERAL/BACKGROUND,Y,,3,
2023-10-24,011190003,1,2.3,Parts per billion,3,"Ward, Sumter Co.",23,96,42401,Sulfur dioxide,100,INSTRUMENTAL - ULTRAVIOLET FLUORESCENCE,,,32.362606,-88.277992,AREA,63.7032,REGIONAL SCALE,50 TO HUNDREDS KM,SLAMS,Al Dept Of Env Mgt,GENERAL/BACKGROUND,Y,,3,
2023-10-25,011190003,1,2.3,Parts per billion,3,"Ward, Sumter Co.",23,96,42401,Sulfur dioxide,100,INSTRUMENTAL - ULTRAVIOLET FLUORESCENCE,,,32.362606,-88.277992,AREA,63.7032,REGIONAL SCALE,50 TO HUNDREDS KM,SLAMS,Al Dept Of Env Mgt,GENERAL/BACKGROUND,Y,,3,
2023-10-26,011190003,1,2.2,Parts per billion,3,"Ward, Sumter Co.",22,92,42401,Sulfur dioxide,100,INSTRUMENTAL - ULTRAVIOLET FLUORESCENCE,,,32.362606,-88.277992,AREA,63.7032,REGIONAL SCALE,50 TO HUNDREDS KM,SLAMS,Al Dept Of Env Mgt,GENERAL/BACKGROUND,Y,,3,
2023-10-27,011190003,1,1.8,Parts per billion,1,"Ward, Sumter Co.",23,96,42401,Sulfur dioxide,100,INSTRUMENTAL - ULTRAVIOLET FLUORESCENCE,,,32.362606,-88.277992,AREA,63.7032,REGIONAL SCALE,50 TO HUNDREDS KM,SLAMS,Al Dept Of Env Mgt,GENERAL/BACKGROUND,Y,,3,
2023-10-28,011190003,1,2,Parts per billion,3,"Ward, Sumter Co.",23,96,42401,Sulfur dioxide,100,INSTRUMENTAL - ULTRAVIOLET FLUORESCENCE,,,32.362606,-88.277992,AREA,63.7032,REGIONAL SCALE,50 TO HUNDREDS KM,SLAMS,Al Dept Of Env Mgt,GENERAL/BACKGROUND,Y,,3,
2023-10-29,011190003,1,2.1,Parts per billion,3,"Ward, Sumter Co.",23,96,42401,Sulfur dioxide,100,INSTRUMENTAL - ULTRAVIOLET FLUORESCENCE,,,32.362606,-88.277992,AREA,63.7032,REGIONAL SCALE,50 TO HUNDREDS KM,SLAMS,Al Dept Of Env Mgt,GENERAL/BACKGROUND,Y,,3,
2023-10-30,011190003,1,3,Parts per billion,4,"Ward, Sumter Co.",23,96,42401,Sulfur dioxide,100,INSTRUMENTAL - ULTRAVIOLET FLUORESCENCE,,,32.362606,-88.277992,AREA,63.7032,REGIONAL SCALE,50 TO HUNDREDS KM,SLAMS,Al Dept Of Env Mgt,GENERAL/BACKGROUND,Y,,3,
2023-10-31,011190003,1,1.6,Parts per billion,1,"Ward, Sumter Co.",23,96,42401,Sulfur dioxide,100,INSTRUMENTAL - ULTRAVIOLET FLUORESCENCE,,,32.362606,-88.277992,AREA,63.7032,REGIONAL SCALE,50 TO HUNDREDS KM,SLAMS,Al Dept Of Env Mgt,GENERAL/BACKGROUND,Y,,3,
2023-11-01,011190003,1,2.5,Parts per billion,3,"Ward, Sumter Co.",23,96,42401,Sulfur dioxide,100,INSTRUMENTAL - ULTRAVIOLET FLUORESCENCE,,,32.362606,-88.277992,AREA,63.7032,REGIONAL SCALE,50 TO HUNDREDS KM,SLAMS,Al Dept Of Env Mgt,GENERAL/BACKGROUND,Y,,3,
2023-11-02,011190003,1,1.9,Parts per billion,1,"Ward, Sumter Co.",23,96,42401,Sulfur dioxide,100,INSTRUMENTAL - ULTRAVIOLET FLUORESCENCE,,,32.362606,-88.277992,AREA,63.7032,REGIONAL SCALE,50 TO HUNDREDS KM,SLAMS,Al Dept Of Env Mgt,GENERAL/BACKGROUND,Y,,3,
2023-11-03,011190003,1,2,Parts per billion,3,"Ward, Sumter Co.",23,96,42401,Sulfur dioxide,100,INSTRUMENTAL - ULTRAVIOLET FLUORESCENCE,,,32.362606,-88.277992,AREA,63.7032,REGIONAL SCALE,50 TO HUNDREDS KM,SLAMS,Al Dept Of Env Mgt,GENERAL/BACKGROUND,Y,,3,
2023-11-04,011190003,1,2,Parts per billion,3,"Ward, Sumter Co.",23,96,42401,Sulfur dioxide,100,INSTRUMENTAL - ULTRAVIOLET FLUORESCENCE,,,32.362606,-88.277992,AREA,63.7032,REGIONAL SCALE,50 TO HUNDREDS KM,SLAMS,Al Dept Of Env Mgt,GENERAL/BACKGROUND,Y,,3,
2023-11-05,011190003,1,1.9,Parts per billion,1,"Ward, Sumter Co.",23,96,42401,Sulfur dioxide,100,INSTRUMENTAL - ULTRAVIOLET FLUORESCENCE,,,32.362606,-88.277992,AREA,63.7032,REGIONAL SCALE,50 TO HUNDREDS KM,SLAMS,Al Dept Of Env Mgt,GENERAL/BACKGROUND,Y,,3,
2023-11-06,011190003,1,2,Parts per billion,3,"Ward, Sumter Co.",23,96,42401,Sulfur dioxide,100,INSTRUMENTAL - ULTRAVIOLET FLUORESCENCE,,,32.362606,-88.277992,AREA,63.7032,REGIONAL SCALE,50 TO HUNDREDS KM,SLAMS,Al Dept Of Env Mgt,GENERAL/BACKGROUND,Y,,3,
2023-11-07,011190003,1,2,Parts per billion,3,"Ward, Sumter Co.",22,92,42401,Sulfur dioxide,100,INSTRUMENTAL - ULTRAVIOLET FLUORESCENCE,,,32.362606,-88.277992,AREA,63.7032,REGIONAL SCALE,50 TO HUNDREDS KM,SLAMS,Al Dept Of Env Mgt,GENERAL/BACKGROUND,Y,,3,
2023-11-08,011190003,1,1.9,Parts per billion,1,"Ward, Sumter Co.",23,96,42401,Sulfur dioxide,100,INSTRUMENTAL - ULTRAVIOLET FLUORESCENCE,,,32.362606,-88.277992,AREA,63.7032,REGIONAL SCALE,50 TO HUNDREDS KM,SLAMS,Al Dept Of Env Mgt,GENERAL/BACKGROUND,Y,,3,
2023-11-09,011190003,1,1.7,Parts per billion,1,"Ward, Sumter Co.",23,96,42401,Sulfur dioxide,100,INSTRUMENTAL - ULTRAVIOLET FLUORESCENCE,,,32.362606,-88.277992,AREA,63.7032,REGIONAL SCALE,50 TO HUNDREDS KM,SLAMS,Al Dept Of Env Mgt,GENERAL/BACKGROUND,Y,,3,
2023-11-10,011190003,1,1.7,Parts per billion,1,"Ward, Sumter Co.",23,96,42401,Sulfur dioxide,100,INSTRUMENTAL - ULTRAVIOLET FLUORESCENCE,,,32.362606,-88.277992,AREA,63.7032,REGIONAL SCALE,50 TO HUNDREDS KM,SLAMS,Al Dept Of Env Mgt,GENERAL/BACKGROUND,Y,,3,
2023-11-11,011190003,1,1.7,Parts per billion,1,"Ward, Sumter Co.",23,96,42401,Sulfur dioxide,100,INSTRUMENTAL - ULTRAVIOLET FLUORESCENCE,,,32.362606,-88.277992,AREA,63.7032,REGIONAL SCALE,50 TO HUNDREDS KM,SLAMS,Al Dept Of Env Mgt,GENERAL/BACKGROUND,Y,,3,
2023-11-12,011190003,1,2.2,Parts per billion,3,"Ward, Sumter Co.",23,96,42401,Sulfur dioxide,100,INSTRUMENTAL - ULTRAVIOLET FLUORESCENCE,,,32.362606,-88.277992,AREA,63.7032,REGIONAL SCALE,50 TO HUNDREDS KM,SLAMS,Al Dept Of Env Mgt,GENERAL/BACKGROUND,Y,,3,
2023-11-13,011190003,1,1.8,Parts per billion,1,"Ward, Sumter Co.",23,96,42401,Sulfur dioxide,100,INSTRUMENTAL - ULTRAVIOLET FLUORESCENCE,,,32.362606,-88.277992,AREA,63.7032,REGIONAL SCALE,50 TO HUNDREDS KM,SLAMS,Al Dept Of Env Mgt,GENERAL/BACKGROUND,Y,,3,
2023-11-14,011190003,1,2.2,Parts per billion,3,"Ward, Sumter Co.",23,96,42401,Sulfur dioxide,100,INSTRUMENTAL - ULTRAVIOLET FLUORESCENCE,,,32.362606,-88.277992,AREA,63.7032,REGIONAL SCALE,50 TO HUNDREDS KM,SLAMS,Al Dept Of Env Mgt,GENERAL/BACKGROUND,Y,,3,
2023-11-15,011190003,1,1.6,Parts per billion,1,"Ward, Sumter Co.",23,96,42401,Sulfur dioxide,100,INSTRUMENTAL - ULTRAVIOLET FLUORESCENCE,,,32.362606,-88.277992,AREA,63.7032,REGIONAL SCALE,50 TO HUNDREDS KM,SLAMS,Al Dept Of Env Mgt,GENERAL/BACKGROUND,Y,,3,
2023-11-16,011190003,1,1.6,Parts per billion,1,"Ward, Sumter Co.",22,92,42401,Sulfur dioxide,100,INSTRUMENTAL - ULTRAVIOLET FLUORESCENCE,,,32.362606,-88.277992,AREA,63.7032,REGIONAL SCALE,50 TO HUNDREDS KM,SLAMS,Al Dept Of Env Mgt,GENERAL/BACKGROUND,Y,,3,
2023-11-17,011190003,1,1.9,Parts per billion,1,"Ward, Sumter Co.",23,96,42401,Sulfur dioxide,100,INSTRUMENTAL - ULTRAVIOLET FLUORESCENCE,,,32.362606,-88.277992,AREA,63.7032,REGIONAL SCALE,50 TO HUNDREDS KM,SLAMS,Al Dept Of Env Mgt,GENERAL/BACKGROUND,Y,,3,
2023-11-18,011190003,1,1.7,Parts per billion,1,"Ward, Sumter Co.",23,96,42401,Sulfur dioxide,100,INSTRUMENTAL - ULTRAVIOLET FLUORESCENCE,,,32.362606,-88.277992,AREA,63.7032,REGIONAL SCALE,50 TO HUNDREDS KM,SLAMS,Al Dept Of Env Mgt,GENERAL/BACKGROUND,Y,,3,
2023-11-19,011190003,1,2.5,Parts per billion,3,"Ward, Sumter Co.",23,96,42401,Sulfur dioxide,100,INSTRUMENTAL - ULTRAVIOLET FLUORESCENCE,,,32.362606,-88.277992,AREA,63.7032,REGIONAL SCALE,50 TO HUNDREDS KM,SLAMS,Al Dept Of Env Mgt,GENERAL/BACKGROUND,Y,,3,
2023-11-20,011190003,1,2.4,Parts per billion,3,"Ward, Sumter Co.",23,96,42401,Sulfur dioxide,100,INSTRUMENTAL - ULTRAVIOLET FLUORESCENCE,,,32.362606,-88.277992,AREA,63.7032,REGIONAL SCALE,50 TO HUNDREDS KM,SLAMS,Al Dept Of Env Mgt,GENERAL/BACKGROUND,Y,,3,
2023-11-21,011190003,1,2,Parts per billion,3,"Ward, Sumter Co.",23,96,42401,Sulfur dioxide,100,INSTRUMENTAL - ULTRAVIOLET FLUORESCENCE,,,32.362606,-88.277992,AREA,63.7032,REGIONAL SCALE,50 TO HUNDREDS KM,SLAMS,Al Dept Of Env Mgt,GENERAL/BACKGROUND,Y,,3,
2023-11-22,011190003,1,1.6,Parts per billion,1,"Ward, Sumter Co.",23,96,42401,Sulfur dioxide,100,INSTRUMENTAL - ULTRAVIOLET FLUORESCENCE,,,32.362606,-88.277992,AREA,63.7032,REGIONAL SCALE,50 TO HUNDREDS KM,SLAMS,Al Dept Of Env Mgt,GENERAL/BACKGROUND,Y,,3,
2023-11-23,011190003,1,2.2,Parts per billion,3,"Ward, Sumter Co.",23,96,42401,Sulfur dioxide,100,INSTRUMENTAL - ULTRAVIOLET FLUORESCENCE,,,32.362606,-88.277992,AREA,63.7032,REGIONAL SCALE,50 TO HUNDREDS KM,SLAMS,Al Dept Of Env Mgt,GENERAL/BACKGROUND,Y,,3,
2023-11-24,011190003,1,2.7,Parts per billion,3,"Ward, Sumter Co.",23,96,42401,Sulfur dioxide,100,INSTRUMENTAL - ULTRAVIOLET FLUORESCENCE,,,32.362606,-88.277992,AREA,63.7032,REGIONAL SCALE,50 TO HUNDREDS KM,SLAMS,Al Dept Of Env Mgt,GENERAL/BACKGROUND,Y,,3,
2023-11-25,011190003,1,3.3,Parts per billion,4,"Ward, Sumter Co.",23,96,42401,Sulfur dioxide,100,INSTRUMENTAL - ULTRAVIOLET FLUORESCENCE,,,32.362606,-88.277992,AREA,63.7032,REGIONAL SCALE,50 TO HUNDREDS KM,SLAMS,Al Dept Of Env Mgt,GENERAL/BACKGROUND,Y,,3,
2023-11-26,011190003,1,2.2,Parts per billion,3,"Ward, Sumter Co.",23,96,42401,Sulfur dioxide,100,INSTRUMENTAL - ULTRAVIOLET FLUORESCENCE,,,32.362606,-88.277992,AREA,63.7032,REGIONAL SCALE,50 TO HUNDREDS KM,SLAMS,Al Dept Of Env Mgt,GENERAL/BACKGROUND,Y,,3,
2023-11-27,011190003,1,1.6,Parts per billion,1,"Ward, Sumter Co.",23,96,42401,Sulfur dioxide,100,INSTRUMENTAL - ULTRAVIOLET FLUORESCENCE,,,32.362606,-88.277992,AREA,63.7032,REGIONAL SCALE,50 TO HUNDREDS KM,SLAMS,Al Dept Of Env Mgt,GENERAL/BACKGROUND,Y,,3,
2023-11-28,011190003,1,1.6,Parts per billion,1,"Ward, Sumter Co.",21,88,42401,Sulfur dioxide,100,INSTRUMENTAL - ULTRAVIOLET FLUORESCENCE,,,32.362606,-88.277992,AREA,63.7032,REGIONAL SCALE,50 TO HUNDREDS KM,SLAMS,Al Dept Of Env Mgt,GENERAL/BACKGROUND,Y,,3,
2023-11-29,011190003,1,2.5,Parts per billion,3,"Ward, Sumter Co.",23,96,42401,Sulfur dioxide,100,INSTRUMENTAL - ULTRAVIOLET FLUORESCENCE,,,32.362606,-88.277992,AREA,63.7032,REGIONAL SCALE,50 TO HUNDREDS KM,SLAMS,Al Dept Of Env Mgt,GENERAL/BACKGROUND,Y,,3,
2023-11-30,011190003,1,2.4,Parts per billion,3,"Ward, Sumter Co.",14,58,42401,Sulfur dioxide,100,INSTRUMENTAL - ULTRAVIOLET FLUORESCENCE,,,32.362606,-88.277992,AREA,63.7032,REGIONAL SCALE,50 TO HUNDREDS KM,SLAMS,Al Dept Of Env Mgt,GENERAL/BACKGROUND,Y,,3,
2023-12-01,011190003,1,0.4,Parts per billion,0,"Ward, Sumter Co.",23,96,42401,Sulfur dioxide,100,INSTRUMENTAL - ULTRAVIOLET FLUORESCENCE,,,32.362606,-88.277992,AREA,63.7032,REGIONAL SCALE,50 TO HUNDREDS KM,SLAMS,Al Dept Of Env Mgt,GENERAL/BACKGROUND,Y,,3,
2023-12-02,011190003,1,0.5,Parts per billion,0,"Ward, Sumter Co.",23,96,42401,Sulfur dioxide,100,INSTRUMENTAL - ULTRAVIOLET FLUORESCENCE,,,32.362606,-88.277992,AREA,63.7032,REGIONAL SCALE,50 TO HUNDREDS KM,SLAMS,Al Dept Of Env Mgt,GENERAL/BACKGROUND,Y,,3,
2023-12-03,011190003,1,0.5,Parts per billion,0,"Ward, Sumter Co.",23,96,42401,Sulfur dioxide,100,INSTRUMENTAL - ULTRAVIOLET FLUORESCENCE,,,32.362606,-88.277992,AREA,63.7032,REGIONAL SCALE,50 TO HUNDREDS KM,SLAMS,Al Dept Of Env Mgt,GENERAL/BACKGROUND,Y,,3,
2023-12-04,011190003,1,0.8,Parts per billion,0,"Ward, Sumter Co.",23,96,42401,Sulfur dioxide,100,INSTRUMENTAL - ULTRAVIOLET FLUORESCENCE,,,32.362606,-88.277992,AREA,63.7032,REGIONAL SCALE,50 TO HUNDREDS KM,SLAMS,Al Dept Of Env Mgt,GENERAL/BACKGROUND,Y,,3,
2023-12-05,011190003,1,0.6,Parts per billion,0,"Ward, Sumter Co.",22,92,42401,Sulfur dioxide,100,INSTRUMENTAL - ULTRAVIOLET FLUORESCENCE,,,32.362606,-88.277992,AREA,63.7032,REGIONAL SCALE,50 TO HUNDREDS KM,SLAMS,Al Dept Of Env Mgt,GENERAL/BACKGROUND,Y,,3,
2023-12-06,011190003,1,1.2,Parts per billion,1,"Ward, Sumter Co.",23,96,42401,Sulfur dioxide,100,INSTRUMENTAL - ULTRAVIOLET FLUORESCENCE,,,32.362606,-88.277992,AREA,63.7032,REGIONAL SCALE,50 TO HUNDREDS KM,SLAMS,Al Dept Of Env Mgt,GENERAL/BACKGROUND,Y,,3,
2023-12-07,011190003,1,0.6,Parts per billion,0,"Ward, Sumter Co.",23,96,42401,Sulfur dioxide,100,INSTRUMENTAL - ULTRAVIOLET FLUORESCENCE,,,32.362606,-88.277992,AREA,63.7032,REGIONAL SCALE,50 TO HUNDREDS KM,SLAMS,Al Dept Of Env Mgt,GENERAL/BACKGROUND,Y,,3,
2023-12-08,011190003,1,0.8,Parts per billion,0,"Ward, Sumter Co.",23,96,42401,Sulfur dioxide,100,INSTRUMENTAL - ULTRAVIOLET FLUORESCENCE,,,32.362606,-88.277992,AREA,63.7032,REGIONAL SCALE,50 TO HUNDREDS KM,SLAMS,Al Dept Of Env Mgt,GENERAL/BACKGROUND,Y,,3,
2023-12-09,011190003,1,0.5,Parts per billion,0,"Ward, Sumter Co.",23,96,42401,Sulfur dioxide,100,INSTRUMENTAL - ULTRAVIOLET FLUORESCENCE,,,32.362606,-88.277992,AREA,63.7032,REGIONAL SCALE,50 TO HUNDREDS KM,SLAMS,Al Dept Of Env Mgt,GENERAL/BACKGROUND,Y,,3,
2023-12-10,011190003,1,0.5,Parts per billion,0,"Ward, Sumter Co.",23,96,42401,Sulfur dioxide,100,INSTRUMENTAL - ULTRAVIOLET FLUORESCENCE,,,32.362606,-88.277992,AREA,63.7032,REGIONAL SCALE,50 TO HUNDREDS KM,SLAMS,Al Dept Of Env Mgt,GENERAL/BACKGROUND,Y,,3,
2023-12-11,011190003,1,0.7,Parts per billion,0,"Ward, Sumter Co.",23,96,42401,Sulfur dioxide,100,INSTRUMENTAL - ULTRAVIOLET FLUORESCENCE,,,32.362606,-88.277992,AREA,63.7032,REGIONAL SCALE,50 TO HUNDREDS KM,SLAMS,Al Dept Of Env Mgt,GENERAL/BACKGROUND,Y,,3,
2023-12-12,011190003,1,0.8,Parts per billion,0,"Ward, Sumter Co.",23,96,42401,Sulfur dioxide,100,INSTRUMENTAL - ULTRAVIOLET FLUORESCENCE,,,32.362606,-88.277992,AREA,63.7032,REGIONAL SCALE,50 TO HUNDREDS KM,SLAMS,Al Dept Of Env Mgt,GENERAL/BACKGROUND,Y,,3,
2023-12-13,011190003,1,3,Parts per billion,4,"Ward, Sumter Co.",23,96,42401,Sulfur dioxide,100,INSTRUMENTAL - ULTRAVIOLET FLUORESCENCE,,,32.362606,-88.277992,AREA,63.7032,REGIONAL SCALE,50 TO HUNDREDS KM,SLAMS,Al Dept Of Env Mgt,GENERAL/BACKGROUND,Y,,3,
2023-12-14,011190003,1,0.6,Parts per billion,0,"Ward, Sumter Co.",23,96,42401,Sulfur dioxide,100,INSTRUMENTAL - ULTRAVIOLET FLUORESCENCE,,,32.362606,-88.277992,AREA,63.7032,REGIONAL SCALE,50 TO HUNDREDS KM,SLAMS,Al Dept Of Env Mgt,GENERAL/BACKGROUND,Y,,3,
2023-12-15,011190003,1,0.5,Parts per billion,0,"Ward, Sumter Co.",23,96,42401,Sulfur dioxide,100,INSTRUMENTAL - ULTRAVIOLET FLUORESCENCE,,,32.362606,-88.277992,AREA,63.7032,REGIONAL SCALE,50 TO HUNDREDS KM,SLAMS,Al Dept Of Env Mgt,GENERAL/BACKGROUND,Y,,3,
2023-12-16,011190003,1,0.6,Parts per billion,0,"Ward, Sumter Co.",23,96,42401,Sulfur dioxide,100,INSTRUMENTAL - ULTRAVIOLET FLUORESCENCE,,,32.362606,-88.277992,AREA,63.7032,REGIONAL SCALE,50 TO HUNDREDS KM,SLAMS,Al Dept Of Env Mgt,GENERAL/BACKGROUND,Y,,3,
2023-12-17,011190003,1,0.6,Parts per billion,0,"Ward, Sumter Co.",23,96,42401,Sulfur dioxide,100,INSTRUMENTAL - ULTRAVIOLET FLUORESCENCE,,,32.362606,-88.277992,AREA,63.7032,REGIONAL SCALE,50 TO HUNDREDS KM,SLAMS,Al Dept Of Env Mgt,GENERAL/BACKGROUND,Y,,3,
2023-12-19,011190003,1,2.4,Parts per billion,3,"Ward, Sumter Co.",23,96,42401,Sulfur dioxide,100,INSTRUMENTAL - ULTRAVIOLET FLUORESCENCE,,,32.362606,-88.277992,AREA,63.7032,REGIONAL SCALE,50 TO HUNDREDS KM,SLAMS,Al Dept Of Env Mgt,GENERAL/BACKGROUND,Y,,3,
2023-12-18,011190003,1,0.7,Parts per billion,0,"Ward, Sumter Co.",23,96,42401,Sulfur dioxide,100,INSTRUMENTAL - ULTRAVIOLET FLUORESCENCE,,,32.362606,-88.277992,AREA,63.7032,REGIONAL SCALE,50 TO HUNDREDS KM,SLAMS,Al Dept Of Env Mgt,GENERAL/BACKGROUND,Y,,3,
2023-12-20,011190003,1,0.8,Parts per billion,0,"Ward, Sumter Co.",24,100,42401,Sulfur dioxide,100,INSTRUMENTAL - ULTRAVIOLET FLUORESCENCE,,,32.362606,-88.277992,AREA,63.7032,REGIONAL SCALE,50 TO HUNDREDS KM,SLAMS,Al Dept Of Env Mgt,GENERAL/BACKGROUND,Y,,3,
2023-12-21,011190003,1,0.8,Parts per billion,0,"Ward, Sumter Co.",23,96,42401,Sulfur dioxide,100,INSTRUMENTAL - ULTRAVIOLET FLUORESCENCE,,,32.362606,-88.277992,AREA,63.7032,REGIONAL SCALE,50 TO HUNDREDS KM,SLAMS,Al Dept Of Env Mgt,GENERAL/BACKGROUND,Y,,3,
2023-12-22,011190003,1,0.6,Parts per billion,0,"Ward, Sumter Co.",23,96,42401,Sulfur dioxide,100,INSTRUMENTAL - ULTRAVIOLET FLUORESCENCE,,,32.362606,-88.277992,AREA,63.7032,REGIONAL SCALE,50 TO HUNDREDS KM,SLAMS,Al Dept Of Env Mgt,GENERAL/BACKGROUND,Y,,3,
2023-12-23,011190003,1,0.7,Parts per billion,0,"Ward, Sumter Co.",23,96,42401,Sulfur dioxide,100,INSTRUMENTAL - ULTRAVIOLET FLUORESCENCE,,,32.362606,-88.277992,AREA,63.7032,REGIONAL SCALE,50 TO HUNDREDS KM,SLAMS,Al Dept Of Env Mgt,GENERAL/BACKGROUND,Y,,3,
2023-12-24,011190003,1,0.8,Parts per billion,0,"Ward, Sumter Co.",23,96,42401,Sulfur dioxide,100,INSTRUMENTAL - ULTRAVIOLET FLUORESCENCE,,,32.362606,-88.277992,AREA,63.7032,REGIONAL SCALE,50 TO HUNDREDS KM,SLAMS,Al Dept Of Env Mgt,GENERAL/BACKGROUND,Y,,3,
2023-12-25,011190003,1,0.7,Parts per billion,0,"Ward, Sumter Co.",23,96,42401,Sulfur dioxide,100,INSTRUMENTAL - ULTRAVIOLET FLUORESCENCE,,,32.362606,-88.277992,AREA,63.7032,REGIONAL SCALE,50 TO HUNDREDS KM,SLAMS,Al Dept Of Env Mgt,GENERAL/BACKGROUND,Y,,3,
2023-12-26,011190003,1,0.5,Parts per billion,0,"Ward, Sumter Co.",23,96,42401,Sulfur dioxide,100,INSTRUMENTAL - ULTRAVIOLET FLUORESCENCE,,,32.362606,-88.277992,AREA,63.7032,REGIONAL SCALE,50 TO HUNDREDS KM,SLAMS,Al Dept Of Env Mgt,GENERAL/BACKGROUND,Y,,3,
2023-12-27,011190003,1,0.7,Parts per billion,0,"Ward, Sumter Co.",11,46,42401,Sulfur dioxide,100,INSTRUMENTAL - ULTRAVIOLET FLUORESCENCE,,,32.362606,-88.277992,AREA,63.7032,REGIONAL SCALE,50 TO HUNDREDS KM,SLAMS,Al Dept Of Env Mgt,GENERAL/BACKGROUND,Y,,3,
