Temperatura,Horas_Operacion,Carga,Humedad,Consumo_Energia
29.8,7.4,76.4,87.0,28.97
22.9,4.3,88.8,74.9,21.85
21.9,10.4,87.7,65.7,37.43
27.4,7.8,55.7,79.0,26.32
30.2,6.9,42.3,62.9,26.08
25.2,8.1,37.9,49.5,24.7
34.7,5.3,77.4,40.8,20.89
29.6,10.0,96.9,60.7,34.37
26.2,7.9,97.5,89.7,30.71
24.7,10.5,54.7,64.3,28.79
23.8,7.9,55.7,67.4,27.22
30.4,3.7,68.2,89.6,21.59
25.5,9.7,64.8,60.9,32.49
19.0,10.6,42.9,72.3,27.45
24.8,9.8,93.6,44.7,30.91
30.5,6.5,33.2,57.5,20.74
21.1,8.7,40.4,52.1,24.17
21.0,9.7,36.4,69.9,27.05
27.0,4.9,38.8,48.9,21.67
27.0,3.3,63.2,69.2,21.48
28.8,11.6,37.7,81.8,38.06
32.4,11.4,40.1,59.0,33.35
30.3,8.8,51.5,85.6,31.87
28.4,7.9,68.1,68.2,29.7
30.3,11.6,81.4,88.8,34.4
23.5,9.8,84.4,45.1,32.21
24.2,6.4,57.7,84.9,23.81
21.9,10.7,34.6,62.5,27.32
23.0,10.3,48.6,64.3,30.34
28.7,7.4,38.7,72.9,25.79
19.6,5.5,82.9,78.7,25.89
25.4,5.6,88.0,43.8,27.23
25.3,7.5,93.1,58.2,29.82
26.4,10.7,91.2,78.1,36.09
25.2,6.2,50.7,65.8,24.51
23.3,3.1,64.9,56.4,19.25
25.2,5.3,68.4,82.8,24.02
33.2,2.1,80.7,70.2,20.16
34.1,10.8,83.9,55.1,36.48
26.5,4.5,60.7,83.8,24.26
28.6,11.6,49.9,76.3,30.69
20.0,5.8,49.1,60.1,22.76
23.4,7.3,68.5,70.3,21.95
25.1,9.6,82.5,80.2,33.39
32.7,2.4,98.3,45.9,24.55
22.3,6.1,70.2,78.4,25.35
26.2,6.0,44.4,53.1,25.34
34.8,2.4,87.5,59.3,22.1
26.8,9.0,74.5,49.8,25.93
28.4,9.6,54.3,56.8,27.23
20.1,7.9,92.7,72.7,29.19
32.0,6.3,73.4,83.4,30.52
28.3,4.0,74.6,79.8,20.54
27.3,3.9,39.2,86.4,16.78
23.8,8.7,85.0,65.5,35.56
23.2,6.9,94.7,89.7,28.97
25.1,8.5,96.1,63.1,31.79
29.6,11.2,30.2,86.4,32.45
32.9,8.4,60.5,47.7,27.94
26.7,2.7,54.3,44.9,18.84
29.4,8.7,47.8,55.6,25.83
28.0,2.2,34.9,48.2,17.06
28.6,11.5,55.0,68.9,33.79
29.5,4.6,74.1,66.2,22.44
32.3,7.4,96.3,84.2,32.16
19.4,8.0,50.9,73.2,27.79
31.0,4.2,54.4,50.8,24.26
22.1,3.3,71.1,59.6,24.87
21.3,10.1,86.3,79.3,31.86
27.7,8.9,87.0,56.2,30.55
19.6,8.1,68.3,88.2,25.96
33.1,3.7,58.1,40.4,18.5
28.7,9.6,60.0,49.4,29.79
30.3,8.5,80.6,40.3,31.36
18.3,7.8,97.9,61.0,28.54
28.1,6.6,95.9,85.1,33.77
27.5,3.6,66.9,48.7,22.9
20.7,3.9,81.7,61.9,19.56
20.6,10.3,63.3,47.0,29.26
29.8,4.2,53.6,59.7,18.82
23.4,11.1,78.5,48.3,33.93
29.8,3.5,92.5,40.5,23.95
27.4,8.7,62.6,70.4,34.62
24.6,6.1,89.6,45.9,26.52
33.7,8.2,71.2,69.7,27.81
32.3,2.4,56.1,85.5,18.55
24.1,5.6,40.1,46.3,20.91
18.7,3.9,34.8,42.0,18.38
23.2,3.2,98.3,78.0,26.4
24.8,2.3,35.5,69.4,16.97
30.0,2.4,99.3,80.3,22.18
34.9,9.0,79.2,78.4,32.95
24.1,7.0,75.3,49.3,29.03
31.0,5.2,63.4,64.1,24.27
28.1,2.9,96.4,69.0,22.91
29.8,3.7,70.1,60.4,22.0
20.6,4.7,59.8,72.7,22.15
24.8,6.9,62.6,80.8,22.98
22.1,11.4,87.5,69.8,34.88
23.8,5.4,91.3,79.3,24.75
26.7,5.6,72.3,53.8,24.1
29.3,9.1,31.1,68.5,23.06
19.8,6.9,36.0,57.2,24.79
20.2,4.8,96.6,51.7,23.83
23.5,3.6,69.0,88.6,20.23
29.2,2.4,97.5,74.5,23.87
32.4,4.2,68.8,45.8,24.17
27.4,11.2,85.6,76.6,37.11
32.5,11.9,76.2,81.6,41.34
24.5,10.0,78.5,62.5,35.51
23.4,6.6,67.9,75.2,26.55
24.0,9.1,83.2,85.6,30.83
20.9,10.2,64.9,89.9,32.52
32.1,5.6,86.3,67.5,29.06
23.8,3.8,50.5,71.3,22.22
27.4,3.6,33.1,59.7,20.7
27.8,7.7,40.7,77.4,24.74
26.9,2.6,56.4,53.6,16.69
18.0,11.9,91.7,58.0,39.81
34.8,6.5,91.5,73.0,28.11
33.4,4.3,54.2,81.5,23.71
21.5,7.2,59.7,86.5,29.43
23.0,4.5,68.4,47.4,21.99
26.8,8.2,76.6,84.2,30.14
33.3,10.2,60.7,78.5,31.96
34.7,6.2,79.4,45.2,27.47
22.4,9.4,66.5,78.7,28.64
27.6,7.9,41.9,48.2,27.65
31.7,3.7,89.0,74.1,20.14
24.7,4.1,58.4,51.9,22.96
30.4,7.4,37.1,57.1,24.67
20.7,10.5,46.1,54.3,33.35
28.2,6.4,62.6,53.7,19.74
32.7,8.3,68.1,59.4,31.78
34.7,9.6,93.1,78.3,32.68
19.3,10.0,53.3,89.2,29.81
25.3,8.5,91.4,74.4,32.44
21.5,9.8,39.5,49.6,26.84
25.7,8.1,43.7,89.2,27.6
27.3,11.2,42.9,59.8,32.04
19.6,5.4,71.2,73.4,23.12
23.0,10.4,68.7,55.6,32.96
33.8,8.5,51.8,60.3,26.31
27.7,7.7,85.3,72.9,29.05
25.8,9.2,70.5,79.8,29.69
30.8,2.2,77.8,51.3,17.15
30.6,9.8,49.1,41.4,28.92
18.8,4.3,70.7,66.9,24.33
30.0,3.5,88.0,53.6,20.83
32.3,8.6,57.2,71.0,24.7
20.8,11.0,91.9,45.4,31.11
31.3,7.5,47.7,87.0,23.11
22.9,4.3,96.7,56.7,25.25
23.2,9.4,75.8,69.4,29.58
29.3,11.0,91.1,79.0,39.17
19.9,9.3,57.9,76.9,32.72
29.3,10.1,59.0,63.3,30.12
33.1,11.4,71.6,42.1,34.23
29.8,7.2,32.5,68.7,26.12
25.5,11.0,97.0,62.9,36.08
25.4,10.0,93.0,47.9,33.99
31.0,5.5,54.5,61.4,24.86
27.6,5.3,54.8,59.4,18.27
19.4,4.1,82.4,42.7,18.37
27.9,8.7,56.2,80.5,25.88
31.9,10.8,65.7,81.3,34.16
23.7,2.8,76.5,84.6,20.52
33.8,7.8,62.4,77.6,27.7
30.8,9.0,51.5,85.4,31.22
27.8,10.2,64.9,79.2,29.75
30.8,7.6,62.0,44.7,25.5
19.3,8.6,93.3,87.7,30.2
32.6,7.2,83.3,68.4,30.4
32.0,3.9,90.3,57.8,28.55
33.5,2.7,96.5,66.9,21.87
20.2,4.6,94.7,45.1,25.8
19.4,10.1,90.5,50.4,32.03
20.4,3.2,31.2,75.3,17.98
24.8,2.7,36.8,57.7,17.52
25.2,4.2,72.9,40.2,25.62
27.6,4.9,66.0,53.7,19.68
20.1,6.0,46.9,58.4,21.76
21.4,10.3,48.9,69.4,28.28
31.8,8.2,82.9,62.9,32.1
26.0,9.5,80.0,69.8,29.97
31.7,10.9,40.8,70.0,32.86
18.1,9.7,52.0,83.2,28.09
27.4,4.6,99.4,54.6,29.77
33.8,7.5,69.5,42.0,31.38
27.9,6.5,69.9,82.4,26.41
21.5,10.2,94.9,83.4,33.95
30.2,4.5,88.4,49.0,24.9
24.4,8.1,77.2,41.7,29.54
29.4,2.4,44.4,59.1,18.44
18.5,5.2,95.7,75.0,24.04
28.8,6.7,77.3,62.9,31.59
18.5,4.1,32.6,45.3,16.04
30.7,8.7,59.3,83.8,28.46
26.0,5.7,52.5,40.3,20.52
20.1,3.9,80.7,62.4,23.37
27.2,10.7,81.7,85.4,32.44
19.1,4.0,68.1,61.8,19.83
29.1,7.8,97.0,53.2,31.68
34.9,6.9,64.7,64.8,24.14
31.1,6.4,53.8,79.2,26.34
27.8,4.4,81.5,61.5,22.06
19.7,10.2,50.9,84.5,34.91
29.9,8.4,48.4,85.1,27.6
29.2,10.0,62.8,57.2,29.45
18.8,9.3,76.6,90.0,28.39
31.5,9.6,33.3,77.5,27.35
26.8,3.9,69.4,87.2,20.5
25.2,8.1,34.0,89.7,23.21
31.4,9.9,98.3,47.2,34.1
25.0,7.0,42.5,51.5,24.06
26.2,8.2,93.1,71.5,27.81
21.1,4.7,51.5,82.1,20.74
23.5,6.6,39.6,85.6,21.78
32.4,10.4,71.5,73.1,34.21
21.2,4.1,88.4,61.7,22.22
25.1,9.1,45.3,77.5,24.2
34.8,8.4,89.3,88.7,31.67
22.0,2.8,78.9,46.6,22.62
33.6,8.6,90.9,55.2,35.53
33.6,6.6,72.0,81.9,26.75
19.6,3.8,45.0,65.9,17.78
25.9,6.3,79.4,75.0,28.55
26.5,3.3,49.2,46.6,13.93
23.3,11.5,36.5,45.6,29.25
18.8,11.7,64.8,73.2,32.07
22.1,6.3,41.8,84.1,23.64
19.6,4.1,77.4,75.5,18.99
22.1,10.0,46.9,63.8,26.96
31.7,5.2,69.4,53.5,22.8
33.2,5.6,44.5,41.5,20.87
18.7,6.0,94.3,59.0,23.45
23.1,9.2,93.4,46.2,32.68
34.7,8.1,81.1,63.9,33.08
27.2,11.9,49.7,69.3,35.7
28.6,10.4,49.9,88.9,31.88
18.1,11.7,48.9,49.7,35.24
26.2,9.7,52.6,70.4,32.99
34.8,6.2,33.0,55.0,17.64
24.4,11.2,70.7,45.1,31.53
19.6,6.0,70.3,85.6,23.41
25.9,3.0,36.9,85.0,19.27
34.4,4.2,69.0,69.2,22.34
23.8,11.8,44.1,49.3,32.12
31.6,3.8,70.3,87.9,22.89
31.6,6.0,67.9,41.1,21.76
21.5,10.3,48.1,89.0,26.05
25.5,7.0,48.3,43.7,25.83
30.2,8.5,73.6,58.9,27.49
25.0,10.7,58.1,62.0,31.61
21.2,3.1,92.5,50.7,20.76
34.4,6.8,97.8,55.1,27.29
29.1,5.2,98.7,85.6,27.36
32.7,8.3,40.1,42.4,29.07
18.4,7.0,89.7,68.5,25.68
22.5,5.4,38.9,70.2,15.21
26.5,4.0,33.0,60.7,20.25
19.1,3.4,31.9,89.3,17.02
34.9,9.4,91.2,47.8,35.5
22.0,10.3,35.1,79.5,30.13
24.4,9.8,70.2,57.2,30.0
21.6,8.7,70.7,83.7,28.57
19.8,8.3,79.0,87.7,29.8
22.0,6.1,59.8,59.5,24.03
23.1,8.4,49.3,59.0,26.38
28.8,3.2,62.8,47.9,21.25
22.8,7.7,69.0,48.9,22.45
24.2,7.8,50.9,48.5,21.91
18.1,7.0,45.0,68.6,21.11
24.2,10.0,99.1,84.6,36.15
27.1,5.7,73.6,44.6,23.43
20.8,5.2,50.3,86.2,23.01
28.2,3.1,75.3,65.7,18.7
23.0,5.2,70.8,65.5,24.3
28.7,5.6,40.9,77.5,25.64
18.4,2.9,52.8,42.4,15.27
33.1,9.4,30.4,66.3,29.73
18.3,2.3,83.8,79.2,23.12
20.2,11.1,60.9,55.4,30.76
31.2,3.0,35.3,52.1,12.96
18.8,4.3,57.4,44.9,20.11
30.1,3.7,34.7,75.1,21.06
34.5,8.4,60.8,68.6,26.11
32.8,11.9,89.7,84.9,36.68
30.1,10.3,66.1,85.9,31.22
34.3,2.7,36.2,69.4,21.52
25.3,3.1,64.4,77.2,18.41
32.8,7.4,40.6,41.4,22.4
24.1,9.8,55.5,40.4,29.09
33.8,9.1,82.8,81.3,31.28
20.5,7.1,88.9,60.6,28.63
34.0,2.3,34.1,57.0,15.82
32.2,11.9,58.9,51.2,28.5
32.4,9.6,36.7,82.9,34.42
20.1,8.1,64.8,54.4,29.62
28.1,9.1,76.4,59.8,31.2
18.3,8.0,74.4,68.0,29.73
30.3,9.0,45.3,40.2,25.58
18.1,5.3,82.3,81.5,25.23
19.4,10.1,72.2,80.4,30.56
21.8,2.7,42.1,49.1,15.72
32.9,6.8,70.7,54.7,30.2
24.2,11.6,99.9,61.8,35.68
27.2,7.7,73.1,66.9,31.14
27.7,4.2,59.4,51.3,24.46
21.8,7.4,44.0,61.7,20.52
27.7,4.5,54.1,43.0,18.17
29.2,5.3,81.2,44.3,27.76
23.1,2.0,39.5,59.3,10.0
25.1,10.9,82.4,51.8,31.32
25.7,3.3,83.9,55.8,24.23
33.8,9.9,70.3,74.6,32.47
28.0,9.5,35.8,52.9,29.28
34.1,2.2,76.2,45.2,15.35
27.5,2.2,74.6,52.7,15.44
26.5,5.4,66.9,48.8,21.28
18.1,5.3,86.7,86.5,26.0
26.2,7.2,40.9,46.1,25.59
33.8,3.2,80.5,55.2,21.47
21.4,7.4,80.1,85.0,28.85
18.9,9.8,78.0,75.3,31.15
24.9,9.6,91.1,64.3,36.19
24.3,10.2,73.9,61.4,29.99
32.6,8.9,76.1,72.1,28.57
18.5,4.9,87.3,41.6,26.78
33.6,10.3,42.6,40.6,29.24
29.6,8.2,40.8,54.3,24.58
33.4,4.7,86.9,81.6,28.98
28.3,5.7,69.4,67.7,25.81
31.8,7.2,55.2,68.6,28.12
23.7,2.3,38.7,69.9,12.95
23.9,10.7,37.5,57.4,30.26
24.6,6.0,86.4,42.6,26.06
30.8,5.7,35.9,49.4,20.17
24.3,3.9,47.6,76.6,20.55
22.1,6.8,37.8,62.2,23.68
33.9,4.4,38.9,73.7,20.65
33.4,10.3,74.5,68.9,36.51
23.9,12.0,84.5,64.3,36.56
28.8,5.5,71.4,40.6,28.28
22.7,3.5,88.7,51.8,21.74
21.5,2.6,69.4,71.9,15.76
23.7,7.7,78.6,89.9,32.17
23.6,9.5,30.2,58.9,28.54
33.0,11.0,83.4,83.0,38.61
32.0,2.6,42.4,77.9,22.31
30.1,11.5,53.1,61.5,33.5
34.3,5.6,64.7,64.1,25.74
25.2,2.6,37.0,83.1,20.35
22.2,3.0,86.1,68.4,23.9
20.0,9.0,88.2,65.6,29.41
23.1,5.7,38.3,89.3,21.66
20.5,7.9,64.1,88.4,28.59
19.6,10.6,90.1,77.8,32.75
28.2,6.3,51.2,87.3,20.73
24.2,7.9,95.0,68.1,29.62
27.6,10.7,39.2,46.5,30.23
21.3,11.9,36.2,41.5,32.43
29.5,9.5,39.9,51.2,30.68
21.7,8.6,42.4,53.1,25.53
22.7,5.6,46.8,79.2,19.79
30.6,11.5,38.0,65.6,29.86
27.5,7.6,89.8,88.7,30.69
23.7,5.9,97.3,40.7,29.69
27.2,6.2,43.6,49.7,19.4
29.8,2.3,45.5,53.1,16.47
33.5,9.2,68.6,67.8,32.52
27.9,9.2,63.5,75.5,31.95
22.0,5.2,76.7,89.6,23.99
30.7,4.9,36.4,71.4,22.08
31.2,9.7,63.2,70.6,29.77
21.4,4.2,41.3,56.8,18.72
31.9,8.5,95.3,85.2,31.92
25.9,10.2,86.9,69.1,30.79
31.3,5.5,50.2,59.5,20.28
22.0,2.5,45.0,50.3,21.26
23.7,5.6,74.9,66.8,27.99
34.2,8.8,36.1,76.4,25.65
29.2,6.4,33.9,48.9,23.61
31.1,11.2,46.3,89.5,34.38
29.7,7.2,80.2,76.6,27.86
21.5,11.7,58.4,60.3,33.06
26.0,8.6,50.8,59.7,29.96
31.8,10.2,66.0,65.8,33.17
29.5,8.4,78.8,49.5,29.58
18.1,7.0,67.8,82.5,22.91
19.5,7.7,92.8,74.5,32.58
23.9,10.2,81.3,74.3,32.5
34.1,7.6,95.4,73.1,33.34
26.4,11.2,31.0,74.4,33.05
22.6,5.0,93.1,78.7,22.67
24.1,6.2,51.7,78.5,23.19
21.6,6.7,84.8,74.0,21.81
25.2,8.6,98.4,46.9,32.57
21.7,9.8,32.4,69.8,22.45
32.4,8.3,99.0,63.9,30.68
25.8,10.7,71.5,49.7,30.22
22.8,11.7,91.4,60.2,36.76
33.9,2.4,75.3,61.3,19.02
23.3,2.0,75.5,58.7,18.93
33.5,4.5,40.4,58.2,16.44
18.7,3.1,78.3,47.1,20.62
30.0,10.1,80.5,48.7,34.7
26.2,10.1,36.8,49.0,27.85
25.6,3.2,36.1,52.6,15.69
18.6,7.1,60.7,85.2,23.65
18.7,11.2,52.1,80.9,32.75
23.7,3.4,89.4,89.3,20.71
34.1,8.5,76.0,83.0,30.38
28.5,9.5,42.4,64.5,26.59
24.3,11.1,43.8,58.7,32.37
28.4,7.9,51.2,43.4,25.14
21.5,7.0,69.8,78.0,23.34
20.8,6.6,65.2,58.5,25.39
24.2,5.2,63.5,81.6,22.64
32.7,6.6,32.2,81.9,21.86
26.7,3.8,67.9,69.7,20.44
23.0,8.8,31.4,48.2,25.04
34.2,4.1,61.1,88.7,22.28
31.9,2.5,44.5,42.6,19.4
23.5,6.7,51.3,55.3,23.16
34.5,10.0,75.7,75.8,35.23
34.8,4.3,57.7,49.6,17.91
24.9,10.1,71.4,56.9,35.45
29.2,9.2,81.6,59.5,33.58
24.9,8.3,80.3,50.1,28.34
22.4,7.9,67.8,89.4,26.93
19.4,4.7,90.8,71.6,25.94
22.5,6.8,92.3,52.7,23.86
22.6,4.5,76.9,82.6,20.25
24.8,3.5,35.4,56.5,13.73
21.1,7.8,37.8,40.1,22.11
34.2,9.7,72.8,63.1,31.49
19.7,6.4,46.3,72.4,21.44
28.6,9.4,96.7,47.1,33.74
25.5,9.0,46.2,80.6,24.42
25.2,6.5,65.3,52.9,26.22
24.3,9.5,35.4,61.5,25.03
32.8,5.2,72.4,86.6,26.01
22.8,10.0,83.3,65.0,34.16
18.3,5.3,78.9,42.1,23.5
33.6,8.8,57.7,85.0,31.16
32.7,8.8,54.3,74.8,30.67
22.7,6.2,48.7,84.9,19.89
26.9,9.1,50.6,61.3,26.74
19.9,10.9,84.4,84.0,35.01
19.6,2.7,83.9,47.7,22.63
32.2,5.0,85.1,79.5,29.19
25.0,3.2,95.8,82.7,25.18
29.2,3.8,70.7,76.6,24.05
34.0,3.9,41.0,79.9,19.9
22.2,11.6,48.3,68.8,33.47
18.2,9.0,60.9,59.9,26.67
18.4,7.8,30.4,73.0,23.59
30.1,7.9,55.0,41.1,25.58
33.7,2.9,60.3,73.1,23.85
25.9,5.7,34.5,54.2,22.13
24.4,10.9,85.9,79.9,38.16
27.2,2.1,77.6,50.9,19.28
32.6,2.2,80.9,60.3,21.49
29.1,4.7,35.6,49.2,16.49
22.0,8.3,68.9,66.0,30.74
31.2,10.7,66.6,69.2,32.48
20.3,2.3,68.9,75.9,15.29
20.8,7.2,71.9,47.7,25.32
28.4,8.3,47.8,78.3,27.98
22.1,2.6,81.6,59.7,19.45
30.0,6.7,62.2,73.7,28.64
23.9,11.0,44.0,48.8,33.01
22.7,5.6,75.5,54.5,26.1
35.0,6.6,53.5,47.7,27.1
18.7,7.7,54.6,56.3,27.43
29.0,3.4,47.6,87.3,21.7
18.7,6.7,66.8,51.2,22.19
30.9,7.3,64.1,48.9,28.32
21.9,3.6,59.9,46.9,21.3
19.5,9.5,58.2,75.9,28.61
29.0,3.2,42.6,70.6,15.45
30.5,4.4,64.4,77.9,21.77
29.5,8.5,54.0,63.8,26.71
18.9,4.9,71.0,74.5,22.53
23.0,2.9,30.4,83.4,11.65
25.7,6.8,39.8,73.8,22.83
22.9,5.5,65.3,70.1,21.28
31.8,6.4,64.4,52.5,28.57
20.2,3.8,51.1,41.2,14.86
28.4,11.7,60.1,87.5,33.84
34.8,3.4,67.3,49.2,19.05
33.3,4.9,58.7,87.5,22.75
21.8,6.9,65.0,46.1,27.43
18.0,11.2,44.3,84.3,32.25
34.7,2.9,85.1,86.6,21.1
33.0,8.2,43.2,76.6,26.4
33.6,3.7,64.4,58.1,20.71
25.1,8.5,77.1,78.8,30.07
30.7,7.7,81.8,80.1,31.03
21.6,10.1,56.4,84.6,29.68
24.7,2.4,77.1,41.8,21.13
32.5,3.2,65.5,78.8,22.08
20.2,9.1,65.1,82.8,29.34
33.2,4.2,44.3,76.9,17.05
26.4,2.0,36.3,78.1,14.94
25.2,10.8,37.4,40.8,28.61
23.2,11.7,43.1,88.6,31.3
33.6,4.8,63.2,61.5,21.07
26.8,5.4,44.9,74.9,18.72
31.7,5.1,44.5,57.8,19.3
32.6,8.5,54.5,59.4,26.08
33.7,6.3,82.1,68.5,27.59
23.2,2.8,90.2,44.8,19.08
23.8,8.3,48.1,44.1,27.41
28.1,9.7,31.0,57.1,26.94
25.5,11.4,62.2,57.9,33.62
33.9,6.0,49.4,68.9,26.16
24.8,2.8,62.0,66.2,15.98
26.1,3.8,62.8,59.3,19.71
28.5,6.7,88.7,71.0,28.97
24.9,8.9,33.1,78.0,28.93
34.9,8.6,99.9,47.5,32.67
19.7,9.9,36.3,45.1,26.01
21.8,7.4,86.6,41.9,30.1
23.5,10.4,80.7,41.1,31.03
20.5,4.2,44.6,87.8,19.54
22.8,5.1,51.5,57.0,19.87
31.2,3.2,96.7,68.9,24.33
26.9,6.3,68.8,86.7,27.49
18.6,7.6,65.9,78.4,24.64
34.7,6.6,71.4,53.5,29.8
28.5,5.2,98.5,67.2,27.2
19.0,3.6,53.1,53.3,21.03
29.2,9.2,70.6,45.8,30.81
24.4,7.2,72.2,78.6,27.97
20.3,9.5,43.4,74.2,29.32
27.6,8.2,97.9,82.9,32.26
30.4,7.9,57.4,57.9,27.31
29.4,11.9,57.6,61.8,33.19
22.2,10.3,93.7,76.9,33.64
26.9,7.6,82.7,89.5,30.45
27.1,4.9,55.5,73.0,16.41
30.2,3.9,47.6,43.1,17.63
24.1,11.6,30.4,86.1,30.49
31.6,11.9,49.8,58.6,31.61
28.7,11.3,40.1,75.4,28.46
18.7,3.5,46.9,77.3,16.89
27.3,9.1,97.1,54.5,30.3
32.7,8.4,44.6,47.3,23.41
27.6,6.1,30.8,73.2,23.83
21.0,4.4,44.6,73.1,21.83
26.7,10.3,73.5,79.4,31.63
30.9,9.7,92.2,73.3,34.67
19.9,8.6,57.8,74.3,25.62
31.9,8.3,88.9,67.7,28.51
20.8,10.3,73.8,64.6,34.24
27.1,5.8,38.4,68.3,22.61
24.6,9.4,69.8,60.3,29.43
22.2,5.0,71.1,66.6,21.75
29.0,11.4,50.3,87.5,32.19
18.6,5.3,69.7,62.2,20.42
30.9,9.6,94.8,68.4,33.08
27.0,9.3,44.2,61.3,29.98
32.9,10.1,94.4,84.0,37.79
26.9,10.5,99.6,61.4,34.49
18.6,8.1,48.0,63.3,27.86
20.4,4.0,43.4,61.2,17.97
31.5,4.4,30.2,65.2,19.17
26.4,3.6,69.0,82.5,19.47
25.5,9.5,50.2,78.1,27.47
23.4,7.6,98.1,81.9,27.82
22.8,6.7,68.7,86.4,25.82
34.4,10.9,66.3,82.5,32.83
25.4,2.8,50.7,41.2,17.75
33.0,5.9,40.4,76.3,25.48
29.0,3.4,41.6,71.1,16.4
32.6,2.0,91.6,65.3,23.94
32.5,5.7,78.8,79.5,28.65
34.3,7.0,30.4,78.3,25.62
29.9,2.6,83.3,73.0,20.06
31.7,6.2,86.0,58.1,26.99
30.5,4.2,80.6,63.3,25.32
28.3,6.7,40.6,65.7,21.13
30.2,9.6,59.8,72.9,31.45
30.2,6.3,71.6,87.4,24.33
18.7,3.4,94.0,74.6,24.19
26.8,7.6,95.0,61.2,28.3
31.5,3.3,53.2,79.3,19.98
22.1,10.5,32.6,49.4,27.93
25.9,8.3,97.2,51.2,28.83
25.4,2.5,96.3,88.2,21.31
24.8,7.2,68.9,61.9,27.62
20.1,6.8,80.5,48.6,21.7
26.9,10.4,48.2,76.5,29.76
25.6,10.4,60.5,55.1,29.39
29.3,9.3,45.0,84.5,32.11
27.3,10.2,47.3,46.7,28.94
18.5,8.1,52.9,50.9,27.92
18.5,7.9,49.7,68.8,23.66
29.9,5.5,59.8,41.3,21.6
30.0,6.4,97.9,45.3,29.34
34.3,7.6,58.8,84.4,26.42
32.9,6.6,38.0,68.0,24.62
26.0,8.7,38.0,55.8,24.48
28.6,5.8,72.9,49.4,29.0
25.8,8.9,75.5,87.2,29.12
21.8,5.4,38.5,55.8,19.49
24.4,7.6,39.8,77.8,22.72
19.8,10.2,79.7,67.1,30.93
29.3,9.8,95.8,78.8,34.54
21.3,5.4,61.9,57.1,21.83
26.1,9.4,44.9,78.4,27.05
34.4,6.2,72.2,69.0,27.87
18.5,2.7,35.4,84.7,16.76
20.6,2.4,54.0,83.0,15.45
23.1,10.8,45.2,63.4,31.33
34.0,3.2,47.7,86.3,20.91
33.5,9.6,69.5,84.0,37.6
20.8,5.9,61.9,59.2,26.39
34.7,4.2,87.9,41.8,26.36
30.8,4.4,64.1,44.1,19.58
27.2,7.1,59.0,76.7,27.44
33.8,11.4,65.4,74.5,30.19
33.0,7.6,76.5,50.0,28.9
24.7,7.1,67.2,60.9,22.82
29.2,5.6,32.2,84.8,20.78
29.0,3.3,64.4,66.6,18.74
23.6,3.3,30.3,63.4,16.6
21.0,7.5,82.4,43.8,29.97
25.9,6.0,49.5,59.6,18.6
22.5,5.2,36.2,73.1,21.01
24.0,4.3,58.3,44.4,21.8
34.2,9.8,83.6,73.9,32.58
25.8,11.9,32.4,60.6,29.06
29.6,4.8,47.8,42.0,20.8
23.7,9.4,73.6,53.2,30.3
34.9,3.6,44.1,71.9,19.35
29.2,9.1,57.2,76.5,28.36
21.3,4.7,75.0,66.0,22.22
19.7,10.8,63.6,68.3,32.11
34.0,3.4,72.8,76.0,26.78
34.1,7.3,68.6,63.6,29.86
28.6,8.9,84.5,65.1,30.91
18.3,3.4,76.1,65.0,16.88
21.8,9.2,90.5,61.3,34.23
31.6,11.0,54.8,62.1,33.65
32.9,9.3,64.4,64.4,33.43
25.7,5.4,35.4,79.3,23.77
24.2,4.9,36.9,80.9,18.75
22.7,2.1,65.3,43.2,13.41
20.0,9.0,60.8,75.0,29.6
20.0,11.7,94.6,77.1,37.06
34.2,10.5,54.1,57.8,32.98
31.7,3.2,59.5,58.2,22.38
20.8,10.4,51.6,85.9,32.4
21.5,8.1,89.7,52.9,31.44
29.1,2.9,60.4,56.1,20.15
31.0,8.6,76.5,83.1,32.58
31.8,2.7,30.8,74.6,18.52
20.8,2.3,99.0,44.7,20.44
34.7,9.3,81.5,67.1,32.16
21.9,10.2,51.1,61.9,27.76
28.0,5.6,74.2,46.9,21.11
28.0,3.2,75.5,86.3,20.55
34.4,6.3,40.7,63.0,25.5
29.2,7.7,32.1,87.2,29.04
27.9,7.5,95.4,88.5,29.31
26.8,9.1,88.5,72.8,34.36
31.0,10.5,89.2,45.5,34.32
19.8,11.8,70.8,66.3,33.88
18.0,6.7,83.2,69.9,27.63
34.2,5.0,35.9,86.3,19.5
26.5,5.2,37.7,42.9,22.89
23.6,4.1,96.7,52.9,22.73
24.3,8.4,91.5,51.7,29.41
31.7,6.3,83.4,52.6,23.65
24.5,8.7,81.3,50.6,30.33
31.1,4.1,45.1,84.0,20.21
25.5,8.3,59.1,74.3,29.17
32.3,10.9,66.4,75.3,34.19
19.3,10.5,77.8,40.6,32.9
26.2,11.8,46.1,74.4,33.33
25.9,6.8,48.3,60.3,22.32
22.5,3.4,50.8,41.2,18.35
34.0,4.6,71.7,40.6,23.65
33.4,10.1,60.4,75.9,28.47
25.5,6.4,56.1,64.1,24.35
19.7,9.1,67.9,46.4,30.11
21.5,8.9,72.3,46.0,28.74
22.6,8.8,58.2,62.4,27.19
26.2,2.3,89.7,69.3,19.37
23.8,8.8,83.6,61.0,31.49
31.2,8.2,91.7,73.0,28.65
26.1,4.8,93.2,86.2,24.93
32.8,2.2,88.9,85.9,25.2
34.9,5.9,54.3,44.5,25.55
21.7,7.4,31.9,64.6,21.81
28.4,9.5,34.5,53.0,28.71
32.4,10.5,52.7,79.8,29.2
34.1,11.3,32.7,46.9,32.85
22.9,4.2,65.9,81.4,21.94
30.4,4.2,35.9,53.4,18.81
18.3,6.6,51.2,49.4,20.7
32.9,5.1,91.2,41.1,26.21
19.1,3.1,47.7,46.2,15.28
30.5,11.7,58.1,62.8,31.7
34.9,8.9,91.1,73.4,30.71
26.5,9.3,81.5,55.2,34.46
21.6,9.8,93.2,74.0,27.85
28.1,3.0,91.3,87.6,24.15
28.6,10.9,41.3,74.5,31.25
29.4,8.5,66.3,52.8,26.1
20.9,4.1,98.1,84.6,22.36
33.3,6.6,37.1,81.4,21.72
28.6,5.1,46.8,74.3,22.69
18.7,11.3,64.5,79.5,35.26
29.6,6.9,30.1,56.1,26.52
21.3,11.1,54.6,60.0,31.61
18.5,5.1,47.3,63.7,19.98
27.4,10.9,57.4,60.1,32.24
31.8,9.4,51.7,70.3,29.63
32.6,11.3,97.3,50.6,37.94
19.8,4.3,72.7,78.9,22.22
29.3,5.3,70.2,81.3,27.53
30.1,11.0,53.3,59.0,37.06
23.0,2.1,84.0,72.0,18.96
34.5,3.2,98.3,81.2,25.52
22.7,2.5,70.9,89.8,16.41
19.2,9.9,66.2,75.8,28.4
26.8,11.7,55.1,71.8,35.49
29.8,9.2,73.4,63.4,30.13
22.2,11.2,72.1,60.5,34.23
23.8,11.2,63.5,69.6,31.24
27.6,9.0,66.9,89.3,30.96
33.1,8.1,57.2,58.7,26.49
30.7,5.6,72.3,61.5,26.34
21.6,6.9,78.5,67.1,28.25
22.3,7.2,93.2,47.7,31.14
26.9,11.5,58.0,85.5,31.73
31.1,2.3,51.1,84.0,17.47
28.5,10.9,94.0,70.8,37.22
26.5,3.6,53.1,60.0,20.63
28.2,9.1,94.0,51.5,35.17
30.9,7.6,73.7,50.3,28.92
27.1,2.3,86.0,89.1,16.98
33.3,2.9,88.2,63.6,23.6
34.1,3.8,50.6,54.3,17.39
33.6,5.5,60.6,65.5,20.8
30.8,2.3,46.8,76.3,15.31
22.2,5.8,89.4,55.8,28.74
24.5,2.5,91.0,63.2,22.2
22.8,9.6,65.6,73.4,30.59
29.2,10.3,73.8,82.5,31.94
23.5,7.6,81.1,66.6,31.75
30.8,3.7,92.5,59.4,23.86
19.9,8.9,38.2,49.8,23.26
31.2,3.2,46.5,70.4,19.08
28.0,11.6,85.2,56.7,35.56
32.2,3.6,47.0,60.4,16.53
25.3,8.7,90.0,63.9,31.7
28.6,9.4,49.2,44.2,25.9
27.4,7.6,66.6,56.1,23.92
34.6,2.6,84.8,81.8,22.43
30.8,10.5,39.2,76.3,31.12
27.3,9.9,41.7,56.8,31.04
21.0,9.0,48.1,53.5,28.72
33.4,3.7,34.1,88.5,20.07
21.5,3.3,43.9,50.4,15.01
29.1,8.2,41.4,58.9,24.27
33.9,3.4,44.1,79.1,19.8
21.8,9.9,78.0,73.2,32.63
21.8,5.4,32.3,88.9,19.11
32.5,3.4,92.0,77.5,21.71
32.1,4.9,42.7,77.5,26.21
24.0,4.2,79.5,75.4,24.67
22.5,5.7,54.3,60.4,19.55
20.2,8.4,65.4,77.9,29.26
34.8,9.1,77.3,57.8,32.0
32.2,10.5,70.6,87.2,34.46
33.3,7.8,50.5,82.1,28.68
26.7,7.6,37.0,68.0,22.2
19.9,3.8,81.6,85.8,23.87
18.9,2.9,69.6,61.2,18.7
23.6,11.4,49.1,85.6,33.22
33.6,5.0,73.9,45.5,24.46
34.1,5.1,88.0,76.0,24.39
32.3,11.8,64.7,79.7,36.59
20.7,2.1,67.8,84.5,16.19
25.1,11.2,82.7,88.7,35.13
22.2,3.3,82.0,74.0,21.96
21.5,7.2,34.6,80.9,26.23
29.6,2.7,30.2,50.8,14.11
26.3,2.3,71.9,49.4,18.13
23.5,7.7,90.1,86.6,31.1
19.7,6.9,87.9,47.6,26.97
27.3,4.5,99.0,89.0,26.17
23.9,7.7,33.4,65.3,20.42
24.6,9.9,44.8,62.3,24.12
23.3,8.8,44.7,77.1,26.51
24.6,4.7,56.8,42.8,19.3
27.4,8.1,75.7,65.7,26.11
18.2,4.5,83.9,82.2,25.58
32.4,7.4,53.6,60.3,29.51
33.7,6.3,51.4,65.5,25.2
27.4,6.9,42.4,40.3,24.59
22.6,7.4,43.8,60.5,24.43
34.8,4.9,65.3,71.5,21.59
24.5,6.6,64.7,75.6,25.47
29.8,10.7,65.7,80.6,34.17
29.7,10.8,76.9,57.6,35.65
25.4,3.3,73.0,81.8,22.62
21.4,8.7,52.4,71.3,27.22
34.4,7.6,36.1,60.0,29.51
19.1,8.9,47.1,64.4,27.38
26.2,4.0,47.9,55.5,22.48
21.8,7.5,48.8,81.4,29.85
23.0,10.3,85.0,50.2,29.4
32.1,9.4,38.5,60.2,26.41
24.2,11.6,33.7,58.4,33.32
19.4,10.5,66.3,69.7,29.73
21.3,9.9,48.9,49.3,30.77
32.6,10.0,94.7,60.4,33.5
34.6,5.9,80.8,60.7,24.57
22.6,6.0,99.1,47.3,22.63
29.5,4.0,98.4,40.6,22.18
19.4,10.9,67.5,73.2,35.43
30.3,7.6,63.0,76.7,28.21
25.1,11.9,48.0,59.4,32.56
33.6,2.7,80.4,66.2,22.65
23.3,10.2,94.9,42.3,34.34
34.0,2.2,84.8,83.2,23.98
26.6,8.9,58.7,46.7,29.99
23.9,4.7,41.1,85.6,15.73
29.0,10.8,75.4,60.7,33.8
22.2,6.5,81.5,58.3,24.44
21.9,7.5,74.0,69.0,25.75
21.3,8.1,35.6,50.8,24.0
34.3,10.4,65.8,80.3,34.91
26.4,10.3,84.5,47.6,34.09
30.8,9.8,58.3,87.3,27.97
26.1,10.0,48.8,80.3,28.09
28.0,8.2,51.6,83.6,27.91
27.9,3.0,46.2,87.0,19.22
34.7,3.8,89.9,59.2,26.18
29.4,8.9,71.5,63.1,26.81
22.1,3.9,84.0,67.2,20.35
18.3,6.8,40.9,49.8,22.34
21.7,2.6,61.1,43.9,16.68
25.7,2.6,91.8,44.6,21.75
24.7,2.6,58.7,70.9,15.22
31.8,3.7,55.2,77.2,20.22
31.4,6.9,39.2,82.8,24.74
19.5,6.1,73.7,49.6,25.96
34.2,9.7,59.5,82.6,25.45
27.0,6.4,60.8,84.3,24.73
28.1,8.1,61.3,72.2,31.1
24.9,4.5,69.7,88.7,22.74
29.0,10.7,80.9,58.6,33.37
32.8,7.6,70.3,44.6,30.67
29.5,10.6,30.5,53.0,32.12
34.5,4.5,35.9,44.8,19.28
29.9,11.9,83.7,64.2,36.64
32.0,4.6,85.4,50.8,24.78
18.8,8.5,46.5,44.6,23.66
29.4,3.6,53.4,42.5,22.12
29.1,2.5,67.8,54.4,17.26
19.7,8.3,91.8,52.2,30.92
32.3,10.7,44.2,77.8,30.64
28.4,2.8,90.0,61.1,21.73
19.7,7.4,44.9,67.4,25.53
28.1,10.6,31.5,70.8,26.86
26.1,9.2,83.1,44.3,30.68
22.0,8.0,66.3,47.3,26.01
18.3,8.5,72.1,79.5,27.36
24.2,8.9,55.5,79.9,32.96
28.5,11.1,84.4,65.6,33.37
23.6,4.6,65.6,86.2,20.85
23.2,10.2,50.3,75.2,30.65
30.8,9.1,87.8,71.6,32.55
30.9,4.1,39.9,84.3,17.96
30.2,10.1,99.0,62.4,36.02
19.7,3.9,75.1,73.0,20.73
26.8,3.2,77.7,71.4,21.79
27.5,7.3,41.2,70.0,24.19
30.7,2.0,60.9,74.7,17.95
33.4,10.7,74.0,59.5,34.7
24.3,5.2,34.0,44.6,20.64
25.3,6.3,85.7,59.9,29.47
30.5,5.0,56.3,69.7,21.33
29.3,10.2,76.8,85.4,29.05
27.5,6.2,63.3,64.4,24.37
24.0,8.7,73.2,48.6,26.05
21.3,3.8,73.1,67.1,22.82
21.1,2.6,90.0,79.0,19.39
19.4,7.8,78.1,58.9,29.23
19.4,7.5,30.4,80.0,21.28
32.4,8.4,48.7,44.4,26.75
24.5,10.1,38.2,40.9,29.71
19.0,5.7,37.6,41.0,25.45
33.2,10.6,52.9,59.4,34.37
21.8,2.6,98.2,69.8,23.18
22.6,3.5,46.0,50.9,17.54
21.3,7.1,84.6,62.7,23.79
34.4,7.1,77.9,45.8,25.51
19.9,6.5,78.2,67.5,27.62
30.3,3.4,66.8,45.1,18.8
33.8,8.7,73.3,67.2,29.12
29.4,5.9,88.7,54.1,27.91
32.6,4.8,80.5,80.4,25.99
22.1,3.9,67.9,51.7,18.45
29.5,11.0,53.1,54.6,29.18
29.9,10.0,39.5,88.2,29.68
25.8,3.7,84.1,55.5,19.54
32.8,2.1,46.9,58.2,17.76
29.8,3.2,62.0,58.2,20.27
33.2,3.1,64.2,61.0,18.78
30.8,9.6,52.7,46.9,30.63
26.8,6.1,56.4,57.5,24.56
26.5,5.7,77.9,53.0,27.81
25.7,6.3,59.7,75.0,27.7
18.4,9.4,92.2,73.6,29.85
27.1,8.6,95.2,70.8,28.8
25.2,9.2,66.3,58.5,29.12
20.7,7.9,47.0,86.7,24.29
20.0,5.0,36.5,71.3,16.17
25.6,5.0,33.3,59.6,17.65
18.7,4.7,84.3,89.5,23.04
34.8,11.4,83.0,67.0,32.7
24.4,3.2,98.9,74.1,24.73
24.5,4.8,79.7,64.6,23.55
18.9,10.3,47.9,59.7,32.41
25.3,11.9,87.6,72.6,36.52
18.3,4.2,31.0,87.1,19.24
18.5,11.7,81.8,52.1,34.62
23.8,9.3,68.8,64.2,28.47
32.0,5.8,88.0,58.9,27.12
25.8,5.4,57.9,74.8,25.78
18.3,10.7,32.4,59.7,27.61
20.8,4.8,93.3,43.1,25.75
30.6,5.1,75.5,66.6,26.08
30.6,2.3,98.5,40.3,23.45
30.8,7.1,74.9,78.6,25.95
24.0,4.1,61.6,86.3,18.0
24.0,11.9,44.9,59.7,30.31
31.6,3.5,36.5,51.8,21.92
24.8,10.8,78.1,48.8,36.62
30.4,3.5,67.4,49.7,19.37
27.9,6.0,79.3,63.6,22.24
24.2,8.3,75.3,89.2,28.08
19.4,11.1,30.1,78.2,28.63
20.0,10.9,80.3,77.8,33.4
33.1,4.0,80.1,61.3,25.32
25.7,3.8,82.1,42.7,17.13
34.9,9.2,34.7,68.3,23.6
24.2,4.4,73.1,47.8,22.65
22.2,11.5,73.8,77.2,35.7
24.0,2.3,81.2,49.5,18.7
23.8,3.9,36.8,60.7,13.21
28.8,3.1,59.8,60.4,16.05
18.2,8.8,59.3,87.4,24.07
31.0,2.2,55.1,61.8,17.14
25.1,7.5,66.6,60.7,24.56
25.3,9.8,36.7,80.0,25.84
26.2,3.2,47.6,61.2,17.07
25.6,3.4,97.8,44.6,24.58
26.5,3.6,31.9,85.2,19.79
23.9,3.4,45.1,89.9,19.96
25.7,9.5,54.1,47.6,26.78
24.9,5.4,50.5,57.8,22.65
26.8,7.3,95.4,66.7,28.18
28.6,2.3,70.0,40.6,16.13
22.1,10.0,61.6,69.4,32.6
26.6,2.1,55.5,60.0,13.19
28.1,11.6,64.4,56.8,36.26
18.3,11.7,36.7,41.5,29.69
26.8,2.3,62.7,57.0,15.88
22.1,2.8,87.3,43.9,23.04
24.9,7.5,63.3,63.3,21.36
32.1,5.5,41.1,47.9,19.91
23.5,8.3,49.8,48.8,24.9
26.2,8.5,31.5,79.2,21.99
18.4,2.3,81.2,41.4,21.99
23.2,4.2,57.8,65.1,21.86
28.9,8.7,41.6,68.1,27.34
23.4,4.0,95.4,49.2,23.36
21.5,2.5,87.0,62.2,18.81
22.9,7.4,40.1,77.4,27.06
34.2,3.5,56.0,54.9,22.56
19.5,11.0,57.6,85.3,28.25
25.9,10.3,94.3,51.5,34.91
19.0,9.6,88.2,88.1,35.69
27.2,10.3,63.9,53.7,30.6
20.5,10.0,50.6,80.5,29.73
28.8,9.9,74.7,79.0,35.16
22.5,12.0,59.3,67.0,31.75
29.7,9.5,33.4,48.1,23.87
23.9,6.9,38.7,70.6,23.49
18.1,8.7,88.2,45.6,29.68
23.0,3.4,96.8,79.3,20.94
19.4,2.4,84.7,87.7,15.74
26.4,4.8,41.0,67.0,22.6
22.9,6.8,86.9,48.4,30.79
28.9,3.8,42.5,46.0,17.66
26.5,9.8,41.9,88.3,32.33
18.6,11.0,61.1,77.5,29.74
23.4,4.1,38.2,87.6,19.92
26.3,9.5,97.3,53.2,34.5
27.7,4.6,61.9,50.0,21.89
19.8,5.5,36.3,41.2,19.33
29.0,4.6,55.6,84.3,16.46
23.8,4.1,43.6,48.2,22.86
21.1,4.8,53.0,70.6,20.71
31.7,5.6,90.6,88.5,27.27
19.2,3.9,31.9,81.5,18.04
33.8,10.6,74.7,54.1,30.96
30.0,2.5,52.1,89.9,21.23
26.1,8.7,54.8,65.2,26.36
18.2,6.6,87.9,70.3,26.7
24.6,7.4,92.5,40.7,27.37
29.0,11.0,82.5,49.8,32.42
32.6,3.8,79.9,85.0,23.91
28.5,4.6,76.4,58.3,22.46
24.8,6.1,48.9,63.5,24.99
25.6,4.3,97.7,79.1,24.5
32.8,10.0,70.1,70.3,32.63
24.0,3.7,62.0,68.5,19.19
19.1,7.7,68.0,85.3,26.35
25.5,2.5,82.5,80.9,24.27
35.0,2.8,37.7,81.2,21.54
24.5,2.1,47.9,57.0,14.09
21.3,7.9,78.4,75.5,30.19
18.8,7.5,33.2,76.3,23.02
20.9,6.9,89.9,77.0,30.4
23.5,5.0,72.5,40.5,24.87
27.8,7.3,95.3,80.0,26.79
29.3,6.9,58.6,57.2,24.61
18.7,8.5,82.2,44.7,30.52
33.9,5.3,63.9,63.9,23.78
22.0,4.3,96.1,63.1,25.64
20.5,9.3,91.6,50.9,29.62
27.0,9.0,41.7,49.1,25.82
29.5,3.5,49.0,85.5,21.28
23.2,9.2,44.7,87.0,28.82
29.4,8.6,59.6,84.1,29.71
23.0,11.1,34.4,55.3,30.29
33.3,9.1,34.7,51.5,25.5
33.0,11.5,75.7,69.1,33.8
19.2,9.5,55.9,81.9,32.4
20.6,2.8,91.4,41.3,20.66
29.9,10.3,69.3,42.9,34.33
18.0,4.4,88.5,72.9,22.32
32.0,8.9,33.6,87.0,26.31
24.1,7.2,76.3,75.5,26.97
30.7,10.5,32.5,81.4,32.8
18.8,3.0,91.7,79.0,22.45
21.6,8.7,54.7,84.0,22.95
19.2,5.4,70.0,83.6,19.9
21.1,5.0,88.4,82.2,28.44
24.5,3.8,81.5,73.0,19.81
26.4,5.6,82.1,50.8,25.14
33.6,2.0,30.6,80.1,17.67
28.7,9.7,71.1,42.8,27.06
30.0,6.8,93.1,83.2,26.0
19.4,9.4,65.2,68.0,28.62
22.9,5.0,68.6,82.8,23.07
34.9,9.1,33.4,71.6,29.78
27.5,8.7,35.0,83.3,25.78
31.4,10.1,65.0,80.9,30.15
18.6,4.7,51.7,81.2,18.93
19.4,11.7,35.4,58.0,29.16
19.9,7.3,39.4,49.6,24.39
18.3,5.2,36.4,79.1,19.5
33.7,6.6,72.6,60.4,28.67
22.3,11.1,62.1,64.1,35.28
34.9,8.0,82.4,67.0,33.43
30.5,8.4,69.4,48.2,29.19
22.3,10.6,38.8,68.6,24.42
34.9,3.2,96.2,66.4,22.24
32.8,5.2,75.2,60.1,25.64
20.8,9.5,63.5,56.4,33.54
21.2,9.3,60.1,40.2,26.28
29.6,11.9,84.9,69.2,36.0
19.3,6.3,34.6,53.4,22.2
27.9,2.6,87.8,56.8,21.77
19.1,8.7,72.6,47.0,29.38
21.8,9.1,37.7,79.6,25.59
34.1,8.2,75.2,60.7,30.62
26.5,7.7,92.3,54.7,30.76
27.8,4.8,60.9,60.0,20.03
22.6,5.3,83.3,44.5,23.97
25.5,11.4,84.0,54.0,30.97
20.3,8.6,74.4,46.0,27.06
26.8,6.1,73.1,81.3,27.3
18.9,9.3,53.5,64.6,28.61
18.8,6.8,45.4,66.2,24.82
29.6,7.3,55.2,87.8,25.74
18.9,11.1,73.1,89.9,30.49
26.9,10.6,78.5,61.2,33.05
22.5,3.7,30.7,45.1,18.9
21.2,8.5,51.9,84.2,26.01
27.7,11.4,73.6,46.9,33.74
23.0,10.3,67.7,66.6,31.29
25.8,5.8,90.2,66.0,24.15
20.4,7.0,95.7,88.9,26.75
20.2,9.5,78.4,82.8,33.81
19.8,11.2,79.9,77.3,34.93
19.2,7.9,54.6,64.4,22.73
27.4,5.4,33.8,63.7,18.7
30.9,6.7,89.6,51.9,27.22
31.5,10.7,37.8,56.4,31.14
34.3,7.5,36.9,40.6,23.13
20.9,6.1,96.6,73.5,27.82
20.3,6.5,89.1,58.5,27.05
26.0,3.9,57.1,79.5,17.26
32.6,8.8,69.7,69.1,28.95
31.0,5.6,59.9,67.8,22.71
27.5,5.4,75.3,61.2,22.22
20.7,10.1,55.0,70.9,29.98
24.7,7.8,54.0,80.1,27.7
30.2,7.5,63.1,48.8,25.2
24.3,3.9,65.4,50.2,20.21
18.7,9.8,42.6,56.1,27.37
27.9,10.9,45.1,73.1,28.96
30.2,6.8,46.2,71.7,25.22
30.2,11.5,59.4,84.6,34.43
20.8,7.5,95.5,54.6,30.57
23.7,4.1,47.9,43.2,17.01
25.0,2.4,87.4,62.0,21.34
25.1,9.2,55.1,70.6,30.11
19.9,6.1,58.9,49.6,24.62
24.6,10.6,38.7,75.6,33.04
26.6,9.5,47.8,70.6,27.37
30.1,4.4,69.1,88.8,23.05
27.7,5.0,66.0,55.4,21.13
24.9,2.9,54.1,47.2,20.5
33.8,9.2,69.1,81.2,29.59
28.2,10.2,99.8,83.1,34.51
34.6,6.8,89.7,48.9,26.15
32.7,8.2,33.1,53.3,26.15
29.5,3.9,76.7,73.4,21.17
33.3,11.7,70.7,45.1,36.32
34.9,5.2,79.4,73.7,27.68
21.8,9.4,33.2,44.2,33.09
29.7,7.5,47.1,75.8,24.48
33.6,7.8,34.1,62.9,24.54
18.3,11.8,77.9,80.5,34.25
31.6,11.6,38.1,81.7,33.47
19.5,4.6,99.0,85.6,29.35
33.6,8.4,85.0,84.3,29.18
28.4,3.8,73.9,64.6,22.85
20.8,9.6,45.3,84.9,28.38
18.7,8.0,35.9,53.8,22.67
32.1,11.2,60.9,87.2,37.42
20.4,8.9,89.4,70.8,30.26
34.0,6.8,81.5,45.8,25.99
19.5,4.9,65.7,86.4,21.97
32.2,3.6,74.7,62.9,24.1
25.2,4.5,90.8,46.2,23.12
32.8,10.2,43.4,82.6,29.27
31.1,11.4,43.2,82.0,30.09
32.5,10.5,97.0,86.8,35.87
26.0,10.2,69.1,74.2,32.64
30.1,5.2,98.9,71.0,27.18
23.4,8.4,77.4,80.3,30.19
18.8,7.7,98.1,64.7,28.11
22.0,9.9,37.1,87.5,23.13
18.0,8.7,42.5,78.3,22.73
24.2,2.2,67.1,41.5,21.2
26.4,8.1,69.1,52.1,29.78
18.3,2.7,72.2,48.4,23.78
18.1,8.6,99.5,40.9,32.43
29.7,5.3,69.9,77.2,23.04
19.7,9.5,91.9,50.3,30.77
19.3,8.3,98.7,53.1,28.35
26.4,7.5,96.5,66.9,30.35
30.2,10.3,35.0,87.0,31.71
34.6,6.8,42.5,51.7,25.51
23.0,10.9,34.2,42.4,29.08
20.0,10.4,75.7,78.8,34.04
19.2,2.6,64.4,65.4,15.71
21.5,10.9,46.1,68.0,26.75
19.7,8.2,31.5,48.2,21.81
18.1,11.7,65.1,43.1,35.84
22.8,9.3,73.3,89.5,29.81
20.8,9.9,88.4,77.4,32.78
18.3,7.4,95.5,46.3,29.65
24.0,11.6,77.2,48.6,36.47
32.0,9.0,59.3,46.9,29.32
23.2,6.2,41.8,45.1,22.02
30.1,2.7,79.9,88.4,15.49
30.4,11.8,50.0,77.5,30.76
18.4,10.8,46.5,73.4,29.84
34.4,8.4,56.0,66.9,28.81
20.4,7.5,87.6,81.0,23.45
30.2,8.1,70.4,69.8,29.07
24.5,10.8,75.6,86.4,35.1
32.8,11.2,51.8,88.0,32.55
34.9,4.9,35.0,41.4,17.92
21.3,5.0,57.2,75.9,20.8
31.9,2.5,74.1,72.0,22.72
26.6,11.9,76.0,64.8,35.93
34.4,11.7,77.2,66.7,39.39
29.2,9.9,53.1,64.3,29.47
28.1,6.4,90.5,43.9,28.02
21.9,7.7,86.9,73.8,29.28
30.2,9.7,52.9,85.0,27.94
22.9,4.2,39.0,52.9,14.74
32.4,4.2,58.9,63.9,22.76
34.6,7.6,80.3,83.9,31.68
18.1,8.8,67.7,82.1,36.69
34.2,7.1,66.4,64.3,26.23
24.1,5.0,82.9,76.9,21.39
26.3,5.9,42.8,63.4,22.05
33.7,7.9,69.4,80.1,26.41
31.2,2.6,90.7,57.0,17.84
22.1,11.8,66.3,83.8,34.91
19.6,11.7,46.8,74.8,31.89
32.3,10.4,85.3,64.1,36.52
30.7,5.7,80.4,67.2,27.26
32.6,8.7,74.9,80.0,31.93
24.5,8.4,40.4,44.5,25.89
26.4,6.1,86.5,42.6,24.94
25.9,10.8,34.8,61.9,30.37
23.4,7.5,81.9,75.9,23.33
23.7,2.4,68.9,82.2,17.81
30.2,5.0,73.3,53.6,21.94
30.8,9.4,88.3,55.6,35.88
32.7,10.5,72.2,40.5,34.06
32.4,8.1,80.5,48.0,27.04
30.8,8.6,88.5,77.8,31.3
23.7,9.8,44.5,82.0,25.42
30.1,6.2,97.3,69.4,30.64
34.5,3.4,67.2,55.0,19.59
33.6,4.9,62.7,76.0,20.87
34.5,6.9,74.9,88.5,23.96
18.6,9.1,98.2,88.6,31.81
28.4,5.7,38.1,44.4,19.33
21.7,4.4,79.2,74.0,25.35
22.2,6.2,72.2,86.7,26.57
32.3,10.1,68.0,42.3,29.81
30.8,8.3,71.4,79.8,32.38
23.6,6.8,38.8,41.1,21.73
26.8,4.7,56.0,60.0,21.77
21.2,4.6,33.3,71.3,17.06
18.1,4.4,49.4,45.6,21.01
33.3,7.9,58.6,60.5,27.67
30.1,3.2,62.7,66.0,26.01
27.0,10.1,48.8,78.8,30.63
18.9,6.8,93.7,53.5,30.41
25.2,11.6,31.9,53.5,34.06
24.5,4.4,58.8,77.8,15.29
20.9,8.8,32.0,51.3,27.75
20.7,5.8,69.5,48.8,24.42
20.9,11.8,34.8,49.1,30.64
28.1,8.3,93.1,78.9,28.46
20.1,8.9,99.5,80.3,34.07
22.1,3.4,97.8,59.7,23.2
34.1,5.6,33.7,47.5,21.17
21.7,9.1,49.9,53.5,28.1
31.0,5.3,82.5,81.3,23.58
28.2,9.8,68.6,59.8,30.96
25.0,9.3,75.2,56.6,29.08
28.1,3.0,94.9,45.0,23.45
20.3,3.2,61.6,56.3,19.66
26.2,3.2,40.7,79.0,19.21
34.5,2.3,63.0,47.9,16.86
25.3,5.3,85.7,81.1,25.25
22.1,8.8,31.7,50.5,25.27
33.8,7.0,95.1,56.8,31.59
28.4,3.3,69.7,68.6,21.24
30.4,7.5,73.9,51.3,31.92
27.2,11.0,59.6,61.9,30.22
18.2,2.4,40.2,66.0,13.53
30.8,6.2,87.3,50.2,27.24
34.6,3.7,77.3,41.5,23.17
30.2,2.4,34.7,63.9,18.14
31.7,2.4,52.1,74.8,19.34
32.5,7.3,30.1,60.2,27.51
35.0,7.2,89.6,88.0,28.09
22.9,4.8,76.7,51.0,24.84
25.6,8.7,82.5,71.1,34.48
27.2,4.8,60.3,49.2,22.05
20.6,5.3,80.3,52.6,23.96
26.2,2.0,97.7,63.0,21.01
22.7,3.2,98.6,44.0,25.36
32.2,6.1,75.5,73.1,25.87
23.9,6.7,52.6,73.1,20.93
19.4,3.9,37.0,43.5,19.99
18.2,9.8,92.7,66.5,27.66
32.6,7.4,37.6,69.3,24.56
32.6,9.0,39.5,89.1,29.81
33.9,5.2,53.6,56.8,19.31
19.2,7.7,94.2,44.7,23.09
24.7,4.0,50.1,48.5,19.07
25.3,5.8,47.8,85.7,20.94
32.6,7.8,39.5,88.3,23.66
22.4,4.8,38.1,69.4,18.72
23.1,4.3,44.1,60.3,21.15
30.5,7.1,31.5,52.0,26.96
21.1,8.3,52.0,64.7,29.8
28.8,9.7,61.1,68.5,33.58
30.6,9.7,35.6,45.6,27.64
21.1,3.8,96.9,80.7,22.99
21.8,2.6,77.4,44.4,20.82
29.9,8.1,84.0,88.8,27.38
31.5,11.5,41.6,54.8,28.12
34.2,11.3,50.3,77.8,34.21
23.2,9.7,70.7,72.6,34.14
27.3,4.2,64.9,49.5,22.85
20.5,4.3,83.4,89.1,24.43
25.4,7.6,92.8,67.5,27.38
22.4,4.5,49.1,44.3,16.01
23.9,8.5,47.7,81.0,29.11
31.7,10.3,60.2,76.7,28.37
31.7,4.9,81.6,58.4,21.88
30.0,11.0,53.5,75.3,30.78
20.1,6.3,96.7,85.3,24.34
22.8,6.4,37.2,70.7,21.72
34.0,8.6,48.0,67.9,28.57
25.7,10.1,46.8,62.5,31.65
28.6,9.2,76.3,70.7,28.53
18.3,7.4,65.1,85.8,26.4
26.8,10.3,92.4,51.3,28.57
29.7,11.5,56.3,86.4,31.62
19.0,11.3,51.1,76.3,29.08
20.0,5.0,41.0,57.5,16.53
24.3,5.9,54.0,79.8,24.54
34.1,9.7,72.2,83.9,35.27
22.2,9.0,42.7,74.7,27.29
18.4,8.9,66.8,45.6,26.24
31.8,9.9,81.9,63.3,33.63
32.4,9.1,49.6,68.9,31.03
27.1,4.8,39.0,64.6,20.63
33.2,7.7,90.8,63.2,30.08
21.0,5.4,98.9,68.7,26.4
22.7,5.0,94.1,44.0,26.71
18.3,5.1,47.3,78.5,19.11
27.9,6.0,99.3,63.3,29.22
33.1,6.2,86.3,74.9,27.8
28.3,4.9,67.6,46.6,21.4
19.4,8.4,77.7,74.4,32.53
29.8,9.7,84.1,69.4,32.07
29.5,7.6,30.0,88.8,24.01
20.8,8.6,71.7,60.5,28.48
32.1,4.2,88.2,80.3,26.87
33.5,8.9,34.8,53.4,29.64
24.7,11.9,78.6,73.7,35.93
23.2,5.5,87.9,78.8,23.18
27.8,4.0,58.2,50.9,16.07
34.5,4.9,81.2,72.0,30.04
30.3,4.2,77.5,77.4,25.19
31.4,7.7,35.5,40.3,25.5
31.1,11.5,80.0,74.0,37.8
34.3,2.6,54.4,79.8,19.16
31.9,10.3,79.6,61.9,33.44
22.6,5.6,74.0,70.7,23.66
21.9,5.5,35.8,85.0,21.97
22.1,5.7,39.7,64.0,17.27
21.6,8.1,70.9,68.9,26.05
21.5,3.5,36.5,58.9,14.98
33.9,11.2,57.3,71.2,33.74
34.2,5.8,89.5,86.3,29.04
19.5,9.2,93.3,48.3,27.76
19.1,11.8,34.7,65.7,30.47
32.6,8.1,98.3,55.5,34.37
27.6,10.3,65.0,72.3,29.23
21.6,4.2,69.8,63.3,20.86
25.9,3.1,67.6,45.9,18.34
19.3,5.9,84.8,66.5,25.9
34.7,5.4,47.0,76.2,24.25
20.4,3.2,90.3,57.6,24.28
31.7,7.0,93.2,67.5,31.8
34.3,9.7,36.6,71.2,28.46
30.1,4.2,76.1,78.5,22.31
19.5,5.6,70.2,59.6,19.53
28.0,2.4,51.5,56.9,18.35
20.2,6.6,90.8,59.4,29.84
32.7,11.5,96.0,41.9,37.35
29.4,3.6,88.9,65.1,23.63
34.0,3.1,83.5,48.1,26.39
20.5,3.3,53.4,67.7,16.55
25.7,7.3,51.9,74.1,23.18
27.2,5.6,43.0,46.8,23.41
19.8,9.3,95.3,53.6,27.69
29.5,10.3,84.5,64.2,30.62
27.6,2.6,95.7,78.4,23.15
23.9,11.7,31.3,73.5,31.32
25.0,7.5,79.9,70.9,29.31
31.5,9.0,88.5,66.4,30.79
24.1,11.0,61.9,66.0,34.03
34.5,4.8,41.9,69.9,20.81
33.6,6.6,91.6,48.3,30.1
19.3,11.2,68.4,74.1,34.65
32.5,5.2,39.6,62.9,25.29
29.5,11.6,64.1,88.9,33.98
18.9,8.4,30.7,82.7,23.93
34.2,8.5,78.1,44.1,28.97
32.2,2.9,69.8,50.9,17.97
32.2,5.8,72.6,43.9,25.9
33.6,4.5,37.9,58.4,20.02
33.7,6.9,91.2,59.5,31.68
21.7,9.6,75.0,45.5,32.63
33.9,9.3,36.4,86.7,28.87
18.8,9.1,54.0,47.7,30.38
33.0,4.5,74.6,74.1,23.3
25.8,9.0,99.7,58.1,36.15
32.1,6.8,48.1,63.5,32.1
22.6,6.9,43.4,77.7,24.14
30.8,8.2,86.1,54.8,32.61
31.7,3.4,57.9,81.6,22.19
19.4,11.3,36.5,55.6,31.01
33.5,8.2,98.8,54.7,29.12
31.9,5.6,86.2,63.6,28.42
28.1,7.8,34.4,79.6,21.59
30.0,8.8,53.4,67.3,30.54
23.9,10.6,96.3,40.9,30.92
26.0,7.1,47.5,76.2,24.06
20.5,8.9,59.0,75.6,28.57
26.5,5.1,49.3,74.1,20.14
31.3,5.9,40.4,58.0,25.82
27.5,2.8,30.7,63.9,15.37
20.3,8.5,36.7,87.2,22.72
32.1,8.6,54.8,88.9,25.17
30.5,2.6,92.7,79.2,21.75
18.6,6.0,48.7,42.3,21.53
31.7,3.0,53.6,87.7,22.06
32.7,7.6,84.8,53.4,28.81
26.7,5.5,95.0,55.5,25.07
24.4,9.7,41.2,69.2,28.15
19.4,6.2,30.5,42.8,18.13
32.1,11.9,70.0,82.6,38.32
18.1,9.1,44.6,53.9,29.27
23.8,4.6,99.0,48.4,22.4
23.6,3.2,95.4,77.5,25.58
33.5,9.3,31.0,60.6,28.25
25.6,5.3,58.2,56.3,24.49
33.1,2.7,88.8,71.7,18.16
19.5,7.8,39.6,58.8,22.03
32.4,3.0,83.3,69.9,23.97
28.4,4.5,68.3,84.7,21.34
27.1,6.7,45.9,83.4,24.26
23.2,9.8,71.7,61.2,30.61
26.3,6.2,51.4,81.0,27.38
22.6,5.0,36.6,76.9,14.12
25.7,3.9,62.8,74.6,21.75
31.1,5.8,44.9,75.5,21.91
28.6,2.4,60.4,80.4,17.13
29.6,5.7,63.2,73.0,22.93
33.2,4.7,39.2,80.4,19.66
18.9,3.1,89.4,69.8,24.79
21.4,3.7,34.1,58.6,15.2
30.3,11.3,43.8,67.4,34.73
24.9,5.7,93.2,76.5,27.94
29.1,9.0,30.9,89.7,27.63
33.3,11.2,41.0,56.2,26.7
30.5,3.2,62.4,76.4,21.1
33.9,8.0,73.9,53.8,27.04
20.6,11.1,52.6,48.7,29.87
30.9,11.5,71.4,70.4,38.73
29.9,6.3,41.2,54.4,25.67
18.1,6.0,74.7,74.7,24.43
18.7,11.7,53.8,63.2,30.34
18.6,9.3,74.0,49.4,30.93
27.0,10.7,72.7,73.8,35.41
31.2,9.7,83.1,77.0,30.42
24.9,8.7,63.1,76.8,33.97
18.1,6.0,58.7,85.4,20.35
21.0,6.0,34.5,75.6,23.28
34.1,8.9,34.8,70.7,31.15
22.2,10.3,43.7,86.3,29.05
32.5,2.7,55.7,59.1,18.45
24.3,10.7,32.4,41.0,27.19
26.9,7.3,98.7,48.1,28.46
26.3,7.4,91.3,44.1,29.38
20.3,9.8,98.9,68.4,30.0
24.2,10.3,78.1,84.0,33.5
35.0,4.2,70.2,60.9,23.16
27.6,10.0,68.2,59.2,30.75
25.9,2.4,66.8,40.9,17.14
27.3,9.1,61.0,83.3,28.45
22.5,7.6,60.0,73.5,29.24
27.6,9.2,90.9,45.0,29.7
30.4,10.4,61.1,68.6,32.27
19.8,11.6,63.5,53.9,32.82
22.7,6.7,94.5,88.4,28.98
21.6,7.2,91.0,67.9,27.82
30.7,5.5,86.1,57.2,28.96
33.9,4.8,66.5,42.2,24.54
25.2,7.9,67.7,64.5,29.7
28.8,5.6,36.4,42.5,21.4
18.5,6.2,69.9,49.8,24.49
20.2,3.0,68.3,82.2,20.59
24.5,3.1,55.6,57.9,14.73
29.3,11.1,88.0,71.0,36.07
28.9,3.8,63.3,41.2,23.24
21.3,10.3,53.1,44.5,33.14
20.3,9.1,89.2,89.1,31.5
33.9,6.4,68.0,86.5,26.33
24.0,4.1,66.5,54.3,20.46
25.8,2.5,66.7,65.6,19.97
19.6,10.7,42.6,63.8,31.3
33.5,8.7,94.3,76.5,35.34
29.4,3.8,70.3,46.5,21.45
26.7,2.7,61.0,49.9,18.01
25.3,11.2,77.1,67.2,35.94
18.9,4.8,57.9,79.0,18.97
21.6,4.6,66.4,60.3,20.12
32.6,8.2,81.2,81.5,31.7
28.6,7.2,92.5,70.9,30.79
21.3,4.6,46.1,65.2,19.05
21.2,4.1,88.9,66.9,21.4
24.0,11.0,67.0,46.0,31.89
28.5,4.9,84.6,54.5,21.39
27.2,2.7,57.3,88.2,18.11
27.0,8.2,47.6,42.7,24.25
32.8,10.6,85.0,88.3,34.22
32.6,2.4,81.7,69.2,21.02
32.4,3.6,60.3,73.7,21.76
29.9,4.2,32.4,62.2,17.79
24.7,8.9,52.5,49.2,23.67
22.6,4.9,62.1,52.1,25.98
34.2,10.7,37.9,84.3,32.03
18.8,4.4,64.2,80.2,20.27
28.5,7.8,53.6,64.8,27.93
32.4,2.5,39.6,48.9,13.76
22.6,9.8,48.6,71.3,27.79
34.6,11.9,51.1,43.8,36.36
33.1,8.8,50.3,42.8,29.07
21.4,8.3,72.9,41.6,26.91
22.6,4.8,47.7,76.8,21.02
33.3,9.4,46.4,62.1,28.37
19.9,6.9,82.6,75.3,25.49
21.2,4.1,82.6,83.7,24.6
28.3,9.2,33.2,49.5,26.39
20.5,7.6,45.0,40.5,23.27
27.7,11.2,62.4,78.4,34.36
27.8,6.6,78.8,86.2,25.54
28.1,11.2,35.7,51.2,27.88
22.3,10.0,61.4,60.3,31.37
32.0,3.7,77.6,51.6,26.18
34.5,7.8,59.8,75.3,27.39
22.7,9.4,97.4,65.8,33.49
32.7,2.4,51.2,45.4,13.76
23.0,3.1,87.5,53.1,20.91
23.9,11.1,33.4,73.1,28.49
31.4,6.1,70.4,71.3,24.29
20.3,11.4,38.6,57.7,26.89
19.1,4.8,77.9,42.5,23.78
24.6,8.4,97.1,79.3,33.17
20.2,6.4,82.9,55.6,26.95
19.4,11.2,58.3,46.8,32.34
28.0,9.4,55.7,75.6,29.04
21.1,6.2,88.8,74.2,27.21
23.1,9.5,69.6,84.5,32.63
30.4,9.6,74.6,40.4,31.64
19.6,2.1,34.2,62.9,11.95
34.9,8.2,35.9,59.7,24.98
23.2,2.6,34.3,77.9,16.57
27.3,9.8,41.2,87.2,27.84
31.5,2.1,45.6,85.8,19.12
22.0,10.2,67.1,72.1,30.48
23.8,8.8,87.7,69.1,32.54
21.5,11.9,82.8,76.8,38.46
24.4,3.5,51.9,47.1,14.12
30.5,6.6,96.9,62.7,30.0
30.1,6.2,98.9,65.5,26.9
21.1,3.9,69.4,67.2,23.94
26.1,6.1,92.6,74.3,26.67
29.7,4.2,76.7,71.2,22.95
30.5,2.2,67.9,42.4,16.4
28.8,6.4,40.6,64.3,22.2
21.3,5.7,82.6,64.9,20.64
32.8,7.1,31.3,46.1,24.98
22.9,6.4,90.2,64.1,27.71
24.3,11.2,46.0,75.7,32.33
27.5,4.6,67.6,77.3,18.54
32.6,10.7,49.8,40.9,32.73
29.0,3.4,94.8,53.3,21.71
29.9,6.5,76.5,50.3,29.56
21.7,2.9,62.1,71.3,18.49
24.0,8.4,68.5,77.0,29.33
20.3,10.9,79.1,56.0,33.02
30.5,8.2,99.3,60.8,33.88
34.1,8.9,97.4,89.0,35.86
30.5,7.2,42.1,89.5,24.34
20.1,6.4,38.0,49.9,24.61
29.8,11.7,77.0,56.8,34.69
25.4,11.8,66.4,72.9,33.25
19.6,8.6,85.3,66.0,29.02
35.0,10.2,100.0,44.3,34.55
30.3,10.7,32.6,41.6,29.19
28.6,4.2,40.8,56.2,19.13
32.8,10.1,84.7,69.8,36.78
23.5,3.3,33.5,69.2,20.15
29.3,8.4,94.9,43.3,34.69
26.0,11.4,96.2,73.5,37.56
20.1,8.0,98.7,75.1,26.33
27.2,5.5,74.2,62.9,24.4
28.7,10.7,40.1,70.0,32.42
26.0,6.4,46.1,51.2,23.8
20.1,10.4,73.0,75.6,30.62
19.3,7.3,99.8,56.6,28.27
29.3,3.5,98.9,71.2,21.91
32.2,4.3,96.1,52.4,27.65
33.7,9.8,31.2,89.3,29.82
24.6,11.7,62.2,55.6,31.9
34.0,11.4,99.4,89.2,34.52
31.9,7.0,35.9,43.4,18.79
25.2,3.9,83.1,57.9,17.18
24.9,2.8,99.5,46.1,19.22
23.7,6.4,36.9,82.3,22.32
19.2,2.2,42.5,84.3,18.35
18.2,10.9,56.8,81.7,32.58
22.2,8.4,38.2,51.7,22.76
22.3,9.3,31.7,71.1,28.5
30.4,5.0,92.6,65.0,27.02
20.7,8.6,31.7,41.5,22.06
29.8,3.0,86.7,79.1,20.7
30.4,4.7,42.7,50.7,26.9
25.8,10.5,39.4,50.6,28.44
20.0,5.7,97.9,57.1,26.66
30.2,3.9,68.2,51.8,17.87
33.5,4.2,77.5,74.7,20.44
24.2,8.5,70.9,76.0,31.1
30.9,7.8,55.4,51.9,26.39
30.6,3.1,33.0,66.6,19.01
18.9,10.7,82.1,54.0,34.46
18.9,11.0,86.6,51.0,35.9
29.5,3.4,71.2,73.2,22.95
32.1,5.5,70.0,66.3,25.67
33.6,9.2,72.8,76.6,29.78
20.4,6.5,65.5,44.7,25.32
27.9,5.6,99.1,80.1,23.58
22.8,11.5,99.6,88.3,36.13
21.8,5.2,99.8,86.0,23.05
30.6,10.1,81.7,56.4,35.19
25.0,5.6,96.5,65.2,25.1
25.4,7.1,56.6,76.3,23.49
32.4,11.6,89.5,52.8,42.63
22.1,8.4,91.7,60.3,31.38
27.0,5.3,62.1,89.4,25.66
32.1,4.7,80.8,51.9,24.25
20.2,6.9,31.6,86.9,22.93
28.1,8.2,52.6,65.0,28.63
32.2,7.8,87.6,57.7,27.46
31.0,3.3,47.1,52.1,14.61
33.0,6.2,81.3,70.0,30.49
18.6,8.7,87.8,67.3,30.55
29.8,8.3,46.1,44.7,24.97
21.5,5.6,68.5,59.9,22.77
27.5,7.5,71.9,70.6,29.25
31.2,3.5,92.8,72.9,23.16
25.1,3.1,35.9,42.6,18.6
30.0,4.0,47.9,74.2,16.52
32.3,4.9,67.6,51.7,19.68
34.1,9.5,76.8,62.5,30.23
27.3,8.0,34.4,44.8,26.36
23.4,2.0,40.4,87.7,16.79
24.6,7.4,91.3,70.5,24.94
32.7,5.8,38.4,86.7,25.39
22.1,5.6,41.4,49.1,19.04
33.0,10.0,47.4,44.7,26.06
19.0,7.0,93.0,78.3,31.41
34.5,3.7,60.0,88.4,22.96
20.0,4.2,50.3,50.6,16.76
33.0,5.1,30.4,60.6,21.56
27.2,5.4,80.1,42.1,22.91
27.5,6.0,35.7,60.6,22.74
34.7,10.8,60.1,52.6,37.21
34.2,5.3,82.3,64.6,26.15
31.6,7.7,34.4,40.6,24.33
29.1,2.0,42.5,45.8,13.27
29.5,3.8,76.8,42.7,22.87
20.3,9.7,34.9,87.3,27.95
25.9,6.4,51.6,86.1,23.28
25.3,5.2,62.4,67.2,20.27
19.7,4.9,52.5,48.7,20.87
18.2,6.7,91.7,62.6,25.05
18.3,2.0,62.4,68.0,15.26
30.5,5.1,71.5,50.3,19.68
25.6,11.5,95.9,47.5,36.94
26.3,3.4,92.2,69.3,23.05
22.3,2.1,47.0,79.4,16.57
27.2,2.0,51.1,67.1,14.86
20.2,9.1,67.1,85.3,27.44
20.8,7.7,59.6,72.8,23.15
31.9,11.9,61.7,76.8,34.82
18.5,5.3,61.3,84.2,21.21
33.6,3.5,66.4,56.4,19.68
23.7,7.4,99.0,75.2,30.28
33.8,3.9,50.0,56.1,22.41
19.1,9.0,36.3,50.1,24.64
23.3,3.7,87.1,51.3,19.63
28.1,5.5,67.9,74.7,27.47
33.9,7.4,74.5,65.8,25.41
19.5,9.4,95.2,43.5,29.33
31.8,9.9,60.3,47.4,29.37
28.4,5.5,49.8,72.2,22.27
28.9,7.1,46.8,68.6,24.52
34.9,7.7,40.1,80.0,21.4
23.5,5.4,85.3,46.9,25.93
24.1,9.3,34.7,55.5,23.49
27.1,3.0,58.9,53.4,17.89
28.6,7.1,93.5,41.1,26.89
23.3,6.4,34.8,48.7,22.11
30.0,4.3,68.1,56.4,20.14
19.4,4.4,32.3,62.7,17.19
21.3,5.7,67.0,59.8,21.31
18.2,10.6,86.3,73.1,30.98
30.7,3.3,85.6,85.4,23.24
34.1,8.5,43.4,66.9,29.34
31.1,6.4,54.0,55.0,23.79
20.9,8.5,37.5,89.8,24.87
22.8,4.8,96.3,74.6,25.17
29.4,10.3,42.0,84.0,30.18
23.3,3.0,62.2,81.8,23.87
24.9,9.9,72.0,48.3,29.26
22.3,3.3,43.6,54.3,14.77
27.1,3.9,90.0,43.5,23.78
32.8,3.2,49.7,86.3,20.17
22.1,10.3,37.5,53.1,29.77
27.0,9.4,40.8,85.8,26.92
29.3,2.6,37.3,87.3,17.7
18.1,11.1,60.5,56.5,32.02
22.3,11.6,56.7,87.4,36.0
27.6,11.5,54.3,50.0,33.68
32.0,3.8,93.6,66.6,27.74
21.9,8.5,57.0,86.2,26.91
33.3,3.4,59.3,48.7,21.71
32.0,5.6,48.6,67.1,28.16
24.7,11.7,37.4,60.2,30.96
31.8,8.5,98.1,51.6,34.24
32.4,9.3,82.0,59.8,32.38
22.8,11.8,88.3,44.4,35.64
20.0,3.7,63.1,80.2,17.6
19.7,7.8,61.4,56.2,26.5
33.0,2.7,34.1,42.2,15.96
26.4,6.5,50.6,56.1,23.18
29.4,10.8,66.1,51.1,32.68
24.6,2.2,48.7,68.3,19.12
31.3,7.2,88.0,64.6,27.37
32.0,10.4,39.6,66.6,33.31
33.2,5.1,87.1,89.9,28.02
28.9,11.2,68.3,52.9,29.83
33.2,8.5,92.4,65.8,31.85
32.7,2.6,80.9,46.6,21.7
22.6,8.5,89.9,65.6,31.21
28.0,5.9,40.2,62.6,15.84
22.5,3.5,56.5,49.7,17.23
28.8,11.3,62.0,77.1,35.4
33.3,11.8,63.4,45.7,33.03
26.2,9.7,40.0,65.8,27.31
32.0,10.5,75.7,52.3,31.88
18.3,11.9,99.3,62.9,38.07
32.7,2.3,38.7,63.7,19.32
34.1,3.1,67.3,89.8,21.01
23.3,11.3,88.3,58.3,39.8
30.1,7.9,76.1,58.6,25.09
31.9,6.2,81.7,59.9,26.83
20.1,3.5,32.1,60.7,19.05
25.0,2.4,68.9,88.3,19.37
21.5,9.6,49.8,63.3,26.16
30.7,2.3,93.6,88.3,21.75
24.9,6.4,56.1,89.8,23.16
18.0,2.5,48.3,87.8,16.76
22.5,9.4,97.7,63.1,31.6
21.5,7.3,55.7,62.1,21.56
19.3,4.5,54.2,85.6,20.97
27.0,4.4,47.1,66.9,22.89
23.7,7.9,94.4,59.3,27.68
21.7,3.2,33.8,81.4,16.76
33.9,8.4,50.2,43.2,26.74
23.5,11.4,80.9,71.0,34.01
20.2,6.6,78.8,62.9,26.39
26.9,9.0,54.8,74.0,25.78
33.2,4.8,40.6,85.0,21.56
31.2,7.3,71.7,86.3,29.46
20.5,7.2,51.2,84.3,28.58
23.1,5.9,93.2,51.0,24.18
22.0,4.0,32.9,70.9,16.52
33.8,8.4,61.6,65.6,28.16
22.7,11.5,88.8,56.8,32.44
20.9,6.5,56.8,59.9,23.73
25.7,3.1,69.4,83.2,19.53
28.4,5.5,67.0,51.5,21.65
20.7,8.8,78.5,76.8,30.37
18.4,6.9,51.7,67.4,22.42
19.6,5.1,96.7,42.3,22.26
29.1,10.6,74.9,83.9,34.31
20.8,8.2,87.8,58.1,27.02
22.4,10.8,48.0,66.5,30.42
29.5,11.7,81.2,86.2,34.87
32.8,8.1,54.8,78.3,25.05
34.2,3.9,33.7,86.9,17.54
24.5,7.8,87.7,50.9,30.82
21.8,3.2,56.5,47.2,20.76
30.6,9.8,42.2,66.9,29.52
30.1,3.0,41.3,68.3,17.57
34.6,6.8,63.8,61.9,26.08
19.7,9.2,79.8,45.0,31.94
32.9,11.2,73.1,44.2,32.38
21.0,11.0,40.5,54.6,30.14
30.7,2.7,78.5,43.3,25.16
34.9,11.9,69.2,83.1,37.37
21.9,6.5,62.5,50.2,25.83
30.6,4.1,65.9,81.5,18.77
31.2,11.8,67.8,60.5,28.26
22.8,10.7,78.8,89.7,30.94
33.7,8.4,83.2,89.5,35.89
19.2,8.1,41.9,67.2,26.64
21.9,6.0,95.5,69.5,29.59
23.0,2.3,76.8,51.8,21.39
19.5,7.8,37.3,48.4,21.23
22.2,6.7,77.4,67.0,22.87
31.4,11.1,33.4,51.8,30.32
22.5,7.3,62.7,76.1,25.77
26.6,9.5,75.0,77.2,31.14
20.3,11.6,46.2,63.5,33.32
28.1,2.9,55.4,84.4,17.14
28.4,7.2,35.0,69.5,26.63
21.7,10.9,73.7,82.2,30.53
19.3,10.9,60.7,50.6,31.66
29.9,5.1,49.2,40.2,19.12
28.8,8.2,90.4,46.8,32.28
26.2,8.5,41.0,72.2,25.02
33.2,10.0,35.6,42.2,26.05
34.6,9.3,58.5,70.0,32.39
30.5,9.1,87.7,85.3,30.65
34.4,9.1,91.4,72.1,31.76
20.5,5.8,30.5,68.6,20.29
20.7,7.7,38.4,49.7,22.63
35.0,9.9,67.6,79.3,27.61
24.4,4.5,37.5,79.7,21.72
27.5,5.5,47.0,62.4,24.62
34.1,7.6,85.4,76.8,30.24
28.3,4.4,44.8,85.9,22.7
32.8,6.6,44.0,84.9,22.69
30.0,7.1,51.3,75.5,26.52
32.5,3.7,71.1,76.0,21.59
26.0,4.4,45.0,61.9,18.57
34.1,3.6,63.8,88.6,22.89
20.1,9.3,44.9,74.6,26.6
31.7,2.9,30.4,62.6,20.45
22.0,4.5,56.5,65.7,21.46
28.5,9.2,96.8,46.5,32.28
31.2,11.2,51.4,78.3,33.27
29.9,4.5,83.7,69.8,25.94
25.5,11.0,49.8,85.9,33.67
33.8,5.4,85.9,63.5,27.22
20.8,10.5,43.7,62.3,31.21
30.2,7.1,48.3,65.9,28.13
22.3,7.7,57.1,85.1,31.03
29.7,6.7,32.0,57.7,24.56
21.2,9.6,53.7,82.0,29.08
18.8,5.9,42.0,79.5,20.2
31.3,8.5,66.6,87.5,27.66
31.9,8.0,93.3,60.2,29.7
20.8,4.5,72.8,84.3,20.62
31.7,9.8,83.8,70.0,36.65
23.6,6.9,69.9,86.1,24.4
27.7,6.5,98.7,49.1,28.08
28.2,7.8,67.1,42.4,29.39
33.5,10.6,96.0,60.7,37.24
27.7,5.0,90.1,41.7,25.65
32.8,5.3,81.3,76.1,26.91
25.2,5.7,76.2,74.1,26.57
29.1,3.9,60.9,76.0,18.9
21.3,9.8,47.4,67.0,27.61
30.1,6.7,74.0,65.8,27.27
33.8,3.0,55.0,54.2,18.18
25.3,9.0,77.0,62.2,29.75
29.0,3.3,49.5,69.0,17.97
27.3,8.8,76.9,72.1,31.38
18.2,5.9,66.5,86.6,22.95
33.4,8.1,41.9,85.6,27.47
31.8,4.3,66.3,45.0,26.58
25.1,8.2,86.8,72.1,31.0
19.5,2.9,43.0,67.1,19.18
24.0,11.6,55.8,88.5,32.72
26.9,10.6,74.6,55.2,31.08
22.2,4.6,86.7,40.9,28.69
32.2,5.0,56.1,44.4,23.17
23.0,11.2,33.9,81.8,28.2
21.5,4.3,76.2,59.9,22.6
20.9,7.2,74.5,71.5,26.6
30.3,7.9,85.0,64.5,27.2
27.3,4.5,32.7,66.2,17.07
29.8,7.8,60.9,76.8,25.51
22.9,8.7,97.3,50.6,30.18
24.8,10.7,44.3,58.0,26.86
33.2,7.9,45.1,61.3,28.29
23.6,11.0,66.7,72.1,35.55
33.4,7.6,82.2,89.2,32.18
34.4,8.4,80.7,70.7,30.54
18.3,11.6,67.9,86.8,32.67
26.4,10.2,99.9,40.9,33.84
28.6,11.8,85.2,50.4,30.83
18.2,7.6,68.6,45.7,24.83
24.0,4.5,61.3,62.9,20.54
18.5,10.8,50.8,59.9,31.43
28.5,8.8,55.6,51.2,31.8
25.9,11.5,54.5,88.3,35.37
22.5,5.3,56.2,75.1,20.22
31.2,9.4,80.5,74.4,28.85
27.2,6.2,86.8,86.6,26.54
23.7,3.8,95.5,75.8,23.66
33.9,4.1,31.7,83.4,20.92
34.6,4.5,50.4,83.9,23.04
21.1,7.1,79.3,42.7,31.53
34.6,9.7,81.5,63.6,31.82
28.0,11.4,91.5,45.4,32.86
32.9,3.0,44.1,68.2,17.83
23.0,10.2,31.7,52.0,29.5
18.8,5.1,90.1,85.9,24.79
18.2,6.0,60.2,70.4,20.63
25.3,7.6,37.0,78.0,26.38
18.1,9.3,89.9,53.9,30.13
25.6,3.8,56.9,72.0,14.73
30.6,5.2,62.4,56.0,20.35
29.4,6.5,92.3,49.5,28.55
30.4,7.7,96.4,41.8,29.96
28.1,10.2,78.4,53.7,32.3
34.2,7.0,83.7,42.8,23.64
22.1,4.0,45.5,75.7,17.22
33.4,5.1,35.0,63.5,21.27
34.7,8.5,65.7,69.4,25.35
18.1,4.7,32.0,67.8,16.39
25.3,4.2,31.7,78.6,17.43
29.5,4.9,59.0,69.9,22.61
28.4,6.3,74.3,87.2,29.31
34.8,5.0,97.5,61.6,29.34
29.2,9.4,54.4,56.8,26.93
28.5,10.1,32.5,82.5,26.92
33.7,2.4,57.0,60.2,19.27
33.3,6.6,48.3,77.0,26.38
32.2,4.7,59.7,56.1,23.76
24.9,5.9,34.1,70.3,20.02
29.9,3.9,95.2,55.1,24.84
34.3,2.7,69.0,87.6,21.3
22.1,8.4,35.0,72.5,24.82
26.3,11.6,56.4,85.7,33.89
30.9,9.3,79.7,49.1,31.28
28.2,11.8,85.6,67.6,38.69
31.3,11.7,93.0,67.6,38.12
22.5,5.5,90.2,40.4,25.77
20.2,9.4,37.1,64.9,28.19
26.0,10.1,61.9,53.9,31.88
29.3,6.7,56.5,71.7,27.48
28.2,5.2,83.8,85.0,24.48
28.4,11.3,93.3,78.4,39.51
19.6,2.5,99.3,55.6,18.59
26.4,6.0,40.6,65.2,21.45
21.4,11.8,77.4,65.8,35.96
30.1,3.3,49.9,51.5,15.83
27.5,2.5,92.3,72.1,23.93
28.2,5.4,48.2,50.9,21.18
28.1,2.8,90.9,74.5,17.91
23.2,7.9,64.6,59.2,25.74
19.4,8.2,82.2,86.2,26.76
25.0,10.2,32.3,45.1,25.19
23.1,12.0,51.8,68.4,32.61
27.7,2.3,95.2,80.2,20.5
21.8,8.0,75.2,42.7,32.1
21.8,10.3,62.6,43.7,26.08
23.5,8.8,82.7,75.5,28.16
20.9,3.5,64.0,83.2,17.64
24.8,8.1,35.9,89.1,32.43
32.0,3.9,41.7,62.8,18.5
32.5,11.2,95.8,73.8,33.86
19.8,11.7,57.8,52.0,32.36
23.6,8.6,56.5,43.6,26.3
28.4,7.5,65.9,64.6,31.97
21.9,3.4,78.9,71.6,22.54
33.6,9.8,34.4,88.0,25.92
30.0,10.1,66.4,87.7,27.71
21.7,5.6,71.8,60.3,22.35
19.8,8.4,55.0,74.7,28.2
19.3,4.2,39.4,69.1,18.82
21.2,11.2,70.1,69.5,32.04
24.7,2.9,42.2,68.3,20.3
30.8,9.1,47.2,84.1,30.42
20.4,9.4,84.8,85.6,30.92
18.6,9.1,70.5,45.3,23.65
33.2,9.6,69.7,50.8,29.87
23.7,11.6,43.7,48.1,29.9
23.6,6.2,34.9,60.8,20.02
26.9,4.0,83.4,63.0,28.71
25.1,3.3,42.4,83.4,16.73
23.0,2.8,56.0,62.3,15.5
30.2,6.6,77.3,88.6,28.68
31.5,3.1,58.7,46.5,17.81
32.0,10.3,62.7,58.6,33.0
31.1,6.9,46.9,45.6,22.34
29.7,10.2,33.2,78.6,31.46
21.3,8.5,57.9,64.1,27.78
30.4,11.2,81.5,61.9,35.31
22.7,10.4,86.3,64.2,31.75
30.3,4.8,75.9,87.9,26.32
19.7,9.0,71.9,82.2,26.9
25.2,11.0,74.4,42.9,33.09
24.7,7.2,87.2,48.0,27.19
18.6,9.4,60.4,54.6,29.87
33.0,2.5,50.3,54.5,19.09
29.5,8.3,85.2,46.9,28.09
31.2,9.4,87.2,46.8,32.79
29.3,7.6,56.3,89.2,24.7
23.8,4.8,44.1,71.6,20.24
26.6,11.4,53.6,47.6,33.11
20.2,6.6,92.8,84.5,27.82
20.7,7.6,98.9,55.8,27.0
23.5,2.6,42.7,69.5,19.23
28.9,10.2,88.2,42.5,32.03
28.2,6.2,89.0,86.2,30.39
31.2,5.3,87.4,75.2,27.39
27.0,11.2,35.1,69.0,28.22
29.5,4.6,94.9,62.6,23.25
18.7,3.4,59.3,88.7,17.1
33.9,6.7,59.9,81.7,28.31
32.4,9.4,32.5,82.1,24.29
33.9,2.4,41.8,40.1,14.61
21.0,9.2,62.7,44.2,25.73
20.5,7.2,61.2,62.5,26.9
27.2,8.8,51.0,81.0,28.9
32.3,8.8,36.7,76.9,23.35
30.6,5.1,94.6,49.9,26.26
22.4,3.8,69.1,47.0,19.63
26.1,2.2,59.5,85.4,18.5
22.0,2.2,72.7,44.3,22.22
27.6,10.7,93.6,79.9,35.57
27.6,7.1,44.8,53.5,20.01
19.4,5.3,69.0,85.1,18.59
28.8,11.1,67.1,63.5,32.45
19.6,11.3,70.3,53.9,33.49
18.5,7.4,97.2,64.4,31.24
32.5,7.5,60.6,79.5,27.47
22.2,8.3,57.7,45.7,24.36
25.9,9.0,44.1,77.2,30.86
33.9,5.3,39.5,64.9,23.43
28.6,9.4,94.5,87.7,34.68
24.3,2.2,41.9,73.1,17.35
32.5,10.1,68.6,62.7,27.26
21.6,8.8,96.6,78.7,32.55
26.3,10.7,41.1,82.7,33.04
27.6,8.2,30.2,83.0,25.33
28.0,8.0,38.3,89.4,21.0
18.3,4.3,52.6,56.5,12.05
24.4,6.2,48.3,89.0,22.31
26.8,9.8,86.1,68.9,30.58
25.8,7.1,59.1,78.7,28.52
32.0,9.4,87.6,45.8,33.01
30.3,11.8,88.3,75.4,38.73
33.8,6.5,59.9,67.0,22.71
21.8,4.1,48.4,60.9,17.14
20.7,6.4,69.4,78.4,22.72
21.5,5.4,43.8,42.6,21.35
29.2,4.1,92.3,87.2,25.4
22.3,11.9,34.6,88.2,30.84
29.3,6.5,86.5,52.7,28.26
29.6,11.8,57.0,83.6,36.37
19.4,9.1,35.7,63.6,28.6
30.6,5.8,59.6,83.6,24.03
23.3,2.0,64.3,75.2,15.37
21.8,5.9,89.7,84.1,30.35
22.4,5.1,54.5,61.4,22.58
33.2,6.6,57.9,86.9,25.51
28.3,7.7,96.9,44.1,31.54
29.0,8.3,56.1,56.4,29.75
21.7,3.3,34.4,78.4,18.45
24.1,8.2,70.3,49.1,28.39
31.8,7.4,37.4,87.5,25.8
23.8,3.3,64.6,58.4,17.05
31.8,4.0,37.1,69.9,18.53
21.4,7.3,99.9,50.5,29.62
30.5,8.6,54.3,79.3,29.12
20.0,3.7,60.0,84.8,17.45
32.0,8.6,92.7,63.1,33.17
29.4,5.1,51.5,83.3,22.27
34.3,10.3,46.8,73.0,34.35
18.5,5.9,35.4,41.8,23.51
20.2,10.1,70.8,52.3,31.65
18.5,4.3,70.4,80.6,24.3
18.3,9.4,73.2,83.6,29.31
32.4,7.3,34.2,55.4,21.19
28.7,8.5,61.5,86.0,28.37
28.9,6.5,71.2,41.0,29.25
24.4,11.9,58.5,68.0,33.51
18.9,8.9,50.6,87.4,23.75
25.3,5.9,83.5,62.8,24.63
20.7,9.4,59.3,54.9,32.45
33.9,9.4,85.9,40.5,36.24
32.9,3.2,34.8,67.2,17.16
23.1,4.3,31.3,57.9,16.33
18.3,9.1,42.7,53.3,29.57
18.4,5.7,49.1,74.3,22.31
27.0,6.1,51.3,56.4,25.18
32.0,7.0,64.6,75.1,26.95
23.8,9.8,67.8,80.8,35.45
29.2,6.6,87.6,47.9,27.44
32.6,4.8,88.9,79.3,25.92
28.8,8.8,68.8,65.8,31.93
18.1,10.6,93.5,58.0,32.37
27.4,7.2,70.1,46.6,25.11
21.0,9.0,36.9,76.4,28.99
31.6,10.3,59.7,63.0,33.29
25.0,3.6,97.2,61.0,26.45
25.5,8.0,89.7,69.0,31.81
23.2,9.3,60.9,52.2,30.46
21.9,3.2,78.4,63.8,22.24
20.7,6.6,46.4,66.6,21.97
24.9,3.8,92.8,89.6,23.38
27.1,6.6,75.8,75.7,24.13
33.3,2.1,90.9,52.2,21.52
24.8,9.4,51.6,49.5,30.95
23.5,10.2,38.9,86.0,32.03
31.9,10.3,82.7,68.7,34.52
29.8,10.1,60.3,52.9,32.95
20.0,2.6,61.6,41.6,16.14
30.0,4.9,36.1,89.0,22.23
34.2,4.4,60.4,47.9,22.27
26.5,6.8,40.7,90.0,22.39
26.3,11.2,50.3,82.4,36.33
30.3,3.9,35.0,45.5,19.89
21.4,9.9,35.6,76.1,30.78
24.2,5.6,45.6,62.4,20.23
23.4,3.1,36.3,40.3,16.73
34.9,5.6,49.3,49.4,23.26
20.7,4.1,81.7,55.8,21.8
21.0,4.0,40.0,84.5,19.81
25.8,11.9,93.4,45.2,36.62
22.7,5.0,43.0,53.7,18.96
32.8,10.0,74.3,47.7,36.55
25.4,2.1,35.9,85.2,12.9
29.6,2.7,40.7,89.3,13.74
31.9,8.1,65.8,85.3,32.47
22.6,8.8,59.7,51.5,26.69
30.5,8.4,79.3,68.8,28.53
24.8,10.7,52.6,69.2,36.06
22.3,4.3,99.0,48.4,23.11
33.1,5.2,31.9,53.5,22.01
27.6,7.6,34.8,48.1,22.29
26.4,3.5,88.2,57.4,18.16
21.1,7.2,51.0,64.8,25.68
33.3,8.1,38.7,83.8,24.38
28.8,6.7,72.1,51.6,24.79
34.1,9.8,48.6,55.4,26.31
18.8,10.2,79.5,68.7,31.46
20.0,4.7,92.3,68.0,24.26
32.9,4.7,46.4,52.7,20.36
25.7,3.0,74.3,70.7,20.98
25.9,11.9,36.8,75.8,32.93
21.8,3.8,71.1,45.8,24.45
26.3,3.3,57.2,87.4,17.77
25.5,7.3,85.4,62.4,27.93
30.3,10.1,83.0,66.8,36.03
28.8,2.9,86.8,42.2,23.25
31.6,4.7,54.5,53.2,19.42
31.3,11.3,52.1,67.6,28.83
25.2,7.1,90.0,81.7,29.9
23.1,3.7,64.9,71.5,19.85
23.6,4.2,93.0,67.4,22.63
34.8,9.5,66.2,86.9,30.2
25.0,6.6,36.2,62.0,20.75
30.8,7.8,38.1,46.2,29.29
19.4,9.1,37.7,46.6,23.35
25.3,3.9,46.2,47.9,19.58
23.6,10.3,80.6,40.9,31.31
20.7,2.4,84.3,76.1,20.94
18.4,3.5,80.1,68.9,16.99
22.3,11.0,48.2,55.4,27.91
31.5,3.1,89.8,60.4,24.63
23.1,7.3,35.2,71.3,22.95
32.8,4.3,49.9,54.7,18.85
27.8,8.6,74.9,46.0,30.24
31.7,10.9,61.1,68.4,34.21
35.0,10.5,96.2,78.1,36.86
28.9,9.5,97.3,81.8,32.92
23.8,8.6,81.2,89.3,31.69
23.3,11.6,40.2,41.2,28.47
34.5,3.8,91.7,86.0,26.16
30.1,8.3,70.9,62.2,31.1
26.5,11.3,68.4,80.5,30.14
21.6,4.0,53.8,47.9,21.89
26.3,4.9,77.4,40.2,24.3
31.0,9.7,62.7,72.8,30.27
34.6,9.6,57.4,82.4,31.38
29.4,8.5,72.2,47.6,29.03
18.4,2.7,79.2,82.0,22.64
25.9,6.7,32.9,50.5,22.09
32.1,8.7,33.4,57.6,26.4
26.7,10.0,67.4,45.0,33.06
23.8,10.4,37.7,89.8,25.89
32.6,8.9,45.7,75.6,24.69
27.8,7.7,89.5,41.7,29.64
26.6,5.4,39.3,54.6,19.29
26.3,9.3,38.1,76.2,27.75
29.6,5.5,47.2,71.2,23.51
25.7,7.2,67.5,51.5,27.13
27.6,2.2,63.6,59.9,18.83
22.9,3.5,53.4,64.6,19.79
20.9,5.1,41.3,52.2,18.72
31.9,6.6,77.7,76.2,25.32
23.4,7.7,85.9,81.7,27.02
20.1,4.0,52.6,56.0,15.47
21.1,7.3,80.3,59.4,28.23
25.0,8.4,48.6,49.7,25.78
22.9,6.5,59.8,47.4,24.04
29.8,7.4,89.6,46.0,28.83
23.9,5.3,44.3,71.0,20.97
28.0,4.5,60.9,61.9,20.74
20.8,9.8,44.4,83.8,28.77
20.3,5.0,84.9,62.0,23.9
33.4,2.2,48.1,51.1,14.18
32.7,9.5,58.1,42.4,33.42
33.3,5.0,73.6,70.7,28.31
26.4,4.7,86.1,67.9,24.09
19.2,5.8,72.1,69.8,22.17
23.3,6.6,30.7,53.5,22.38
33.0,10.0,94.9,87.9,32.46
25.2,3.6,49.7,79.4,19.77
23.6,7.3,85.5,72.2,28.84
23.0,2.1,50.4,65.6,15.36
27.3,2.6,36.7,75.0,16.13
25.7,8.5,46.7,59.5,27.52
24.4,11.3,83.1,53.5,34.56
25.2,2.6,44.9,46.3,14.41
22.5,4.7,79.9,65.5,17.17
21.3,2.9,33.2,89.1,15.72
21.4,2.4,38.0,89.8,15.86
18.7,7.9,36.7,63.9,22.27
34.1,10.8,84.3,65.1,40.91
34.3,3.2,32.0,88.8,19.94
19.7,7.9,99.1,88.9,35.92
19.3,3.8,50.0,58.4,18.28
25.1,6.1,47.5,73.5,25.02
31.0,4.9,81.7,84.8,26.23
32.0,3.6,66.5,51.9,23.49
18.4,5.3,96.3,79.6,23.42
22.8,9.2,71.1,53.7,29.25
27.1,3.8,59.4,63.4,22.58
20.3,6.1,38.0,76.6,21.43
34.5,7.9,80.1,65.2,30.78
22.3,11.6,98.9,57.5,39.6
27.0,4.3,78.8,79.3,23.6
19.9,7.9,60.0,81.7,24.43
23.8,2.3,50.8,41.0,18.76
20.1,4.5,32.4,81.3,20.35
33.5,7.1,52.9,63.0,28.09
34.1,7.0,57.1,85.3,28.71
27.2,12.0,96.5,80.2,35.87
23.9,3.9,61.7,74.0,23.58
23.5,8.3,42.8,50.2,24.69
33.7,2.6,86.5,77.2,21.87
28.5,10.8,36.5,50.9,27.55
25.0,2.9,85.4,84.7,20.13
31.1,6.7,98.0,65.4,33.33
27.1,9.4,91.8,66.0,33.49
21.7,7.4,91.0,83.0,27.94
22.1,5.0,92.1,43.2,21.69
22.7,10.5,67.5,65.3,29.97
18.3,9.8,33.6,69.9,26.2
22.3,11.0,66.4,44.1,31.14
28.4,7.9,41.4,41.7,27.54
30.8,6.5,64.3,61.5,27.1
19.9,10.1,87.4,82.2,30.18
34.5,8.8,38.2,57.7,27.16
26.3,4.5,76.0,76.1,27.76
19.1,5.4,70.8,84.4,24.13
34.0,7.9,75.9,81.4,30.34
22.6,2.4,96.4,48.8,21.48
23.3,3.3,87.3,88.5,19.04
25.8,6.4,91.7,49.0,25.93
23.5,4.5,85.9,74.6,25.24
21.0,10.1,43.2,47.8,25.36
20.2,6.6,32.9,77.0,19.26
26.7,10.0,56.6,71.4,30.6
19.2,4.9,77.7,87.8,22.39
30.1,2.7,31.1,69.2,16.48
23.8,11.6,44.0,77.8,32.55
34.9,5.3,82.5,41.6,26.92
19.1,8.3,43.9,63.4,22.23
18.8,6.2,76.2,60.2,26.13
22.3,9.4,50.5,62.5,26.69
24.0,8.4,48.1,84.0,25.03
31.8,8.1,72.1,63.7,28.22
32.1,3.9,39.2,45.3,17.23
30.3,8.9,52.2,83.4,31.14
32.0,8.2,87.1,60.9,26.01
30.4,6.1,62.2,70.7,28.11
32.8,5.3,65.6,59.9,24.69
25.9,10.4,61.8,40.8,28.45
22.7,3.7,48.7,81.5,19.62
28.7,8.8,30.8,69.0,33.37
24.2,5.3,42.4,59.7,23.24
19.1,5.7,81.0,42.3,21.48
32.5,6.3,63.3,66.3,28.48
32.2,11.0,90.0,81.6,38.52
26.4,2.2,74.1,61.6,20.4
25.9,2.5,86.4,48.9,18.26
20.0,8.5,74.7,79.8,25.56
20.1,2.4,34.2,40.3,17.33
31.6,9.0,74.3,57.9,30.67
32.5,8.2,31.3,70.7,24.49
18.1,9.5,73.0,77.9,28.44
31.3,2.1,63.3,43.4,18.11
27.1,5.4,30.8,50.7,23.86
25.4,5.4,76.3,43.4,22.75
26.1,2.1,72.3,56.0,20.62
30.1,3.8,70.0,68.0,17.72
18.0,6.8,68.2,67.8,23.42
19.1,3.8,93.4,48.3,23.78
32.3,3.9,84.4,80.9,25.6
35.0,8.1,80.3,72.3,32.63
22.1,4.9,96.9,61.9,23.78
24.8,5.7,44.1,45.7,19.13
29.9,5.7,82.5,87.2,22.56
29.3,4.4,30.5,67.7,18.84
31.3,5.3,88.0,48.9,24.78
33.5,4.2,55.7,85.3,22.6
22.5,6.2,49.9,57.3,23.87
27.0,4.1,67.2,57.2,18.35
20.4,3.2,48.1,82.5,16.79
34.5,9.7,89.0,82.2,36.73
30.9,10.9,47.3,62.8,32.88
21.2,11.0,44.2,56.0,31.21
30.6,4.4,32.4,42.8,21.36
31.6,10.0,34.1,81.2,30.15
20.3,6.4,96.6,41.2,24.05
26.5,4.5,53.0,77.7,24.23
32.0,3.8,80.1,70.0,25.59
23.9,2.7,53.1,70.3,16.24
18.9,7.0,96.5,45.2,24.3
23.8,8.3,38.4,43.7,23.93
31.3,9.7,54.4,66.5,32.99
19.7,9.5,84.6,86.0,36.13
23.3,10.3,30.9,73.8,28.65
32.5,4.3,50.8,86.5,17.63
20.8,9.8,92.8,78.1,32.16
24.6,3.8,96.9,87.7,26.74
27.4,8.5,89.8,62.2,32.22
21.0,10.5,92.4,45.8,36.28
29.9,2.0,88.9,60.5,25.37
31.3,11.9,77.0,73.7,38.42
28.8,2.3,96.6,85.7,20.42
32.7,8.4,82.3,83.4,32.16
20.2,3.4,61.7,46.8,21.6
18.1,12.0,51.5,69.8,32.55
22.5,2.9,71.9,48.8,21.16
32.3,11.8,46.9,82.9,34.58
20.2,6.1,75.6,89.9,26.47
31.0,3.8,85.0,78.2,19.78
33.8,4.5,86.4,78.9,23.81
27.5,7.8,32.2,70.3,23.53
33.0,2.2,44.1,70.8,18.62
22.2,10.8,70.7,75.7,33.78
30.3,5.4,31.7,58.2,16.11
31.3,4.5,66.5,84.0,25.18
26.3,6.5,88.4,58.1,30.26
28.2,3.5,91.2,85.2,23.48
19.5,11.0,34.4,50.4,29.4
22.7,11.9,81.5,68.9,36.19
19.3,5.9,70.1,81.1,21.94
22.1,2.6,48.6,84.3,14.71
33.2,11.9,49.4,56.2,34.91
18.5,10.2,39.0,45.2,25.21
26.4,8.2,89.1,51.5,29.72
26.9,10.5,85.9,49.8,30.43
22.9,8.9,97.3,43.7,30.54
31.3,8.5,47.7,66.9,28.27
28.0,3.2,79.8,74.3,19.21
21.3,10.3,95.8,47.9,37.47
26.0,10.9,74.0,66.8,29.11
18.4,8.8,47.1,55.3,24.13
18.3,2.3,95.4,44.2,20.46
30.5,6.6,82.4,86.1,25.55
20.9,11.6,85.9,82.6,34.67
34.5,10.9,67.7,66.1,33.83
24.1,10.6,47.1,69.9,27.27
29.9,7.3,53.3,78.5,30.23
25.9,3.6,55.1,43.6,19.17
25.0,6.0,80.0,73.2,26.12
29.4,9.8,86.9,58.8,35.26
28.6,10.3,58.4,71.0,32.81
32.9,11.4,73.9,83.0,33.54
19.4,6.9,63.3,69.7,22.59
26.6,8.6,31.2,55.6,25.65
28.3,3.5,93.2,60.7,24.03
29.0,8.3,97.6,55.4,31.28
28.6,7.5,61.0,84.3,28.29
24.3,5.8,61.9,80.7,26.16
18.5,3.0,82.1,48.3,20.36
30.1,2.7,53.3,72.4,24.25
18.7,6.4,55.8,42.1,23.13
26.0,7.1,33.7,75.5,24.97
30.2,2.9,44.0,74.8,14.67
22.6,4.7,40.3,46.8,16.57
18.5,9.3,94.3,66.2,32.32
19.6,9.8,36.4,54.2,26.41
20.4,9.2,46.0,87.0,27.71
29.3,4.8,43.0,83.3,19.99
29.1,11.7,56.4,71.9,34.71
34.6,5.3,47.8,45.6,24.88
23.5,10.5,66.6,78.1,35.03
20.2,8.8,74.2,59.0,26.51
20.9,6.1,49.1,89.1,24.63
18.5,5.3,32.9,74.0,22.92
32.0,8.1,98.4,55.4,33.02
19.3,4.3,77.8,43.3,19.82
33.2,6.5,37.8,57.4,25.97
18.8,7.9,98.3,46.3,28.41
31.8,9.4,58.2,61.2,28.75
21.3,4.2,92.7,76.5,21.73
18.4,2.7,79.2,69.4,18.5
29.9,3.9,35.8,70.5,19.44
18.0,8.4,72.4,80.9,25.6
23.1,10.0,61.1,71.0,31.77
19.0,4.2,38.6,41.0,18.73
20.1,7.6,30.4,71.4,25.46
20.1,5.9,98.9,86.8,26.09
30.3,2.3,50.4,51.0,15.46
34.5,2.9,84.5,79.6,21.37
22.2,2.3,50.4,44.8,16.83
24.8,6.8,80.3,78.9,26.39
24.4,9.3,43.6,41.0,27.63
22.4,2.6,37.8,80.3,17.03
30.1,4.8,81.6,82.4,24.69
22.6,2.3,50.0,63.8,15.11
26.7,3.9,85.6,75.7,22.8
20.2,8.2,69.1,87.1,28.8
32.4,6.4,53.6,60.8,22.6
29.7,4.5,35.5,45.1,19.12
27.2,4.7,48.2,61.7,15.42
28.4,3.3,33.3,47.3,12.63
21.8,8.4,75.5,48.3,28.36
32.3,9.8,46.8,83.3,26.17
20.1,7.8,42.4,56.8,26.87
33.0,6.0,54.1,87.4,24.7
28.4,3.8,64.8,64.0,24.31
34.0,9.3,93.6,54.3,37.26
22.9,3.0,76.6,54.3,17.49
33.9,4.4,87.3,72.0,25.87
28.9,9.0,50.7,73.8,25.55
18.2,2.4,44.6,75.7,15.92
19.7,7.3,82.1,65.2,25.19
28.1,3.4,60.6,46.7,16.38
19.6,8.2,78.7,44.5,25.52
30.7,11.3,31.3,49.2,32.06
29.4,6.2,89.2,79.3,26.09
21.2,2.7,48.7,56.0,15.65
28.8,2.3,66.4,75.0,22.22
27.6,11.4,84.4,44.9,33.42
22.2,6.7,38.6,41.6,22.45
30.0,11.1,84.1,70.5,36.09
22.3,6.1,93.2,46.5,28.36
32.7,5.1,65.5,52.8,19.67
24.7,4.8,66.1,67.6,25.11
26.4,7.1,79.6,51.1,29.63
29.2,9.5,90.8,57.2,35.98
33.0,8.0,65.1,46.0,26.46
25.8,8.2,34.9,58.7,25.08
29.1,3.5,69.5,77.6,24.78
28.1,7.9,92.0,73.9,32.92
19.2,4.2,46.4,78.0,19.82
28.8,9.9,33.6,82.0,28.45
18.8,3.9,89.4,50.5,19.94
26.6,5.0,81.2,43.6,21.59
19.8,2.9,44.5,87.9,19.36
28.3,11.0,32.2,46.8,29.85
30.3,4.3,87.3,80.1,23.16
31.4,2.9,31.3,61.5,12.34
28.0,4.6,58.4,67.9,24.48
34.8,5.9,78.1,47.1,25.07
24.1,3.9,91.1,63.5,19.42
18.2,6.7,74.2,73.9,28.0
31.9,11.9,54.1,74.0,36.02
25.7,11.6,52.6,43.8,31.44
27.2,3.7,43.2,87.9,17.43
32.4,9.3,53.4,61.9,28.97
22.5,4.3,36.3,53.7,15.2
23.6,11.6,99.0,46.7,39.69
19.6,6.2,82.6,80.0,25.06
29.6,5.8,80.7,41.3,25.04
21.6,11.8,43.3,45.9,31.59
32.5,7.2,40.8,65.3,23.09
28.4,3.7,76.2,87.6,25.04
33.5,7.8,71.2,69.5,29.11
19.0,9.3,84.0,62.9,28.52
34.9,9.0,95.0,49.1,30.52
24.8,9.4,69.4,41.8,31.59
27.3,9.6,77.5,74.2,33.63
28.9,11.4,73.9,82.9,33.58
26.2,7.9,79.9,88.8,26.11
27.0,7.3,87.3,89.1,27.28
25.1,10.0,79.8,85.7,31.56
21.2,2.8,71.8,78.9,23.75
34.5,5.7,72.5,53.5,24.31
31.6,8.2,73.5,50.8,26.55
28.2,6.1,79.3,46.3,26.08
19.0,9.3,87.1,83.9,28.01
33.2,7.4,33.3,71.3,21.79
19.3,9.4,62.5,88.8,27.91
31.3,9.8,51.7,65.0,26.38
19.0,7.1,49.6,47.4,24.69
30.9,9.4,55.4,55.0,30.23
32.4,3.7,30.9,85.8,20.91
25.6,5.7,66.7,80.0,21.17
27.4,9.7,78.2,70.3,33.72
32.2,2.2,48.0,44.9,13.32
34.5,4.5,69.6,61.8,24.53
18.3,5.3,33.2,74.5,17.12
20.2,10.6,62.0,82.9,28.11
32.7,3.2,76.2,74.4,22.22
29.5,4.3,73.4,80.7,24.79
22.6,6.6,56.1,70.4,20.54
25.6,6.2,72.5,55.6,23.52
19.9,6.4,40.1,53.4,22.19
18.5,5.5,73.5,70.8,20.28
30.4,2.9,44.7,47.9,13.66
30.3,6.5,72.7,42.6,25.57
29.8,5.3,50.9,45.2,25.17
33.0,9.2,76.4,49.7,31.92
22.9,11.8,50.0,60.1,31.33
25.2,8.2,76.9,73.6,29.92
22.3,8.4,46.5,68.8,27.71
28.6,2.5,36.1,64.2,13.34
28.8,8.3,58.7,83.1,26.87
24.9,6.4,97.0,66.7,26.21
33.9,3.2,86.0,84.7,24.95
26.3,11.1,44.5,77.6,30.81
33.6,6.6,85.3,66.8,27.98
30.4,11.5,37.3,73.9,34.31
34.0,9.6,42.8,72.2,30.16
30.9,8.0,41.2,81.6,25.31
21.8,11.6,99.0,79.1,40.47
29.7,2.9,97.3,61.1,25.91
22.1,6.8,70.2,60.9,24.53
22.9,7.3,69.3,56.4,24.73
21.8,6.0,60.3,55.2,19.13
26.4,9.9,93.7,69.1,28.62
25.4,4.8,36.6,41.9,19.76
33.4,4.6,55.1,70.5,19.6
28.1,2.8,72.5,50.0,18.78
24.1,9.5,93.6,46.7,30.74
28.6,5.5,83.3,44.4,27.37
23.8,3.5,58.5,61.0,17.79
32.2,7.3,87.0,77.8,30.45
19.5,11.4,70.5,51.1,31.0
21.7,11.7,67.7,74.1,35.15
19.6,4.5,40.7,59.8,18.46
32.7,6.2,40.6,87.5,24.31
22.6,3.9,35.4,51.3,15.66
34.9,6.9,60.4,60.4,23.95
20.6,7.8,65.5,46.8,24.0
23.5,6.4,47.2,54.3,22.19
33.2,7.0,94.5,43.6,28.36
28.8,8.6,37.0,52.1,27.36
26.4,5.6,76.4,46.8,22.8
20.8,10.0,72.6,62.8,28.08
31.4,9.9,62.2,69.7,30.58
23.7,3.9,91.1,46.1,20.93
30.8,6.4,81.7,77.3,25.43
27.9,11.3,53.7,88.7,35.13
28.5,3.3,48.3,48.2,21.07
23.5,2.4,86.2,85.7,21.15
19.3,8.5,39.0,69.7,19.78
28.1,8.3,82.5,88.6,33.11
30.6,6.9,44.8,46.7,21.34
27.8,10.9,48.2,41.1,27.93
28.2,8.0,90.7,48.3,29.26
29.9,8.2,78.5,50.8,31.59
18.8,10.4,62.7,86.6,28.65
21.8,2.3,31.4,48.8,11.18
28.4,9.2,40.3,46.7,29.41
20.3,2.9,51.6,58.4,18.92
22.6,5.8,55.7,44.7,21.42
18.8,7.1,62.1,42.5,25.49
21.7,8.9,35.1,64.7,28.3
18.2,2.7,36.8,76.9,17.31
31.9,9.9,35.1,60.1,30.19
28.0,8.6,40.3,50.9,27.64
27.3,3.7,96.2,49.4,27.76
18.1,8.3,38.7,62.3,23.65
32.5,9.1,40.1,57.3,29.58
18.0,6.8,40.3,53.4,22.25
31.4,6.4,81.1,48.1,27.81
21.7,9.8,53.3,59.7,27.96
31.9,10.6,80.2,70.3,35.41
20.2,2.1,61.1,62.3,17.8
27.3,2.6,32.9,68.8,13.65
18.5,10.4,77.2,68.6,31.21
27.4,11.4,37.5,74.0,33.73
20.3,6.4,63.2,81.7,22.96
31.7,7.4,57.3,59.3,26.82
22.0,3.0,66.4,58.6,16.78
20.0,4.9,64.5,89.3,21.76
18.5,9.1,80.0,63.5,31.02
27.8,6.8,70.3,52.2,24.59
29.3,10.1,39.8,55.4,31.12
33.2,4.8,98.3,51.3,24.33
19.1,6.3,54.4,85.0,26.36
24.7,10.1,87.8,79.4,36.29
20.8,10.5,42.4,69.3,24.99
26.5,6.2,32.2,81.3,24.35
22.1,6.6,95.1,55.2,27.74
25.0,4.4,91.0,44.8,24.12
24.3,6.3,98.4,74.6,25.34
29.7,7.0,35.6,52.0,26.39
30.6,5.1,81.9,64.1,24.6
25.2,3.2,55.1,43.6,19.79
22.1,5.6,79.1,83.1,22.79
31.5,8.0,34.4,46.9,19.59
32.4,3.4,92.2,81.4,23.88
27.2,10.4,66.4,62.0,32.55
22.2,7.4,64.8,78.6,23.95
31.3,5.2,40.5,61.1,21.79
24.1,6.8,96.3,85.4,27.21
33.6,4.2,31.8,62.4,15.54
22.5,5.0,52.7,47.1,22.23
34.0,3.9,58.1,50.5,21.94
25.3,6.6,83.4,42.5,23.77
30.8,5.6,60.4,76.9,22.58
21.6,5.5,38.4,72.8,18.21
28.6,10.9,94.4,83.3,40.29
27.9,5.0,64.1,64.5,23.32
25.1,4.0,46.0,67.8,23.9
30.5,3.5,46.3,49.4,18.11
31.9,2.1,50.5,80.7,16.9
30.4,5.2,52.9,77.2,20.13
31.8,8.4,46.0,49.1,30.0
30.7,8.5,70.1,53.6,28.91
20.5,11.9,46.4,68.9,30.9
31.1,11.2,63.7,75.9,33.87
21.2,3.4,58.7,57.5,17.47
19.7,10.5,67.9,76.9,31.06
33.3,2.9,33.6,45.2,15.29
28.2,6.3,53.8,46.9,25.61
21.0,7.0,94.7,45.2,28.77
28.8,11.5,89.6,55.4,37.96
23.7,7.7,78.7,82.6,25.85
20.4,10.0,54.9,50.2,27.51
31.6,11.7,66.4,42.2,32.15
19.9,10.2,42.0,52.2,24.95
34.4,4.2,81.6,66.7,24.08
31.1,4.1,59.2,85.6,22.04
30.1,5.3,91.4,79.6,32.38
22.1,10.6,97.5,55.7,34.36
30.9,8.7,84.7,60.4,33.89
18.4,6.2,39.6,58.7,20.86
27.4,5.2,85.3,40.7,27.92
23.3,5.4,72.8,85.5,22.48
32.1,8.2,62.1,45.7,29.4
30.9,2.1,34.2,47.9,19.88
26.3,3.7,37.3,65.0,20.77
26.0,10.0,75.6,86.9,27.59
19.2,3.7,99.2,87.4,20.89
22.0,10.4,77.7,54.7,30.79
30.0,5.2,40.6,51.8,21.13
19.1,11.6,91.9,55.8,34.18
31.4,3.7,60.4,71.3,18.51
34.7,2.4,84.8,89.2,21.79
19.3,10.2,53.2,65.2,28.47
25.8,4.6,91.4,40.3,24.52
27.8,3.2,63.2,71.4,23.24
31.8,10.9,42.1,48.4,28.38
20.6,8.6,71.2,72.1,25.58
24.1,2.4,33.7,66.1,13.47
32.2,3.5,94.8,46.8,25.08
26.8,9.4,43.0,73.5,27.04
20.8,10.9,95.0,82.1,31.71
32.8,6.8,60.4,45.9,27.27
33.9,11.7,86.1,43.8,33.31
30.6,6.2,49.1,84.9,24.72
34.6,11.4,69.7,90.0,35.54
33.8,5.2,33.3,64.1,20.49
20.1,7.2,32.5,78.3,21.63
25.0,2.3,57.1,80.7,16.43
28.1,9.1,88.9,64.5,31.75
30.5,8.5,81.6,66.7,31.68
27.1,5.2,55.7,62.6,23.97
29.0,2.4,74.1,60.9,21.98
20.0,11.3,66.1,49.2,30.3
24.9,6.5,68.9,66.5,26.82
18.1,7.8,93.1,77.5,34.12
29.1,5.9,77.6,65.7,25.52
20.8,5.9,82.4,42.3,24.12
24.9,4.0,71.7,43.2,20.68
26.5,7.0,48.7,83.6,26.5
29.3,11.0,61.1,40.8,29.4
31.0,11.9,63.2,78.6,34.26
30.2,9.7,43.0,62.1,29.42
27.7,11.8,53.2,82.4,35.99
27.0,8.3,31.7,78.4,25.15
32.6,3.9,43.6,50.3,18.44
32.7,10.7,86.4,72.2,33.69
19.1,10.5,51.5,77.4,27.74
22.6,6.6,53.9,64.2,24.66
33.7,7.9,74.2,53.8,30.19
28.1,7.4,70.2,41.3,24.04
20.3,8.1,45.5,85.6,29.52
19.2,9.3,86.2,70.7,32.55
19.6,9.2,58.5,50.1,25.52
31.1,10.2,45.8,75.1,30.0
21.8,3.7,86.8,46.0,22.1
22.1,7.5,78.1,64.9,28.05
20.2,3.1,93.9,88.8,20.82
28.2,8.9,96.1,62.5,35.0
26.7,10.4,59.3,79.7,32.41
22.8,8.7,42.5,72.3,30.95
29.2,8.1,71.7,49.4,28.91
31.2,5.0,62.6,81.0,21.68
34.7,10.9,74.6,48.1,31.63
26.1,6.2,94.5,59.8,22.85
25.0,11.5,42.6,81.3,33.13
23.0,11.7,54.8,85.2,34.04
31.3,4.5,31.1,83.4,18.4
34.5,9.3,65.5,83.9,30.11
28.2,3.1,93.2,52.3,20.36
28.9,11.0,65.4,71.7,34.67
29.7,3.3,97.9,82.4,24.55
25.2,3.3,44.0,73.6,21.53
21.7,10.3,48.6,53.4,31.55
22.4,3.9,63.3,60.2,21.01
28.5,6.7,93.4,63.6,27.54
28.8,4.0,54.4,40.9,20.89
25.9,8.3,31.3,48.9,28.26
18.7,9.0,45.0,56.2,23.75
32.9,6.2,60.1,72.5,22.73
22.2,9.3,60.5,75.7,29.57
27.9,3.1,68.4,76.2,24.54
30.6,10.6,87.6,83.3,36.66
21.1,9.3,53.2,51.8,27.52
26.0,3.6,85.0,73.3,19.66
18.0,4.1,62.3,40.5,20.75
18.8,5.6,44.1,54.2,20.69
22.3,8.5,55.5,69.4,26.28
29.2,9.0,74.8,85.8,29.51
33.1,11.4,78.5,51.8,34.57
25.2,5.4,63.1,56.6,19.4
18.4,6.1,37.6,51.5,22.14
23.0,9.0,50.0,74.1,24.84
34.3,5.6,95.3,79.0,27.36
19.9,8.8,76.9,51.4,29.81
30.8,7.6,67.3,60.1,23.51
30.7,3.4,72.9,83.3,22.88
28.0,6.1,90.5,45.3,26.92
33.8,2.4,98.6,64.4,22.4
28.9,10.0,48.8,60.4,35.21
34.4,11.4,92.9,61.1,34.69
32.0,10.8,48.9,81.5,32.7
31.5,6.0,35.2,77.9,20.54
34.2,3.9,75.0,74.2,24.61
28.5,6.0,85.6,61.3,26.29
23.5,4.7,79.2,74.9,24.04
19.8,11.5,54.1,75.6,31.35
29.8,8.2,32.9,48.8,24.68
26.9,6.9,45.9,74.6,25.09
24.6,7.5,55.4,49.4,27.23
34.1,3.5,99.9,45.9,20.22
33.5,11.1,69.3,65.9,33.21
24.4,3.1,70.9,60.9,17.84
34.1,5.6,45.1,69.1,20.57
25.3,5.8,87.2,65.7,29.84
21.5,10.1,30.4,51.3,29.5
28.6,4.7,75.8,63.7,21.7
19.6,7.2,56.9,70.1,25.52
20.6,10.1,75.1,73.8,31.48
31.8,11.5,48.3,45.3,30.56
31.9,5.7,91.2,52.1,25.39
22.1,6.1,67.6,47.4,23.26
30.7,2.5,50.5,78.5,23.0
34.6,4.9,65.7,40.7,28.78
34.3,8.0,85.8,70.0,33.16
25.6,5.6,91.9,78.8,27.36
32.7,2.6,89.1,64.9,19.08
27.5,2.3,90.1,89.2,23.49
27.6,2.5,90.1,61.2,17.59
22.1,4.6,42.8,57.9,18.82
24.5,7.7,75.0,67.4,33.14
21.7,6.4,47.8,51.7,27.83
30.6,6.5,62.3,87.5,27.63
28.9,9.5,95.4,58.1,31.3
31.7,4.2,79.3,66.6,25.89
28.5,11.3,58.1,73.7,35.86
22.7,2.2,41.1,60.8,15.46
34.2,10.5,78.5,51.7,36.17
29.1,8.8,73.3,73.9,30.69
26.1,3.6,75.4,79.6,19.73
31.2,3.4,57.3,50.4,14.0
22.3,2.5,33.1,71.1,14.19
31.8,5.7,87.2,75.2,25.69
23.8,7.1,84.2,56.1,29.79
19.3,8.0,71.3,63.6,27.14
31.3,6.0,48.6,48.7,26.86
21.2,3.0,55.0,49.6,17.81
29.0,5.5,70.1,58.6,23.42
22.6,7.7,95.5,79.0,33.54
29.7,10.5,78.4,75.0,33.39
20.1,6.2,48.5,57.5,21.01
28.6,4.4,38.6,76.4,18.33
21.3,10.5,86.7,56.9,31.3
26.6,6.5,69.4,50.0,25.16
32.8,11.1,50.5,72.9,31.22
26.1,6.2,50.1,88.5,20.93
31.1,3.2,92.9,44.2,20.15
20.5,8.0,97.7,89.7,31.84
29.2,9.9,50.1,85.6,30.29
20.6,9.4,68.0,49.1,27.9
31.1,11.4,36.6,70.0,29.53
30.1,3.0,68.6,70.9,23.27
24.8,11.5,71.2,54.1,31.95
26.0,4.2,36.9,42.6,17.4
20.9,7.0,96.7,75.4,28.92
28.8,10.8,82.2,46.9,32.19
33.5,5.3,39.5,86.6,20.0
27.5,5.2,92.4,48.5,25.58
23.4,8.0,49.1,85.3,29.63
25.0,3.1,75.1,78.9,18.11
21.7,11.9,69.6,85.2,34.28
25.5,6.1,52.6,61.2,23.26
26.4,3.4,66.5,89.1,22.96
34.0,10.7,84.3,73.3,38.63
25.3,2.5,97.3,78.3,21.3
32.7,10.8,39.0,62.2,29.8
20.8,4.8,64.5,40.6,19.02
27.3,6.0,98.2,87.3,28.43
28.0,4.8,59.6,68.6,22.8
28.1,2.4,76.5,56.1,16.39
26.5,11.5,72.8,46.5,36.53
31.0,2.9,56.8,57.0,16.1
20.9,2.2,85.1,44.7,21.43
19.2,9.5,31.8,48.5,28.53
20.4,9.3,97.4,56.1,32.5
27.6,5.4,68.6,72.3,24.87
22.2,2.0,35.7,78.9,14.64
30.6,2.2,84.7,44.7,19.77
19.1,3.7,74.1,67.8,21.83
33.5,8.0,31.0,78.7,28.11
34.2,4.5,76.7,67.9,19.77
31.4,4.8,57.3,61.8,20.14
32.9,11.6,32.6,83.1,30.96
24.4,11.0,40.5,85.4,29.43
20.7,3.3,55.2,69.9,21.14
21.4,8.1,97.3,86.4,31.15
26.5,4.5,98.1,81.7,18.69
29.2,2.2,77.7,89.6,21.47
27.7,3.7,92.7,71.1,24.19
19.8,3.0,97.8,85.0,20.54
30.4,10.0,34.5,48.7,29.23
31.4,2.3,71.9,56.4,20.82
18.5,2.4,94.0,86.2,22.93
25.8,8.0,91.6,86.5,32.82
25.4,11.3,69.6,62.0,30.58
19.1,2.1,59.9,61.2,19.76
21.0,9.3,53.9,46.7,26.55
31.9,5.7,85.6,50.6,26.09
27.9,6.4,89.1,88.8,30.1
21.7,5.8,40.3,58.5,20.83
25.8,8.2,53.8,67.2,30.32
32.5,3.3,55.6,54.5,19.45
19.7,3.2,79.3,85.2,17.18
34.2,5.4,51.0,43.3,25.04
20.4,2.9,70.1,64.5,17.54
22.9,10.7,89.5,51.3,38.24
21.1,11.9,46.8,50.6,34.19
26.0,11.6,68.2,79.1,37.07
23.3,7.3,48.8,43.0,27.2
34.8,10.0,77.8,52.3,32.99
18.3,11.7,84.8,64.6,34.57
23.5,9.1,49.7,60.9,25.83
28.1,11.2,44.9,48.9,29.55
23.8,3.6,77.2,57.7,19.92
25.7,11.5,92.1,81.1,33.79
25.2,3.6,54.1,43.2,19.66
19.5,2.6,74.9,53.7,20.62
29.0,11.8,56.5,45.3,32.93
32.2,11.9,47.2,43.0,28.03
27.0,3.1,55.6,68.5,21.91
20.5,6.1,40.3,54.3,19.52
26.2,8.4,44.9,44.9,26.8
18.2,10.5,64.9,75.4,27.15
33.4,5.7,81.4,77.5,25.33
22.1,11.2,35.7,43.9,27.07
33.3,3.4,56.4,78.5,20.44
27.9,2.3,35.9,88.4,17.6
34.7,6.1,84.5,46.2,21.65
32.4,7.3,91.4,75.7,32.51
18.2,11.2,83.4,49.7,36.85
18.3,10.9,79.0,55.3,33.5
30.6,6.3,40.8,80.8,25.22
26.8,10.6,87.3,86.3,29.97
30.8,3.6,96.2,60.7,24.59
28.0,4.1,73.3,48.3,21.14
21.9,7.1,32.6,83.4,22.49
31.4,2.5,36.1,52.4,17.61
18.5,9.6,43.4,55.3,28.24
31.7,7.4,35.5,46.8,24.61
29.3,3.4,39.0,78.5,17.57
29.4,7.1,38.7,72.8,22.03
18.7,7.0,73.1,79.8,22.86
21.6,8.4,69.2,61.2,26.83
26.3,2.6,69.3,83.5,18.47
25.5,5.7,99.1,52.5,24.66
18.4,10.1,55.8,51.5,26.88
23.7,2.3,60.2,72.6,19.76
34.4,8.4,69.1,40.4,31.26
23.2,5.4,69.3,41.7,26.32
28.8,8.8,70.0,58.8,31.96
29.6,4.9,83.8,77.4,27.48
28.6,11.0,98.1,87.9,34.02
22.9,5.0,30.1,52.9,16.56
27.7,10.5,78.1,46.4,32.47
30.0,3.7,82.8,61.6,24.84
24.5,11.8,99.7,64.1,37.66
22.8,5.6,77.6,85.0,24.58
22.7,7.0,35.2,82.8,17.64
33.6,10.4,60.8,59.6,31.92
29.0,2.8,82.7,86.7,20.9
30.8,3.5,35.6,42.7,18.13
27.7,5.4,35.4,69.2,21.62
28.7,5.9,93.6,57.0,26.24
22.7,10.1,36.8,67.1,26.81
33.2,4.2,38.2,88.5,18.84
26.5,10.1,70.4,40.7,30.61
31.7,9.4,52.5,67.5,32.64
26.8,10.2,99.7,64.4,33.53
20.0,10.4,54.2,48.2,30.89
19.9,9.4,46.4,79.7,27.33
25.9,3.8,65.8,55.5,23.41
25.3,6.8,72.9,82.5,27.11
33.5,9.8,97.4,55.7,31.42
20.2,4.3,31.3,53.7,16.55
29.7,10.1,32.6,53.9,26.99
33.6,8.8,31.0,59.9,24.13
25.0,9.9,46.1,54.2,27.65
33.0,3.1,58.7,60.3,19.68
20.5,7.5,79.5,41.9,29.22
19.8,9.4,63.7,72.9,30.62
22.0,7.5,60.7,54.7,26.07
26.9,2.9,75.9,84.2,22.38
29.0,11.5,96.7,44.7,34.57
31.1,8.3,80.8,61.6,31.09
31.0,7.1,39.7,54.0,27.16
19.9,5.5,32.6,58.9,18.75
32.9,4.5,35.7,89.6,20.15
19.9,7.1,51.1,70.0,22.9
33.3,2.6,62.4,89.1,19.61
34.3,11.4,83.7,68.2,39.21
27.9,3.7,33.7,56.3,18.54
29.8,5.2,76.9,66.2,24.68
24.3,10.3,62.2,75.1,33.41
27.4,11.6,50.3,49.4,32.6
32.1,7.2,93.3,87.7,29.11
20.7,9.4,62.4,66.8,31.26
26.5,11.4,35.6,42.2,28.84
25.0,2.6,89.5,54.4,22.79
32.7,2.0,83.7,54.7,20.33
20.2,10.0,91.0,78.6,36.97
33.2,6.9,61.9,72.2,29.02
22.3,9.1,52.0,77.0,28.12
28.3,5.9,47.7,46.6,16.06
24.5,3.3,46.8,85.8,22.87
33.9,2.6,68.4,60.5,19.73
21.4,11.0,74.7,56.3,33.44
26.5,10.3,49.9,61.1,29.59
21.9,10.1,93.2,81.6,31.72
31.6,4.3,42.9,66.2,21.86
22.6,11.7,36.3,59.8,30.05
34.2,10.8,81.3,56.3,32.56
33.7,7.0,43.9,85.4,24.56
26.1,11.6,51.2,54.2,30.99
18.2,9.3,54.0,87.9,28.18
34.4,2.2,57.7,63.8,18.69
29.7,11.7,83.1,65.3,36.54
26.4,7.6,54.7,45.1,25.66
28.3,2.7,35.7,56.0,12.37
19.9,5.6,69.9,54.3,23.43
20.7,6.1,79.1,69.3,26.5
28.9,10.4,36.4,59.8,29.49
18.8,2.3,46.9,40.6,18.55
29.9,8.5,98.1,44.5,30.98
33.6,11.0,95.8,52.4,34.66
30.1,8.6,86.4,77.6,33.61
27.5,5.9,89.6,88.7,25.91
31.5,6.6,40.2,50.1,21.12
30.7,11.3,34.1,89.3,31.78
28.0,2.7,43.0,51.0,15.08
21.3,6.5,66.8,73.1,28.32
18.1,7.9,60.8,57.9,27.59
25.8,3.2,77.5,61.2,19.85
22.1,8.0,97.2,43.1,27.98
21.9,2.9,33.8,40.2,12.13
26.6,11.8,45.5,60.7,31.83
24.4,4.8,95.6,42.9,26.38
26.6,6.9,33.1,50.8,24.87
22.6,11.9,53.1,66.4,34.48
28.4,4.7,76.7,66.2,26.97
28.6,6.8,79.9,52.9,31.83
21.6,8.8,55.3,73.0,30.87
27.6,11.2,40.8,59.1,32.92
25.6,6.3,47.6,56.7,23.95
34.5,5.0,97.4,68.8,27.1
30.3,6.2,32.5,42.2,19.67
21.1,6.1,99.0,57.7,28.67
33.0,7.6,89.1,75.2,29.3
26.1,3.6,32.8,57.9,13.86
32.4,2.6,89.8,41.0,17.43
32.1,2.0,46.9,81.4,17.43
18.3,4.8,49.8,50.9,18.3
22.0,5.2,88.7,55.0,25.1
33.5,11.7,68.9,61.4,32.53
31.1,4.2,83.9,58.3,19.88
20.3,7.4,38.8,43.2,26.23
21.6,10.7,71.5,83.0,33.94
28.5,9.4,98.6,46.7,36.76
22.7,2.6,82.9,72.6,22.17
21.5,5.7,79.9,79.6,22.47
34.7,8.7,75.5,78.1,33.98
25.8,2.1,80.8,82.7,17.65
26.8,11.5,59.2,63.2,36.62
29.1,4.3,72.2,43.4,20.32
19.3,6.9,35.9,56.1,20.23
24.7,2.7,54.8,64.6,19.25
33.4,3.5,97.5,86.9,22.16
34.0,5.4,44.4,55.6,26.21
26.4,3.1,77.6,79.9,16.81
33.2,4.4,39.7,67.0,22.78
26.5,6.9,71.2,76.7,26.33
34.8,7.7,65.1,69.7,29.23
31.4,10.3,36.7,43.6,27.14
32.1,4.5,36.2,43.0,20.87
21.2,9.8,57.0,70.5,31.14
18.1,11.8,60.8,53.5,34.85
26.6,11.3,74.3,88.7,31.96
34.7,3.3,80.4,47.6,26.44
34.4,6.3,40.3,46.7,27.11
28.4,8.6,45.8,81.9,28.46
21.1,2.7,83.3,51.7,19.11
18.2,6.0,46.8,44.4,21.3
26.4,11.1,64.9,76.5,34.34
23.1,10.6,73.7,45.6,29.96
23.7,2.5,56.4,55.6,16.16
32.2,9.7,48.1,66.4,28.25
19.5,9.7,97.2,66.5,30.32
19.5,2.7,80.6,58.7,19.98
25.5,8.5,32.2,80.4,28.04
25.0,9.6,95.6,43.1,32.27
19.1,4.0,58.8,47.8,19.26
27.3,9.3,43.5,86.7,29.44
25.3,10.6,42.4,57.2,30.11
34.9,7.4,99.1,44.5,31.89
19.1,3.8,69.2,88.2,20.76
20.0,11.4,41.9,50.5,31.46
20.7,6.5,56.9,81.7,25.11
23.5,9.6,87.1,88.6,29.67
29.3,10.1,83.1,84.3,31.97
34.4,8.7,43.7,58.5,26.93
33.4,3.5,49.0,57.2,22.45
25.5,11.2,52.0,74.2,30.08
19.2,10.4,73.0,50.9,29.53
29.0,7.9,32.7,75.0,28.01
25.1,7.5,90.3,68.8,31.01
18.4,5.3,79.3,75.3,27.39
31.9,11.2,81.6,56.8,31.27
27.0,7.4,72.0,54.9,27.34
25.4,7.4,30.4,57.2,22.81
30.3,8.2,77.0,52.0,24.89
32.6,5.9,75.1,87.3,30.35
33.8,5.3,81.7,66.7,26.24
23.6,9.7,98.0,61.8,28.75
21.1,9.6,31.4,85.1,29.52
23.6,7.9,62.0,48.8,31.5
34.6,8.7,66.6,61.1,28.85
19.7,8.0,31.8,45.0,25.3
34.2,6.6,52.8,63.9,26.65
28.5,10.2,68.4,77.0,37.59
18.2,3.5,30.4,73.2,21.38
32.6,9.9,48.1,42.4,27.17
29.6,4.4,35.0,53.4,22.99
20.5,3.0,93.5,62.5,19.79
23.8,11.4,68.5,85.1,35.27
32.8,8.1,82.7,55.4,30.27
30.4,8.2,80.5,78.1,27.28
23.4,11.1,73.5,67.4,33.17
31.5,4.2,76.5,75.3,21.18
22.3,7.1,98.2,40.7,28.2
27.3,12.0,40.5,60.7,30.4
33.9,5.8,96.0,80.9,28.73
25.4,11.1,43.1,76.1,33.43
27.5,8.9,47.2,71.4,27.27
31.2,8.4,43.5,58.5,26.13
21.5,3.4,54.4,68.2,19.92
25.6,9.7,38.3,40.2,26.11
33.6,2.8,40.3,54.0,16.72
29.1,3.7,97.5,41.3,26.18
29.9,10.1,54.8,66.9,30.9
34.4,6.9,85.9,54.3,29.48
28.0,7.1,42.9,73.6,26.02
32.8,7.4,76.1,89.2,33.76
34.9,3.9,57.9,77.0,19.98
29.5,4.4,31.2,87.5,18.24
29.6,11.0,61.4,78.0,34.66
21.1,7.3,68.2,88.1,25.5
25.9,7.4,83.7,71.6,27.86
30.5,3.7,73.7,52.8,25.32
23.8,10.0,49.0,56.9,28.2
20.0,9.4,46.7,40.5,25.33
18.4,4.0,77.1,74.8,17.39
29.4,7.2,53.9,65.1,24.69
18.6,10.9,81.9,54.9,35.64
26.3,3.0,58.8,72.5,21.01
33.0,8.1,75.3,60.9,29.45
32.0,8.2,85.3,85.0,31.16
30.2,2.7,34.8,58.7,18.61
32.6,9.0,65.9,41.7,29.08
30.7,2.8,48.4,51.4,22.52
18.3,4.6,90.2,61.7,25.56
26.0,11.2,51.6,49.7,32.08
18.2,9.2,84.1,66.4,28.79
27.4,5.6,95.8,74.3,26.3
22.0,5.8,46.1,75.3,25.74
25.5,2.1,41.9,42.5,14.97
21.5,2.4,98.8,83.4,23.86
31.9,10.8,76.6,81.9,35.5
21.1,3.1,42.2,87.4,18.56
23.5,9.7,51.8,59.1,30.76
18.3,2.9,58.7,62.5,16.63
23.3,7.7,84.6,45.8,28.85
18.4,4.0,62.7,54.2,22.87
25.6,11.5,87.8,67.4,36.6
18.5,11.7,82.7,54.6,35.53
24.6,5.6,40.7,78.4,21.98
28.3,10.2,64.0,49.7,25.57
33.5,4.9,68.6,70.3,28.0
27.4,9.5,71.2,47.5,33.69
26.8,3.8,86.3,61.2,28.2
18.8,8.4,36.7,86.3,24.56
24.4,11.6,80.3,51.3,37.53
24.7,3.8,59.6,89.8,18.72
23.5,3.6,91.2,41.3,26.58
33.1,6.5,86.1,58.9,27.6
24.7,11.6,32.5,71.5,29.09
21.6,6.4,68.1,40.6,29.4
31.3,4.1,87.1,75.4,23.63
31.8,2.3,31.7,61.2,18.62
23.9,5.6,83.1,72.2,24.61
32.0,9.4,99.3,85.6,34.4
30.0,4.9,35.8,61.5,17.29
19.9,6.5,72.4,73.4,26.24
24.3,3.9,31.7,80.3,20.19
32.5,9.1,86.8,43.3,30.84
24.3,6.4,65.3,40.9,24.27
32.7,2.9,51.8,49.2,20.13
25.6,5.3,47.7,45.4,23.01
27.6,9.2,99.2,68.6,34.58
24.6,8.7,85.2,67.0,37.05
28.4,9.6,40.9,88.8,28.7
26.9,11.1,37.4,45.6,30.13
32.3,7.2,89.2,40.9,30.82
34.4,3.4,56.4,45.6,19.18
22.9,6.9,32.8,43.4,21.16
20.6,2.0,66.8,72.3,17.63
23.6,7.4,70.3,40.5,27.91
30.1,11.2,60.8,47.9,33.92
21.6,11.8,83.3,63.9,35.46
23.5,11.7,34.9,52.8,33.59
33.9,4.2,66.1,50.1,23.49
30.8,8.8,99.9,64.3,28.98
34.2,5.0,46.9,58.6,20.54
19.5,5.0,44.4,82.5,19.46
26.3,6.0,84.9,44.5,28.62
33.4,8.6,69.2,41.9,31.29
25.5,3.4,67.3,88.8,18.26
29.7,7.8,97.0,43.1,29.71
20.9,10.5,80.7,62.9,30.78
22.2,8.4,72.2,76.6,32.33
25.2,7.1,33.0,66.9,20.12
23.3,5.0,87.3,41.9,25.71
28.9,3.8,33.0,87.3,19.08
32.0,3.6,91.8,68.9,25.76
24.1,6.2,61.9,45.3,26.33
31.0,8.9,77.9,57.4,31.96
22.8,6.3,65.7,60.5,25.05
24.9,8.6,97.3,52.9,32.67
18.6,11.8,38.6,41.0,31.05
20.5,11.5,42.7,78.7,34.17
19.9,5.2,67.8,46.2,26.48
27.8,6.4,36.2,63.6,21.64
28.7,3.2,77.4,69.2,22.54
18.9,5.6,45.3,44.7,22.11
27.5,10.0,96.8,57.8,33.5
30.8,10.4,68.4,67.5,30.77
26.6,2.5,38.8,71.2,15.53
25.8,7.4,78.1,43.4,25.8
28.8,9.0,94.0,41.1,33.32
24.5,8.3,57.1,42.1,29.75
28.3,8.9,46.6,69.0,24.44
33.7,11.8,34.7,61.1,29.68
32.5,3.1,37.1,71.6,17.22
30.5,9.2,40.6,55.7,29.37
32.9,10.4,85.5,55.7,36.5
23.1,10.1,30.7,77.4,26.54
30.8,8.0,39.6,42.1,26.31
23.0,9.4,68.9,65.0,32.21
26.8,3.5,81.9,61.7,19.54
26.3,8.3,65.1,49.4,26.53
18.8,6.0,49.7,56.2,24.77
27.7,9.2,69.2,86.2,29.33
26.6,10.3,34.3,46.3,30.42
26.8,7.0,54.0,60.4,21.49
18.5,2.3,69.9,77.8,17.92
24.4,5.7,89.1,42.6,21.85
25.2,7.3,35.5,51.0,20.49
30.5,2.7,56.6,73.3,14.04
30.5,2.9,41.9,86.7,16.98
24.5,4.3,83.6,77.2,22.9
24.9,10.6,71.6,64.2,35.47
30.1,8.3,32.3,47.2,23.62
25.1,9.3,97.1,63.0,34.12
28.3,9.7,53.7,82.8,28.51
22.5,8.5,75.5,78.1,31.39
18.9,8.0,78.9,73.3,25.56
29.8,7.4,32.6,72.1,20.8
29.4,9.6,84.1,45.3,29.82
19.4,8.0,91.0,69.2,29.65
18.4,7.0,95.5,55.6,28.03
18.0,9.6,57.2,72.4,28.4
20.2,4.6,52.8,67.6,15.94
21.6,2.3,37.5,85.1,13.6
32.6,10.9,74.3,84.9,34.14
25.4,11.7,83.9,85.7,30.77
29.1,8.8,65.2,55.9,28.11
34.5,9.9,58.2,76.7,31.46
25.5,2.4,76.4,49.4,17.87
31.6,3.5,58.0,80.7,19.75
24.6,10.7,48.3,71.2,29.43
30.6,6.2,96.4,64.8,30.67
22.5,2.3,57.8,65.3,17.0
33.1,3.9,91.1,80.2,23.61
18.9,7.7,52.4,53.4,21.58
25.7,7.2,86.7,80.7,27.47
34.8,4.3,74.2,56.6,24.77
20.4,11.7,91.0,65.7,35.61
19.7,9.5,49.3,60.5,29.54
23.6,9.1,72.9,45.9,31.38
20.3,8.0,38.2,49.8,22.38
29.5,9.7,76.3,88.6,34.63
28.4,3.2,83.3,55.6,16.85
26.9,11.1,96.5,57.1,33.52
34.5,10.0,47.0,48.4,29.46
23.4,11.4,38.0,87.1,29.86
25.5,3.0,37.3,65.8,18.48
25.9,2.0,48.0,70.9,14.72
30.0,9.9,98.2,54.1,36.34
21.9,11.9,74.6,43.1,37.06
30.8,9.4,53.0,81.9,32.63
21.2,11.3,38.5,84.1,32.41
34.6,6.4,86.8,64.6,28.36
34.2,4.2,67.6,85.5,20.21
24.8,11.0,86.9,85.9,33.34
33.0,2.0,55.7,86.1,21.87
24.7,7.8,52.2,44.8,25.33
27.2,8.9,47.2,61.7,31.01
30.7,2.5,95.1,52.6,24.91
30.9,11.1,47.1,44.5,28.8
33.1,11.2,91.8,69.8,41.13
25.9,11.6,81.6,70.9,35.51
28.1,10.2,49.2,62.4,29.95
27.7,6.6,51.7,77.5,23.66
26.6,7.4,66.2,46.7,21.0
29.8,9.7,78.8,40.9,30.79
22.4,7.1,80.9,47.0,30.06
19.1,8.1,42.2,87.9,25.46
26.8,10.5,41.5,57.1,29.05
25.3,3.1,98.7,65.7,21.21
27.0,11.1,93.4,83.7,36.9
28.4,4.5,87.6,72.9,22.35
24.2,2.2,75.1,44.2,15.72
23.2,2.2,76.1,62.1,17.04
29.5,10.9,55.9,76.5,31.22
24.8,9.2,47.2,63.2,27.3
32.2,10.7,75.2,45.0,34.51
31.0,7.3,37.4,46.3,26.94
33.3,7.7,40.3,41.0,23.74
19.6,3.4,64.1,58.9,18.58
20.7,11.5,45.9,56.3,31.09
28.3,5.8,44.2,61.7,21.05
30.0,7.4,74.9,79.7,26.14
21.6,5.3,54.4,40.6,22.32
18.4,4.3,34.6,62.2,14.43
32.6,7.2,51.6,85.9,29.18
31.2,7.1,55.6,66.1,24.97
33.7,11.8,74.5,47.9,39.06
22.9,7.5,82.7,60.9,28.0
26.7,9.9,71.6,61.7,31.63
30.4,10.0,73.8,55.6,35.05
28.6,8.5,68.0,45.9,32.55
18.2,4.7,46.5,54.1,17.53
26.7,10.6,38.8,52.0,28.33
34.7,7.8,98.3,44.9,32.35
21.9,11.1,74.5,56.2,34.4
25.8,2.5,82.7,56.9,20.05
31.7,2.7,46.3,42.0,18.52
22.5,9.8,45.8,83.4,24.91
24.9,3.2,95.8,87.0,25.14
29.7,5.9,43.0,55.8,21.19
25.6,4.2,44.5,52.1,21.54
34.2,6.9,30.5,89.1,22.72
32.5,3.8,90.4,75.9,26.73
22.9,10.8,73.5,49.9,33.03
18.0,11.4,56.8,70.8,31.76
27.1,7.8,44.7,46.8,26.29
32.5,4.0,90.6,70.2,20.42
33.5,9.0,73.8,75.3,31.54
20.1,9.5,56.4,49.4,28.79
33.2,5.5,91.5,74.7,26.54
26.5,5.6,32.3,50.6,20.47
34.6,6.3,30.7,85.7,24.31
31.6,2.5,73.9,89.4,24.67
20.8,6.0,31.8,59.4,20.13
27.0,4.7,32.1,79.4,17.96
33.0,4.7,45.0,64.9,19.54
31.8,3.4,39.3,72.4,17.74
34.5,6.5,90.8,74.6,30.85
32.2,6.2,66.0,88.5,25.9
34.8,3.7,59.8,56.0,18.37
26.9,4.8,92.3,81.4,26.75
28.1,2.6,74.2,82.0,21.68
19.2,5.3,91.2,61.5,20.95
24.7,4.3,53.6,55.6,16.33
23.4,7.2,46.6,67.5,22.63
33.6,4.4,91.9,72.8,28.59
23.6,6.6,36.8,66.0,20.26
33.1,10.2,32.5,71.2,34.78
22.1,8.8,58.9,59.7,28.2
27.9,6.4,58.8,46.9,21.67
27.1,2.9,99.4,74.6,20.08
19.7,2.1,64.6,79.5,16.38
23.4,9.1,68.5,70.0,30.98
34.8,4.2,49.0,72.8,21.66
28.1,10.7,84.5,66.1,34.67
32.1,2.8,40.2,59.6,16.74
30.2,7.5,71.9,67.2,25.62
33.3,6.8,48.1,71.3,26.36
23.9,9.7,89.1,72.5,31.92
21.8,10.9,53.5,51.9,32.16
19.2,5.4,34.3,42.5,15.52
32.3,2.4,73.3,74.8,17.84
26.9,3.8,61.8,62.1,22.99
30.2,3.4,74.4,85.0,21.6
19.1,2.9,76.5,54.1,17.35
32.4,4.8,63.7,47.6,22.77
27.9,7.8,83.2,69.6,31.04
20.0,6.2,61.5,56.8,20.62
26.5,10.6,85.1,53.0,31.32
28.2,6.7,30.9,60.2,24.8
23.8,4.9,57.0,54.4,19.6
30.1,11.4,31.2,49.5,36.07
27.9,2.2,92.6,59.1,17.87
32.3,8.5,61.7,69.8,28.11
32.7,3.6,63.4,59.9,22.78
19.1,7.0,64.3,81.4,26.52
29.0,11.2,70.4,68.9,33.26
30.3,3.9,98.3,42.4,26.02
20.4,5.1,50.4,89.8,20.25
33.0,5.5,47.6,61.9,20.38
32.6,11.5,34.0,88.0,31.24
20.4,8.4,46.4,77.6,23.12
33.0,4.6,58.3,83.6,22.65
29.0,9.4,62.7,68.9,28.01
31.4,3.8,84.7,78.3,23.01
31.6,3.7,73.1,49.4,18.86
20.8,4.5,96.2,57.2,24.26
19.1,11.4,90.9,75.5,32.58
28.8,4.3,81.2,65.8,22.98
23.7,8.7,86.7,58.0,31.81
22.4,7.1,91.4,58.6,27.67
20.2,3.4,33.8,75.1,15.77
32.6,9.0,88.8,48.7,32.66
27.7,5.7,32.4,70.0,20.45
32.2,10.9,51.3,86.7,31.34
27.5,2.2,34.6,78.2,12.69
18.8,5.6,40.5,77.8,21.43
21.7,5.8,36.4,62.2,18.39
31.9,8.2,42.8,86.1,29.87
21.3,7.8,31.0,89.4,21.94
33.5,9.0,79.3,82.3,34.01
23.4,11.7,83.4,73.3,33.95
25.2,10.9,35.7,78.5,29.66
29.3,4.7,73.5,63.9,23.02
31.6,5.2,97.6,65.6,22.63
31.0,5.3,67.8,42.9,19.83
31.9,10.3,41.3,68.3,30.62
26.7,2.0,50.5,84.3,19.72
23.5,2.9,84.9,88.3,19.8
21.7,2.9,77.6,57.1,20.78
34.3,3.7,50.8,51.6,20.6
27.8,7.5,37.2,52.1,24.38
34.5,3.5,91.8,86.2,27.37
26.4,10.0,32.5,62.3,27.34
24.4,10.1,95.8,56.1,32.09
28.4,5.5,82.6,77.2,29.77
34.9,4.1,98.5,87.1,25.79
32.7,3.4,34.3,86.0,16.69
25.0,7.4,91.4,70.4,29.6
18.7,6.9,39.6,77.3,22.08
24.9,2.1,90.8,84.1,20.86
30.9,5.1,44.4,87.6,22.26
18.0,7.0,59.2,86.4,27.6
32.2,3.5,46.9,66.4,17.97
22.4,4.8,37.6,87.8,19.78
24.2,9.4,36.2,88.8,27.98
33.7,5.8,63.6,78.9,26.02
24.4,3.7,53.7,68.1,22.13
26.1,10.0,92.2,80.4,35.41
25.5,8.4,82.8,78.7,31.63
24.2,8.3,41.7,60.5,27.03
19.4,2.8,75.9,81.5,20.01
25.2,6.1,53.7,51.9,21.88
26.4,4.4,72.9,44.0,21.34
21.7,8.0,35.6,64.2,26.08
32.0,2.6,82.3,70.0,18.1
26.4,8.8,80.4,52.1,30.31
22.1,7.9,88.3,64.2,29.37
19.7,5.8,44.2,42.0,16.01
27.8,6.1,58.3,89.0,21.81
26.1,6.6,98.9,48.6,28.42
30.2,4.3,78.6,70.1,21.16
34.8,6.5,70.7,88.7,27.1
21.4,6.2,49.8,66.3,23.15
30.5,9.1,50.7,55.1,25.72
25.3,6.6,94.1,51.5,23.84
24.7,7.5,72.2,85.5,26.0
22.9,6.8,72.1,45.2,25.28
24.1,8.5,72.1,77.2,27.3
20.0,5.1,97.2,82.5,28.9
25.7,2.7,68.8,65.3,18.19
28.0,4.4,44.7,51.4,19.48
22.8,9.2,72.0,82.2,31.03
25.7,4.5,64.6,60.9,22.71
26.0,9.8,71.8,46.5,28.41
29.2,5.3,95.7,74.7,25.74
27.9,3.0,85.8,46.0,18.12
34.0,4.1,75.6,75.2,22.67
26.9,9.1,75.2,89.7,28.47
28.3,10.3,99.2,59.9,34.19
27.0,11.1,69.5,43.1,34.19
23.9,6.4,32.3,57.0,25.47
20.8,8.8,42.1,55.8,25.09
18.3,6.5,33.0,58.7,21.9
21.8,8.1,96.4,43.6,34.73
27.5,7.4,70.0,58.9,28.52
18.5,7.9,61.8,54.3,20.63
23.4,2.8,91.6,48.7,21.02
18.7,2.3,41.1,86.0,15.68
29.7,6.0,85.2,70.2,26.26
26.7,8.2,58.9,72.1,27.1
33.2,4.6,64.2,58.7,25.82
28.7,4.8,45.7,81.6,22.03
30.0,10.7,50.3,83.0,31.76
33.0,11.8,66.3,71.0,34.71
33.2,11.4,58.4,71.2,35.45
24.3,6.7,62.5,78.1,26.39
27.9,8.6,98.0,58.7,28.39
24.9,10.3,56.0,65.6,29.4
27.6,9.5,57.2,52.6,30.56
34.0,8.1,38.1,61.5,28.77
34.9,2.9,93.7,77.4,18.71
26.0,2.9,63.6,71.7,20.86
19.1,2.2,87.5,53.6,19.31
34.3,7.0,72.0,74.6,28.92
20.0,9.6,31.3,64.5,28.4
18.4,10.3,71.4,59.1,29.14
29.9,7.4,77.1,79.8,29.68
32.4,4.0,81.7,55.2,24.8
28.5,7.0,58.7,66.0,22.1
28.1,8.0,50.7,53.3,26.36
23.6,6.3,94.0,61.9,26.02
28.6,10.7,94.2,72.0,33.13
32.0,7.8,32.4,61.8,29.24
23.6,9.1,87.0,50.7,31.18
25.8,10.1,69.6,58.2,32.44
28.9,5.2,48.6,80.1,20.85
31.3,7.6,77.9,43.7,30.14
28.8,8.8,62.1,63.3,28.82
20.7,11.4,87.2,57.1,34.48
27.0,7.6,70.1,58.1,25.61
25.4,10.8,44.6,50.7,30.91
29.0,8.3,74.6,73.4,32.21
29.0,3.3,77.5,49.9,21.1
19.7,5.8,75.8,40.8,25.04
20.4,7.9,88.0,47.7,27.07
19.5,7.5,90.2,55.8,29.96
19.6,7.5,45.6,80.4,21.78
26.9,11.7,79.4,48.3,31.48
18.0,7.2,97.4,87.0,29.55
31.3,7.4,32.6,40.6,21.65
27.7,11.3,36.9,56.1,30.96
30.3,4.0,30.3,47.8,19.54
26.2,8.1,77.3,74.8,29.1
33.4,10.5,74.8,82.0,34.11
32.0,4.3,94.5,76.1,23.63
26.5,3.3,59.8,83.0,17.91
22.2,3.3,33.5,59.4,19.37
20.2,11.5,77.1,87.0,34.78
32.3,2.6,85.8,58.2,23.01
29.5,2.9,93.1,50.4,23.45
22.5,4.0,45.7,74.8,21.01
30.3,6.6,56.2,86.2,26.22
23.2,9.8,83.5,43.1,31.96
22.3,3.0,69.6,45.8,15.18
30.6,10.6,58.5,83.4,30.86
30.6,3.8,39.2,84.1,16.88
32.0,11.5,66.0,82.4,35.57
32.4,4.9,88.2,47.6,25.85
27.3,5.0,76.9,67.7,26.59
22.4,3.1,82.8,81.4,22.96
28.3,2.6,40.0,57.7,14.9
23.1,7.0,79.1,75.5,28.41
31.5,10.6,32.9,74.2,27.45
20.0,2.8,65.4,56.8,22.21
23.5,2.5,76.0,82.6,20.76
18.6,6.3,35.3,73.5,21.65
25.6,6.2,41.0,54.4,23.26
20.4,10.6,65.5,68.3,31.49
34.5,3.8,64.5,62.2,20.86
24.0,9.9,74.0,44.1,29.45
31.4,5.0,94.9,62.0,26.44
32.1,2.5,40.0,52.4,17.3
19.6,5.6,86.6,50.5,23.56
29.4,6.0,36.1,41.0,25.17
23.9,8.3,41.7,79.7,24.15
23.1,4.5,49.8,87.4,23.45
30.8,2.1,70.5,49.9,12.43
22.3,3.4,91.4,83.1,21.04
23.3,4.5,97.0,51.3,26.34
30.9,11.4,45.1,73.8,37.08
23.9,4.8,68.9,45.4,23.17
24.7,11.0,75.1,70.0,35.34
30.6,7.8,68.2,71.9,28.87
20.4,5.1,54.9,52.0,20.97
29.8,8.7,58.6,75.9,29.31
23.5,2.8,55.4,69.3,19.24
32.3,10.3,79.2,58.6,33.85
28.5,7.9,44.9,69.4,27.95
18.1,6.8,45.9,59.4,25.39
20.2,7.0,71.4,81.8,24.58
30.8,10.9,99.1,48.0,34.29
21.7,3.2,88.1,59.9,19.88
18.3,4.0,85.9,61.2,24.07
30.6,9.2,60.1,61.1,28.46
29.4,5.8,37.5,76.3,22.29
21.8,5.1,75.3,56.9,23.62
28.6,7.4,87.4,71.4,27.61
28.7,5.9,98.2,56.0,28.94
34.0,8.7,85.1,50.3,27.27
19.7,4.5,41.7,82.6,20.18
20.9,3.0,87.4,47.5,19.09
23.1,4.1,69.8,58.7,19.16
31.0,6.4,37.8,67.2,21.38
26.0,7.1,71.9,49.1,27.38
24.3,8.2,78.7,74.6,27.32
24.5,11.3,83.0,69.5,35.23
26.6,5.6,69.9,50.3,25.95
23.5,10.4,74.0,64.3,41.11
29.6,3.0,94.0,41.4,19.44
18.4,10.5,61.1,67.2,32.64
28.2,3.3,58.9,55.8,17.53
24.1,8.7,37.4,87.5,25.1
26.1,5.0,92.5,59.4,20.03
30.8,11.9,40.9,45.7,30.09
18.6,10.0,57.5,60.4,32.26
21.7,9.5,92.8,60.6,30.75
26.7,7.1,97.1,53.6,29.05
28.5,6.2,43.7,77.2,24.83
21.1,6.2,35.6,41.1,20.2
21.3,3.2,52.3,85.8,17.11
28.6,10.1,88.3,81.7,33.75
30.3,3.3,49.0,62.1,17.6
25.6,4.6,49.0,75.3,20.74
25.6,11.0,51.4,58.8,32.8
24.8,4.0,79.1,51.4,23.24
22.3,4.2,55.2,42.9,19.34
34.8,2.7,86.2,50.6,27.21
28.6,10.3,40.6,42.4,30.07
24.1,6.0,55.0,50.5,19.41
22.3,6.3,90.4,56.9,26.96
22.3,2.7,58.3,65.3,20.15
23.4,11.0,82.4,79.6,35.03
27.4,5.5,87.6,45.6,23.04
27.9,8.3,72.9,83.7,31.74
29.2,5.9,67.7,60.2,26.34
18.4,8.6,73.3,57.7,28.24
27.8,4.0,80.9,81.7,22.41
27.9,2.6,99.3,76.6,22.71
33.6,9.7,43.0,82.2,31.37
21.9,8.6,84.6,84.6,28.24
18.7,6.0,62.0,49.1,20.74
34.1,2.3,92.9,80.8,21.76
27.6,10.1,36.8,55.6,33.0
19.8,10.8,61.1,42.0,26.17
23.5,4.9,46.8,51.4,20.68
24.7,6.0,30.2,56.6,20.1
31.1,11.0,30.9,75.4,31.14
22.5,9.6,47.7,84.1,24.87
34.1,9.7,96.3,79.6,35.79
27.7,5.5,79.0,48.4,24.46
19.6,10.2,49.3,64.0,27.51
26.6,4.7,66.1,73.1,22.21
27.9,5.0,93.2,58.8,24.62
34.3,7.9,89.6,62.3,30.13
33.5,4.0,41.2,57.5,22.91
34.0,2.7,38.3,52.5,20.18
29.0,6.0,77.5,59.4,24.29
28.9,7.3,40.5,71.2,25.67
29.6,3.7,80.6,50.4,22.22
18.8,11.0,44.3,48.2,31.03
22.5,3.0,68.3,53.5,19.68
22.3,8.3,60.3,53.7,27.36
31.3,10.5,90.3,76.1,32.15
20.9,7.3,68.7,51.3,27.79
30.6,10.0,73.4,75.2,34.64
25.1,10.0,82.9,61.0,37.2
22.6,5.4,65.9,44.6,22.12
33.4,10.3,61.6,62.9,29.99
23.1,8.1,99.7,56.4,31.68
31.1,11.5,67.7,81.6,36.43
30.9,5.0,48.9,58.7,22.1
24.4,2.3,68.3,54.4,18.74
23.5,9.6,34.0,65.1,29.17
18.1,3.2,38.6,83.9,18.74
25.9,9.4,62.3,42.2,28.34
21.0,3.9,64.0,41.9,13.55
18.2,8.4,82.1,47.9,28.2
28.5,5.6,64.7,62.8,21.6
20.1,10.6,83.9,58.4,31.72
23.2,4.1,41.3,47.1,21.36
30.1,3.4,87.1,45.7,24.87
30.7,4.9,30.6,51.7,15.08
34.2,9.7,50.0,59.6,30.57
33.4,6.8,75.0,63.4,30.31
26.8,2.9,92.9,52.7,24.6
34.1,3.8,74.2,87.2,25.88
23.8,2.8,93.3,61.4,18.36
27.4,7.2,43.3,73.4,21.43
27.3,7.1,33.1,68.4,21.97
18.4,4.7,65.8,85.5,22.16
18.6,2.4,42.3,52.2,13.67
22.0,9.2,77.4,61.2,29.92
33.8,2.9,63.9,76.4,18.84
33.4,7.6,85.0,63.5,31.07
28.8,8.5,88.2,64.5,32.77
19.1,11.3,35.8,82.5,28.96
34.2,11.8,69.4,85.2,35.78
19.1,8.0,75.0,89.2,27.92
26.6,4.4,82.4,67.2,27.23
28.5,12.0,45.9,71.3,32.49
30.1,7.7,39.7,89.3,21.34
33.7,3.6,49.4,63.0,17.19
23.8,10.7,85.2,80.2,29.53
24.4,6.9,38.8,45.1,19.9
27.2,10.1,69.5,81.4,33.44
22.2,4.3,51.0,68.8,22.27
27.3,11.0,79.3,62.5,33.83
23.9,6.9,59.0,89.6,24.99
33.8,7.1,71.2,45.0,27.03
23.2,8.0,72.5,60.8,28.97
28.8,8.4,57.4,53.7,27.49
24.6,2.6,69.7,87.5,23.15
34.8,3.8,66.6,50.0,23.38
33.2,10.0,74.4,79.2,30.7
23.4,3.1,67.3,61.2,14.1
18.1,4.3,66.6,51.8,21.21
23.0,7.1,47.7,55.5,24.31
26.4,9.9,68.4,80.0,32.2
23.7,3.7,93.9,67.6,24.71
29.2,8.5,62.1,44.3,29.41
23.6,5.4,36.4,78.5,19.22
23.6,5.4,59.3,45.5,22.02
33.2,2.9,67.7,77.3,20.24
22.9,8.1,86.1,77.9,27.24
28.1,9.1,76.3,72.1,32.26
26.8,3.9,32.4,42.1,16.36
22.4,5.0,86.4,45.0,19.47
20.5,9.9,30.8,83.6,28.29
24.0,11.9,92.8,68.2,35.59
23.4,2.5,65.8,80.7,13.64
24.1,7.0,76.3,69.1,27.53
31.8,6.9,79.5,54.4,27.77
27.1,7.9,87.9,70.0,27.94
34.6,6.1,56.1,46.2,21.67
23.1,3.5,98.9,64.0,23.15
22.2,6.0,86.3,49.9,26.46
18.7,6.0,92.7,45.0,24.92
32.7,8.2,48.6,63.6,29.1
26.1,9.7,39.1,60.1,27.19
23.0,11.4,72.8,79.7,33.98
18.5,11.3,88.3,41.4,35.07
28.6,2.2,88.9,78.0,21.94
23.1,2.9,50.0,41.3,16.05
29.1,7.8,99.9,82.4,29.55
19.9,5.7,73.8,63.3,23.78
26.8,5.1,69.8,75.4,26.74
20.3,6.4,64.4,57.0,22.07
29.1,10.5,73.1,56.7,36.48
30.5,4.7,72.8,78.0,25.56
31.6,10.1,42.6,44.7,28.23
31.5,4.9,41.8,67.5,21.02
32.9,3.4,39.3,59.7,15.89
32.6,5.2,30.7,57.3,14.91
31.8,10.0,98.9,85.1,35.37
22.2,4.9,71.4,51.1,22.74
32.9,5.6,99.2,88.2,25.46
26.3,4.4,51.1,54.9,20.18
20.3,6.0,42.8,72.9,22.31
31.8,7.2,63.1,53.0,27.83
31.8,8.6,82.2,71.8,27.42
25.5,7.9,75.9,70.7,26.44
30.1,4.5,64.4,44.3,22.98
19.8,7.2,75.5,77.2,27.56
20.1,2.5,31.8,44.6,14.34
24.8,6.4,46.2,87.1,26.22
22.0,3.6,31.5,57.2,17.8
32.7,3.6,76.4,54.6,22.19
32.7,10.4,57.6,47.2,31.11
20.4,11.0,57.9,50.7,30.93
23.3,10.8,74.7,78.6,32.62
25.7,9.4,98.5,61.6,31.34
20.1,9.1,71.3,55.4,27.5
20.0,5.8,90.5,86.4,26.71
26.1,8.3,60.4,69.0,25.77
28.3,11.8,98.3,74.8,40.87
20.9,8.5,60.4,53.4,25.16
20.6,11.7,75.3,87.2,33.15
29.9,4.4,96.0,49.0,22.95
33.6,9.7,60.3,63.4,27.3
18.0,7.4,52.0,83.1,23.24
31.0,10.0,72.7,43.0,33.01
18.2,5.6,38.2,70.7,23.36
34.0,3.0,33.4,59.2,15.6
23.9,7.8,51.5,65.7,24.04
31.1,8.8,65.6,80.9,26.71
26.9,2.8,99.6,82.0,21.87
24.3,10.0,52.9,49.4,26.11
24.6,5.5,52.6,43.9,20.36
29.7,4.9,68.2,54.5,21.29
33.0,10.7,89.4,53.9,32.16
31.7,3.5,98.9,87.2,25.13
23.9,3.1,99.7,53.3,25.38
31.0,7.2,94.6,82.5,29.88
20.9,3.8,64.2,48.0,20.76
18.0,7.8,92.6,82.5,31.29
29.7,8.3,44.0,74.6,26.29
19.4,9.0,89.2,86.6,29.37
24.9,9.6,73.3,68.5,32.84
31.9,7.3,31.1,82.0,24.52
24.5,9.2,53.7,88.7,27.35
18.9,7.2,56.4,76.0,26.35
18.3,8.9,81.8,88.8,28.86
33.4,5.3,59.2,42.3,20.84
31.9,2.0,87.5,43.1,19.66
29.1,2.4,97.7,89.9,21.41
18.1,10.3,30.7,66.8,30.36
31.0,9.7,98.3,48.3,33.46
25.3,6.5,52.1,70.9,21.21
19.4,11.7,47.6,56.1,33.0
30.8,8.1,87.0,53.8,28.96
29.8,11.0,77.3,44.8,34.04
21.6,8.7,51.2,46.6,30.35
23.5,3.4,63.3,81.3,22.95
34.4,7.3,79.0,60.8,24.85
20.0,2.4,57.7,72.5,16.86
31.9,11.1,85.8,67.1,31.83
29.1,8.6,72.9,45.9,31.62
21.8,11.0,97.6,44.1,32.7
27.7,3.1,38.1,51.5,18.98
27.8,5.5,42.9,62.7,20.93
18.8,10.5,78.9,45.0,28.84
29.7,11.3,53.8,69.3,34.96
18.9,3.0,96.0,59.8,17.55
27.5,2.0,89.2,89.2,18.77
18.7,4.1,61.4,65.7,18.16
31.4,9.1,100.0,44.3,32.99
34.5,5.3,95.0,62.7,25.54
19.2,6.5,45.4,50.9,20.1
32.9,10.7,83.3,50.1,33.97
31.3,5.8,56.3,56.6,24.35
25.0,3.0,44.9,52.9,16.58
20.9,11.0,42.0,45.0,28.22
30.6,5.7,83.6,81.6,22.32
30.5,12.0,77.3,76.7,29.7
29.3,3.2,86.2,87.2,21.39
23.3,7.0,33.2,70.8,21.79
25.7,7.7,56.2,40.6,24.82
18.2,9.2,74.2,51.9,27.45
23.7,8.7,79.5,41.0,33.12
26.3,3.1,59.0,50.3,17.91
22.4,4.9,71.4,79.8,26.12
27.6,6.7,38.2,44.4,19.73
22.6,3.8,43.2,42.7,21.51
29.0,9.8,44.8,63.4,29.92
27.8,8.0,67.0,69.7,31.84
32.7,8.3,59.1,74.6,32.03
21.3,5.1,66.0,70.1,21.69
30.9,5.7,44.6,53.2,19.56
32.9,10.6,75.3,48.4,32.98
18.7,5.1,43.3,84.3,20.9
25.1,9.1,92.8,57.4,27.83
23.9,7.8,42.1,86.1,24.52
18.4,11.8,99.9,83.0,39.27
31.1,3.4,34.6,52.1,19.72
32.9,4.3,50.7,70.9,21.24
31.0,11.3,65.9,80.7,32.95
30.3,4.1,49.5,75.9,21.38
24.0,7.3,51.6,67.9,24.13
22.2,3.9,43.4,73.9,17.79
26.4,6.2,68.0,68.7,25.86
19.7,11.7,97.9,66.3,32.51
28.9,4.0,66.3,58.6,20.0
28.4,3.1,93.9,59.8,26.49
33.3,11.9,59.1,47.4,34.91
33.4,2.8,61.1,78.5,23.31
34.4,11.3,56.8,81.3,38.43
19.2,8.6,34.4,83.1,24.07
30.3,10.2,45.3,48.6,31.41
23.3,6.2,34.1,53.6,23.3
30.4,2.5,47.6,80.2,18.02
27.5,8.4,80.7,40.8,29.1
34.7,8.4,73.3,51.3,29.32
26.0,2.7,73.5,90.0,23.47
20.0,5.0,60.2,84.6,23.21
28.7,5.1,74.5,69.5,21.32
25.5,10.0,78.8,71.2,31.37
23.6,8.0,51.7,48.0,27.29
28.3,3.1,91.2,48.4,21.18
32.4,2.4,80.1,76.2,20.07
22.1,5.8,60.7,57.8,18.89
29.5,6.8,87.3,82.0,28.72
30.5,9.4,78.3,60.6,30.44
34.4,3.1,59.8,62.3,19.55
21.7,4.2,84.7,73.8,18.96
26.7,10.1,96.5,46.7,37.77
29.9,3.0,96.6,63.2,20.35
18.8,2.6,56.2,47.0,13.08
32.8,9.1,33.1,87.4,29.91
23.8,2.3,38.1,58.9,17.9
29.5,9.6,95.4,87.7,32.16
24.9,4.5,47.1,47.1,17.88
33.3,7.0,90.7,48.9,28.09
31.7,11.9,85.9,73.2,37.52
25.9,3.7,54.5,61.0,17.46
34.1,8.6,53.9,62.4,26.55
31.1,5.8,45.5,79.3,19.41
25.4,9.0,74.3,68.1,29.08
33.1,8.8,65.4,71.0,28.68
27.0,3.6,83.7,57.5,23.1
27.5,6.6,31.7,68.0,23.06
19.9,9.2,97.6,49.2,29.23
33.2,9.4,36.2,45.3,30.25
24.7,3.0,37.4,82.1,14.01
26.2,3.3,69.2,77.1,19.57
34.8,7.6,60.0,73.3,33.23
32.0,6.8,59.7,59.2,23.77
20.0,10.2,44.2,43.8,27.01
31.1,9.2,87.4,48.0,31.39
22.0,8.0,53.2,76.1,23.06
20.8,6.4,39.9,79.5,23.81
31.9,11.4,50.3,69.5,31.47
27.1,8.2,59.4,84.9,26.42
26.0,11.6,92.6,88.5,33.61
19.8,6.0,88.8,72.5,26.33
19.6,11.9,76.3,44.2,34.46
24.8,11.7,95.0,40.9,35.73
34.0,8.3,73.7,59.1,28.76
21.7,4.9,82.6,75.6,21.27
30.3,4.5,55.0,84.3,20.92
27.1,7.7,51.5,50.1,25.75
27.4,2.7,72.9,84.3,17.06
34.2,4.1,89.8,74.7,22.69
32.6,7.0,52.3,66.9,28.43
32.4,10.7,66.6,42.8,34.87
18.9,5.9,31.5,49.6,23.2
34.8,9.2,98.2,82.1,36.19
34.1,10.5,91.3,46.5,34.69
19.8,10.7,60.0,41.5,28.34
27.4,7.4,73.2,51.5,20.69
18.4,4.7,50.5,68.8,23.16
19.8,8.8,99.9,73.6,30.51
32.7,7.4,38.0,49.5,26.11
18.7,3.4,50.1,67.4,18.65
22.4,10.9,67.0,45.6,31.14
26.4,9.5,35.7,56.0,27.57
22.4,3.5,71.2,49.5,21.97
33.9,7.8,83.1,41.9,29.11
23.5,10.6,39.5,78.9,28.3
30.2,3.9,69.8,60.5,18.7
31.1,7.5,39.4,44.5,27.36
18.8,6.9,41.2,76.7,25.75
24.5,11.0,57.1,59.9,34.04
21.3,7.4,77.0,44.0,27.08
22.4,7.8,31.2,40.2,21.29
25.0,3.7,74.2,88.1,19.42
18.9,4.3,46.0,45.9,19.61
28.4,7.0,97.6,50.8,28.5
21.3,3.7,59.4,59.2,17.21
19.4,8.6,71.3,87.2,32.06
25.6,10.2,82.9,41.8,33.23
23.8,5.7,40.7,61.1,22.56
34.6,9.8,94.6,77.3,36.8
31.6,11.9,75.1,76.2,36.46
22.6,9.8,89.0,88.2,33.08
28.1,6.8,61.7,69.8,23.24
27.1,10.6,42.5,71.0,29.59
21.1,5.6,58.8,87.1,24.54
31.0,8.2,51.9,54.6,24.15
29.9,2.5,42.8,80.8,16.0
20.2,4.4,94.4,68.8,24.63
30.3,4.2,76.9,43.8,18.73
28.7,4.2,87.2,44.5,20.42
18.2,5.0,91.8,77.5,25.33
18.9,8.0,92.1,45.9,32.69
27.3,10.6,45.5,86.5,34.65
19.5,6.6,32.7,86.3,23.94
28.3,7.2,90.6,83.0,33.46
20.9,11.4,65.5,79.9,32.34
29.7,7.7,50.3,45.7,24.91
24.3,9.6,85.4,80.2,34.62
30.6,2.3,51.8,76.4,18.51
21.3,2.9,70.3,44.3,14.46
29.1,3.6,83.0,43.9,26.24
34.5,10.4,38.2,66.1,32.25
26.3,7.8,38.7,78.5,24.66
22.7,7.9,32.9,67.4,26.87
23.4,10.3,56.6,44.3,29.61
21.2,10.3,99.3,88.9,34.19
27.7,8.4,97.6,60.5,27.6
26.7,11.7,96.1,62.6,39.78
27.3,11.5,91.3,79.3,37.79
29.6,5.8,51.6,46.2,20.54
18.3,4.3,83.3,62.1,24.32
20.1,4.4,92.3,68.1,24.42
21.6,9.5,61.4,80.9,27.65
18.1,4.7,92.5,68.9,25.26
21.2,2.6,73.0,48.9,16.92
32.4,3.6,78.9,85.2,24.32
29.0,7.6,74.6,65.9,28.16
20.7,6.3,81.8,68.1,28.69
18.6,11.9,88.5,79.6,35.45
22.2,3.4,95.0,67.7,20.53
30.1,2.1,68.5,82.6,14.62
25.6,8.7,51.3,42.9,24.98
27.1,2.8,85.4,65.2,18.14
27.1,9.8,92.3,77.0,30.68
22.0,4.2,74.2,87.9,16.46
20.9,5.6,63.2,57.1,22.21
20.7,11.3,59.0,71.1,32.38
34.4,4.5,82.8,74.3,21.48
34.0,3.2,56.8,61.0,20.21
30.7,6.8,56.1,82.7,22.71
29.0,4.4,52.1,85.1,25.26
21.8,3.6,81.5,69.6,20.39
20.0,5.3,57.6,66.6,21.18
33.9,6.9,95.4,88.2,31.39
22.8,2.1,66.0,68.0,16.84
21.2,2.7,96.6,50.6,18.62
33.7,3.8,39.7,78.2,18.1
20.7,2.7,91.5,76.3,21.78
23.1,3.4,89.7,56.8,19.2
21.0,9.5,56.3,72.1,28.47
18.3,7.1,76.8,79.5,26.2
21.1,5.1,91.2,67.1,25.58
25.7,6.3,55.3,74.1,19.77
27.0,7.7,95.7,86.0,28.74
20.9,9.4,77.0,83.8,31.39
30.2,11.7,41.3,40.2,29.23
27.1,12.0,97.9,82.1,40.51
28.2,2.5,78.1,87.2,18.55
23.4,9.1,40.9,49.7,26.4
21.4,2.5,70.9,45.7,19.24
31.5,5.5,87.0,40.2,24.28
24.0,8.9,85.2,86.1,30.75
26.9,5.0,85.0,75.1,23.19
30.6,9.7,55.5,80.5,30.39
32.9,9.5,42.4,83.2,30.76
25.6,8.9,69.3,66.0,29.85
34.5,3.9,91.2,71.6,26.37
27.0,6.0,68.8,82.2,26.84
31.5,8.9,37.6,55.2,26.89
19.3,11.5,77.5,66.1,27.24
19.6,8.0,99.6,72.1,26.3
28.4,3.7,62.0,87.8,22.74
24.6,4.0,61.5,60.1,20.79
31.0,3.0,63.9,89.2,23.06
27.7,5.8,65.4,73.2,25.07
28.5,11.8,72.5,87.4,38.87
20.8,10.1,39.2,84.7,26.95
27.4,4.1,83.4,78.5,23.74
27.3,8.3,87.3,64.3,27.53
30.5,6.3,65.1,41.2,28.0
30.0,7.2,44.6,48.1,27.92
28.6,6.4,72.7,65.7,21.8
20.7,11.6,64.6,51.4,31.39
34.5,2.1,78.4,82.1,20.15
28.4,5.6,42.8,78.0,21.41
20.8,10.8,41.3,74.1,26.88
31.7,2.0,51.6,43.1,17.18
20.4,8.8,35.3,44.6,22.64
22.6,2.1,72.0,47.3,14.85
27.6,9.3,88.6,55.3,31.93
20.6,7.2,81.9,66.2,29.28
19.5,3.5,88.6,74.9,24.22
29.6,5.8,60.9,84.8,25.37
18.7,3.3,73.5,66.5,17.46
24.0,9.4,89.1,65.1,29.77
22.2,4.8,73.7,44.9,24.53
33.9,3.9,38.6,60.7,21.29
27.8,2.3,35.1,41.8,11.93
19.2,10.6,38.8,53.5,30.35
25.0,6.8,93.7,84.3,29.86
24.4,4.7,36.0,75.0,19.43
20.5,6.9,70.6,42.6,25.98
30.5,3.2,42.4,72.3,19.2
21.2,2.2,48.7,75.7,19.25
32.4,10.0,47.5,76.4,29.26
33.9,7.4,70.5,79.1,24.54
19.5,3.6,76.6,54.5,19.05
29.2,6.7,82.5,67.7,26.08
28.6,3.6,87.7,80.5,22.56
26.7,6.0,35.7,73.9,22.81
28.8,4.8,56.9,50.8,24.17
33.4,8.8,57.3,81.2,30.02
30.9,6.7,66.1,54.6,24.44
29.0,3.1,72.1,73.2,20.49
25.3,5.4,73.0,41.6,24.9
22.1,9.1,66.6,55.7,29.08
21.5,2.8,98.7,82.2,23.31
21.7,4.9,78.6,71.2,22.3
32.7,3.5,52.8,56.6,21.41
20.0,11.1,51.3,88.1,29.36
20.0,5.6,42.5,75.0,19.34
18.4,6.8,41.1,46.7,19.05
30.3,5.7,31.4,60.6,19.13
18.1,4.7,97.8,74.9,23.39
33.6,11.6,87.3,55.5,34.16
34.5,9.8,79.1,72.4,34.2
22.0,3.0,67.2,69.0,16.62
18.7,9.0,71.6,71.1,31.08
34.4,6.4,35.4,44.1,26.17
21.6,4.4,72.6,82.4,17.78
27.1,10.5,67.1,41.8,32.86
29.0,11.0,72.0,66.4,33.05
28.1,10.5,62.9,46.7,30.62
32.4,11.6,46.7,44.9,33.61
26.2,9.6,50.3,52.1,27.15
26.9,7.5,85.1,80.2,26.65
35.0,3.4,31.9,64.2,14.62
27.5,8.2,50.7,56.8,26.74
21.4,2.1,95.8,58.4,16.72
20.9,7.1,92.0,60.0,29.57
32.8,11.5,61.8,67.6,32.49
24.1,9.1,80.5,50.5,32.95
34.1,7.1,78.9,51.6,25.88
31.7,4.0,37.8,70.6,16.15
34.1,8.4,40.6,82.5,25.02
27.5,8.5,35.8,58.9,25.82
18.7,7.0,76.8,53.0,25.76
32.5,6.2,51.4,82.2,24.87
27.9,2.3,92.8,69.5,21.32
32.8,11.8,74.5,59.1,34.39
22.8,4.5,44.0,60.9,17.15
32.6,3.0,97.5,50.1,22.69
21.4,3.8,75.5,62.4,21.18
22.8,7.2,96.8,60.0,25.75
20.5,3.7,61.5,85.4,19.6
20.4,3.5,84.0,51.8,21.62
19.8,6.1,76.1,80.6,21.02
27.1,8.2,90.1,87.2,31.83
29.5,4.8,48.0,51.7,20.44
21.6,7.1,94.7,89.2,28.97
33.6,6.1,74.9,68.1,23.94
19.7,10.0,40.1,70.9,25.98
19.9,2.9,95.9,49.5,19.34
33.0,9.6,99.4,70.4,32.72
29.8,7.5,55.0,89.0,27.2
21.1,4.0,58.7,49.9,20.68
34.8,3.3,45.9,69.1,23.09
18.6,8.2,70.0,59.6,24.63
19.8,3.1,58.3,63.9,20.16
22.8,10.0,81.8,66.6,35.13
30.5,8.1,36.3,54.9,25.76
30.2,8.9,35.3,79.2,29.55
31.6,8.2,33.8,73.8,28.08
27.3,11.0,72.4,69.7,34.9
28.2,2.4,93.7,67.5,16.73
23.9,7.7,72.5,47.0,25.68
24.5,9.2,53.6,41.7,27.11
19.6,4.8,87.9,67.6,25.19
20.0,6.7,60.5,61.2,27.87
29.9,3.4,64.0,41.4,21.44
18.4,6.2,58.9,44.1,20.26
25.7,3.8,83.1,51.3,22.17
29.3,10.4,91.4,66.8,34.68
26.2,4.3,70.7,86.1,21.33
19.2,6.4,60.9,47.6,25.31
31.0,6.7,71.6,44.5,24.51
26.1,10.5,45.0,40.8,30.46
23.0,8.3,42.1,43.0,26.49
20.9,7.6,65.3,83.6,25.35
28.4,2.5,46.1,65.0,16.9
33.7,3.1,91.2,63.7,22.5
22.5,4.3,31.2,68.4,20.33
32.9,9.8,43.6,43.1,28.35
29.3,2.8,39.1,57.2,11.34
18.3,9.8,68.1,82.8,25.47
32.4,10.3,35.3,54.6,34.87
24.7,7.0,84.0,65.0,28.97
32.4,11.4,93.2,61.3,34.55
21.4,8.0,88.8,45.7,32.51
26.8,11.9,47.9,59.1,33.22
21.5,9.6,41.5,50.0,26.12
26.3,2.5,84.9,72.1,18.61
33.7,4.9,37.4,49.9,17.49
26.6,11.4,46.9,58.0,34.03
34.9,7.3,58.0,90.0,28.37
22.6,3.9,41.6,59.8,20.3
28.3,9.8,36.0,74.5,28.86
34.4,11.0,34.5,48.3,29.34
30.8,2.7,67.0,73.8,19.27
29.8,3.7,37.3,68.2,18.56
30.6,8.6,93.2,57.1,33.07
23.6,9.8,92.7,66.7,33.87
22.9,4.6,39.0,45.4,21.12
20.5,8.8,65.3,81.0,25.7
28.3,5.9,42.6,61.2,18.38
33.7,11.3,76.0,58.6,33.14
31.0,9.3,44.2,81.5,26.81
34.8,4.9,62.2,68.3,23.05
34.9,5.8,32.5,57.9,19.86
25.4,6.0,31.1,40.3,18.96
26.8,10.2,94.0,63.7,35.24
32.0,11.4,85.8,80.8,36.11
31.0,7.8,43.7,78.3,26.56
31.2,6.9,43.8,64.8,25.92
27.5,10.9,61.6,81.5,34.01
28.0,7.7,70.5,56.4,30.0
32.3,2.9,99.2,57.9,23.33
34.0,7.7,92.3,81.6,30.75
31.2,4.6,39.9,88.3,20.65
31.1,8.7,62.4,76.3,29.63
20.7,11.2,72.3,85.0,34.17
32.5,4.0,70.0,47.4,20.04
34.1,5.5,33.9,79.1,22.39
22.6,7.4,39.8,60.8,19.43
21.3,8.5,81.7,47.1,28.91
20.8,5.9,61.6,49.6,24.9
18.4,11.3,45.4,86.1,32.87
24.9,3.7,92.2,86.4,19.72
21.0,6.0,44.7,64.8,19.59
20.2,8.8,59.7,41.6,25.08
30.4,9.8,39.2,77.2,33.3
31.0,9.1,43.9,61.2,30.17
29.9,6.5,99.4,86.0,32.34
29.3,11.6,71.0,74.7,38.54
26.8,7.6,81.6,67.1,27.36
19.0,6.3,75.6,53.4,25.47
34.6,9.9,68.8,43.0,29.67
34.8,4.9,76.6,80.1,21.08
33.0,5.9,48.4,69.2,23.18
31.0,10.5,54.1,56.2,34.75
31.0,9.4,95.3,46.3,29.92
28.1,11.2,52.6,61.6,31.77
19.9,6.8,54.6,42.0,25.5
32.0,2.9,39.0,88.5,16.11
29.5,11.3,36.0,68.0,30.11
19.3,9.8,65.7,81.8,26.38
28.3,4.0,57.4,85.4,17.85
21.2,2.4,69.2,55.1,19.53
27.5,10.5,91.4,55.3,33.69
22.2,10.8,91.8,61.3,31.43
28.9,9.7,71.1,63.8,32.52
31.2,7.7,67.8,46.6,28.58
18.8,5.8,34.3,47.7,17.46
19.2,8.6,78.2,69.4,27.73
35.0,5.8,31.7,50.6,25.99
29.6,7.6,75.2,47.6,28.05
23.3,3.6,78.7,48.7,26.67
22.0,6.3,94.8,56.9,26.29
25.1,8.7,84.2,74.4,29.43
34.1,10.4,47.9,64.0,26.32
29.7,6.0,63.2,76.1,25.94
34.9,5.0,36.9,42.8,20.22
27.4,4.5,98.5,50.3,19.57
25.2,11.3,47.7,53.6,28.66
21.5,4.0,83.9,85.6,21.92
27.2,3.3,75.3,53.5,17.58
28.9,8.1,82.8,64.5,31.1
26.8,5.8,98.8,83.8,26.69
20.3,8.8,93.5,57.1,27.65
20.9,9.6,65.6,77.8,28.95
31.4,11.9,94.2,52.3,37.67
21.6,6.9,58.6,78.4,28.63
19.8,6.0,92.0,40.0,28.73
20.8,9.6,78.1,85.9,34.62
33.3,9.9,80.9,55.3,36.43
28.6,11.5,87.7,87.3,37.99
31.1,5.2,39.3,70.7,20.82
21.9,6.9,94.4,87.8,29.26
28.7,8.2,44.9,56.4,24.65
21.3,11.8,46.5,54.3,31.8
26.9,9.6,35.9,61.6,27.17
19.2,11.9,60.8,85.2,35.18
26.8,10.3,61.7,88.5,32.49
21.9,4.1,76.4,61.3,23.61
21.8,10.0,90.3,56.3,32.29
26.4,7.7,43.0,87.4,24.0
27.7,5.3,44.5,82.2,22.58
29.9,3.9,52.6,49.8,20.91
23.2,3.5,68.3,48.4,16.75
22.9,3.3,98.4,58.3,24.59
19.4,6.2,81.5,64.1,25.6
23.4,11.2,89.3,60.8,34.0
23.9,8.3,67.0,53.1,25.44
26.4,7.0,74.1,65.0,27.79
25.1,6.8,62.4,66.5,25.95
29.9,3.6,46.0,67.0,19.55
25.7,9.7,77.1,88.1,32.38
32.3,4.9,92.3,74.0,25.6
27.0,9.2,51.4,42.7,28.67
28.0,3.2,64.1,45.5,20.11
29.9,9.7,94.2,46.0,37.69
29.5,9.7,64.8,46.7,29.42
33.9,2.2,53.0,82.1,22.76
30.6,10.5,86.5,42.2,26.54
34.2,3.2,66.3,69.5,19.19
23.8,10.8,86.2,61.2,33.73
34.5,5.1,88.1,78.1,31.14
28.2,11.8,90.0,59.9,36.84
23.3,6.2,40.9,56.5,22.38
20.3,11.9,63.8,74.9,33.87
26.8,3.1,48.0,41.1,13.46
34.4,3.5,51.4,70.4,21.86
32.3,6.9,86.4,89.4,29.84
30.7,2.7,41.1,40.8,16.78
18.9,11.4,53.3,86.7,35.78
31.2,8.5,70.8,84.8,31.75
29.7,9.2,67.6,61.6,30.23
32.2,6.8,48.5,47.8,24.92
19.8,10.5,56.9,89.8,29.74
24.7,6.5,93.7,66.0,27.27
23.7,7.2,52.5,49.4,22.78
31.1,7.4,50.2,74.7,26.21
30.9,5.5,49.4,41.7,20.82
26.5,11.0,44.7,59.1,31.07
24.2,5.5,65.7,50.7,23.17
19.8,8.9,81.8,60.4,30.18
20.6,8.7,75.8,56.2,26.41
18.2,3.3,98.8,54.3,28.29
31.2,9.8,41.0,47.7,30.67
33.6,10.9,70.6,82.9,35.8
18.6,5.4,57.6,54.8,22.5
31.5,10.4,91.7,88.1,36.29
22.7,8.2,61.7,89.2,29.56
26.8,9.4,99.4,82.2,31.56
29.8,2.7,61.5,43.9,18.09
23.7,3.3,34.8,52.4,13.45
34.7,10.0,52.6,55.7,32.96
34.8,5.8,66.6,63.6,26.03
29.4,2.2,97.4,82.2,24.16
34.7,4.8,88.0,69.8,28.63
20.0,8.1,41.5,49.7,24.81
18.2,10.5,47.9,54.3,31.06
32.5,5.3,92.5,45.4,21.83
29.8,5.7,88.2,40.1,24.61
23.3,3.8,75.2,79.2,24.91
26.9,7.1,36.3,70.2,23.31
24.8,7.7,59.6,79.2,27.56
25.7,7.5,40.4,66.4,25.0
27.7,11.3,82.2,69.8,33.19
26.8,2.8,36.1,75.8,15.71
28.4,3.0,65.4,50.6,18.69
23.6,2.9,72.1,60.6,17.5
27.6,8.9,75.7,56.8,29.28
32.7,6.2,71.8,50.0,25.83
24.1,5.8,67.3,49.4,19.74
22.8,11.7,46.3,86.1,32.35
26.3,8.4,41.3,40.6,24.17
23.5,9.3,63.9,51.0,27.82
33.4,10.2,93.7,81.6,34.82
28.3,2.6,97.9,87.8,22.74
30.6,10.5,88.2,80.9,35.04
18.5,4.2,31.5,86.8,16.74
19.7,8.0,57.7,80.9,23.22
24.9,7.3,97.9,80.5,29.83
25.1,9.5,70.4,74.4,26.44
19.1,10.6,58.1,50.7,27.28
31.5,11.5,85.0,52.2,34.52
27.6,9.2,89.7,53.8,31.35
26.5,2.1,41.7,58.7,11.6
29.5,10.1,80.5,57.7,34.69
29.8,2.2,60.5,50.9,16.17
23.6,10.8,86.5,78.1,31.98
26.1,4.9,47.6,61.7,23.17
27.9,10.1,76.3,58.3,31.45
18.1,4.3,54.1,53.3,19.98
20.4,9.0,83.2,67.3,31.72
24.6,7.1,98.9,56.4,27.39
18.8,8.2,73.2,49.1,26.5
18.9,9.0,99.0,46.3,32.99
26.7,7.0,73.9,75.2,26.48
28.4,3.8,59.8,89.7,22.36
22.1,10.9,76.7,60.9,33.84
33.2,8.3,98.1,65.2,30.26
31.8,11.9,48.4,44.0,32.0
32.6,4.5,41.0,66.6,22.1
25.8,4.0,83.4,71.2,23.94
31.9,2.6,65.8,63.1,19.17
29.4,5.2,74.3,43.2,28.41
19.6,6.0,69.3,84.9,23.88
18.2,8.6,68.5,89.6,28.03
34.0,3.5,74.0,47.0,16.54
27.2,8.7,52.0,75.2,26.73
30.5,6.2,33.0,86.2,23.4
20.7,6.5,70.5,60.4,25.95
29.9,5.0,55.3,65.5,26.32
29.1,9.1,59.8,53.2,29.2
33.3,9.3,30.1,64.8,23.81
23.2,3.2,98.9,53.5,24.07
24.2,10.6,41.4,58.6,33.19
28.4,11.9,36.7,52.1,33.21
33.0,4.3,84.2,75.9,26.14
22.6,9.2,32.6,84.8,24.88
19.6,11.6,35.7,57.0,33.32
23.5,2.6,96.2,60.7,21.37
28.9,12.0,79.6,44.9,31.77
35.0,11.4,81.7,66.7,42.62
20.9,9.2,99.2,45.6,36.58
31.8,7.8,33.4,78.3,25.47
21.8,2.9,36.4,41.1,15.82
26.7,8.6,96.4,80.8,31.85
30.7,7.4,36.3,62.9,22.88
19.8,3.7,91.4,75.8,23.14
31.6,11.1,38.8,47.5,31.52
19.3,7.0,79.7,45.3,29.33
23.5,3.8,56.9,87.5,17.88
18.6,9.9,44.2,46.8,28.51
32.3,5.7,34.6,81.7,22.38
28.2,5.7,33.0,58.0,18.73
20.8,5.1,48.4,43.7,21.29
20.0,11.6,34.6,77.0,32.51
26.1,2.4,75.9,63.5,21.49
18.1,7.2,67.0,51.1,29.84
31.5,9.6,54.0,48.2,28.0
34.5,10.4,97.0,48.7,33.7
18.6,7.4,89.3,85.7,28.29
28.0,9.7,76.9,58.1,32.29
28.4,11.7,60.7,52.2,34.34
18.2,7.5,88.2,67.9,29.2
31.0,5.4,63.5,87.3,22.79
22.4,12.0,47.3,49.2,31.63
29.1,10.6,59.7,71.0,31.62
21.6,5.5,58.2,45.2,21.7
19.5,10.8,42.1,76.9,30.71
22.3,9.8,94.1,43.3,34.3
32.9,8.7,77.2,40.5,30.16
30.9,8.0,35.7,75.5,26.44
26.3,2.9,34.0,75.0,16.34
20.0,9.5,66.6,56.7,25.02
21.6,3.7,97.8,77.7,24.24
34.4,9.8,58.3,67.8,30.65
20.4,9.3,44.8,62.0,26.35
22.9,6.4,89.2,77.3,31.54
27.4,3.2,54.0,70.8,20.43
24.3,6.5,52.2,48.9,28.97
22.6,3.1,65.8,75.6,20.28
29.5,5.0,64.2,73.7,22.45
20.7,4.6,59.7,78.5,19.1
26.0,6.5,48.8,75.3,20.95
20.0,2.7,39.6,81.6,13.69
22.9,5.7,32.9,53.5,16.52
24.1,8.7,47.3,64.1,30.29
28.9,9.0,79.4,40.4,29.39
25.8,2.1,40.4,72.3,13.91
22.8,8.1,96.1,79.3,34.07
29.6,4.5,84.9,74.6,25.31
26.0,6.1,98.9,57.2,27.13
30.3,3.1,87.2,51.9,21.92
24.6,2.0,82.0,85.6,18.69
30.3,9.9,71.6,61.2,35.56
27.7,4.9,77.1,52.1,22.19
22.2,3.7,66.8,66.2,17.19
27.2,6.6,49.1,87.7,25.55
20.3,10.8,59.9,72.9,31.78
18.2,7.0,89.0,43.4,26.92
29.7,3.2,68.2,75.0,18.27
21.0,4.6,94.0,64.4,26.73
28.1,5.1,77.3,62.5,24.29
25.9,3.0,69.2,41.8,19.93
25.4,10.2,94.9,88.4,32.25
23.3,7.5,45.9,57.5,25.2
26.9,11.0,88.6,83.6,40.26
34.5,8.2,71.3,49.2,28.46
31.0,2.3,78.0,81.8,17.01
25.0,10.9,95.3,70.5,33.5
32.8,3.2,46.5,64.0,23.79
27.0,8.1,59.0,63.6,26.35
34.8,5.6,69.7,71.5,26.96
34.5,9.2,72.5,51.5,28.69
18.5,2.8,55.8,82.4,20.08
21.0,9.9,61.2,87.4,26.75
32.3,10.0,99.7,88.1,34.33
24.2,4.3,93.4,69.4,23.66
22.2,3.6,97.6,48.4,24.66
27.1,8.4,82.9,78.2,30.31
29.4,8.5,34.7,72.9,24.09
23.4,4.9,48.4,81.9,18.42
32.6,7.4,92.7,40.6,31.43
26.5,10.8,58.4,47.7,29.8
21.9,7.0,59.3,52.6,26.0
29.5,3.1,31.5,78.0,15.27
26.0,10.8,75.4,56.9,30.75
20.6,3.7,91.1,54.1,23.08
19.2,7.8,82.3,52.6,25.33
28.3,10.1,96.5,65.7,32.14
19.1,10.0,36.6,77.0,24.99
34.5,4.6,85.2,67.0,24.6
21.5,7.5,88.3,87.7,27.18
34.8,7.4,56.2,81.8,22.06
23.5,6.5,51.0,83.6,25.49
33.8,11.6,59.0,80.7,35.48
28.8,5.9,54.4,49.9,25.17
19.6,4.8,41.2,45.7,17.47
22.4,8.5,50.8,44.3,22.83
24.7,9.4,91.6,66.1,29.16
25.1,2.9,52.8,49.8,16.81
27.6,7.9,48.9,86.4,26.45
28.1,2.1,83.7,84.2,21.94
23.3,2.8,36.9,87.3,19.19
19.5,9.5,54.4,54.2,31.4
29.7,10.1,31.5,48.5,27.21
25.9,3.6,65.5,50.4,20.83
29.6,9.3,66.1,66.0,30.77
27.7,2.9,57.5,58.3,18.76
18.1,11.7,92.5,59.2,33.96
31.6,2.5,78.5,84.4,23.79
31.1,2.6,75.0,47.3,20.78
24.9,4.4,59.1,66.3,22.34
31.3,5.7,98.0,47.0,25.86
18.3,6.7,60.5,69.7,21.77
25.2,5.7,48.9,46.3,22.88
25.2,2.8,52.4,65.3,17.57
21.3,9.0,37.4,66.2,24.19
21.7,5.2,77.5,58.3,23.59
18.8,8.6,92.1,73.4,28.97
29.2,8.5,63.8,67.4,33.99
34.3,9.3,64.7,68.0,31.93
33.7,7.6,74.3,56.8,30.08
21.4,6.7,79.3,56.8,27.74
27.2,3.3,84.1,51.0,21.86
31.5,6.2,71.8,80.0,26.89
23.6,5.3,86.5,47.3,22.64
21.0,3.6,39.9,87.7,14.29
18.4,3.2,83.8,65.2,23.16
30.6,4.7,44.3,87.9,17.57
22.6,10.2,71.8,74.9,33.14
21.2,7.8,33.4,71.6,24.59
33.3,8.6,50.9,87.2,25.19
32.1,2.9,92.9,67.3,20.97
31.5,5.5,42.7,86.5,23.05
19.0,10.2,53.2,78.0,33.31
33.8,8.0,99.1,40.8,30.42
25.7,2.7,36.3,85.4,16.27
22.3,7.0,94.2,66.3,32.49
30.4,6.6,39.2,42.0,23.02
18.6,6.6,84.6,49.3,25.9
20.5,8.7,32.0,40.7,25.09
25.2,7.6,80.4,52.5,33.45
34.5,9.3,57.9,70.1,33.19
18.6,3.6,55.5,80.8,17.47
19.1,10.9,39.3,56.1,28.23
20.0,10.5,78.7,61.9,36.17
23.1,3.6,94.4,64.9,23.29
22.4,3.5,57.9,63.9,20.37
20.9,9.5,44.0,89.3,27.29
30.0,6.5,41.9,85.3,23.63
30.4,4.2,76.0,57.0,22.65
24.7,9.7,98.0,65.7,30.02
27.2,4.0,82.3,70.6,23.7
27.8,4.7,36.0,55.3,17.07
32.0,10.6,94.4,46.0,32.68
25.1,9.8,44.5,59.8,28.2
33.4,10.5,80.0,40.2,35.14
31.8,7.4,66.5,50.8,27.56
27.2,6.0,76.6,70.0,27.59
22.9,6.5,42.1,54.9,24.33
30.4,4.0,74.1,76.5,22.03
29.9,8.0,37.7,45.6,26.04
20.5,9.0,32.9,48.9,25.86
33.4,7.2,82.7,56.9,25.28
21.2,3.8,68.4,52.0,20.68
19.1,11.8,48.4,86.4,31.28
18.1,7.8,89.6,47.5,26.67
31.0,7.8,30.2,44.5,26.87
18.1,6.5,64.2,77.7,25.3
22.2,8.3,39.7,46.0,25.46
34.5,11.6,86.3,89.3,41.08
19.8,11.4,72.4,44.6,32.77
28.0,3.5,55.9,89.4,22.06
19.0,6.2,43.2,81.8,22.28
25.9,10.9,31.2,84.6,29.4
28.6,4.0,78.1,81.0,22.02
27.0,9.5,67.3,50.6,29.33
29.4,9.7,81.1,50.8,31.14
20.6,3.8,70.8,81.1,23.1
30.0,2.1,66.2,88.5,18.77
18.5,7.7,99.7,74.6,31.27
23.0,3.7,96.1,77.6,22.68
33.8,8.0,90.0,47.7,32.43
21.1,11.9,51.0,79.8,34.99
20.6,8.9,97.6,74.2,33.94
25.0,6.9,86.5,60.3,26.11
25.4,6.1,81.8,78.0,24.22
22.8,7.8,86.2,43.2,31.36
21.2,4.1,96.2,73.1,20.77
22.0,6.4,82.4,80.5,26.69
29.6,10.6,76.8,89.1,32.73
19.9,6.7,98.2,40.6,24.99
20.0,4.0,78.5,63.7,18.85
20.7,9.4,54.5,68.3,27.77
33.4,5.2,72.3,74.0,24.12
32.5,11.7,94.5,73.5,36.38
34.1,3.3,84.1,71.3,25.49
33.9,10.5,60.3,41.0,33.61
19.1,7.0,36.6,72.9,20.98
31.8,6.9,85.0,74.6,25.37
23.9,2.8,84.0,48.4,17.36
31.8,9.2,97.3,43.1,35.87
34.1,3.6,33.5,80.4,20.52
30.0,3.0,96.7,61.4,23.65
32.4,5.4,87.8,89.2,26.24
27.5,8.3,74.4,79.9,26.84
26.9,4.8,59.2,82.7,24.69
34.1,4.2,98.0,65.9,23.66
25.2,10.1,96.7,63.7,34.88
19.6,9.2,48.6,45.6,27.9
21.7,3.6,88.2,44.9,24.1
29.5,6.9,95.8,52.7,30.8
24.9,7.0,92.8,69.8,28.26
31.1,8.0,63.0,74.0,31.21
27.1,10.4,61.6,81.4,34.51
20.3,11.6,46.1,80.5,29.07
29.3,11.2,45.3,68.7,28.09
34.1,4.0,77.4,89.5,24.12
26.7,10.4,76.0,43.5,36.27
33.0,8.1,55.9,43.6,25.05
34.5,3.4,89.7,49.3,24.62
22.8,8.0,59.8,41.7,25.99
26.9,5.7,69.0,61.1,25.46
18.3,2.8,62.0,50.3,17.58
26.9,9.9,60.0,51.9,27.75
21.6,3.7,45.7,81.4,18.06
25.0,8.6,93.6,71.2,30.45
19.1,8.7,35.4,58.2,24.12
31.3,12.0,71.9,79.3,35.13
27.8,4.6,77.1,88.6,22.02
28.9,2.4,35.4,67.0,17.79
24.7,4.6,86.4,52.3,24.79
19.7,8.0,60.6,59.5,29.4
24.2,10.0,91.9,87.4,31.32
28.3,9.4,41.9,87.7,26.08
27.5,4.2,44.5,73.5,17.1
30.8,11.2,70.9,81.4,34.02
23.9,11.6,77.1,48.8,35.64
34.1,7.4,34.4,83.5,23.61
29.5,6.3,86.9,69.7,27.86
27.2,6.7,53.5,78.3,27.37
19.1,10.2,49.8,52.4,25.24
27.7,3.0,48.4,80.2,18.79
31.9,9.8,93.1,50.3,33.97
23.8,9.0,51.1,87.9,32.1
31.8,11.6,77.0,82.0,37.75
32.8,2.5,74.3,65.0,21.49
31.0,12.0,33.6,62.3,29.32
24.8,9.0,44.9,88.5,26.83
19.4,6.6,39.1,71.6,19.84
27.6,10.3,61.8,60.3,27.23
24.9,6.2,95.0,86.2,27.03
24.3,6.7,38.4,79.3,21.87
20.4,7.1,43.9,79.1,25.73
29.3,7.3,66.3,88.5,29.27
25.5,11.3,77.7,72.2,30.32
24.2,2.7,87.8,52.2,20.66
34.0,3.4,49.9,75.9,18.85
24.6,9.3,65.8,67.6,31.29
20.9,11.7,81.0,51.4,35.71
19.1,11.4,44.1,43.1,32.56
34.8,10.4,92.1,85.5,32.9
24.4,10.5,77.4,76.1,35.98
32.3,10.0,96.3,63.2,33.81
19.3,3.4,82.9,83.0,20.22
26.5,9.6,78.3,67.6,29.45
24.8,7.0,51.6,60.6,27.33
22.5,6.4,57.6,79.4,23.16
30.6,4.7,98.2,75.7,25.72
29.0,10.2,47.9,77.8,30.47
19.2,3.1,42.7,45.3,16.59
22.8,11.9,55.5,67.1,33.2
22.5,9.4,30.8,62.4,25.36
33.5,9.4,87.4,76.0,31.47
21.9,2.6,32.8,80.0,14.04
26.7,10.1,78.0,44.7,36.86
34.3,10.9,79.2,89.0,36.7
34.9,6.9,50.9,79.7,25.79
26.6,6.2,73.9,79.4,26.74
24.3,6.3,92.8,72.5,25.49
25.6,7.1,65.6,74.0,26.86
21.7,8.4,42.9,43.7,20.06
34.9,9.6,38.3,67.4,31.54
23.4,6.6,69.0,48.2,27.21
20.7,8.1,69.4,80.1,27.59
20.0,4.7,78.6,61.8,22.55
32.8,5.3,36.7,86.0,20.71
22.3,3.6,99.5,52.3,20.33
23.5,3.7,50.6,64.0,22.88
23.2,6.4,96.8,81.9,32.29
30.7,5.8,35.8,72.3,23.06
32.9,4.4,92.5,72.8,23.37
22.4,9.6,47.3,85.6,29.38
20.4,4.0,68.6,81.4,18.28
30.2,11.7,63.2,80.0,36.7
26.0,11.0,34.9,84.7,28.86
19.6,11.4,41.3,79.4,31.31
25.1,6.0,52.7,52.9,20.61
19.1,8.1,89.2,73.3,29.64
34.7,4.9,89.4,72.0,26.67
33.4,11.7,94.5,69.8,40.96
34.2,4.0,53.9,63.8,20.8
32.5,9.3,98.2,65.5,28.9
18.3,8.0,97.3,57.8,23.97
20.1,11.8,66.8,64.0,32.84
29.4,5.4,95.9,71.7,27.6
20.4,7.4,65.7,70.1,24.9
25.7,7.7,77.4,68.0,26.61
21.5,11.4,71.3,50.9,33.93
20.6,10.1,67.6,87.5,31.73
19.8,6.9,88.7,40.2,27.59
32.3,8.0,89.5,56.1,32.72
32.2,8.0,45.3,74.1,29.57
26.3,8.4,91.8,63.3,29.12
28.4,5.1,96.9,57.3,29.34
21.9,3.9,30.5,58.6,14.92
33.6,6.0,72.2,51.2,22.8
27.7,2.1,46.2,60.5,15.38
28.9,3.6,91.4,52.2,24.57
25.6,3.8,41.9,68.8,19.64
29.5,6.6,94.5,61.7,30.37
29.0,2.1,56.0,61.8,17.79
34.6,4.3,79.3,46.1,20.57
28.2,2.2,63.6,47.1,16.96
20.8,10.4,70.2,69.0,31.59
30.2,11.1,88.7,47.3,37.83
23.0,5.7,62.2,77.7,20.79
21.8,9.6,35.8,56.4,24.51
25.9,3.2,64.6,77.8,20.28
27.2,11.9,96.7,68.1,37.29
18.7,4.2,94.5,64.0,21.41
28.0,7.8,86.3,70.5,29.83
29.4,10.0,31.0,82.8,30.17
33.5,7.4,66.7,53.1,26.91
27.2,9.0,88.2,58.7,28.09
19.7,2.8,98.1,56.0,25.05
27.8,3.4,56.4,80.2,19.72
32.6,5.7,87.2,69.2,28.0
29.4,4.3,33.9,58.1,18.71
32.4,11.9,30.7,47.0,27.37
20.3,6.3,59.7,61.7,22.83
26.6,3.5,93.6,49.5,24.86
27.3,2.9,50.8,57.3,21.52
32.2,11.7,59.5,53.8,33.84
23.5,3.3,31.1,41.4,14.01
30.2,4.8,46.9,84.6,23.98
28.1,9.1,83.0,52.7,25.16
23.2,10.8,95.9,68.2,33.67
27.9,4.1,50.8,54.6,19.01
32.1,10.1,45.6,58.2,30.21
26.2,11.0,70.0,81.3,33.53
18.2,9.1,34.0,76.2,25.48
21.8,7.4,67.4,84.2,27.52
25.0,7.7,46.8,55.3,23.14
29.6,5.0,96.1,73.8,25.91
33.7,10.3,40.4,74.9,31.23
24.1,10.4,43.3,90.0,30.82
22.2,6.1,36.2,82.9,18.65
19.7,9.2,55.3,44.4,25.65
30.5,12.0,99.2,77.8,36.61
30.1,8.6,70.1,68.4,28.24
28.8,5.7,56.3,59.3,21.7
31.8,5.8,74.9,62.3,23.6
25.6,9.1,45.6,71.5,26.77
20.0,3.0,68.5,62.5,19.03
23.6,9.5,49.2,42.7,26.37
20.9,7.1,57.7,45.9,25.41
34.0,7.2,44.3,40.9,27.14
33.3,3.6,87.6,61.5,25.04
28.7,4.7,42.8,65.7,19.15
34.0,4.4,40.0,49.6,15.31
34.2,10.3,72.9,80.2,36.93
33.5,8.7,42.4,83.7,29.26
23.0,2.7,36.8,51.0,15.03
18.5,6.7,74.5,80.3,19.88
26.8,6.1,53.3,78.7,26.33
28.9,3.6,98.6,84.3,21.8
26.0,11.1,88.2,70.9,33.78
34.6,6.1,76.6,80.3,30.88
29.8,8.1,56.6,75.3,28.41
28.0,6.2,30.9,73.2,23.8
31.2,2.1,60.9,57.3,15.92
27.0,10.7,99.8,71.5,35.61
32.8,7.0,88.3,63.4,31.35
25.9,7.7,90.6,78.5,31.79
19.8,10.6,78.1,50.8,30.02
21.4,10.3,45.5,87.4,29.38
25.6,3.8,41.9,81.5,16.47
25.5,9.1,56.3,51.4,28.74
33.8,3.6,45.8,83.1,20.65
25.3,10.6,96.7,84.9,33.08
19.4,10.4,55.8,68.1,28.36
26.1,5.5,31.7,44.3,19.42
30.1,9.6,75.1,86.8,30.96
21.9,4.8,87.7,56.4,22.94
32.8,10.4,89.4,58.4,38.81
18.1,8.4,94.7,85.6,30.94
30.0,2.4,64.6,53.4,17.12
22.2,5.8,43.8,72.9,22.68
30.4,10.9,97.7,53.7,35.35
28.3,6.8,45.8,83.1,23.21
33.3,8.2,69.6,76.1,29.78
19.5,9.1,78.5,85.2,27.13
26.3,7.6,30.9,46.1,20.63
28.3,5.9,40.2,51.4,25.41
32.7,10.6,90.7,65.4,35.17
18.3,10.5,87.3,67.4,30.47
31.5,6.7,33.2,89.4,19.0
26.1,6.0,83.9,78.9,27.2
33.2,4.2,79.0,61.9,23.01
19.7,8.7,60.7,57.9,23.86
21.9,11.6,83.9,64.9,35.32
26.4,4.7,90.6,76.2,25.37
29.7,7.0,89.1,59.0,27.59
20.2,6.0,91.3,63.4,28.28
28.3,8.6,94.3,86.6,34.09
25.4,3.8,40.6,75.1,15.29
23.9,7.6,96.7,45.1,26.3
30.1,11.0,71.9,52.8,31.79
27.6,2.9,94.8,73.2,21.91
19.5,5.2,96.2,46.5,26.44
24.6,2.7,76.3,72.8,20.82
18.6,7.5,37.7,49.3,22.07
24.4,10.7,53.8,64.0,29.24
33.7,7.5,63.6,48.5,27.7
28.7,10.5,39.7,68.7,31.04
30.1,3.5,55.7,63.8,18.97
23.0,2.3,86.3,55.1,24.24
29.6,9.9,43.6,85.4,30.12
34.3,3.7,99.7,54.4,21.22
30.6,9.9,31.1,57.0,26.89
32.6,9.3,68.0,85.1,35.94
20.5,11.8,33.5,65.3,34.38
26.4,2.6,76.2,40.3,19.12
21.4,7.3,50.9,55.6,20.54
28.0,9.2,71.7,56.7,29.47
28.7,4.0,77.6,88.9,20.93
19.0,6.9,62.3,62.1,27.96
34.6,3.4,84.4,87.6,25.68
30.8,4.1,74.7,82.6,27.8
29.1,2.6,72.7,61.5,22.61
23.6,3.1,32.1,69.7,14.82
24.2,5.6,68.1,63.3,23.96
19.1,4.3,71.7,56.0,19.24
20.1,7.6,35.5,58.3,21.51
24.4,5.1,67.1,89.8,22.1
31.1,4.7,62.1,58.5,19.08
30.5,5.7,79.7,65.5,27.08
21.2,4.2,89.5,71.0,25.15
22.8,3.1,71.5,84.7,20.71
19.0,10.1,76.7,64.1,30.98
30.2,2.5,54.7,89.7,20.6
33.8,8.7,43.6,52.8,25.44
25.3,10.3,88.1,74.1,35.97
22.5,7.0,76.1,56.5,28.02
21.9,7.3,46.8,61.2,24.73
31.3,5.0,93.4,44.7,23.71
29.1,3.1,54.4,50.5,20.19
34.8,2.7,54.8,62.7,17.52
34.2,3.0,54.0,77.2,18.6
19.2,4.5,37.6,71.8,19.1
21.1,5.6,50.8,47.9,23.51
20.5,6.4,64.4,56.6,24.07
26.6,3.6,75.6,49.5,19.03
24.8,6.9,68.2,68.0,26.69
31.4,4.1,76.7,64.4,24.6
21.4,9.4,78.6,54.5,31.28
19.7,4.7,98.1,88.9,27.53
28.7,3.4,70.0,77.2,20.61
21.0,10.3,31.6,73.1,26.61
31.8,9.5,76.7,70.0,31.55
22.5,4.1,56.1,73.8,22.44
24.6,10.0,70.1,87.5,36.87
23.9,4.6,59.7,52.6,21.27
34.1,8.1,93.7,85.0,33.88
22.4,9.3,42.7,57.9,26.42
25.2,10.8,63.6,53.2,29.53
25.0,2.1,77.4,69.0,16.71
32.5,11.9,39.6,43.2,33.53
31.9,3.7,36.1,67.7,22.44
32.5,9.2,60.3,66.2,28.74
28.6,10.3,40.0,61.3,28.75
22.3,6.4,85.4,58.7,28.08
21.4,7.4,37.7,70.1,22.41
20.0,4.3,39.2,67.3,16.87
27.7,5.4,46.8,90.0,20.62
24.6,2.5,30.6,56.1,12.96
18.9,3.5,34.6,44.2,17.02
30.1,7.9,39.6,41.3,24.33
25.9,3.9,70.8,58.3,22.59
19.0,8.5,61.9,79.5,28.33
25.5,4.6,84.4,66.1,25.33
34.1,6.6,56.1,85.2,24.09
21.0,3.8,71.4,59.3,21.61
28.9,7.0,42.5,55.5,23.57
25.3,3.0,86.2,84.3,25.45
23.6,3.7,72.7,84.7,24.58
20.6,8.8,79.0,71.7,27.53
24.4,7.3,33.9,85.6,24.35
18.5,10.6,88.3,53.3,35.25
24.3,11.5,55.7,45.6,31.75
27.6,3.5,62.7,54.5,19.36
23.7,5.5,45.8,47.6,22.85
20.6,9.7,88.4,60.7,32.67
25.3,3.0,69.6,48.0,19.37
24.1,6.5,31.7,41.1,25.94
34.7,3.6,34.0,68.9,19.99
27.6,7.5,32.2,49.3,23.72
25.8,8.7,37.4,52.6,24.72
34.3,11.9,95.0,41.3,35.6
31.3,9.3,87.6,89.5,35.64
24.0,7.6,57.0,51.5,24.15
25.9,3.1,51.9,73.7,15.81
26.8,3.1,45.1,60.2,17.11
21.5,4.8,87.9,56.3,22.69
20.3,2.0,92.1,87.5,20.05
20.6,7.7,92.3,47.4,29.84
24.2,8.5,63.9,72.3,28.44
19.6,6.2,80.2,52.2,25.86
21.4,7.3,73.4,86.2,28.29
19.7,6.1,53.5,40.6,25.26
18.3,2.8,52.2,53.8,14.07
24.7,10.7,76.6,67.3,32.16
25.6,9.7,43.8,53.3,27.29
30.7,6.0,48.0,76.7,24.39
27.6,8.2,91.6,88.0,33.75
32.6,4.1,42.7,76.0,20.38
29.7,7.3,58.6,57.1,27.81
31.9,10.8,71.2,57.4,33.22
27.6,2.1,33.6,65.5,16.4
27.0,5.5,96.7,52.1,26.85
34.4,2.6,94.4,63.2,27.03
25.0,3.7,93.9,69.6,25.08
26.9,3.1,35.8,52.3,17.6
29.9,8.3,31.1,86.5,22.72
26.3,4.8,40.5,83.2,23.3
25.1,3.3,65.1,63.9,19.4
29.4,4.0,53.5,54.7,19.02
18.8,7.6,90.3,73.2,30.86
32.6,6.3,93.3,49.0,26.23
34.6,5.5,59.9,69.0,19.86
28.4,10.2,83.1,57.3,30.93
26.0,2.9,52.6,66.2,19.75
25.7,3.6,94.0,42.5,22.48
27.6,9.4,40.8,72.1,27.8
30.4,11.5,81.2,52.1,32.38
23.1,10.6,90.8,42.4,32.64
23.4,9.2,65.6,59.0,31.4
20.3,3.2,47.4,78.3,15.44
30.4,11.9,90.3,44.9,33.65
24.3,7.1,89.4,46.4,26.54
32.2,11.5,92.7,76.1,39.29
26.2,4.4,95.2,64.2,25.05
19.9,3.9,60.1,74.6,19.87
35.0,10.3,50.6,84.4,32.11
31.9,5.5,41.7,56.1,17.58
22.6,5.8,69.4,42.6,21.68
19.4,3.4,33.0,59.1,9.12
18.5,10.5,32.7,56.6,28.04
31.4,7.8,54.1,84.0,25.69
19.8,4.9,46.7,56.4,23.52
22.4,7.9,86.4,54.7,25.39
19.7,4.9,32.2,72.2,17.29
34.3,9.7,88.7,63.2,32.51
23.6,3.4,79.3,48.2,21.67
22.0,5.6,81.5,60.7,22.77
30.2,11.5,31.3,89.5,31.45
29.0,9.9,89.9,43.8,34.79
23.8,10.7,75.3,57.3,31.23
27.5,5.2,58.3,50.6,19.04
28.7,8.4,70.6,67.1,30.72
25.0,2.6,93.2,67.6,19.73
31.6,8.5,52.7,70.8,27.13
30.7,4.2,82.5,83.4,22.65
32.5,3.8,86.5,43.1,23.32
19.6,5.5,65.9,58.9,17.8
27.9,8.4,96.3,62.6,36.1
30.4,2.7,86.2,78.1,24.03
18.3,5.9,41.6,47.9,18.32
28.3,4.5,73.8,69.6,20.55
24.1,9.1,53.0,81.8,29.68
33.0,10.8,83.6,59.2,35.34
32.1,5.9,86.5,87.8,27.55
22.3,6.3,59.7,40.0,18.84
31.5,10.9,91.5,78.5,37.66
20.3,2.5,57.4,87.3,17.14
31.3,9.2,92.0,70.7,30.16
29.7,11.5,59.5,42.3,30.45
32.0,7.0,40.8,66.6,24.08
26.9,2.8,42.1,44.1,18.58
31.1,6.5,61.3,78.2,26.78
30.4,7.4,51.3,49.7,24.72
19.0,4.1,76.6,57.2,24.61
26.8,7.7,63.0,81.2,28.94
27.5,3.5,79.0,83.4,22.16
33.4,4.1,36.2,86.5,19.4
27.4,11.2,49.1,53.7,29.94
33.3,2.2,79.6,42.3,24.49
22.1,9.7,79.9,87.5,33.6
25.4,7.7,60.3,64.6,22.09
27.0,3.4,72.9,48.9,19.04
23.9,11.9,96.8,86.8,36.3
23.8,4.7,73.4,65.0,20.45
20.7,3.9,38.4,53.3,15.9
20.9,4.5,70.2,80.3,25.11
32.5,6.7,33.8,69.8,23.89
30.5,8.7,56.1,46.3,28.86
25.5,5.8,47.9,65.7,19.45
31.2,7.9,98.3,47.8,35.46
20.5,9.6,32.5,82.2,25.68
21.6,5.4,67.5,79.7,20.11
28.0,11.0,89.3,68.9,38.48
19.8,11.5,56.6,84.6,30.22
29.4,10.2,93.8,83.6,36.92
23.5,4.2,96.7,78.6,26.32
33.2,6.9,93.0,67.6,31.73
28.7,4.6,96.1,59.0,23.07
25.5,10.0,59.5,51.5,32.1
27.2,3.8,50.6,47.3,16.24
21.9,4.9,36.4,83.4,19.46
18.6,4.8,86.0,72.6,22.76
18.9,11.4,49.4,77.2,30.6
24.8,10.5,85.9,43.2,34.68
32.4,6.6,42.2,53.0,25.22
29.8,11.7,31.9,50.9,29.94
28.9,5.1,85.2,68.6,25.48
34.2,8.7,40.6,53.7,29.32
33.2,3.2,85.3,76.7,20.51
25.3,3.2,91.6,57.7,20.17
30.6,4.7,41.7,60.8,19.29
26.6,11.0,90.7,71.5,35.52
29.8,7.0,95.9,83.3,33.09
25.6,4.4,34.1,68.0,20.44
27.8,5.5,44.4,65.9,19.22
20.8,3.3,84.6,66.0,22.83
30.6,6.2,77.5,45.6,28.04
18.8,6.0,96.7,62.5,26.23
19.0,8.9,56.2,63.2,25.44
27.4,10.1,76.1,60.8,30.17
29.0,8.9,47.3,41.0,27.14
22.9,3.4,53.9,76.0,16.03
33.3,5.3,78.5,57.9,22.8
26.5,5.3,85.5,85.4,23.32
20.2,12.0,56.1,70.2,33.78
33.2,9.9,44.7,77.8,34.05
27.7,4.6,49.4,50.9,21.8
29.7,3.1,32.1,78.1,17.44
24.1,6.2,73.3,82.2,25.17
32.6,4.0,73.1,50.4,18.21
28.6,9.0,42.9,59.3,33.66
28.4,11.9,44.5,43.1,32.75
23.8,3.3,67.0,58.7,21.2
33.7,2.0,89.3,72.9,17.92
34.5,10.6,65.8,77.6,34.43
29.3,10.7,30.4,42.2,28.76
18.4,9.6,40.8,86.9,28.08
31.7,9.0,66.1,52.5,30.67
26.4,5.2,32.5,67.9,25.72
34.5,3.6,35.2,47.9,21.04
22.3,6.5,91.1,66.2,28.27
19.4,3.9,97.9,76.2,22.78
32.3,7.3,54.3,83.3,21.61
26.5,5.5,47.0,79.9,23.14
24.1,7.9,98.9,46.4,24.9
25.3,11.9,77.4,62.3,36.15
34.0,4.2,51.4,53.9,15.76
18.7,8.1,38.2,54.0,23.16
