ISO-10303-21;
HEADER;
FILE_DESCRIPTION(('Open CASCADE Model'),'2;1');
FILE_NAME('Open CASCADE Shape Model','2026-10-04T23:27:06',('Author'),(
    'Open CASCADE'),'Open CASCADE STEP processor 7.9','Open CASCADE 7.9'
  ,'Unknown');
FILE_SCHEMA(('AUTOMOTIVE_DESIGN { 1 0 10303 214 1 1 1 1 }'));
ENDSEC;
DATA;
#1 = APPLICATION_PROTOCOL_DEFINITION('international standard',
  'automotive_design',2000,#2);
#2 = APPLICATION_CONTEXT(
  'core data for automotive mechanical design processes');
#3 = SHAPE_DEFINITION_REPRESENTATION(#4,#10);
#4 = PRODUCT_DEFINITION_SHAPE('','',#5);
#5 = PRODUCT_DEFINITION('design','',#6,#9);
#6 = PRODUCT_DEFINITION_FORMATION('','',#7);
#7 = PRODUCT('Open CASCADE STEP translator 7.9 4',
  'Open CASCADE STEP translator 7.9 4','',(#8));
#8 = PRODUCT_CONTEXT('',#2,'mechanical');
#9 = PRODUCT_DEFINITION_CONTEXT('part definition',#2,'design');
#10 = ADVANCED_BREP_SHAPE_REPRESENTATION('',(#11,#15),#2829);
#11 = AXIS2_PLACEMENT_3D('',#12,#13,#14);
#12 = CARTESIAN_POINT('',(0.,0.,0.));
#13 = DIRECTION('',(0.,0.,1.));
#14 = DIRECTION('',(1.,0.,-0.));
#15 = MANIFOLD_SOLID_BREP('',#16);
#16 = CLOSED_SHELL('',(#17,#615,#691,#745,#795,#844,#893,#943,#993,#1020
    ,#1070,#1177,#1231,#1281,#1330,#1379,#1429,#1479,#1506,#1556,#1606,
    #1656,#1901,#1943,#1993,#2072,#2126,#2176,#2225,#2274,#2324,#2374,
    #2401,#2460,#2595,#2625,#2680,#2707,#2762,#2817,#2821,#2825));
#17 = ADVANCED_FACE('',(#18,#257,#288,#522,#553,#584),#32,.F.);
#18 = FACE_BOUND('',#19,.F.);
#19 = EDGE_LOOP('',(#20,#55,#84,#112,#141,#169,#198,#226));
#20 = ORIENTED_EDGE('',*,*,#21,.T.);
#21 = EDGE_CURVE('',#22,#24,#26,.T.);
#22 = VERTEX_POINT('',#23);
#23 = CARTESIAN_POINT('',(21.,-28.,-32.));
#24 = VERTEX_POINT('',#25);
#25 = CARTESIAN_POINT('',(21.,28.,-32.));
#26 = SURFACE_CURVE('',#27,(#31,#43),.PCURVE_S1.);
#27 = LINE('',#28,#29);
#28 = CARTESIAN_POINT('',(21.,-32.,-32.));
#29 = VECTOR('',#30,1.);
#30 = DIRECTION('',(0.,1.,0.));
#31 = PCURVE('',#32,#37);
#32 = PLANE('',#33);
#33 = AXIS2_PLACEMENT_3D('',#34,#35,#36);
#34 = CARTESIAN_POINT('',(21.,0.,0.));
#35 = DIRECTION('',(1.,0.,0.));
#36 = DIRECTION('',(-0.,0.,1.));
#37 = DEFINITIONAL_REPRESENTATION('',(#38),#42);
#38 = LINE('',#39,#40);
#39 = CARTESIAN_POINT('',(-32.,32.));
#40 = VECTOR('',#41,1.);
#41 = DIRECTION('',(0.,-1.));
#42 = ( GEOMETRIC_REPRESENTATION_CONTEXT(2) 
PARAMETRIC_REPRESENTATION_CONTEXT() REPRESENTATION_CONTEXT('2D SPACE',''
  ) );
#43 = PCURVE('',#44,#49);
#44 = PLANE('',#45);
#45 = AXIS2_PLACEMENT_3D('',#46,#47,#48);
#46 = CARTESIAN_POINT('',(21.,-32.,-32.));
#47 = DIRECTION('',(0.,0.,1.));
#48 = DIRECTION('',(0.,1.,0.));
#49 = DEFINITIONAL_REPRESENTATION('',(#50),#54);
#50 = LINE('',#51,#52);
#51 = CARTESIAN_POINT('',(0.,0.));
#52 = VECTOR('',#53,1.);
#53 = DIRECTION('',(1.,0.));
#54 = ( GEOMETRIC_REPRESENTATION_CONTEXT(2) 
PARAMETRIC_REPRESENTATION_CONTEXT() REPRESENTATION_CONTEXT('2D SPACE',''
  ) );
#55 = ORIENTED_EDGE('',*,*,#56,.T.);
#56 = EDGE_CURVE('',#24,#57,#59,.T.);
#57 = VERTEX_POINT('',#58);
#58 = CARTESIAN_POINT('',(21.,32.,-28.));
#59 = SURFACE_CURVE('',#60,(#65,#72),.PCURVE_S1.);
#60 = CIRCLE('',#61,4.);
#61 = AXIS2_PLACEMENT_3D('',#62,#63,#64);
#62 = CARTESIAN_POINT('',(21.,28.,-28.));
#63 = DIRECTION('',(1.,0.,0.));
#64 = DIRECTION('',(-0.,0.,1.));
#65 = PCURVE('',#32,#66);
#66 = DEFINITIONAL_REPRESENTATION('',(#67),#71);
#67 = CIRCLE('',#68,4.);
#68 = AXIS2_PLACEMENT_2D('',#69,#70);
#69 = CARTESIAN_POINT('',(-28.,-28.));
#70 = DIRECTION('',(1.,0.));
#71 = ( GEOMETRIC_REPRESENTATION_CONTEXT(2) 
PARAMETRIC_REPRESENTATION_CONTEXT() REPRESENTATION_CONTEXT('2D SPACE',''
  ) );
#72 = PCURVE('',#73,#78);
#73 = CYLINDRICAL_SURFACE('',#74,4.);
#74 = AXIS2_PLACEMENT_3D('',#75,#76,#77);
#75 = CARTESIAN_POINT('',(21.,28.,-28.));
#76 = DIRECTION('',(1.,0.,0.));
#77 = DIRECTION('',(0.,0.,-1.));
#78 = DEFINITIONAL_REPRESENTATION('',(#79),#83);
#79 = LINE('',#80,#81);
#80 = CARTESIAN_POINT('',(-3.14159265359,0.));
#81 = VECTOR('',#82,1.);
#82 = DIRECTION('',(1.,0.));
#83 = ( GEOMETRIC_REPRESENTATION_CONTEXT(2) 
PARAMETRIC_REPRESENTATION_CONTEXT() REPRESENTATION_CONTEXT('2D SPACE',''
  ) );
#84 = ORIENTED_EDGE('',*,*,#85,.T.);
#85 = EDGE_CURVE('',#57,#86,#88,.T.);
#86 = VERTEX_POINT('',#87);
#87 = CARTESIAN_POINT('',(21.,32.,28.));
#88 = SURFACE_CURVE('',#89,(#93,#100),.PCURVE_S1.);
#89 = LINE('',#90,#91);
#90 = CARTESIAN_POINT('',(21.,32.,-32.));
#91 = VECTOR('',#92,1.);
#92 = DIRECTION('',(0.,0.,1.));
#93 = PCURVE('',#32,#94);
#94 = DEFINITIONAL_REPRESENTATION('',(#95),#99);
#95 = LINE('',#96,#97);
#96 = CARTESIAN_POINT('',(-32.,-32.));
#97 = VECTOR('',#98,1.);
#98 = DIRECTION('',(1.,0.));
#99 = ( GEOMETRIC_REPRESENTATION_CONTEXT(2) 
PARAMETRIC_REPRESENTATION_CONTEXT() REPRESENTATION_CONTEXT('2D SPACE',''
  ) );
#100 = PCURVE('',#101,#106);
#101 = PLANE('',#102);
#102 = AXIS2_PLACEMENT_3D('',#103,#104,#105);
#103 = CARTESIAN_POINT('',(21.,32.,-32.));
#104 = DIRECTION('',(0.,-1.,0.));
#105 = DIRECTION('',(0.,0.,1.));
#106 = DEFINITIONAL_REPRESENTATION('',(#107),#111);
#107 = LINE('',#108,#109);
#108 = CARTESIAN_POINT('',(0.,0.));
#109 = VECTOR('',#110,1.);
#110 = DIRECTION('',(1.,0.));
#111 = ( GEOMETRIC_REPRESENTATION_CONTEXT(2) 
PARAMETRIC_REPRESENTATION_CONTEXT() REPRESENTATION_CONTEXT('2D SPACE',''
  ) );
#112 = ORIENTED_EDGE('',*,*,#113,.T.);
#113 = EDGE_CURVE('',#86,#114,#116,.T.);
#114 = VERTEX_POINT('',#115);
#115 = CARTESIAN_POINT('',(21.,28.,32.));
#116 = SURFACE_CURVE('',#117,(#122,#129),.PCURVE_S1.);
#117 = CIRCLE('',#118,4.);
#118 = AXIS2_PLACEMENT_3D('',#119,#120,#121);
#119 = CARTESIAN_POINT('',(21.,28.,28.));
#120 = DIRECTION('',(1.,0.,0.));
#121 = DIRECTION('',(-0.,0.,1.));
#122 = PCURVE('',#32,#123);
#123 = DEFINITIONAL_REPRESENTATION('',(#124),#128);
#124 = CIRCLE('',#125,4.);
#125 = AXIS2_PLACEMENT_2D('',#126,#127);
#126 = CARTESIAN_POINT('',(28.,-28.));
#127 = DIRECTION('',(1.,0.));
#128 = ( GEOMETRIC_REPRESENTATION_CONTEXT(2) 
PARAMETRIC_REPRESENTATION_CONTEXT() REPRESENTATION_CONTEXT('2D SPACE',''
  ) );
#129 = PCURVE('',#130,#135);
#130 = CYLINDRICAL_SURFACE('',#131,4.);
#131 = AXIS2_PLACEMENT_3D('',#132,#133,#134);
#132 = CARTESIAN_POINT('',(21.,28.,28.));
#133 = DIRECTION('',(1.,0.,0.));
#134 = DIRECTION('',(-0.,1.,0.));
#135 = DEFINITIONAL_REPRESENTATION('',(#136),#140);
#136 = LINE('',#137,#138);
#137 = CARTESIAN_POINT('',(-4.712388980385,0.));
#138 = VECTOR('',#139,1.);
#139 = DIRECTION('',(1.,0.));
#140 = ( GEOMETRIC_REPRESENTATION_CONTEXT(2) 
PARAMETRIC_REPRESENTATION_CONTEXT() REPRESENTATION_CONTEXT('2D SPACE',''
  ) );
#141 = ORIENTED_EDGE('',*,*,#142,.T.);
#142 = EDGE_CURVE('',#114,#143,#145,.T.);
#143 = VERTEX_POINT('',#144);
#144 = CARTESIAN_POINT('',(21.,-28.,32.));
#145 = SURFACE_CURVE('',#146,(#150,#157),.PCURVE_S1.);
#146 = LINE('',#147,#148);
#147 = CARTESIAN_POINT('',(21.,32.,32.));
#148 = VECTOR('',#149,1.);
#149 = DIRECTION('',(0.,-1.,0.));
#150 = PCURVE('',#32,#151);
#151 = DEFINITIONAL_REPRESENTATION('',(#152),#156);
#152 = LINE('',#153,#154);
#153 = CARTESIAN_POINT('',(32.,-32.));
#154 = VECTOR('',#155,1.);
#155 = DIRECTION('',(0.,1.));
#156 = ( GEOMETRIC_REPRESENTATION_CONTEXT(2) 
PARAMETRIC_REPRESENTATION_CONTEXT() REPRESENTATION_CONTEXT('2D SPACE',''
  ) );
#157 = PCURVE('',#158,#163);
#158 = PLANE('',#159);
#159 = AXIS2_PLACEMENT_3D('',#160,#161,#162);
#160 = CARTESIAN_POINT('',(21.,32.,32.));
#161 = DIRECTION('',(0.,0.,-1.));
#162 = DIRECTION('',(0.,-1.,0.));
#163 = DEFINITIONAL_REPRESENTATION('',(#164),#168);
#164 = LINE('',#165,#166);
#165 = CARTESIAN_POINT('',(0.,-0.));
#166 = VECTOR('',#167,1.);
#167 = DIRECTION('',(1.,0.));
#168 = ( GEOMETRIC_REPRESENTATION_CONTEXT(2) 
PARAMETRIC_REPRESENTATION_CONTEXT() REPRESENTATION_CONTEXT('2D SPACE',''
  ) );
#169 = ORIENTED_EDGE('',*,*,#170,.T.);
#170 = EDGE_CURVE('',#143,#171,#173,.T.);
#171 = VERTEX_POINT('',#172);
#172 = CARTESIAN_POINT('',(21.,-32.,28.));
#173 = SURFACE_CURVE('',#174,(#179,#186),.PCURVE_S1.);
#174 = CIRCLE('',#175,4.);
#175 = AXIS2_PLACEMENT_3D('',#176,#177,#178);
#176 = CARTESIAN_POINT('',(21.,-28.,28.));
#177 = DIRECTION('',(1.,0.,0.));
#178 = DIRECTION('',(-0.,0.,1.));
#179 = PCURVE('',#32,#180);
#180 = DEFINITIONAL_REPRESENTATION('',(#181),#185);
#181 = CIRCLE('',#182,4.);
#182 = AXIS2_PLACEMENT_2D('',#183,#184);
#183 = CARTESIAN_POINT('',(28.,28.));
#184 = DIRECTION('',(1.,0.));
#185 = ( GEOMETRIC_REPRESENTATION_CONTEXT(2) 
PARAMETRIC_REPRESENTATION_CONTEXT() REPRESENTATION_CONTEXT('2D SPACE',''
  ) );
#186 = PCURVE('',#187,#192);
#187 = CYLINDRICAL_SURFACE('',#188,4.);
#188 = AXIS2_PLACEMENT_3D('',#189,#190,#191);
#189 = CARTESIAN_POINT('',(21.,-28.,28.));
#190 = DIRECTION('',(1.,0.,0.));
#191 = DIRECTION('',(0.,-0.,1.));
#192 = DEFINITIONAL_REPRESENTATION('',(#193),#197);
#193 = LINE('',#194,#195);
#194 = CARTESIAN_POINT('',(0.,0.));
#195 = VECTOR('',#196,1.);
#196 = DIRECTION('',(1.,0.));
#197 = ( GEOMETRIC_REPRESENTATION_CONTEXT(2) 
PARAMETRIC_REPRESENTATION_CONTEXT() REPRESENTATION_CONTEXT('2D SPACE',''
  ) );
#198 = ORIENTED_EDGE('',*,*,#199,.T.);
#199 = EDGE_CURVE('',#171,#200,#202,.T.);
#200 = VERTEX_POINT('',#201);
#201 = CARTESIAN_POINT('',(21.,-32.,-28.));
#202 = SURFACE_CURVE('',#203,(#207,#214),.PCURVE_S1.);
#203 = LINE('',#204,#205);
#204 = CARTESIAN_POINT('',(21.,-32.,32.));
#205 = VECTOR('',#206,1.);
#206 = DIRECTION('',(0.,0.,-1.));
#207 = PCURVE('',#32,#208);
#208 = DEFINITIONAL_REPRESENTATION('',(#209),#213);
#209 = LINE('',#210,#211);
#210 = CARTESIAN_POINT('',(32.,32.));
#211 = VECTOR('',#212,1.);
#212 = DIRECTION('',(-1.,0.));
#213 = ( GEOMETRIC_REPRESENTATION_CONTEXT(2) 
PARAMETRIC_REPRESENTATION_CONTEXT() REPRESENTATION_CONTEXT('2D SPACE',''
  ) );
#214 = PCURVE('',#215,#220);
#215 = PLANE('',#216);
#216 = AXIS2_PLACEMENT_3D('',#217,#218,#219);
#217 = CARTESIAN_POINT('',(21.,-32.,32.));
#218 = DIRECTION('',(-0.,1.,0.));
#219 = DIRECTION('',(0.,0.,-1.));
#220 = DEFINITIONAL_REPRESENTATION('',(#221),#225);
#221 = LINE('',#222,#223);
#222 = CARTESIAN_POINT('',(0.,0.));
#223 = VECTOR('',#224,1.);
#224 = DIRECTION('',(1.,0.));
#225 = ( GEOMETRIC_REPRESENTATION_CONTEXT(2) 
PARAMETRIC_REPRESENTATION_CONTEXT() REPRESENTATION_CONTEXT('2D SPACE',''
  ) );
#226 = ORIENTED_EDGE('',*,*,#227,.F.);
#227 = EDGE_CURVE('',#22,#200,#228,.T.);
#228 = SURFACE_CURVE('',#229,(#234,#245),.PCURVE_S1.);
#229 = CIRCLE('',#230,4.);
#230 = AXIS2_PLACEMENT_3D('',#231,#232,#233);
#231 = CARTESIAN_POINT('',(21.,-28.,-28.));
#232 = DIRECTION('',(-1.,0.,-0.));
#233 = DIRECTION('',(-0.,0.,1.));
#234 = PCURVE('',#32,#235);
#235 = DEFINITIONAL_REPRESENTATION('',(#236),#244);
#236 = ( BOUNDED_CURVE() B_SPLINE_CURVE(2,(#237,#238,#239,#240,#241,#242
,#243),.UNSPECIFIED.,.T.,.F.) B_SPLINE_CURVE_WITH_KNOTS((1,2,2,2,2,1),(
    -2.094395102393,0.,2.094395102393,4.188790204786,6.28318530718,
8.377580409573),.UNSPECIFIED.) CURVE() GEOMETRIC_REPRESENTATION_ITEM() 
RATIONAL_B_SPLINE_CURVE((1.,0.5,1.,0.5,1.,0.5,1.)) REPRESENTATION_ITEM(
  '') );
#237 = CARTESIAN_POINT('',(-24.,28.));
#238 = CARTESIAN_POINT('',(-24.,21.071796769724));
#239 = CARTESIAN_POINT('',(-30.,24.535898384862));
#240 = CARTESIAN_POINT('',(-36.,28.));
#241 = CARTESIAN_POINT('',(-30.,31.464101615138));
#242 = CARTESIAN_POINT('',(-24.,34.928203230276));
#243 = CARTESIAN_POINT('',(-24.,28.));
#244 = ( GEOMETRIC_REPRESENTATION_CONTEXT(2) 
PARAMETRIC_REPRESENTATION_CONTEXT() REPRESENTATION_CONTEXT('2D SPACE',''
  ) );
#245 = PCURVE('',#246,#251);
#246 = CYLINDRICAL_SURFACE('',#247,4.);
#247 = AXIS2_PLACEMENT_3D('',#248,#249,#250);
#248 = CARTESIAN_POINT('',(21.,-28.,-28.));
#249 = DIRECTION('',(1.,0.,0.));
#250 = DIRECTION('',(0.,0.,-1.));
#251 = DEFINITIONAL_REPRESENTATION('',(#252),#256);
#252 = LINE('',#253,#254);
#253 = CARTESIAN_POINT('',(3.14159265359,-0.));
#254 = VECTOR('',#255,1.);
#255 = DIRECTION('',(-1.,0.));
#256 = ( GEOMETRIC_REPRESENTATION_CONTEXT(2) 
PARAMETRIC_REPRESENTATION_CONTEXT() REPRESENTATION_CONTEXT('2D SPACE',''
  ) );
#257 = FACE_BOUND('',#258,.F.);
#258 = EDGE_LOOP('',(#259));
#259 = ORIENTED_EDGE('',*,*,#260,.F.);
#260 = EDGE_CURVE('',#261,#261,#263,.T.);
#261 = VERTEX_POINT('',#262);
#262 = CARTESIAN_POINT('',(21.,29.2,-27.5));
#263 = SURFACE_CURVE('',#264,(#269,#276),.PCURVE_S1.);
#264 = CIRCLE('',#265,1.7);
#265 = AXIS2_PLACEMENT_3D('',#266,#267,#268);
#266 = CARTESIAN_POINT('',(21.,27.5,-27.5));
#267 = DIRECTION('',(1.,0.,0.));
#268 = DIRECTION('',(0.,1.,0.));
#269 = PCURVE('',#32,#270);
#270 = DEFINITIONAL_REPRESENTATION('',(#271),#275);
#271 = CIRCLE('',#272,1.7);
#272 = AXIS2_PLACEMENT_2D('',#273,#274);
#273 = CARTESIAN_POINT('',(-27.5,-27.5));
#274 = DIRECTION('',(0.,-1.));
#275 = ( GEOMETRIC_REPRESENTATION_CONTEXT(2) 
PARAMETRIC_REPRESENTATION_CONTEXT() REPRESENTATION_CONTEXT('2D SPACE',''
  ) );
#276 = PCURVE('',#277,#282);
#277 = CYLINDRICAL_SURFACE('',#278,1.7);
#278 = AXIS2_PLACEMENT_3D('',#279,#280,#281);
#279 = CARTESIAN_POINT('',(21.,27.5,-27.5));
#280 = DIRECTION('',(-1.,-0.,-0.));
#281 = DIRECTION('',(0.,1.,0.));
#282 = DEFINITIONAL_REPRESENTATION('',(#283),#287);
#283 = LINE('',#284,#285);
#284 = CARTESIAN_POINT('',(-0.,0.));
#285 = VECTOR('',#286,1.);
#286 = DIRECTION('',(-1.,0.));
#287 = ( GEOMETRIC_REPRESENTATION_CONTEXT(2) 
PARAMETRIC_REPRESENTATION_CONTEXT() REPRESENTATION_CONTEXT('2D SPACE',''
  ) );
#288 = FACE_BOUND('',#289,.F.);
#289 = EDGE_LOOP('',(#290,#320,#353,#381,#410,#438,#467,#495));
#290 = ORIENTED_EDGE('',*,*,#291,.F.);
#291 = EDGE_CURVE('',#292,#294,#296,.T.);
#292 = VERTEX_POINT('',#293);
#293 = CARTESIAN_POINT('',(21.,-17.,-19.));
#294 = VERTEX_POINT('',#295);
#295 = CARTESIAN_POINT('',(21.,17.,-19.));
#296 = SURFACE_CURVE('',#297,(#301,#308),.PCURVE_S1.);
#297 = LINE('',#298,#299);
#298 = CARTESIAN_POINT('',(21.,-19.,-19.));
#299 = VECTOR('',#300,1.);
#300 = DIRECTION('',(0.,1.,0.));
#301 = PCURVE('',#32,#302);
#302 = DEFINITIONAL_REPRESENTATION('',(#303),#307);
#303 = LINE('',#304,#305);
#304 = CARTESIAN_POINT('',(-19.,19.));
#305 = VECTOR('',#306,1.);
#306 = DIRECTION('',(0.,-1.));
#307 = ( GEOMETRIC_REPRESENTATION_CONTEXT(2) 
PARAMETRIC_REPRESENTATION_CONTEXT() REPRESENTATION_CONTEXT('2D SPACE',''
  ) );
#308 = PCURVE('',#309,#314);
#309 = PLANE('',#310);
#310 = AXIS2_PLACEMENT_3D('',#311,#312,#313);
#311 = CARTESIAN_POINT('',(21.,-19.,-19.));
#312 = DIRECTION('',(0.,0.,1.));
#313 = DIRECTION('',(0.,1.,0.));
#314 = DEFINITIONAL_REPRESENTATION('',(#315),#319);
#315 = LINE('',#316,#317);
#316 = CARTESIAN_POINT('',(0.,0.));
#317 = VECTOR('',#318,1.);
#318 = DIRECTION('',(1.,0.));
#319 = ( GEOMETRIC_REPRESENTATION_CONTEXT(2) 
PARAMETRIC_REPRESENTATION_CONTEXT() REPRESENTATION_CONTEXT('2D SPACE',''
  ) );
#320 = ORIENTED_EDGE('',*,*,#321,.T.);
#321 = EDGE_CURVE('',#292,#322,#324,.T.);
#322 = VERTEX_POINT('',#323);
#323 = CARTESIAN_POINT('',(21.,-19.,-17.));
#324 = SURFACE_CURVE('',#325,(#330,#341),.PCURVE_S1.);
#325 = CIRCLE('',#326,2.);
#326 = AXIS2_PLACEMENT_3D('',#327,#328,#329);
#327 = CARTESIAN_POINT('',(21.,-17.,-17.));
#328 = DIRECTION('',(-1.,0.,-0.));
#329 = DIRECTION('',(-0.,0.,1.));
#330 = PCURVE('',#32,#331);
#331 = DEFINITIONAL_REPRESENTATION('',(#332),#340);
#332 = ( BOUNDED_CURVE() B_SPLINE_CURVE(2,(#333,#334,#335,#336,#337,#338
,#339),.UNSPECIFIED.,.T.,.F.) B_SPLINE_CURVE_WITH_KNOTS((1,2,2,2,2,1),(
    -2.094395102393,0.,2.094395102393,4.188790204786,6.28318530718,
8.377580409573),.UNSPECIFIED.) CURVE() GEOMETRIC_REPRESENTATION_ITEM() 
RATIONAL_B_SPLINE_CURVE((1.,0.5,1.,0.5,1.,0.5,1.)) REPRESENTATION_ITEM(
  '') );
#333 = CARTESIAN_POINT('',(-15.,17.));
#334 = CARTESIAN_POINT('',(-15.,13.535898384862));
#335 = CARTESIAN_POINT('',(-18.,15.267949192431));
#336 = CARTESIAN_POINT('',(-21.,17.));
#337 = CARTESIAN_POINT('',(-18.,18.732050807569));
#338 = CARTESIAN_POINT('',(-15.,20.464101615138));
#339 = CARTESIAN_POINT('',(-15.,17.));
#340 = ( GEOMETRIC_REPRESENTATION_CONTEXT(2) 
PARAMETRIC_REPRESENTATION_CONTEXT() REPRESENTATION_CONTEXT('2D SPACE',''
  ) );
#341 = PCURVE('',#342,#347);
#342 = CYLINDRICAL_SURFACE('',#343,2.);
#343 = AXIS2_PLACEMENT_3D('',#344,#345,#346);
#344 = CARTESIAN_POINT('',(21.,-17.,-17.));
#345 = DIRECTION('',(1.,0.,0.));
#346 = DIRECTION('',(0.,0.,-1.));
#347 = DEFINITIONAL_REPRESENTATION('',(#348),#352);
#348 = LINE('',#349,#350);
#349 = CARTESIAN_POINT('',(3.14159265359,-0.));
#350 = VECTOR('',#351,1.);
#351 = DIRECTION('',(-1.,0.));
#352 = ( GEOMETRIC_REPRESENTATION_CONTEXT(2) 
PARAMETRIC_REPRESENTATION_CONTEXT() REPRESENTATION_CONTEXT('2D SPACE',''
  ) );
#353 = ORIENTED_EDGE('',*,*,#354,.F.);
#354 = EDGE_CURVE('',#355,#322,#357,.T.);
#355 = VERTEX_POINT('',#356);
#356 = CARTESIAN_POINT('',(21.,-19.,17.));
#357 = SURFACE_CURVE('',#358,(#362,#369),.PCURVE_S1.);
#358 = LINE('',#359,#360);
#359 = CARTESIAN_POINT('',(21.,-19.,19.));
#360 = VECTOR('',#361,1.);
#361 = DIRECTION('',(0.,0.,-1.));
#362 = PCURVE('',#32,#363);
#363 = DEFINITIONAL_REPRESENTATION('',(#364),#368);
#364 = LINE('',#365,#366);
#365 = CARTESIAN_POINT('',(19.,19.));
#366 = VECTOR('',#367,1.);
#367 = DIRECTION('',(-1.,0.));
#368 = ( GEOMETRIC_REPRESENTATION_CONTEXT(2) 
PARAMETRIC_REPRESENTATION_CONTEXT() REPRESENTATION_CONTEXT('2D SPACE',''
  ) );
#369 = PCURVE('',#370,#375);
#370 = PLANE('',#371);
#371 = AXIS2_PLACEMENT_3D('',#372,#373,#374);
#372 = CARTESIAN_POINT('',(21.,-19.,19.));
#373 = DIRECTION('',(-0.,1.,0.));
#374 = DIRECTION('',(0.,0.,-1.));
#375 = DEFINITIONAL_REPRESENTATION('',(#376),#380);
#376 = LINE('',#377,#378);
#377 = CARTESIAN_POINT('',(0.,0.));
#378 = VECTOR('',#379,1.);
#379 = DIRECTION('',(1.,0.));
#380 = ( GEOMETRIC_REPRESENTATION_CONTEXT(2) 
PARAMETRIC_REPRESENTATION_CONTEXT() REPRESENTATION_CONTEXT('2D SPACE',''
  ) );
#381 = ORIENTED_EDGE('',*,*,#382,.F.);
#382 = EDGE_CURVE('',#383,#355,#385,.T.);
#383 = VERTEX_POINT('',#384);
#384 = CARTESIAN_POINT('',(21.,-17.,19.));
#385 = SURFACE_CURVE('',#386,(#391,#398),.PCURVE_S1.);
#386 = CIRCLE('',#387,2.);
#387 = AXIS2_PLACEMENT_3D('',#388,#389,#390);
#388 = CARTESIAN_POINT('',(21.,-17.,17.));
#389 = DIRECTION('',(1.,0.,0.));
#390 = DIRECTION('',(-0.,0.,1.));
#391 = PCURVE('',#32,#392);
#392 = DEFINITIONAL_REPRESENTATION('',(#393),#397);
#393 = CIRCLE('',#394,2.);
#394 = AXIS2_PLACEMENT_2D('',#395,#396);
#395 = CARTESIAN_POINT('',(17.,17.));
#396 = DIRECTION('',(1.,0.));
#397 = ( GEOMETRIC_REPRESENTATION_CONTEXT(2) 
PARAMETRIC_REPRESENTATION_CONTEXT() REPRESENTATION_CONTEXT('2D SPACE',''
  ) );
#398 = PCURVE('',#399,#404);
#399 = CYLINDRICAL_SURFACE('',#400,2.);
#400 = AXIS2_PLACEMENT_3D('',#401,#402,#403);
#401 = CARTESIAN_POINT('',(21.,-17.,17.));
#402 = DIRECTION('',(1.,0.,0.));
#403 = DIRECTION('',(0.,-0.,1.));
#404 = DEFINITIONAL_REPRESENTATION('',(#405),#409);
#405 = LINE('',#406,#407);
#406 = CARTESIAN_POINT('',(0.,0.));
#407 = VECTOR('',#408,1.);
#408 = DIRECTION('',(1.,0.));
#409 = ( GEOMETRIC_REPRESENTATION_CONTEXT(2) 
PARAMETRIC_REPRESENTATION_CONTEXT() REPRESENTATION_CONTEXT('2D SPACE',''
  ) );
#410 = ORIENTED_EDGE('',*,*,#411,.F.);
#411 = EDGE_CURVE('',#412,#383,#414,.T.);
#412 = VERTEX_POINT('',#413);
#413 = CARTESIAN_POINT('',(21.,17.,19.));
#414 = SURFACE_CURVE('',#415,(#419,#426),.PCURVE_S1.);
#415 = LINE('',#416,#417);
#416 = CARTESIAN_POINT('',(21.,19.,19.));
#417 = VECTOR('',#418,1.);
#418 = DIRECTION('',(0.,-1.,0.));
#419 = PCURVE('',#32,#420);
#420 = DEFINITIONAL_REPRESENTATION('',(#421),#425);
#421 = LINE('',#422,#423);
#422 = CARTESIAN_POINT('',(19.,-19.));
#423 = VECTOR('',#424,1.);
#424 = DIRECTION('',(0.,1.));
#425 = ( GEOMETRIC_REPRESENTATION_CONTEXT(2) 
PARAMETRIC_REPRESENTATION_CONTEXT() REPRESENTATION_CONTEXT('2D SPACE',''
  ) );
#426 = PCURVE('',#427,#432);
#427 = PLANE('',#428);
#428 = AXIS2_PLACEMENT_3D('',#429,#430,#431);
#429 = CARTESIAN_POINT('',(21.,19.,19.));
#430 = DIRECTION('',(0.,0.,-1.));
#431 = DIRECTION('',(0.,-1.,0.));
#432 = DEFINITIONAL_REPRESENTATION('',(#433),#437);
#433 = LINE('',#434,#435);
#434 = CARTESIAN_POINT('',(0.,-0.));
#435 = VECTOR('',#436,1.);
#436 = DIRECTION('',(1.,0.));
#437 = ( GEOMETRIC_REPRESENTATION_CONTEXT(2) 
PARAMETRIC_REPRESENTATION_CONTEXT() REPRESENTATION_CONTEXT('2D SPACE',''
  ) );
#438 = ORIENTED_EDGE('',*,*,#439,.F.);
#439 = EDGE_CURVE('',#440,#412,#442,.T.);
#440 = VERTEX_POINT('',#441);
#441 = CARTESIAN_POINT('',(21.,19.,17.));
#442 = SURFACE_CURVE('',#443,(#448,#455),.PCURVE_S1.);
#443 = CIRCLE('',#444,2.);
#444 = AXIS2_PLACEMENT_3D('',#445,#446,#447);
#445 = CARTESIAN_POINT('',(21.,17.,17.));
#446 = DIRECTION('',(1.,0.,0.));
#447 = DIRECTION('',(-0.,0.,1.));
#448 = PCURVE('',#32,#449);
#449 = DEFINITIONAL_REPRESENTATION('',(#450),#454);
#450 = CIRCLE('',#451,2.);
#451 = AXIS2_PLACEMENT_2D('',#452,#453);
#452 = CARTESIAN_POINT('',(17.,-17.));
#453 = DIRECTION('',(1.,0.));
#454 = ( GEOMETRIC_REPRESENTATION_CONTEXT(2) 
PARAMETRIC_REPRESENTATION_CONTEXT() REPRESENTATION_CONTEXT('2D SPACE',''
  ) );
#455 = PCURVE('',#456,#461);
#456 = CYLINDRICAL_SURFACE('',#457,2.);
#457 = AXIS2_PLACEMENT_3D('',#458,#459,#460);
#458 = CARTESIAN_POINT('',(21.,17.,17.));
#459 = DIRECTION('',(1.,0.,0.));
#460 = DIRECTION('',(-0.,1.,0.));
#461 = DEFINITIONAL_REPRESENTATION('',(#462),#466);
#462 = LINE('',#463,#464);
#463 = CARTESIAN_POINT('',(-4.712388980385,0.));
#464 = VECTOR('',#465,1.);
#465 = DIRECTION('',(1.,0.));
#466 = ( GEOMETRIC_REPRESENTATION_CONTEXT(2) 
PARAMETRIC_REPRESENTATION_CONTEXT() REPRESENTATION_CONTEXT('2D SPACE',''
  ) );
#467 = ORIENTED_EDGE('',*,*,#468,.F.);
#468 = EDGE_CURVE('',#469,#440,#471,.T.);
#469 = VERTEX_POINT('',#470);
#470 = CARTESIAN_POINT('',(21.,19.,-17.));
#471 = SURFACE_CURVE('',#472,(#476,#483),.PCURVE_S1.);
#472 = LINE('',#473,#474);
#473 = CARTESIAN_POINT('',(21.,19.,-19.));
#474 = VECTOR('',#475,1.);
#475 = DIRECTION('',(0.,0.,1.));
#476 = PCURVE('',#32,#477);
#477 = DEFINITIONAL_REPRESENTATION('',(#478),#482);
#478 = LINE('',#479,#480);
#479 = CARTESIAN_POINT('',(-19.,-19.));
#480 = VECTOR('',#481,1.);
#481 = DIRECTION('',(1.,0.));
#482 = ( GEOMETRIC_REPRESENTATION_CONTEXT(2) 
PARAMETRIC_REPRESENTATION_CONTEXT() REPRESENTATION_CONTEXT('2D SPACE',''
  ) );
#483 = PCURVE('',#484,#489);
#484 = PLANE('',#485);
#485 = AXIS2_PLACEMENT_3D('',#486,#487,#488);
#486 = CARTESIAN_POINT('',(21.,19.,-19.));
#487 = DIRECTION('',(0.,-1.,0.));
#488 = DIRECTION('',(0.,0.,1.));
#489 = DEFINITIONAL_REPRESENTATION('',(#490),#494);
#490 = LINE('',#491,#492);
#491 = CARTESIAN_POINT('',(0.,0.));
#492 = VECTOR('',#493,1.);
#493 = DIRECTION('',(1.,0.));
#494 = ( GEOMETRIC_REPRESENTATION_CONTEXT(2) 
PARAMETRIC_REPRESENTATION_CONTEXT() REPRESENTATION_CONTEXT('2D SPACE',''
  ) );
#495 = ORIENTED_EDGE('',*,*,#496,.F.);
#496 = EDGE_CURVE('',#294,#469,#497,.T.);
#497 = SURFACE_CURVE('',#498,(#503,#510),.PCURVE_S1.);
#498 = CIRCLE('',#499,2.);
#499 = AXIS2_PLACEMENT_3D('',#500,#501,#502);
#500 = CARTESIAN_POINT('',(21.,17.,-17.));
#501 = DIRECTION('',(1.,0.,0.));
#502 = DIRECTION('',(-0.,0.,1.));
#503 = PCURVE('',#32,#504);
#504 = DEFINITIONAL_REPRESENTATION('',(#505),#509);
#505 = CIRCLE('',#506,2.);
#506 = AXIS2_PLACEMENT_2D('',#507,#508);
#507 = CARTESIAN_POINT('',(-17.,-17.));
#508 = DIRECTION('',(1.,0.));
#509 = ( GEOMETRIC_REPRESENTATION_CONTEXT(2) 
PARAMETRIC_REPRESENTATION_CONTEXT() REPRESENTATION_CONTEXT('2D SPACE',''
  ) );
#510 = PCURVE('',#511,#516);
#511 = CYLINDRICAL_SURFACE('',#512,2.);
#512 = AXIS2_PLACEMENT_3D('',#513,#514,#515);
#513 = CARTESIAN_POINT('',(21.,17.,-17.));
#514 = DIRECTION('',(1.,0.,0.));
#515 = DIRECTION('',(0.,0.,-1.));
#516 = DEFINITIONAL_REPRESENTATION('',(#517),#521);
#517 = LINE('',#518,#519);
#518 = CARTESIAN_POINT('',(-3.14159265359,0.));
#519 = VECTOR('',#520,1.);
#520 = DIRECTION('',(1.,0.));
#521 = ( GEOMETRIC_REPRESENTATION_CONTEXT(2) 
PARAMETRIC_REPRESENTATION_CONTEXT() REPRESENTATION_CONTEXT('2D SPACE',''
  ) );
#522 = FACE_BOUND('',#523,.F.);
#523 = EDGE_LOOP('',(#524));
#524 = ORIENTED_EDGE('',*,*,#525,.F.);
#525 = EDGE_CURVE('',#526,#526,#528,.T.);
#526 = VERTEX_POINT('',#527);
#527 = CARTESIAN_POINT('',(21.,29.2,27.5));
#528 = SURFACE_CURVE('',#529,(#534,#541),.PCURVE_S1.);
#529 = CIRCLE('',#530,1.7);
#530 = AXIS2_PLACEMENT_3D('',#531,#532,#533);
#531 = CARTESIAN_POINT('',(21.,27.5,27.5));
#532 = DIRECTION('',(1.,0.,0.));
#533 = DIRECTION('',(0.,1.,0.));
#534 = PCURVE('',#32,#535);
#535 = DEFINITIONAL_REPRESENTATION('',(#536),#540);
#536 = CIRCLE('',#537,1.7);
#537 = AXIS2_PLACEMENT_2D('',#538,#539);
#538 = CARTESIAN_POINT('',(27.5,-27.5));
#539 = DIRECTION('',(0.,-1.));
#540 = ( GEOMETRIC_REPRESENTATION_CONTEXT(2) 
PARAMETRIC_REPRESENTATION_CONTEXT() REPRESENTATION_CONTEXT('2D SPACE',''
  ) );
#541 = PCURVE('',#542,#547);
#542 = CYLINDRICAL_SURFACE('',#543,1.7);
#543 = AXIS2_PLACEMENT_3D('',#544,#545,#546);
#544 = CARTESIAN_POINT('',(21.,27.5,27.5));
#545 = DIRECTION('',(-1.,-0.,-0.));
#546 = DIRECTION('',(0.,1.,0.));
#547 = DEFINITIONAL_REPRESENTATION('',(#548),#552);
#548 = LINE('',#549,#550);
#549 = CARTESIAN_POINT('',(-0.,0.));
#550 = VECTOR('',#551,1.);
#551 = DIRECTION('',(-1.,0.));
#552 = ( GEOMETRIC_REPRESENTATION_CONTEXT(2) 
PARAMETRIC_REPRESENTATION_CONTEXT() REPRESENTATION_CONTEXT('2D SPACE',''
  ) );
#553 = FACE_BOUND('',#554,.F.);
#554 = EDGE_LOOP('',(#555));
#555 = ORIENTED_EDGE('',*,*,#556,.F.);
#556 = EDGE_CURVE('',#557,#557,#559,.T.);
#557 = VERTEX_POINT('',#558);
#558 = CARTESIAN_POINT('',(21.,-25.8,-27.5));
#559 = SURFACE_CURVE('',#560,(#565,#572),.PCURVE_S1.);
#560 = CIRCLE('',#561,1.7);
#561 = AXIS2_PLACEMENT_3D('',#562,#563,#564);
#562 = CARTESIAN_POINT('',(21.,-27.5,-27.5));
#563 = DIRECTION('',(1.,0.,0.));
#564 = DIRECTION('',(0.,1.,0.));
#565 = PCURVE('',#32,#566);
#566 = DEFINITIONAL_REPRESENTATION('',(#567),#571);
#567 = CIRCLE('',#568,1.7);
#568 = AXIS2_PLACEMENT_2D('',#569,#570);
#569 = CARTESIAN_POINT('',(-27.5,27.5));
#570 = DIRECTION('',(0.,-1.));
#571 = ( GEOMETRIC_REPRESENTATION_CONTEXT(2) 
PARAMETRIC_REPRESENTATION_CONTEXT() REPRESENTATION_CONTEXT('2D SPACE',''
  ) );
#572 = PCURVE('',#573,#578);
#573 = CYLINDRICAL_SURFACE('',#574,1.7);
#574 = AXIS2_PLACEMENT_3D('',#575,#576,#577);
#575 = CARTESIAN_POINT('',(21.,-27.5,-27.5));
#576 = DIRECTION('',(-1.,-0.,-0.));
#577 = DIRECTION('',(0.,1.,0.));
#578 = DEFINITIONAL_REPRESENTATION('',(#579),#583);
#579 = LINE('',#580,#581);
#580 = CARTESIAN_POINT('',(-0.,0.));
#581 = VECTOR('',#582,1.);
#582 = DIRECTION('',(-1.,0.));
#583 = ( GEOMETRIC_REPRESENTATION_CONTEXT(2) 
PARAMETRIC_REPRESENTATION_CONTEXT() REPRESENTATION_CONTEXT('2D SPACE',''
  ) );
#584 = FACE_BOUND('',#585,.F.);
#585 = EDGE_LOOP('',(#586));
#586 = ORIENTED_EDGE('',*,*,#587,.F.);
#587 = EDGE_CURVE('',#588,#588,#590,.T.);
#588 = VERTEX_POINT('',#589);
#589 = CARTESIAN_POINT('',(21.,-25.8,27.5));
#590 = SURFACE_CURVE('',#591,(#596,#603),.PCURVE_S1.);
#591 = CIRCLE('',#592,1.7);
#592 = AXIS2_PLACEMENT_3D('',#593,#594,#595);
#593 = CARTESIAN_POINT('',(21.,-27.5,27.5));
#594 = DIRECTION('',(1.,0.,0.));
#595 = DIRECTION('',(0.,1.,0.));
#596 = PCURVE('',#32,#597);
#597 = DEFINITIONAL_REPRESENTATION('',(#598),#602);
#598 = CIRCLE('',#599,1.7);
#599 = AXIS2_PLACEMENT_2D('',#600,#601);
#600 = CARTESIAN_POINT('',(27.5,27.5));
#601 = DIRECTION('',(0.,-1.));
#602 = ( GEOMETRIC_REPRESENTATION_CONTEXT(2) 
PARAMETRIC_REPRESENTATION_CONTEXT() REPRESENTATION_CONTEXT('2D SPACE',''
  ) );
#603 = PCURVE('',#604,#609);
#604 = CYLINDRICAL_SURFACE('',#605,1.7);
#605 = AXIS2_PLACEMENT_3D('',#606,#607,#608);
#606 = CARTESIAN_POINT('',(21.,-27.5,27.5));
#607 = DIRECTION('',(-1.,-0.,-0.));
#608 = DIRECTION('',(0.,1.,0.));
#609 = DEFINITIONAL_REPRESENTATION('',(#610),#614);
#610 = LINE('',#611,#612);
#611 = CARTESIAN_POINT('',(-0.,0.));
#612 = VECTOR('',#613,1.);
#613 = DIRECTION('',(-1.,0.));
#614 = ( GEOMETRIC_REPRESENTATION_CONTEXT(2) 
PARAMETRIC_REPRESENTATION_CONTEXT() REPRESENTATION_CONTEXT('2D SPACE',''
  ) );
#615 = ADVANCED_FACE('',(#616),#44,.F.);
#616 = FACE_BOUND('',#617,.F.);
#617 = EDGE_LOOP('',(#618,#619,#642,#670));
#618 = ORIENTED_EDGE('',*,*,#21,.F.);
#619 = ORIENTED_EDGE('',*,*,#620,.T.);
#620 = EDGE_CURVE('',#22,#621,#623,.T.);
#621 = VERTEX_POINT('',#622);
#622 = CARTESIAN_POINT('',(27.,-28.,-32.));
#623 = SURFACE_CURVE('',#624,(#628,#635),.PCURVE_S1.);
#624 = LINE('',#625,#626);
#625 = CARTESIAN_POINT('',(21.,-28.,-32.));
#626 = VECTOR('',#627,1.);
#627 = DIRECTION('',(1.,0.,0.));
#628 = PCURVE('',#44,#629);
#629 = DEFINITIONAL_REPRESENTATION('',(#630),#634);
#630 = LINE('',#631,#632);
#631 = CARTESIAN_POINT('',(4.,0.));
#632 = VECTOR('',#633,1.);
#633 = DIRECTION('',(0.,-1.));
#634 = ( GEOMETRIC_REPRESENTATION_CONTEXT(2) 
PARAMETRIC_REPRESENTATION_CONTEXT() REPRESENTATION_CONTEXT('2D SPACE',''
  ) );
#635 = PCURVE('',#246,#636);
#636 = DEFINITIONAL_REPRESENTATION('',(#637),#641);
#637 = LINE('',#638,#639);
#638 = CARTESIAN_POINT('',(-0.,0.));
#639 = VECTOR('',#640,1.);
#640 = DIRECTION('',(-0.,1.));
#641 = ( GEOMETRIC_REPRESENTATION_CONTEXT(2) 
PARAMETRIC_REPRESENTATION_CONTEXT() REPRESENTATION_CONTEXT('2D SPACE',''
  ) );
#642 = ORIENTED_EDGE('',*,*,#643,.T.);
#643 = EDGE_CURVE('',#621,#644,#646,.T.);
#644 = VERTEX_POINT('',#645);
#645 = CARTESIAN_POINT('',(27.,28.,-32.));
#646 = SURFACE_CURVE('',#647,(#651,#658),.PCURVE_S1.);
#647 = LINE('',#648,#649);
#648 = CARTESIAN_POINT('',(27.,-32.,-32.));
#649 = VECTOR('',#650,1.);
#650 = DIRECTION('',(0.,1.,0.));
#651 = PCURVE('',#44,#652);
#652 = DEFINITIONAL_REPRESENTATION('',(#653),#657);
#653 = LINE('',#654,#655);
#654 = CARTESIAN_POINT('',(0.,-6.));
#655 = VECTOR('',#656,1.);
#656 = DIRECTION('',(1.,0.));
#657 = ( GEOMETRIC_REPRESENTATION_CONTEXT(2) 
PARAMETRIC_REPRESENTATION_CONTEXT() REPRESENTATION_CONTEXT('2D SPACE',''
  ) );
#658 = PCURVE('',#659,#664);
#659 = PLANE('',#660);
#660 = AXIS2_PLACEMENT_3D('',#661,#662,#663);
#661 = CARTESIAN_POINT('',(27.,0.,0.));
#662 = DIRECTION('',(1.,0.,0.));
#663 = DIRECTION('',(-0.,0.,1.));
#664 = DEFINITIONAL_REPRESENTATION('',(#665),#669);
#665 = LINE('',#666,#667);
#666 = CARTESIAN_POINT('',(-32.,32.));
#667 = VECTOR('',#668,1.);
#668 = DIRECTION('',(0.,-1.));
#669 = ( GEOMETRIC_REPRESENTATION_CONTEXT(2) 
PARAMETRIC_REPRESENTATION_CONTEXT() REPRESENTATION_CONTEXT('2D SPACE',''
  ) );
#670 = ORIENTED_EDGE('',*,*,#671,.F.);
#671 = EDGE_CURVE('',#24,#644,#672,.T.);
#672 = SURFACE_CURVE('',#673,(#677,#684),.PCURVE_S1.);
#673 = LINE('',#674,#675);
#674 = CARTESIAN_POINT('',(21.,28.,-32.));
#675 = VECTOR('',#676,1.);
#676 = DIRECTION('',(1.,0.,0.));
#677 = PCURVE('',#44,#678);
#678 = DEFINITIONAL_REPRESENTATION('',(#679),#683);
#679 = LINE('',#680,#681);
#680 = CARTESIAN_POINT('',(60.,0.));
#681 = VECTOR('',#682,1.);
#682 = DIRECTION('',(0.,-1.));
#683 = ( GEOMETRIC_REPRESENTATION_CONTEXT(2) 
PARAMETRIC_REPRESENTATION_CONTEXT() REPRESENTATION_CONTEXT('2D SPACE',''
  ) );
#684 = PCURVE('',#73,#685);
#685 = DEFINITIONAL_REPRESENTATION('',(#686),#690);
#686 = LINE('',#687,#688);
#687 = CARTESIAN_POINT('',(0.,0.));
#688 = VECTOR('',#689,1.);
#689 = DIRECTION('',(0.,1.));
#690 = ( GEOMETRIC_REPRESENTATION_CONTEXT(2) 
PARAMETRIC_REPRESENTATION_CONTEXT() REPRESENTATION_CONTEXT('2D SPACE',''
  ) );
#691 = ADVANCED_FACE('',(#692),#246,.T.);
#692 = FACE_BOUND('',#693,.F.);
#693 = EDGE_LOOP('',(#694,#695,#718,#744));
#694 = ORIENTED_EDGE('',*,*,#227,.T.);
#695 = ORIENTED_EDGE('',*,*,#696,.T.);
#696 = EDGE_CURVE('',#200,#697,#699,.T.);
#697 = VERTEX_POINT('',#698);
#698 = CARTESIAN_POINT('',(27.,-32.,-28.));
#699 = SURFACE_CURVE('',#700,(#704,#711),.PCURVE_S1.);
#700 = LINE('',#701,#702);
#701 = CARTESIAN_POINT('',(21.,-32.,-28.));
#702 = VECTOR('',#703,1.);
#703 = DIRECTION('',(1.,0.,0.));
#704 = PCURVE('',#246,#705);
#705 = DEFINITIONAL_REPRESENTATION('',(#706),#710);
#706 = LINE('',#707,#708);
#707 = CARTESIAN_POINT('',(-1.570796326795,0.));
#708 = VECTOR('',#709,1.);
#709 = DIRECTION('',(-0.,1.));
#710 = ( GEOMETRIC_REPRESENTATION_CONTEXT(2) 
PARAMETRIC_REPRESENTATION_CONTEXT() REPRESENTATION_CONTEXT('2D SPACE',''
  ) );
#711 = PCURVE('',#215,#712);
#712 = DEFINITIONAL_REPRESENTATION('',(#713),#717);
#713 = LINE('',#714,#715);
#714 = CARTESIAN_POINT('',(60.,0.));
#715 = VECTOR('',#716,1.);
#716 = DIRECTION('',(0.,-1.));
#717 = ( GEOMETRIC_REPRESENTATION_CONTEXT(2) 
PARAMETRIC_REPRESENTATION_CONTEXT() REPRESENTATION_CONTEXT('2D SPACE',''
  ) );
#718 = ORIENTED_EDGE('',*,*,#719,.F.);
#719 = EDGE_CURVE('',#621,#697,#720,.T.);
#720 = SURFACE_CURVE('',#721,(#726,#733),.PCURVE_S1.);
#721 = CIRCLE('',#722,4.);
#722 = AXIS2_PLACEMENT_3D('',#723,#724,#725);
#723 = CARTESIAN_POINT('',(27.,-28.,-28.));
#724 = DIRECTION('',(-1.,0.,-0.));
#725 = DIRECTION('',(-0.,0.,1.));
#726 = PCURVE('',#246,#727);
#727 = DEFINITIONAL_REPRESENTATION('',(#728),#732);
#728 = LINE('',#729,#730);
#729 = CARTESIAN_POINT('',(3.14159265359,6.));
#730 = VECTOR('',#731,1.);
#731 = DIRECTION('',(-1.,0.));
#732 = ( GEOMETRIC_REPRESENTATION_CONTEXT(2) 
PARAMETRIC_REPRESENTATION_CONTEXT() REPRESENTATION_CONTEXT('2D SPACE',''
  ) );
#733 = PCURVE('',#659,#734);
#734 = DEFINITIONAL_REPRESENTATION('',(#735),#743);
#735 = ( BOUNDED_CURVE() B_SPLINE_CURVE(2,(#736,#737,#738,#739,#740,#741
,#742),.UNSPECIFIED.,.T.,.F.) B_SPLINE_CURVE_WITH_KNOTS((1,2,2,2,2,1),(
    -2.094395102393,0.,2.094395102393,4.188790204786,6.28318530718,
8.377580409573),.UNSPECIFIED.) CURVE() GEOMETRIC_REPRESENTATION_ITEM() 
RATIONAL_B_SPLINE_CURVE((1.,0.5,1.,0.5,1.,0.5,1.)) REPRESENTATION_ITEM(
  '') );
#736 = CARTESIAN_POINT('',(-24.,28.));
#737 = CARTESIAN_POINT('',(-24.,21.071796769724));
#738 = CARTESIAN_POINT('',(-30.,24.535898384862));
#739 = CARTESIAN_POINT('',(-36.,28.));
#740 = CARTESIAN_POINT('',(-30.,31.464101615138));
#741 = CARTESIAN_POINT('',(-24.,34.928203230276));
#742 = CARTESIAN_POINT('',(-24.,28.));
#743 = ( GEOMETRIC_REPRESENTATION_CONTEXT(2) 
PARAMETRIC_REPRESENTATION_CONTEXT() REPRESENTATION_CONTEXT('2D SPACE',''
  ) );
#744 = ORIENTED_EDGE('',*,*,#620,.F.);
#745 = ADVANCED_FACE('',(#746),#73,.T.);
#746 = FACE_BOUND('',#747,.T.);
#747 = EDGE_LOOP('',(#748,#749,#772,#794));
#748 = ORIENTED_EDGE('',*,*,#56,.T.);
#749 = ORIENTED_EDGE('',*,*,#750,.T.);
#750 = EDGE_CURVE('',#57,#751,#753,.T.);
#751 = VERTEX_POINT('',#752);
#752 = CARTESIAN_POINT('',(27.,32.,-28.));
#753 = SURFACE_CURVE('',#754,(#758,#765),.PCURVE_S1.);
#754 = LINE('',#755,#756);
#755 = CARTESIAN_POINT('',(21.,32.,-28.));
#756 = VECTOR('',#757,1.);
#757 = DIRECTION('',(1.,0.,0.));
#758 = PCURVE('',#73,#759);
#759 = DEFINITIONAL_REPRESENTATION('',(#760),#764);
#760 = LINE('',#761,#762);
#761 = CARTESIAN_POINT('',(1.570796326795,0.));
#762 = VECTOR('',#763,1.);
#763 = DIRECTION('',(0.,1.));
#764 = ( GEOMETRIC_REPRESENTATION_CONTEXT(2) 
PARAMETRIC_REPRESENTATION_CONTEXT() REPRESENTATION_CONTEXT('2D SPACE',''
  ) );
#765 = PCURVE('',#101,#766);
#766 = DEFINITIONAL_REPRESENTATION('',(#767),#771);
#767 = LINE('',#768,#769);
#768 = CARTESIAN_POINT('',(4.,0.));
#769 = VECTOR('',#770,1.);
#770 = DIRECTION('',(0.,-1.));
#771 = ( GEOMETRIC_REPRESENTATION_CONTEXT(2) 
PARAMETRIC_REPRESENTATION_CONTEXT() REPRESENTATION_CONTEXT('2D SPACE',''
  ) );
#772 = ORIENTED_EDGE('',*,*,#773,.F.);
#773 = EDGE_CURVE('',#644,#751,#774,.T.);
#774 = SURFACE_CURVE('',#775,(#780,#787),.PCURVE_S1.);
#775 = CIRCLE('',#776,4.);
#776 = AXIS2_PLACEMENT_3D('',#777,#778,#779);
#777 = CARTESIAN_POINT('',(27.,28.,-28.));
#778 = DIRECTION('',(1.,0.,0.));
#779 = DIRECTION('',(-0.,0.,1.));
#780 = PCURVE('',#73,#781);
#781 = DEFINITIONAL_REPRESENTATION('',(#782),#786);
#782 = LINE('',#783,#784);
#783 = CARTESIAN_POINT('',(-3.14159265359,6.));
#784 = VECTOR('',#785,1.);
#785 = DIRECTION('',(1.,0.));
#786 = ( GEOMETRIC_REPRESENTATION_CONTEXT(2) 
PARAMETRIC_REPRESENTATION_CONTEXT() REPRESENTATION_CONTEXT('2D SPACE',''
  ) );
#787 = PCURVE('',#659,#788);
#788 = DEFINITIONAL_REPRESENTATION('',(#789),#793);
#789 = CIRCLE('',#790,4.);
#790 = AXIS2_PLACEMENT_2D('',#791,#792);
#791 = CARTESIAN_POINT('',(-28.,-28.));
#792 = DIRECTION('',(1.,0.));
#793 = ( GEOMETRIC_REPRESENTATION_CONTEXT(2) 
PARAMETRIC_REPRESENTATION_CONTEXT() REPRESENTATION_CONTEXT('2D SPACE',''
  ) );
#794 = ORIENTED_EDGE('',*,*,#671,.F.);
#795 = ADVANCED_FACE('',(#796),#215,.F.);
#796 = FACE_BOUND('',#797,.F.);
#797 = EDGE_LOOP('',(#798,#799,#822,#843));
#798 = ORIENTED_EDGE('',*,*,#199,.F.);
#799 = ORIENTED_EDGE('',*,*,#800,.T.);
#800 = EDGE_CURVE('',#171,#801,#803,.T.);
#801 = VERTEX_POINT('',#802);
#802 = CARTESIAN_POINT('',(27.,-32.,28.));
#803 = SURFACE_CURVE('',#804,(#808,#815),.PCURVE_S1.);
#804 = LINE('',#805,#806);
#805 = CARTESIAN_POINT('',(21.,-32.,28.));
#806 = VECTOR('',#807,1.);
#807 = DIRECTION('',(1.,0.,0.));
#808 = PCURVE('',#215,#809);
#809 = DEFINITIONAL_REPRESENTATION('',(#810),#814);
#810 = LINE('',#811,#812);
#811 = CARTESIAN_POINT('',(4.,0.));
#812 = VECTOR('',#813,1.);
#813 = DIRECTION('',(0.,-1.));
#814 = ( GEOMETRIC_REPRESENTATION_CONTEXT(2) 
PARAMETRIC_REPRESENTATION_CONTEXT() REPRESENTATION_CONTEXT('2D SPACE',''
  ) );
#815 = PCURVE('',#187,#816);
#816 = DEFINITIONAL_REPRESENTATION('',(#817),#821);
#817 = LINE('',#818,#819);
#818 = CARTESIAN_POINT('',(1.570796326795,0.));
#819 = VECTOR('',#820,1.);
#820 = DIRECTION('',(0.,1.));
#821 = ( GEOMETRIC_REPRESENTATION_CONTEXT(2) 
PARAMETRIC_REPRESENTATION_CONTEXT() REPRESENTATION_CONTEXT('2D SPACE',''
  ) );
#822 = ORIENTED_EDGE('',*,*,#823,.T.);
#823 = EDGE_CURVE('',#801,#697,#824,.T.);
#824 = SURFACE_CURVE('',#825,(#829,#836),.PCURVE_S1.);
#825 = LINE('',#826,#827);
#826 = CARTESIAN_POINT('',(27.,-32.,32.));
#827 = VECTOR('',#828,1.);
#828 = DIRECTION('',(0.,0.,-1.));
#829 = PCURVE('',#215,#830);
#830 = DEFINITIONAL_REPRESENTATION('',(#831),#835);
#831 = LINE('',#832,#833);
#832 = CARTESIAN_POINT('',(0.,-6.));
#833 = VECTOR('',#834,1.);
#834 = DIRECTION('',(1.,0.));
#835 = ( GEOMETRIC_REPRESENTATION_CONTEXT(2) 
PARAMETRIC_REPRESENTATION_CONTEXT() REPRESENTATION_CONTEXT('2D SPACE',''
  ) );
#836 = PCURVE('',#659,#837);
#837 = DEFINITIONAL_REPRESENTATION('',(#838),#842);
#838 = LINE('',#839,#840);
#839 = CARTESIAN_POINT('',(32.,32.));
#840 = VECTOR('',#841,1.);
#841 = DIRECTION('',(-1.,0.));
#842 = ( GEOMETRIC_REPRESENTATION_CONTEXT(2) 
PARAMETRIC_REPRESENTATION_CONTEXT() REPRESENTATION_CONTEXT('2D SPACE',''
  ) );
#843 = ORIENTED_EDGE('',*,*,#696,.F.);
#844 = ADVANCED_FACE('',(#845),#101,.F.);
#845 = FACE_BOUND('',#846,.F.);
#846 = EDGE_LOOP('',(#847,#848,#849,#872));
#847 = ORIENTED_EDGE('',*,*,#85,.F.);
#848 = ORIENTED_EDGE('',*,*,#750,.T.);
#849 = ORIENTED_EDGE('',*,*,#850,.T.);
#850 = EDGE_CURVE('',#751,#851,#853,.T.);
#851 = VERTEX_POINT('',#852);
#852 = CARTESIAN_POINT('',(27.,32.,28.));
#853 = SURFACE_CURVE('',#854,(#858,#865),.PCURVE_S1.);
#854 = LINE('',#855,#856);
#855 = CARTESIAN_POINT('',(27.,32.,-32.));
#856 = VECTOR('',#857,1.);
#857 = DIRECTION('',(0.,0.,1.));
#858 = PCURVE('',#101,#859);
#859 = DEFINITIONAL_REPRESENTATION('',(#860),#864);
#860 = LINE('',#861,#862);
#861 = CARTESIAN_POINT('',(0.,-6.));
#862 = VECTOR('',#863,1.);
#863 = DIRECTION('',(1.,0.));
#864 = ( GEOMETRIC_REPRESENTATION_CONTEXT(2) 
PARAMETRIC_REPRESENTATION_CONTEXT() REPRESENTATION_CONTEXT('2D SPACE',''
  ) );
#865 = PCURVE('',#659,#866);
#866 = DEFINITIONAL_REPRESENTATION('',(#867),#871);
#867 = LINE('',#868,#869);
#868 = CARTESIAN_POINT('',(-32.,-32.));
#869 = VECTOR('',#870,1.);
#870 = DIRECTION('',(1.,0.));
#871 = ( GEOMETRIC_REPRESENTATION_CONTEXT(2) 
PARAMETRIC_REPRESENTATION_CONTEXT() REPRESENTATION_CONTEXT('2D SPACE',''
  ) );
#872 = ORIENTED_EDGE('',*,*,#873,.F.);
#873 = EDGE_CURVE('',#86,#851,#874,.T.);
#874 = SURFACE_CURVE('',#875,(#879,#886),.PCURVE_S1.);
#875 = LINE('',#876,#877);
#876 = CARTESIAN_POINT('',(21.,32.,28.));
#877 = VECTOR('',#878,1.);
#878 = DIRECTION('',(1.,0.,0.));
#879 = PCURVE('',#101,#880);
#880 = DEFINITIONAL_REPRESENTATION('',(#881),#885);
#881 = LINE('',#882,#883);
#882 = CARTESIAN_POINT('',(60.,0.));
#883 = VECTOR('',#884,1.);
#884 = DIRECTION('',(0.,-1.));
#885 = ( GEOMETRIC_REPRESENTATION_CONTEXT(2) 
PARAMETRIC_REPRESENTATION_CONTEXT() REPRESENTATION_CONTEXT('2D SPACE',''
  ) );
#886 = PCURVE('',#130,#887);
#887 = DEFINITIONAL_REPRESENTATION('',(#888),#892);
#888 = LINE('',#889,#890);
#889 = CARTESIAN_POINT('',(0.,0.));
#890 = VECTOR('',#891,1.);
#891 = DIRECTION('',(0.,1.));
#892 = ( GEOMETRIC_REPRESENTATION_CONTEXT(2) 
PARAMETRIC_REPRESENTATION_CONTEXT() REPRESENTATION_CONTEXT('2D SPACE',''
  ) );
#893 = ADVANCED_FACE('',(#894),#187,.T.);
#894 = FACE_BOUND('',#895,.T.);
#895 = EDGE_LOOP('',(#896,#897,#898,#922));
#896 = ORIENTED_EDGE('',*,*,#170,.T.);
#897 = ORIENTED_EDGE('',*,*,#800,.T.);
#898 = ORIENTED_EDGE('',*,*,#899,.F.);
#899 = EDGE_CURVE('',#900,#801,#902,.T.);
#900 = VERTEX_POINT('',#901);
#901 = CARTESIAN_POINT('',(27.,-28.,32.));
#902 = SURFACE_CURVE('',#903,(#908,#915),.PCURVE_S1.);
#903 = CIRCLE('',#904,4.);
#904 = AXIS2_PLACEMENT_3D('',#905,#906,#907);
#905 = CARTESIAN_POINT('',(27.,-28.,28.));
#906 = DIRECTION('',(1.,0.,0.));
#907 = DIRECTION('',(-0.,0.,1.));
#908 = PCURVE('',#187,#909);
#909 = DEFINITIONAL_REPRESENTATION('',(#910),#914);
#910 = LINE('',#911,#912);
#911 = CARTESIAN_POINT('',(0.,6.));
#912 = VECTOR('',#913,1.);
#913 = DIRECTION('',(1.,0.));
#914 = ( GEOMETRIC_REPRESENTATION_CONTEXT(2) 
PARAMETRIC_REPRESENTATION_CONTEXT() REPRESENTATION_CONTEXT('2D SPACE',''
  ) );
#915 = PCURVE('',#659,#916);
#916 = DEFINITIONAL_REPRESENTATION('',(#917),#921);
#917 = CIRCLE('',#918,4.);
#918 = AXIS2_PLACEMENT_2D('',#919,#920);
#919 = CARTESIAN_POINT('',(28.,28.));
#920 = DIRECTION('',(1.,0.));
#921 = ( GEOMETRIC_REPRESENTATION_CONTEXT(2) 
PARAMETRIC_REPRESENTATION_CONTEXT() REPRESENTATION_CONTEXT('2D SPACE',''
  ) );
#922 = ORIENTED_EDGE('',*,*,#923,.F.);
#923 = EDGE_CURVE('',#143,#900,#924,.T.);
#924 = SURFACE_CURVE('',#925,(#929,#936),.PCURVE_S1.);
#925 = LINE('',#926,#927);
#926 = CARTESIAN_POINT('',(21.,-28.,32.));
#927 = VECTOR('',#928,1.);
#928 = DIRECTION('',(1.,0.,0.));
#929 = PCURVE('',#187,#930);
#930 = DEFINITIONAL_REPRESENTATION('',(#931),#935);
#931 = LINE('',#932,#933);
#932 = CARTESIAN_POINT('',(0.,0.));
#933 = VECTOR('',#934,1.);
#934 = DIRECTION('',(0.,1.));
#935 = ( GEOMETRIC_REPRESENTATION_CONTEXT(2) 
PARAMETRIC_REPRESENTATION_CONTEXT() REPRESENTATION_CONTEXT('2D SPACE',''
  ) );
#936 = PCURVE('',#158,#937);
#937 = DEFINITIONAL_REPRESENTATION('',(#938),#942);
#938 = LINE('',#939,#940);
#939 = CARTESIAN_POINT('',(60.,0.));
#940 = VECTOR('',#941,1.);
#941 = DIRECTION('',(0.,-1.));
#942 = ( GEOMETRIC_REPRESENTATION_CONTEXT(2) 
PARAMETRIC_REPRESENTATION_CONTEXT() REPRESENTATION_CONTEXT('2D SPACE',''
  ) );
#943 = ADVANCED_FACE('',(#944),#130,.T.);
#944 = FACE_BOUND('',#945,.T.);
#945 = EDGE_LOOP('',(#946,#947,#970,#992));
#946 = ORIENTED_EDGE('',*,*,#113,.T.);
#947 = ORIENTED_EDGE('',*,*,#948,.T.);
#948 = EDGE_CURVE('',#114,#949,#951,.T.);
#949 = VERTEX_POINT('',#950);
#950 = CARTESIAN_POINT('',(27.,28.,32.));
#951 = SURFACE_CURVE('',#952,(#956,#963),.PCURVE_S1.);
#952 = LINE('',#953,#954);
#953 = CARTESIAN_POINT('',(21.,28.,32.));
#954 = VECTOR('',#955,1.);
#955 = DIRECTION('',(1.,0.,0.));
#956 = PCURVE('',#130,#957);
#957 = DEFINITIONAL_REPRESENTATION('',(#958),#962);
#958 = LINE('',#959,#960);
#959 = CARTESIAN_POINT('',(1.570796326795,0.));
#960 = VECTOR('',#961,1.);
#961 = DIRECTION('',(0.,1.));
#962 = ( GEOMETRIC_REPRESENTATION_CONTEXT(2) 
PARAMETRIC_REPRESENTATION_CONTEXT() REPRESENTATION_CONTEXT('2D SPACE',''
  ) );
#963 = PCURVE('',#158,#964);
#964 = DEFINITIONAL_REPRESENTATION('',(#965),#969);
#965 = LINE('',#966,#967);
#966 = CARTESIAN_POINT('',(4.,0.));
#967 = VECTOR('',#968,1.);
#968 = DIRECTION('',(0.,-1.));
#969 = ( GEOMETRIC_REPRESENTATION_CONTEXT(2) 
PARAMETRIC_REPRESENTATION_CONTEXT() REPRESENTATION_CONTEXT('2D SPACE',''
  ) );
#970 = ORIENTED_EDGE('',*,*,#971,.F.);
#971 = EDGE_CURVE('',#851,#949,#972,.T.);
#972 = SURFACE_CURVE('',#973,(#978,#985),.PCURVE_S1.);
#973 = CIRCLE('',#974,4.);
#974 = AXIS2_PLACEMENT_3D('',#975,#976,#977);
#975 = CARTESIAN_POINT('',(27.,28.,28.));
#976 = DIRECTION('',(1.,0.,0.));
#977 = DIRECTION('',(-0.,0.,1.));
#978 = PCURVE('',#130,#979);
#979 = DEFINITIONAL_REPRESENTATION('',(#980),#984);
#980 = LINE('',#981,#982);
#981 = CARTESIAN_POINT('',(-4.712388980385,6.));
#982 = VECTOR('',#983,1.);
#983 = DIRECTION('',(1.,0.));
#984 = ( GEOMETRIC_REPRESENTATION_CONTEXT(2) 
PARAMETRIC_REPRESENTATION_CONTEXT() REPRESENTATION_CONTEXT('2D SPACE',''
  ) );
#985 = PCURVE('',#659,#986);
#986 = DEFINITIONAL_REPRESENTATION('',(#987),#991);
#987 = CIRCLE('',#988,4.);
#988 = AXIS2_PLACEMENT_2D('',#989,#990);
#989 = CARTESIAN_POINT('',(28.,-28.));
#990 = DIRECTION('',(1.,0.));
#991 = ( GEOMETRIC_REPRESENTATION_CONTEXT(2) 
PARAMETRIC_REPRESENTATION_CONTEXT() REPRESENTATION_CONTEXT('2D SPACE',''
  ) );
#992 = ORIENTED_EDGE('',*,*,#873,.F.);
#993 = ADVANCED_FACE('',(#994),#158,.F.);
#994 = FACE_BOUND('',#995,.F.);
#995 = EDGE_LOOP('',(#996,#997,#998,#1019));
#996 = ORIENTED_EDGE('',*,*,#142,.F.);
#997 = ORIENTED_EDGE('',*,*,#948,.T.);
#998 = ORIENTED_EDGE('',*,*,#999,.T.);
#999 = EDGE_CURVE('',#949,#900,#1000,.T.);
#1000 = SURFACE_CURVE('',#1001,(#1005,#1012),.PCURVE_S1.);
#1001 = LINE('',#1002,#1003);
#1002 = CARTESIAN_POINT('',(27.,32.,32.));
#1003 = VECTOR('',#1004,1.);
#1004 = DIRECTION('',(0.,-1.,0.));
#1005 = PCURVE('',#158,#1006);
#1006 = DEFINITIONAL_REPRESENTATION('',(#1007),#1011);
#1007 = LINE('',#1008,#1009);
#1008 = CARTESIAN_POINT('',(0.,-6.));
#1009 = VECTOR('',#1010,1.);
#1010 = DIRECTION('',(1.,0.));
#1011 = ( GEOMETRIC_REPRESENTATION_CONTEXT(2) 
PARAMETRIC_REPRESENTATION_CONTEXT() REPRESENTATION_CONTEXT('2D SPACE',''
  ) );
#1012 = PCURVE('',#659,#1013);
#1013 = DEFINITIONAL_REPRESENTATION('',(#1014),#1018);
#1014 = LINE('',#1015,#1016);
#1015 = CARTESIAN_POINT('',(32.,-32.));
#1016 = VECTOR('',#1017,1.);
#1017 = DIRECTION('',(0.,1.));
#1018 = ( GEOMETRIC_REPRESENTATION_CONTEXT(2) 
PARAMETRIC_REPRESENTATION_CONTEXT() REPRESENTATION_CONTEXT('2D SPACE',''
  ) );
#1019 = ORIENTED_EDGE('',*,*,#923,.F.);
#1020 = ADVANCED_FACE('',(#1021),#277,.F.);
#1021 = FACE_BOUND('',#1022,.T.);
#1022 = EDGE_LOOP('',(#1023,#1046,#1068,#1069));
#1023 = ORIENTED_EDGE('',*,*,#1024,.T.);
#1024 = EDGE_CURVE('',#261,#1025,#1027,.T.);
#1025 = VERTEX_POINT('',#1026);
#1026 = CARTESIAN_POINT('',(27.,29.2,-27.5));
#1027 = SEAM_CURVE('',#1028,(#1032,#1039),.PCURVE_S1.);
#1028 = LINE('',#1029,#1030);
#1029 = CARTESIAN_POINT('',(21.,29.2,-27.5));
#1030 = VECTOR('',#1031,1.);
#1031 = DIRECTION('',(1.,0.,0.));
#1032 = PCURVE('',#277,#1033);
#1033 = DEFINITIONAL_REPRESENTATION('',(#1034),#1038);
#1034 = LINE('',#1035,#1036);
#1035 = CARTESIAN_POINT('',(-0.,0.));
#1036 = VECTOR('',#1037,1.);
#1037 = DIRECTION('',(-0.,-1.));
#1038 = ( GEOMETRIC_REPRESENTATION_CONTEXT(2) 
PARAMETRIC_REPRESENTATION_CONTEXT() REPRESENTATION_CONTEXT('2D SPACE',''
  ) );
#1039 = PCURVE('',#277,#1040);
#1040 = DEFINITIONAL_REPRESENTATION('',(#1041),#1045);
#1041 = LINE('',#1042,#1043);
#1042 = CARTESIAN_POINT('',(-6.28318530718,0.));
#1043 = VECTOR('',#1044,1.);
#1044 = DIRECTION('',(-0.,-1.));
#1045 = ( GEOMETRIC_REPRESENTATION_CONTEXT(2) 
PARAMETRIC_REPRESENTATION_CONTEXT() REPRESENTATION_CONTEXT('2D SPACE',''
  ) );
#1046 = ORIENTED_EDGE('',*,*,#1047,.T.);
#1047 = EDGE_CURVE('',#1025,#1025,#1048,.T.);
#1048 = SURFACE_CURVE('',#1049,(#1054,#1061),.PCURVE_S1.);
#1049 = CIRCLE('',#1050,1.7);
#1050 = AXIS2_PLACEMENT_3D('',#1051,#1052,#1053);
#1051 = CARTESIAN_POINT('',(27.,27.5,-27.5));
#1052 = DIRECTION('',(1.,0.,0.));
#1053 = DIRECTION('',(0.,1.,0.));
#1054 = PCURVE('',#277,#1055);
#1055 = DEFINITIONAL_REPRESENTATION('',(#1056),#1060);
#1056 = LINE('',#1057,#1058);
#1057 = CARTESIAN_POINT('',(-0.,-6.));
#1058 = VECTOR('',#1059,1.);
#1059 = DIRECTION('',(-1.,0.));
#1060 = ( GEOMETRIC_REPRESENTATION_CONTEXT(2) 
PARAMETRIC_REPRESENTATION_CONTEXT() REPRESENTATION_CONTEXT('2D SPACE',''
  ) );
#1061 = PCURVE('',#659,#1062);
#1062 = DEFINITIONAL_REPRESENTATION('',(#1063),#1067);
#1063 = CIRCLE('',#1064,1.7);
#1064 = AXIS2_PLACEMENT_2D('',#1065,#1066);
#1065 = CARTESIAN_POINT('',(-27.5,-27.5));
#1066 = DIRECTION('',(0.,-1.));
#1067 = ( GEOMETRIC_REPRESENTATION_CONTEXT(2) 
PARAMETRIC_REPRESENTATION_CONTEXT() REPRESENTATION_CONTEXT('2D SPACE',''
  ) );
#1068 = ORIENTED_EDGE('',*,*,#1024,.F.);
#1069 = ORIENTED_EDGE('',*,*,#260,.F.);
#1070 = ADVANCED_FACE('',(#1071,#1146),#309,.T.);
#1071 = FACE_BOUND('',#1072,.T.);
#1072 = EDGE_LOOP('',(#1073,#1074,#1097,#1125));
#1073 = ORIENTED_EDGE('',*,*,#291,.F.);
#1074 = ORIENTED_EDGE('',*,*,#1075,.T.);
#1075 = EDGE_CURVE('',#292,#1076,#1078,.T.);
#1076 = VERTEX_POINT('',#1077);
#1077 = CARTESIAN_POINT('',(63.,-17.,-19.));
#1078 = SURFACE_CURVE('',#1079,(#1083,#1090),.PCURVE_S1.);
#1079 = LINE('',#1080,#1081);
#1080 = CARTESIAN_POINT('',(21.,-17.,-19.));
#1081 = VECTOR('',#1082,1.);
#1082 = DIRECTION('',(1.,0.,0.));
#1083 = PCURVE('',#309,#1084);
#1084 = DEFINITIONAL_REPRESENTATION('',(#1085),#1089);
#1085 = LINE('',#1086,#1087);
#1086 = CARTESIAN_POINT('',(2.,0.));
#1087 = VECTOR('',#1088,1.);
#1088 = DIRECTION('',(0.,-1.));
#1089 = ( GEOMETRIC_REPRESENTATION_CONTEXT(2) 
PARAMETRIC_REPRESENTATION_CONTEXT() REPRESENTATION_CONTEXT('2D SPACE',''
  ) );
#1090 = PCURVE('',#342,#1091);
#1091 = DEFINITIONAL_REPRESENTATION('',(#1092),#1096);
#1092 = LINE('',#1093,#1094);
#1093 = CARTESIAN_POINT('',(-0.,0.));
#1094 = VECTOR('',#1095,1.);
#1095 = DIRECTION('',(-0.,1.));
#1096 = ( GEOMETRIC_REPRESENTATION_CONTEXT(2) 
PARAMETRIC_REPRESENTATION_CONTEXT() REPRESENTATION_CONTEXT('2D SPACE',''
  ) );
#1097 = ORIENTED_EDGE('',*,*,#1098,.T.);
#1098 = EDGE_CURVE('',#1076,#1099,#1101,.T.);
#1099 = VERTEX_POINT('',#1100);
#1100 = CARTESIAN_POINT('',(63.,17.,-19.));
#1101 = SURFACE_CURVE('',#1102,(#1106,#1113),.PCURVE_S1.);
#1102 = LINE('',#1103,#1104);
#1103 = CARTESIAN_POINT('',(63.,-19.,-19.));
#1104 = VECTOR('',#1105,1.);
#1105 = DIRECTION('',(0.,1.,0.));
#1106 = PCURVE('',#309,#1107);
#1107 = DEFINITIONAL_REPRESENTATION('',(#1108),#1112);
#1108 = LINE('',#1109,#1110);
#1109 = CARTESIAN_POINT('',(0.,-42.));
#1110 = VECTOR('',#1111,1.);
#1111 = DIRECTION('',(1.,0.));
#1112 = ( GEOMETRIC_REPRESENTATION_CONTEXT(2) 
PARAMETRIC_REPRESENTATION_CONTEXT() REPRESENTATION_CONTEXT('2D SPACE',''
  ) );
#1113 = PCURVE('',#1114,#1119);
#1114 = PLANE('',#1115);
#1115 = AXIS2_PLACEMENT_3D('',#1116,#1117,#1118);
#1116 = CARTESIAN_POINT('',(63.,0.,0.));
#1117 = DIRECTION('',(1.,0.,0.));
#1118 = DIRECTION('',(-0.,0.,1.));
#1119 = DEFINITIONAL_REPRESENTATION('',(#1120),#1124);
#1120 = LINE('',#1121,#1122);
#1121 = CARTESIAN_POINT('',(-19.,19.));
#1122 = VECTOR('',#1123,1.);
#1123 = DIRECTION('',(0.,-1.));
#1124 = ( GEOMETRIC_REPRESENTATION_CONTEXT(2) 
PARAMETRIC_REPRESENTATION_CONTEXT() REPRESENTATION_CONTEXT('2D SPACE',''
  ) );
#1125 = ORIENTED_EDGE('',*,*,#1126,.F.);
#1126 = EDGE_CURVE('',#294,#1099,#1127,.T.);
#1127 = SURFACE_CURVE('',#1128,(#1132,#1139),.PCURVE_S1.);
#1128 = LINE('',#1129,#1130);
#1129 = CARTESIAN_POINT('',(21.,17.,-19.));
#1130 = VECTOR('',#1131,1.);
#1131 = DIRECTION('',(1.,0.,0.));
#1132 = PCURVE('',#309,#1133);
#1133 = DEFINITIONAL_REPRESENTATION('',(#1134),#1138);
#1134 = LINE('',#1135,#1136);
#1135 = CARTESIAN_POINT('',(36.,0.));
#1136 = VECTOR('',#1137,1.);
#1137 = DIRECTION('',(0.,-1.));
#1138 = ( GEOMETRIC_REPRESENTATION_CONTEXT(2) 
PARAMETRIC_REPRESENTATION_CONTEXT() REPRESENTATION_CONTEXT('2D SPACE',''
  ) );
#1139 = PCURVE('',#511,#1140);
#1140 = DEFINITIONAL_REPRESENTATION('',(#1141),#1145);
#1141 = LINE('',#1142,#1143);
#1142 = CARTESIAN_POINT('',(0.,0.));
#1143 = VECTOR('',#1144,1.);
#1144 = DIRECTION('',(0.,1.));
#1145 = ( GEOMETRIC_REPRESENTATION_CONTEXT(2) 
PARAMETRIC_REPRESENTATION_CONTEXT() REPRESENTATION_CONTEXT('2D SPACE',''
  ) );
#1146 = FACE_BOUND('',#1147,.T.);
#1147 = EDGE_LOOP('',(#1148));
#1148 = ORIENTED_EDGE('',*,*,#1149,.F.);
#1149 = EDGE_CURVE('',#1150,#1150,#1152,.T.);
#1150 = VERTEX_POINT('',#1151);
#1151 = CARTESIAN_POINT('',(45.3,0.,-19.));
#1152 = SURFACE_CURVE('',#1153,(#1158,#1165),.PCURVE_S1.);
#1153 = CIRCLE('',#1154,6.3);
#1154 = AXIS2_PLACEMENT_3D('',#1155,#1156,#1157);
#1155 = CARTESIAN_POINT('',(39.,0.,-19.));
#1156 = DIRECTION('',(0.,0.,1.));
#1157 = DIRECTION('',(1.,0.,0.));
#1158 = PCURVE('',#309,#1159);
#1159 = DEFINITIONAL_REPRESENTATION('',(#1160),#1164);
#1160 = CIRCLE('',#1161,6.3);
#1161 = AXIS2_PLACEMENT_2D('',#1162,#1163);
#1162 = CARTESIAN_POINT('',(19.,-18.));
#1163 = DIRECTION('',(0.,-1.));
#1164 = ( GEOMETRIC_REPRESENTATION_CONTEXT(2) 
PARAMETRIC_REPRESENTATION_CONTEXT() REPRESENTATION_CONTEXT('2D SPACE',''
  ) );
#1165 = PCURVE('',#1166,#1171);
#1166 = CYLINDRICAL_SURFACE('',#1167,6.3);
#1167 = AXIS2_PLACEMENT_3D('',#1168,#1169,#1170);
#1168 = CARTESIAN_POINT('',(39.,0.,-23.));
#1169 = DIRECTION('',(-0.,-0.,-1.));
#1170 = DIRECTION('',(1.,0.,0.));
#1171 = DEFINITIONAL_REPRESENTATION('',(#1172),#1176);
#1172 = LINE('',#1173,#1174);
#1173 = CARTESIAN_POINT('',(-0.,-4.));
#1174 = VECTOR('',#1175,1.);
#1175 = DIRECTION('',(-1.,0.));
#1176 = ( GEOMETRIC_REPRESENTATION_CONTEXT(2) 
PARAMETRIC_REPRESENTATION_CONTEXT() REPRESENTATION_CONTEXT('2D SPACE',''
  ) );
#1177 = ADVANCED_FACE('',(#1178),#342,.F.);
#1178 = FACE_BOUND('',#1179,.T.);
#1179 = EDGE_LOOP('',(#1180,#1181,#1204,#1230));
#1180 = ORIENTED_EDGE('',*,*,#321,.T.);
#1181 = ORIENTED_EDGE('',*,*,#1182,.T.);
#1182 = EDGE_CURVE('',#322,#1183,#1185,.T.);
#1183 = VERTEX_POINT('',#1184);
#1184 = CARTESIAN_POINT('',(63.,-19.,-17.));
#1185 = SURFACE_CURVE('',#1186,(#1190,#1197),.PCURVE_S1.);
#1186 = LINE('',#1187,#1188);
#1187 = CARTESIAN_POINT('',(21.,-19.,-17.));
#1188 = VECTOR('',#1189,1.);
#1189 = DIRECTION('',(1.,0.,0.));
#1190 = PCURVE('',#342,#1191);
#1191 = DEFINITIONAL_REPRESENTATION('',(#1192),#1196);
#1192 = LINE('',#1193,#1194);
#1193 = CARTESIAN_POINT('',(-1.570796326795,0.));
#1194 = VECTOR('',#1195,1.);
#1195 = DIRECTION('',(-0.,1.));
#1196 = ( GEOMETRIC_REPRESENTATION_CONTEXT(2) 
PARAMETRIC_REPRESENTATION_CONTEXT() REPRESENTATION_CONTEXT('2D SPACE',''
  ) );
#1197 = PCURVE('',#370,#1198);
#1198 = DEFINITIONAL_REPRESENTATION('',(#1199),#1203);
#1199 = LINE('',#1200,#1201);
#1200 = CARTESIAN_POINT('',(36.,0.));
#1201 = VECTOR('',#1202,1.);
#1202 = DIRECTION('',(0.,-1.));
#1203 = ( GEOMETRIC_REPRESENTATION_CONTEXT(2) 
PARAMETRIC_REPRESENTATION_CONTEXT() REPRESENTATION_CONTEXT('2D SPACE',''
  ) );
#1204 = ORIENTED_EDGE('',*,*,#1205,.F.);
#1205 = EDGE_CURVE('',#1076,#1183,#1206,.T.);
#1206 = SURFACE_CURVE('',#1207,(#1212,#1219),.PCURVE_S1.);
#1207 = CIRCLE('',#1208,2.);
#1208 = AXIS2_PLACEMENT_3D('',#1209,#1210,#1211);
#1209 = CARTESIAN_POINT('',(63.,-17.,-17.));
#1210 = DIRECTION('',(-1.,0.,-0.));
#1211 = DIRECTION('',(-0.,0.,1.));
#1212 = PCURVE('',#342,#1213);
#1213 = DEFINITIONAL_REPRESENTATION('',(#1214),#1218);
#1214 = LINE('',#1215,#1216);
#1215 = CARTESIAN_POINT('',(3.14159265359,42.));
#1216 = VECTOR('',#1217,1.);
#1217 = DIRECTION('',(-1.,0.));
#1218 = ( GEOMETRIC_REPRESENTATION_CONTEXT(2) 
PARAMETRIC_REPRESENTATION_CONTEXT() REPRESENTATION_CONTEXT('2D SPACE',''
  ) );
#1219 = PCURVE('',#1114,#1220);
#1220 = DEFINITIONAL_REPRESENTATION('',(#1221),#1229);
#1221 = ( BOUNDED_CURVE() B_SPLINE_CURVE(2,(#1222,#1223,#1224,#1225,
#1226,#1227,#1228),.UNSPECIFIED.,.T.,.F.) B_SPLINE_CURVE_WITH_KNOTS((1,2
    ,2,2,2,1),(-2.094395102393,0.,2.094395102393,4.188790204786,
6.28318530718,8.377580409573),.UNSPECIFIED.) CURVE() 
GEOMETRIC_REPRESENTATION_ITEM() RATIONAL_B_SPLINE_CURVE((1.,0.5,1.,0.5,
1.,0.5,1.)) REPRESENTATION_ITEM('') );
#1222 = CARTESIAN_POINT('',(-15.,17.));
#1223 = CARTESIAN_POINT('',(-15.,13.535898384862));
#1224 = CARTESIAN_POINT('',(-18.,15.267949192431));
#1225 = CARTESIAN_POINT('',(-21.,17.));
#1226 = CARTESIAN_POINT('',(-18.,18.732050807569));
#1227 = CARTESIAN_POINT('',(-15.,20.464101615138));
#1228 = CARTESIAN_POINT('',(-15.,17.));
#1229 = ( GEOMETRIC_REPRESENTATION_CONTEXT(2) 
PARAMETRIC_REPRESENTATION_CONTEXT() REPRESENTATION_CONTEXT('2D SPACE',''
  ) );
#1230 = ORIENTED_EDGE('',*,*,#1075,.F.);
#1231 = ADVANCED_FACE('',(#1232),#511,.F.);
#1232 = FACE_BOUND('',#1233,.F.);
#1233 = EDGE_LOOP('',(#1234,#1235,#1258,#1280));
#1234 = ORIENTED_EDGE('',*,*,#496,.T.);
#1235 = ORIENTED_EDGE('',*,*,#1236,.T.);
#1236 = EDGE_CURVE('',#469,#1237,#1239,.T.);
#1237 = VERTEX_POINT('',#1238);
#1238 = CARTESIAN_POINT('',(63.,19.,-17.));
#1239 = SURFACE_CURVE('',#1240,(#1244,#1251),.PCURVE_S1.);
#1240 = LINE('',#1241,#1242);
#1241 = CARTESIAN_POINT('',(21.,19.,-17.));
#1242 = VECTOR('',#1243,1.);
#1243 = DIRECTION('',(1.,0.,0.));
#1244 = PCURVE('',#511,#1245);
#1245 = DEFINITIONAL_REPRESENTATION('',(#1246),#1250);
#1246 = LINE('',#1247,#1248);
#1247 = CARTESIAN_POINT('',(1.570796326795,0.));
#1248 = VECTOR('',#1249,1.);
#1249 = DIRECTION('',(0.,1.));
#1250 = ( GEOMETRIC_REPRESENTATION_CONTEXT(2) 
PARAMETRIC_REPRESENTATION_CONTEXT() REPRESENTATION_CONTEXT('2D SPACE',''
  ) );
#1251 = PCURVE('',#484,#1252);
#1252 = DEFINITIONAL_REPRESENTATION('',(#1253),#1257);
#1253 = LINE('',#1254,#1255);
#1254 = CARTESIAN_POINT('',(2.,0.));
#1255 = VECTOR('',#1256,1.);
#1256 = DIRECTION('',(0.,-1.));
#1257 = ( GEOMETRIC_REPRESENTATION_CONTEXT(2) 
PARAMETRIC_REPRESENTATION_CONTEXT() REPRESENTATION_CONTEXT('2D SPACE',''
  ) );
#1258 = ORIENTED_EDGE('',*,*,#1259,.F.);
#1259 = EDGE_CURVE('',#1099,#1237,#1260,.T.);
#1260 = SURFACE_CURVE('',#1261,(#1266,#1273),.PCURVE_S1.);
#1261 = CIRCLE('',#1262,2.);
#1262 = AXIS2_PLACEMENT_3D('',#1263,#1264,#1265);
#1263 = CARTESIAN_POINT('',(63.,17.,-17.));
#1264 = DIRECTION('',(1.,0.,0.));
#1265 = DIRECTION('',(-0.,0.,1.));
#1266 = PCURVE('',#511,#1267);
#1267 = DEFINITIONAL_REPRESENTATION('',(#1268),#1272);
#1268 = LINE('',#1269,#1270);
#1269 = CARTESIAN_POINT('',(-3.14159265359,42.));
#1270 = VECTOR('',#1271,1.);
#1271 = DIRECTION('',(1.,0.));
#1272 = ( GEOMETRIC_REPRESENTATION_CONTEXT(2) 
PARAMETRIC_REPRESENTATION_CONTEXT() REPRESENTATION_CONTEXT('2D SPACE',''
  ) );
#1273 = PCURVE('',#1114,#1274);
#1274 = DEFINITIONAL_REPRESENTATION('',(#1275),#1279);
#1275 = CIRCLE('',#1276,2.);
#1276 = AXIS2_PLACEMENT_2D('',#1277,#1278);
#1277 = CARTESIAN_POINT('',(-17.,-17.));
#1278 = DIRECTION('',(1.,0.));
#1279 = ( GEOMETRIC_REPRESENTATION_CONTEXT(2) 
PARAMETRIC_REPRESENTATION_CONTEXT() REPRESENTATION_CONTEXT('2D SPACE',''
  ) );
#1280 = ORIENTED_EDGE('',*,*,#1126,.F.);
#1281 = ADVANCED_FACE('',(#1282),#370,.T.);
#1282 = FACE_BOUND('',#1283,.T.);
#1283 = EDGE_LOOP('',(#1284,#1285,#1308,#1329));
#1284 = ORIENTED_EDGE('',*,*,#354,.F.);
#1285 = ORIENTED_EDGE('',*,*,#1286,.T.);
#1286 = EDGE_CURVE('',#355,#1287,#1289,.T.);
#1287 = VERTEX_POINT('',#1288);
#1288 = CARTESIAN_POINT('',(63.,-19.,17.));
#1289 = SURFACE_CURVE('',#1290,(#1294,#1301),.PCURVE_S1.);
#1290 = LINE('',#1291,#1292);
#1291 = CARTESIAN_POINT('',(21.,-19.,17.));
#1292 = VECTOR('',#1293,1.);
#1293 = DIRECTION('',(1.,0.,0.));
#1294 = PCURVE('',#370,#1295);
#1295 = DEFINITIONAL_REPRESENTATION('',(#1296),#1300);
#1296 = LINE('',#1297,#1298);
#1297 = CARTESIAN_POINT('',(2.,0.));
#1298 = VECTOR('',#1299,1.);
#1299 = DIRECTION('',(0.,-1.));
#1300 = ( GEOMETRIC_REPRESENTATION_CONTEXT(2) 
PARAMETRIC_REPRESENTATION_CONTEXT() REPRESENTATION_CONTEXT('2D SPACE',''
  ) );
#1301 = PCURVE('',#399,#1302);
#1302 = DEFINITIONAL_REPRESENTATION('',(#1303),#1307);
#1303 = LINE('',#1304,#1305);
#1304 = CARTESIAN_POINT('',(1.570796326795,0.));
#1305 = VECTOR('',#1306,1.);
#1306 = DIRECTION('',(0.,1.));
#1307 = ( GEOMETRIC_REPRESENTATION_CONTEXT(2) 
PARAMETRIC_REPRESENTATION_CONTEXT() REPRESENTATION_CONTEXT('2D SPACE',''
  ) );
#1308 = ORIENTED_EDGE('',*,*,#1309,.T.);
#1309 = EDGE_CURVE('',#1287,#1183,#1310,.T.);
#1310 = SURFACE_CURVE('',#1311,(#1315,#1322),.PCURVE_S1.);
#1311 = LINE('',#1312,#1313);
#1312 = CARTESIAN_POINT('',(63.,-19.,19.));
#1313 = VECTOR('',#1314,1.);
#1314 = DIRECTION('',(0.,0.,-1.));
#1315 = PCURVE('',#370,#1316);
#1316 = DEFINITIONAL_REPRESENTATION('',(#1317),#1321);
#1317 = LINE('',#1318,#1319);
#1318 = CARTESIAN_POINT('',(0.,-42.));
#1319 = VECTOR('',#1320,1.);
#1320 = DIRECTION('',(1.,0.));
#1321 = ( GEOMETRIC_REPRESENTATION_CONTEXT(2) 
PARAMETRIC_REPRESENTATION_CONTEXT() REPRESENTATION_CONTEXT('2D SPACE',''
  ) );
#1322 = PCURVE('',#1114,#1323);
#1323 = DEFINITIONAL_REPRESENTATION('',(#1324),#1328);
#1324 = LINE('',#1325,#1326);
#1325 = CARTESIAN_POINT('',(19.,19.));
#1326 = VECTOR('',#1327,1.);
#1327 = DIRECTION('',(-1.,0.));
#1328 = ( GEOMETRIC_REPRESENTATION_CONTEXT(2) 
PARAMETRIC_REPRESENTATION_CONTEXT() REPRESENTATION_CONTEXT('2D SPACE',''
  ) );
#1329 = ORIENTED_EDGE('',*,*,#1182,.F.);
#1330 = ADVANCED_FACE('',(#1331),#484,.T.);
#1331 = FACE_BOUND('',#1332,.T.);
#1332 = EDGE_LOOP('',(#1333,#1334,#1335,#1358));
#1333 = ORIENTED_EDGE('',*,*,#468,.F.);
#1334 = ORIENTED_EDGE('',*,*,#1236,.T.);
#1335 = ORIENTED_EDGE('',*,*,#1336,.T.);
#1336 = EDGE_CURVE('',#1237,#1337,#1339,.T.);
#1337 = VERTEX_POINT('',#1338);
#1338 = CARTESIAN_POINT('',(63.,19.,17.));
#1339 = SURFACE_CURVE('',#1340,(#1344,#1351),.PCURVE_S1.);
#1340 = LINE('',#1341,#1342);
#1341 = CARTESIAN_POINT('',(63.,19.,-19.));
#1342 = VECTOR('',#1343,1.);
#1343 = DIRECTION('',(0.,0.,1.));
#1344 = PCURVE('',#484,#1345);
#1345 = DEFINITIONAL_REPRESENTATION('',(#1346),#1350);
#1346 = LINE('',#1347,#1348);
#1347 = CARTESIAN_POINT('',(0.,-42.));
#1348 = VECTOR('',#1349,1.);
#1349 = DIRECTION('',(1.,0.));
#1350 = ( GEOMETRIC_REPRESENTATION_CONTEXT(2) 
PARAMETRIC_REPRESENTATION_CONTEXT() REPRESENTATION_CONTEXT('2D SPACE',''
  ) );
#1351 = PCURVE('',#1114,#1352);
#1352 = DEFINITIONAL_REPRESENTATION('',(#1353),#1357);
#1353 = LINE('',#1354,#1355);
#1354 = CARTESIAN_POINT('',(-19.,-19.));
#1355 = VECTOR('',#1356,1.);
#1356 = DIRECTION('',(1.,0.));
#1357 = ( GEOMETRIC_REPRESENTATION_CONTEXT(2) 
PARAMETRIC_REPRESENTATION_CONTEXT() REPRESENTATION_CONTEXT('2D SPACE',''
  ) );
#1358 = ORIENTED_EDGE('',*,*,#1359,.F.);
#1359 = EDGE_CURVE('',#440,#1337,#1360,.T.);
#1360 = SURFACE_CURVE('',#1361,(#1365,#1372),.PCURVE_S1.);
#1361 = LINE('',#1362,#1363);
#1362 = CARTESIAN_POINT('',(21.,19.,17.));
#1363 = VECTOR('',#1364,1.);
#1364 = DIRECTION('',(1.,0.,0.));
#1365 = PCURVE('',#484,#1366);
#1366 = DEFINITIONAL_REPRESENTATION('',(#1367),#1371);
#1367 = LINE('',#1368,#1369);
#1368 = CARTESIAN_POINT('',(36.,0.));
#1369 = VECTOR('',#1370,1.);
#1370 = DIRECTION('',(0.,-1.));
#1371 = ( GEOMETRIC_REPRESENTATION_CONTEXT(2) 
PARAMETRIC_REPRESENTATION_CONTEXT() REPRESENTATION_CONTEXT('2D SPACE',''
  ) );
#1372 = PCURVE('',#456,#1373);
#1373 = DEFINITIONAL_REPRESENTATION('',(#1374),#1378);
#1374 = LINE('',#1375,#1376);
#1375 = CARTESIAN_POINT('',(0.,0.));
#1376 = VECTOR('',#1377,1.);
#1377 = DIRECTION('',(0.,1.));
#1378 = ( GEOMETRIC_REPRESENTATION_CONTEXT(2) 
PARAMETRIC_REPRESENTATION_CONTEXT() REPRESENTATION_CONTEXT('2D SPACE',''
  ) );
#1379 = ADVANCED_FACE('',(#1380),#399,.F.);
#1380 = FACE_BOUND('',#1381,.F.);
#1381 = EDGE_LOOP('',(#1382,#1383,#1384,#1408));
#1382 = ORIENTED_EDGE('',*,*,#382,.T.);
#1383 = ORIENTED_EDGE('',*,*,#1286,.T.);
#1384 = ORIENTED_EDGE('',*,*,#1385,.F.);
#1385 = EDGE_CURVE('',#1386,#1287,#1388,.T.);
#1386 = VERTEX_POINT('',#1387);
#1387 = CARTESIAN_POINT('',(63.,-17.,19.));
#1388 = SURFACE_CURVE('',#1389,(#1394,#1401),.PCURVE_S1.);
#1389 = CIRCLE('',#1390,2.);
#1390 = AXIS2_PLACEMENT_3D('',#1391,#1392,#1393);
#1391 = CARTESIAN_POINT('',(63.,-17.,17.));
#1392 = DIRECTION('',(1.,0.,0.));
#1393 = DIRECTION('',(-0.,0.,1.));
#1394 = PCURVE('',#399,#1395);
#1395 = DEFINITIONAL_REPRESENTATION('',(#1396),#1400);
#1396 = LINE('',#1397,#1398);
#1397 = CARTESIAN_POINT('',(0.,42.));
#1398 = VECTOR('',#1399,1.);
#1399 = DIRECTION('',(1.,0.));
#1400 = ( GEOMETRIC_REPRESENTATION_CONTEXT(2) 
PARAMETRIC_REPRESENTATION_CONTEXT() REPRESENTATION_CONTEXT('2D SPACE',''
  ) );
#1401 = PCURVE('',#1114,#1402);
#1402 = DEFINITIONAL_REPRESENTATION('',(#1403),#1407);
#1403 = CIRCLE('',#1404,2.);
#1404 = AXIS2_PLACEMENT_2D('',#1405,#1406);
#1405 = CARTESIAN_POINT('',(17.,17.));
#1406 = DIRECTION('',(1.,0.));
#1407 = ( GEOMETRIC_REPRESENTATION_CONTEXT(2) 
PARAMETRIC_REPRESENTATION_CONTEXT() REPRESENTATION_CONTEXT('2D SPACE',''
  ) );
#1408 = ORIENTED_EDGE('',*,*,#1409,.F.);
#1409 = EDGE_CURVE('',#383,#1386,#1410,.T.);
#1410 = SURFACE_CURVE('',#1411,(#1415,#1422),.PCURVE_S1.);
#1411 = LINE('',#1412,#1413);
#1412 = CARTESIAN_POINT('',(21.,-17.,19.));
#1413 = VECTOR('',#1414,1.);
#1414 = DIRECTION('',(1.,0.,0.));
#1415 = PCURVE('',#399,#1416);
#1416 = DEFINITIONAL_REPRESENTATION('',(#1417),#1421);
#1417 = LINE('',#1418,#1419);
#1418 = CARTESIAN_POINT('',(0.,0.));
#1419 = VECTOR('',#1420,1.);
#1420 = DIRECTION('',(0.,1.));
#1421 = ( GEOMETRIC_REPRESENTATION_CONTEXT(2) 
PARAMETRIC_REPRESENTATION_CONTEXT() REPRESENTATION_CONTEXT('2D SPACE',''
  ) );
#1422 = PCURVE('',#427,#1423);
#1423 = DEFINITIONAL_REPRESENTATION('',(#1424),#1428);
#1424 = LINE('',#1425,#1426);
#1425 = CARTESIAN_POINT('',(36.,0.));
#1426 = VECTOR('',#1427,1.);
#1427 = DIRECTION('',(0.,-1.));
#1428 = ( GEOMETRIC_REPRESENTATION_CONTEXT(2) 
PARAMETRIC_REPRESENTATION_CONTEXT() REPRESENTATION_CONTEXT('2D SPACE',''
  ) );
#1429 = ADVANCED_FACE('',(#1430),#456,.F.);
#1430 = FACE_BOUND('',#1431,.F.);
#1431 = EDGE_LOOP('',(#1432,#1433,#1456,#1478));
#1432 = ORIENTED_EDGE('',*,*,#439,.T.);
#1433 = ORIENTED_EDGE('',*,*,#1434,.T.);
#1434 = EDGE_CURVE('',#412,#1435,#1437,.T.);
#1435 = VERTEX_POINT('',#1436);
#1436 = CARTESIAN_POINT('',(63.,17.,19.));
#1437 = SURFACE_CURVE('',#1438,(#1442,#1449),.PCURVE_S1.);
#1438 = LINE('',#1439,#1440);
#1439 = CARTESIAN_POINT('',(21.,17.,19.));
#1440 = VECTOR('',#1441,1.);
#1441 = DIRECTION('',(1.,0.,0.));
#1442 = PCURVE('',#456,#1443);
#1443 = DEFINITIONAL_REPRESENTATION('',(#1444),#1448);
#1444 = LINE('',#1445,#1446);
#1445 = CARTESIAN_POINT('',(1.570796326795,0.));
#1446 = VECTOR('',#1447,1.);
#1447 = DIRECTION('',(0.,1.));
#1448 = ( GEOMETRIC_REPRESENTATION_CONTEXT(2) 
PARAMETRIC_REPRESENTATION_CONTEXT() REPRESENTATION_CONTEXT('2D SPACE',''
  ) );
#1449 = PCURVE('',#427,#1450);
#1450 = DEFINITIONAL_REPRESENTATION('',(#1451),#1455);
#1451 = LINE('',#1452,#1453);
#1452 = CARTESIAN_POINT('',(2.,0.));
#1453 = VECTOR('',#1454,1.);
#1454 = DIRECTION('',(0.,-1.));
#1455 = ( GEOMETRIC_REPRESENTATION_CONTEXT(2) 
PARAMETRIC_REPRESENTATION_CONTEXT() REPRESENTATION_CONTEXT('2D SPACE',''
  ) );
#1456 = ORIENTED_EDGE('',*,*,#1457,.F.);
#1457 = EDGE_CURVE('',#1337,#1435,#1458,.T.);
#1458 = SURFACE_CURVE('',#1459,(#1464,#1471),.PCURVE_S1.);
#1459 = CIRCLE('',#1460,2.);
#1460 = AXIS2_PLACEMENT_3D('',#1461,#1462,#1463);
#1461 = CARTESIAN_POINT('',(63.,17.,17.));
#1462 = DIRECTION('',(1.,0.,0.));
#1463 = DIRECTION('',(-0.,0.,1.));
#1464 = PCURVE('',#456,#1465);
#1465 = DEFINITIONAL_REPRESENTATION('',(#1466),#1470);
#1466 = LINE('',#1467,#1468);
#1467 = CARTESIAN_POINT('',(-4.712388980385,42.));
#1468 = VECTOR('',#1469,1.);
#1469 = DIRECTION('',(1.,0.));
#1470 = ( GEOMETRIC_REPRESENTATION_CONTEXT(2) 
PARAMETRIC_REPRESENTATION_CONTEXT() REPRESENTATION_CONTEXT('2D SPACE',''
  ) );
#1471 = PCURVE('',#1114,#1472);
#1472 = DEFINITIONAL_REPRESENTATION('',(#1473),#1477);
#1473 = CIRCLE('',#1474,2.);
#1474 = AXIS2_PLACEMENT_2D('',#1475,#1476);
#1475 = CARTESIAN_POINT('',(17.,-17.));
#1476 = DIRECTION('',(1.,0.));
#1477 = ( GEOMETRIC_REPRESENTATION_CONTEXT(2) 
PARAMETRIC_REPRESENTATION_CONTEXT() REPRESENTATION_CONTEXT('2D SPACE',''
  ) );
#1478 = ORIENTED_EDGE('',*,*,#1359,.F.);
#1479 = ADVANCED_FACE('',(#1480),#427,.T.);
#1480 = FACE_BOUND('',#1481,.T.);
#1481 = EDGE_LOOP('',(#1482,#1483,#1484,#1505));
#1482 = ORIENTED_EDGE('',*,*,#411,.F.);
#1483 = ORIENTED_EDGE('',*,*,#1434,.T.);
#1484 = ORIENTED_EDGE('',*,*,#1485,.T.);
#1485 = EDGE_CURVE('',#1435,#1386,#1486,.T.);
#1486 = SURFACE_CURVE('',#1487,(#1491,#1498),.PCURVE_S1.);
#1487 = LINE('',#1488,#1489);
#1488 = CARTESIAN_POINT('',(63.,19.,19.));
#1489 = VECTOR('',#1490,1.);
#1490 = DIRECTION('',(0.,-1.,0.));
#1491 = PCURVE('',#427,#1492);
#1492 = DEFINITIONAL_REPRESENTATION('',(#1493),#1497);
#1493 = LINE('',#1494,#1495);
#1494 = CARTESIAN_POINT('',(0.,-42.));
#1495 = VECTOR('',#1496,1.);
#1496 = DIRECTION('',(1.,0.));
#1497 = ( GEOMETRIC_REPRESENTATION_CONTEXT(2) 
PARAMETRIC_REPRESENTATION_CONTEXT() REPRESENTATION_CONTEXT('2D SPACE',''
  ) );
#1498 = PCURVE('',#1114,#1499);
#1499 = DEFINITIONAL_REPRESENTATION('',(#1500),#1504);
#1500 = LINE('',#1501,#1502);
#1501 = CARTESIAN_POINT('',(19.,-19.));
#1502 = VECTOR('',#1503,1.);
#1503 = DIRECTION('',(0.,1.));
#1504 = ( GEOMETRIC_REPRESENTATION_CONTEXT(2) 
PARAMETRIC_REPRESENTATION_CONTEXT() REPRESENTATION_CONTEXT('2D SPACE',''
  ) );
#1505 = ORIENTED_EDGE('',*,*,#1409,.F.);
#1506 = ADVANCED_FACE('',(#1507),#542,.F.);
#1507 = FACE_BOUND('',#1508,.T.);
#1508 = EDGE_LOOP('',(#1509,#1532,#1554,#1555));
#1509 = ORIENTED_EDGE('',*,*,#1510,.T.);
#1510 = EDGE_CURVE('',#526,#1511,#1513,.T.);
#1511 = VERTEX_POINT('',#1512);
#1512 = CARTESIAN_POINT('',(27.,29.2,27.5));
#1513 = SEAM_CURVE('',#1514,(#1518,#1525),.PCURVE_S1.);
#1514 = LINE('',#1515,#1516);
#1515 = CARTESIAN_POINT('',(21.,29.2,27.5));
#1516 = VECTOR('',#1517,1.);
#1517 = DIRECTION('',(1.,0.,0.));
#1518 = PCURVE('',#542,#1519);
#1519 = DEFINITIONAL_REPRESENTATION('',(#1520),#1524);
#1520 = LINE('',#1521,#1522);
#1521 = CARTESIAN_POINT('',(-0.,0.));
#1522 = VECTOR('',#1523,1.);
#1523 = DIRECTION('',(-0.,-1.));
#1524 = ( GEOMETRIC_REPRESENTATION_CONTEXT(2) 
PARAMETRIC_REPRESENTATION_CONTEXT() REPRESENTATION_CONTEXT('2D SPACE',''
  ) );
#1525 = PCURVE('',#542,#1526);
#1526 = DEFINITIONAL_REPRESENTATION('',(#1527),#1531);
#1527 = LINE('',#1528,#1529);
#1528 = CARTESIAN_POINT('',(-6.28318530718,0.));
#1529 = VECTOR('',#1530,1.);
#1530 = DIRECTION('',(-0.,-1.));
#1531 = ( GEOMETRIC_REPRESENTATION_CONTEXT(2) 
PARAMETRIC_REPRESENTATION_CONTEXT() REPRESENTATION_CONTEXT('2D SPACE',''
  ) );
#1532 = ORIENTED_EDGE('',*,*,#1533,.T.);
#1533 = EDGE_CURVE('',#1511,#1511,#1534,.T.);
#1534 = SURFACE_CURVE('',#1535,(#1540,#1547),.PCURVE_S1.);
#1535 = CIRCLE('',#1536,1.7);
#1536 = AXIS2_PLACEMENT_3D('',#1537,#1538,#1539);
#1537 = CARTESIAN_POINT('',(27.,27.5,27.5));
#1538 = DIRECTION('',(1.,0.,0.));
#1539 = DIRECTION('',(0.,1.,0.));
#1540 = PCURVE('',#542,#1541);
#1541 = DEFINITIONAL_REPRESENTATION('',(#1542),#1546);
#1542 = LINE('',#1543,#1544);
#1543 = CARTESIAN_POINT('',(-0.,-6.));
#1544 = VECTOR('',#1545,1.);
#1545 = DIRECTION('',(-1.,0.));
#1546 = ( GEOMETRIC_REPRESENTATION_CONTEXT(2) 
PARAMETRIC_REPRESENTATION_CONTEXT() REPRESENTATION_CONTEXT('2D SPACE',''
  ) );
#1547 = PCURVE('',#659,#1548);
#1548 = DEFINITIONAL_REPRESENTATION('',(#1549),#1553);
#1549 = CIRCLE('',#1550,1.7);
#1550 = AXIS2_PLACEMENT_2D('',#1551,#1552);
#1551 = CARTESIAN_POINT('',(27.5,-27.5));
#1552 = DIRECTION('',(0.,-1.));
#1553 = ( GEOMETRIC_REPRESENTATION_CONTEXT(2) 
PARAMETRIC_REPRESENTATION_CONTEXT() REPRESENTATION_CONTEXT('2D SPACE',''
  ) );
#1554 = ORIENTED_EDGE('',*,*,#1510,.F.);
#1555 = ORIENTED_EDGE('',*,*,#525,.F.);
#1556 = ADVANCED_FACE('',(#1557),#573,.F.);
#1557 = FACE_BOUND('',#1558,.T.);
#1558 = EDGE_LOOP('',(#1559,#1582,#1604,#1605));
#1559 = ORIENTED_EDGE('',*,*,#1560,.T.);
#1560 = EDGE_CURVE('',#557,#1561,#1563,.T.);
#1561 = VERTEX_POINT('',#1562);
#1562 = CARTESIAN_POINT('',(27.,-25.8,-27.5));
#1563 = SEAM_CURVE('',#1564,(#1568,#1575),.PCURVE_S1.);
#1564 = LINE('',#1565,#1566);
#1565 = CARTESIAN_POINT('',(21.,-25.8,-27.5));
#1566 = VECTOR('',#1567,1.);
#1567 = DIRECTION('',(1.,0.,0.));
#1568 = PCURVE('',#573,#1569);
#1569 = DEFINITIONAL_REPRESENTATION('',(#1570),#1574);
#1570 = LINE('',#1571,#1572);
#1571 = CARTESIAN_POINT('',(-0.,0.));
#1572 = VECTOR('',#1573,1.);
#1573 = DIRECTION('',(-0.,-1.));
#1574 = ( GEOMETRIC_REPRESENTATION_CONTEXT(2) 
PARAMETRIC_REPRESENTATION_CONTEXT() REPRESENTATION_CONTEXT('2D SPACE',''
  ) );
#1575 = PCURVE('',#573,#1576);
#1576 = DEFINITIONAL_REPRESENTATION('',(#1577),#1581);
#1577 = LINE('',#1578,#1579);
#1578 = CARTESIAN_POINT('',(-6.28318530718,0.));
#1579 = VECTOR('',#1580,1.);
#1580 = DIRECTION('',(-0.,-1.));
#1581 = ( GEOMETRIC_REPRESENTATION_CONTEXT(2) 
PARAMETRIC_REPRESENTATION_CONTEXT() REPRESENTATION_CONTEXT('2D SPACE',''
  ) );
#1582 = ORIENTED_EDGE('',*,*,#1583,.T.);
#1583 = EDGE_CURVE('',#1561,#1561,#1584,.T.);
#1584 = SURFACE_CURVE('',#1585,(#1590,#1597),.PCURVE_S1.);
#1585 = CIRCLE('',#1586,1.7);
#1586 = AXIS2_PLACEMENT_3D('',#1587,#1588,#1589);
#1587 = CARTESIAN_POINT('',(27.,-27.5,-27.5));
#1588 = DIRECTION('',(1.,0.,0.));
#1589 = DIRECTION('',(0.,1.,0.));
#1590 = PCURVE('',#573,#1591);
#1591 = DEFINITIONAL_REPRESENTATION('',(#1592),#1596);
#1592 = LINE('',#1593,#1594);
#1593 = CARTESIAN_POINT('',(-0.,-6.));
#1594 = VECTOR('',#1595,1.);
#1595 = DIRECTION('',(-1.,0.));
#1596 = ( GEOMETRIC_REPRESENTATION_CONTEXT(2) 
PARAMETRIC_REPRESENTATION_CONTEXT() REPRESENTATION_CONTEXT('2D SPACE',''
  ) );
#1597 = PCURVE('',#659,#1598);
#1598 = DEFINITIONAL_REPRESENTATION('',(#1599),#1603);
#1599 = CIRCLE('',#1600,1.7);
#1600 = AXIS2_PLACEMENT_2D('',#1601,#1602);
#1601 = CARTESIAN_POINT('',(-27.5,27.5));
#1602 = DIRECTION('',(0.,-1.));
#1603 = ( GEOMETRIC_REPRESENTATION_CONTEXT(2) 
PARAMETRIC_REPRESENTATION_CONTEXT() REPRESENTATION_CONTEXT('2D SPACE',''
  ) );
#1604 = ORIENTED_EDGE('',*,*,#1560,.F.);
#1605 = ORIENTED_EDGE('',*,*,#556,.F.);
#1606 = ADVANCED_FACE('',(#1607),#604,.F.);
#1607 = FACE_BOUND('',#1608,.T.);
#1608 = EDGE_LOOP('',(#1609,#1632,#1654,#1655));
#1609 = ORIENTED_EDGE('',*,*,#1610,.T.);
#1610 = EDGE_CURVE('',#588,#1611,#1613,.T.);
#1611 = VERTEX_POINT('',#1612);
#1612 = CARTESIAN_POINT('',(27.,-25.8,27.5));
#1613 = SEAM_CURVE('',#1614,(#1618,#1625),.PCURVE_S1.);
#1614 = LINE('',#1615,#1616);
#1615 = CARTESIAN_POINT('',(21.,-25.8,27.5));
#1616 = VECTOR('',#1617,1.);
#1617 = DIRECTION('',(1.,0.,0.));
#1618 = PCURVE('',#604,#1619);
#1619 = DEFINITIONAL_REPRESENTATION('',(#1620),#1624);
#1620 = LINE('',#1621,#1622);
#1621 = CARTESIAN_POINT('',(-0.,0.));
#1622 = VECTOR('',#1623,1.);
#1623 = DIRECTION('',(-0.,-1.));
#1624 = ( GEOMETRIC_REPRESENTATION_CONTEXT(2) 
PARAMETRIC_REPRESENTATION_CONTEXT() REPRESENTATION_CONTEXT('2D SPACE',''
  ) );
#1625 = PCURVE('',#604,#1626);
#1626 = DEFINITIONAL_REPRESENTATION('',(#1627),#1631);
#1627 = LINE('',#1628,#1629);
#1628 = CARTESIAN_POINT('',(-6.28318530718,0.));
#1629 = VECTOR('',#1630,1.);
#1630 = DIRECTION('',(-0.,-1.));
#1631 = ( GEOMETRIC_REPRESENTATION_CONTEXT(2) 
PARAMETRIC_REPRESENTATION_CONTEXT() REPRESENTATION_CONTEXT('2D SPACE',''
  ) );
#1632 = ORIENTED_EDGE('',*,*,#1633,.T.);
#1633 = EDGE_CURVE('',#1611,#1611,#1634,.T.);
#1634 = SURFACE_CURVE('',#1635,(#1640,#1647),.PCURVE_S1.);
#1635 = CIRCLE('',#1636,1.7);
#1636 = AXIS2_PLACEMENT_3D('',#1637,#1638,#1639);
#1637 = CARTESIAN_POINT('',(27.,-27.5,27.5));
#1638 = DIRECTION('',(1.,0.,0.));
#1639 = DIRECTION('',(0.,1.,0.));
#1640 = PCURVE('',#604,#1641);
#1641 = DEFINITIONAL_REPRESENTATION('',(#1642),#1646);
#1642 = LINE('',#1643,#1644);
#1643 = CARTESIAN_POINT('',(-0.,-6.));
#1644 = VECTOR('',#1645,1.);
#1645 = DIRECTION('',(-1.,0.));
#1646 = ( GEOMETRIC_REPRESENTATION_CONTEXT(2) 
PARAMETRIC_REPRESENTATION_CONTEXT() REPRESENTATION_CONTEXT('2D SPACE',''
  ) );
#1647 = PCURVE('',#659,#1648);
#1648 = DEFINITIONAL_REPRESENTATION('',(#1649),#1653);
#1649 = CIRCLE('',#1650,1.7);
#1650 = AXIS2_PLACEMENT_2D('',#1651,#1652);
#1651 = CARTESIAN_POINT('',(27.5,27.5));
#1652 = DIRECTION('',(0.,-1.));
#1653 = ( GEOMETRIC_REPRESENTATION_CONTEXT(2) 
PARAMETRIC_REPRESENTATION_CONTEXT() REPRESENTATION_CONTEXT('2D SPACE',''
  ) );
#1654 = ORIENTED_EDGE('',*,*,#1610,.F.);
#1655 = ORIENTED_EDGE('',*,*,#587,.F.);
#1656 = ADVANCED_FACE('',(#1657,#1667,#1670,#1892,#1895,#1898),#659,.T.
  );
#1657 = FACE_BOUND('',#1658,.T.);
#1658 = EDGE_LOOP('',(#1659,#1660,#1661,#1662,#1663,#1664,#1665,#1666));
#1659 = ORIENTED_EDGE('',*,*,#643,.T.);
#1660 = ORIENTED_EDGE('',*,*,#773,.T.);
#1661 = ORIENTED_EDGE('',*,*,#850,.T.);
#1662 = ORIENTED_EDGE('',*,*,#971,.T.);
#1663 = ORIENTED_EDGE('',*,*,#999,.T.);
#1664 = ORIENTED_EDGE('',*,*,#899,.T.);
#1665 = ORIENTED_EDGE('',*,*,#823,.T.);
#1666 = ORIENTED_EDGE('',*,*,#719,.F.);
#1667 = FACE_BOUND('',#1668,.T.);
#1668 = EDGE_LOOP('',(#1669));
#1669 = ORIENTED_EDGE('',*,*,#1047,.F.);
#1670 = FACE_BOUND('',#1671,.T.);
#1671 = EDGE_LOOP('',(#1672,#1700,#1729,#1755,#1784,#1810,#1839,#1865));
#1672 = ORIENTED_EDGE('',*,*,#1673,.F.);
#1673 = EDGE_CURVE('',#1674,#1676,#1678,.T.);
#1674 = VERTEX_POINT('',#1675);
#1675 = CARTESIAN_POINT('',(27.,-20.,-23.));
#1676 = VERTEX_POINT('',#1677);
#1677 = CARTESIAN_POINT('',(27.,20.,-23.));
#1678 = SURFACE_CURVE('',#1679,(#1683,#1689),.PCURVE_S1.);
#1679 = LINE('',#1680,#1681);
#1680 = CARTESIAN_POINT('',(27.,-11.5,-23.));
#1681 = VECTOR('',#1682,1.);
#1682 = DIRECTION('',(0.,1.,0.));
#1683 = PCURVE('',#659,#1684);
#1684 = DEFINITIONAL_REPRESENTATION('',(#1685),#1688);
#1685 = B_SPLINE_CURVE_WITH_KNOTS('',1,(#1686,#1687),.UNSPECIFIED.,.F.,
  .F.,(2,2),(-8.5,31.5),.PIECEWISE_BEZIER_KNOTS.);
#1686 = CARTESIAN_POINT('',(-23.,20.));
#1687 = CARTESIAN_POINT('',(-23.,-20.));
#1688 = ( GEOMETRIC_REPRESENTATION_CONTEXT(2) 
PARAMETRIC_REPRESENTATION_CONTEXT() REPRESENTATION_CONTEXT('2D SPACE',''
  ) );
#1689 = PCURVE('',#1690,#1695);
#1690 = PLANE('',#1691);
#1691 = AXIS2_PLACEMENT_3D('',#1692,#1693,#1694);
#1692 = CARTESIAN_POINT('',(21.,-23.,-23.));
#1693 = DIRECTION('',(0.,0.,1.));
#1694 = DIRECTION('',(0.,1.,0.));
#1695 = DEFINITIONAL_REPRESENTATION('',(#1696),#1699);
#1696 = B_SPLINE_CURVE_WITH_KNOTS('',1,(#1697,#1698),.UNSPECIFIED.,.F.,
  .F.,(2,2),(-8.5,31.5),.PIECEWISE_BEZIER_KNOTS.);
#1697 = CARTESIAN_POINT('',(3.,-6.));
#1698 = CARTESIAN_POINT('',(43.,-6.));
#1699 = ( GEOMETRIC_REPRESENTATION_CONTEXT(2) 
PARAMETRIC_REPRESENTATION_CONTEXT() REPRESENTATION_CONTEXT('2D SPACE',''
  ) );
#1700 = ORIENTED_EDGE('',*,*,#1701,.F.);
#1701 = EDGE_CURVE('',#1702,#1674,#1704,.T.);
#1702 = VERTEX_POINT('',#1703);
#1703 = CARTESIAN_POINT('',(27.,-23.,-20.));
#1704 = SURFACE_CURVE('',#1705,(#1710,#1717),.PCURVE_S1.);
#1705 = CIRCLE('',#1706,3.);
#1706 = AXIS2_PLACEMENT_3D('',#1707,#1708,#1709);
#1707 = CARTESIAN_POINT('',(27.,-20.,-20.));
#1708 = DIRECTION('',(1.,0.,0.));
#1709 = DIRECTION('',(0.,0.,-1.));
#1710 = PCURVE('',#659,#1711);
#1711 = DEFINITIONAL_REPRESENTATION('',(#1712),#1716);
#1712 = CIRCLE('',#1713,3.);
#1713 = AXIS2_PLACEMENT_2D('',#1714,#1715);
#1714 = CARTESIAN_POINT('',(-20.,20.));
#1715 = DIRECTION('',(-1.,0.));
#1716 = ( GEOMETRIC_REPRESENTATION_CONTEXT(2) 
PARAMETRIC_REPRESENTATION_CONTEXT() REPRESENTATION_CONTEXT('2D SPACE',''
  ) );
#1717 = PCURVE('',#1718,#1723);
#1718 = CYLINDRICAL_SURFACE('',#1719,3.);
#1719 = AXIS2_PLACEMENT_3D('',#1720,#1721,#1722);
#1720 = CARTESIAN_POINT('',(21.,-20.,-20.));
#1721 = DIRECTION('',(1.,0.,0.));
#1722 = DIRECTION('',(0.,0.,-1.));
#1723 = DEFINITIONAL_REPRESENTATION('',(#1724),#1728);
#1724 = LINE('',#1725,#1726);
#1725 = CARTESIAN_POINT('',(-6.28318530718,6.));
#1726 = VECTOR('',#1727,1.);
#1727 = DIRECTION('',(1.,-0.));
#1728 = ( GEOMETRIC_REPRESENTATION_CONTEXT(2) 
PARAMETRIC_REPRESENTATION_CONTEXT() REPRESENTATION_CONTEXT('2D SPACE',''
  ) );
#1729 = ORIENTED_EDGE('',*,*,#1730,.F.);
#1730 = EDGE_CURVE('',#1731,#1702,#1733,.T.);
#1731 = VERTEX_POINT('',#1732);
#1732 = CARTESIAN_POINT('',(27.,-23.,20.));
#1733 = SURFACE_CURVE('',#1734,(#1738,#1744),.PCURVE_S1.);
#1734 = LINE('',#1735,#1736);
#1735 = CARTESIAN_POINT('',(27.,-23.,11.5));
#1736 = VECTOR('',#1737,1.);
#1737 = DIRECTION('',(0.,0.,-1.));
#1738 = PCURVE('',#659,#1739);
#1739 = DEFINITIONAL_REPRESENTATION('',(#1740),#1743);
#1740 = B_SPLINE_CURVE_WITH_KNOTS('',1,(#1741,#1742),.UNSPECIFIED.,.F.,
  .F.,(2,2),(-8.5,31.5),.PIECEWISE_BEZIER_KNOTS.);
#1741 = CARTESIAN_POINT('',(20.,23.));
#1742 = CARTESIAN_POINT('',(-20.,23.));
#1743 = ( GEOMETRIC_REPRESENTATION_CONTEXT(2) 
PARAMETRIC_REPRESENTATION_CONTEXT() REPRESENTATION_CONTEXT('2D SPACE',''
  ) );
#1744 = PCURVE('',#1745,#1750);
#1745 = PLANE('',#1746);
#1746 = AXIS2_PLACEMENT_3D('',#1747,#1748,#1749);
#1747 = CARTESIAN_POINT('',(21.,-23.,23.));
#1748 = DIRECTION('',(-0.,1.,0.));
#1749 = DIRECTION('',(0.,0.,-1.));
#1750 = DEFINITIONAL_REPRESENTATION('',(#1751),#1754);
#1751 = B_SPLINE_CURVE_WITH_KNOTS('',1,(#1752,#1753),.UNSPECIFIED.,.F.,
  .F.,(2,2),(-8.5,31.5),.PIECEWISE_BEZIER_KNOTS.);
#1752 = CARTESIAN_POINT('',(3.,-6.));
#1753 = CARTESIAN_POINT('',(43.,-6.));
#1754 = ( GEOMETRIC_REPRESENTATION_CONTEXT(2) 
PARAMETRIC_REPRESENTATION_CONTEXT() REPRESENTATION_CONTEXT('2D SPACE',''
  ) );
#1755 = ORIENTED_EDGE('',*,*,#1756,.F.);
#1756 = EDGE_CURVE('',#1757,#1731,#1759,.T.);
#1757 = VERTEX_POINT('',#1758);
#1758 = CARTESIAN_POINT('',(27.,-20.,23.));
#1759 = SURFACE_CURVE('',#1760,(#1765,#1772),.PCURVE_S1.);
#1760 = CIRCLE('',#1761,3.);
#1761 = AXIS2_PLACEMENT_3D('',#1762,#1763,#1764);
#1762 = CARTESIAN_POINT('',(27.,-20.,20.));
#1763 = DIRECTION('',(1.,0.,0.));
#1764 = DIRECTION('',(0.,-0.,1.));
#1765 = PCURVE('',#659,#1766);
#1766 = DEFINITIONAL_REPRESENTATION('',(#1767),#1771);
#1767 = CIRCLE('',#1768,3.);
#1768 = AXIS2_PLACEMENT_2D('',#1769,#1770);
#1769 = CARTESIAN_POINT('',(20.,20.));
#1770 = DIRECTION('',(1.,0.));
#1771 = ( GEOMETRIC_REPRESENTATION_CONTEXT(2) 
PARAMETRIC_REPRESENTATION_CONTEXT() REPRESENTATION_CONTEXT('2D SPACE',''
  ) );
#1772 = PCURVE('',#1773,#1778);
#1773 = CYLINDRICAL_SURFACE('',#1774,3.);
#1774 = AXIS2_PLACEMENT_3D('',#1775,#1776,#1777);
#1775 = CARTESIAN_POINT('',(21.,-20.,20.));
#1776 = DIRECTION('',(1.,0.,0.));
#1777 = DIRECTION('',(0.,-0.,1.));
#1778 = DEFINITIONAL_REPRESENTATION('',(#1779),#1783);
#1779 = LINE('',#1780,#1781);
#1780 = CARTESIAN_POINT('',(0.,6.));
#1781 = VECTOR('',#1782,1.);
#1782 = DIRECTION('',(1.,0.));
#1783 = ( GEOMETRIC_REPRESENTATION_CONTEXT(2) 
PARAMETRIC_REPRESENTATION_CONTEXT() REPRESENTATION_CONTEXT('2D SPACE',''
  ) );
#1784 = ORIENTED_EDGE('',*,*,#1785,.F.);
#1785 = EDGE_CURVE('',#1786,#1757,#1788,.T.);
#1786 = VERTEX_POINT('',#1787);
#1787 = CARTESIAN_POINT('',(27.,20.,23.));
#1788 = SURFACE_CURVE('',#1789,(#1793,#1799),.PCURVE_S1.);
#1789 = LINE('',#1790,#1791);
#1790 = CARTESIAN_POINT('',(27.,11.5,23.));
#1791 = VECTOR('',#1792,1.);
#1792 = DIRECTION('',(0.,-1.,0.));
#1793 = PCURVE('',#659,#1794);
#1794 = DEFINITIONAL_REPRESENTATION('',(#1795),#1798);
#1795 = B_SPLINE_CURVE_WITH_KNOTS('',1,(#1796,#1797),.UNSPECIFIED.,.F.,
  .F.,(2,2),(-8.5,31.5),.PIECEWISE_BEZIER_KNOTS.);
#1796 = CARTESIAN_POINT('',(23.,-20.));
#1797 = CARTESIAN_POINT('',(23.,20.));
#1798 = ( GEOMETRIC_REPRESENTATION_CONTEXT(2) 
PARAMETRIC_REPRESENTATION_CONTEXT() REPRESENTATION_CONTEXT('2D SPACE',''
  ) );
#1799 = PCURVE('',#1800,#1805);
#1800 = PLANE('',#1801);
#1801 = AXIS2_PLACEMENT_3D('',#1802,#1803,#1804);
#1802 = CARTESIAN_POINT('',(21.,23.,23.));
#1803 = DIRECTION('',(0.,0.,-1.));
#1804 = DIRECTION('',(0.,-1.,0.));
#1805 = DEFINITIONAL_REPRESENTATION('',(#1806),#1809);
#1806 = B_SPLINE_CURVE_WITH_KNOTS('',1,(#1807,#1808),.UNSPECIFIED.,.F.,
  .F.,(2,2),(-8.5,31.5),.PIECEWISE_BEZIER_KNOTS.);
#1807 = CARTESIAN_POINT('',(3.,-6.));
#1808 = CARTESIAN_POINT('',(43.,-6.));
#1809 = ( GEOMETRIC_REPRESENTATION_CONTEXT(2) 
PARAMETRIC_REPRESENTATION_CONTEXT() REPRESENTATION_CONTEXT('2D SPACE',''
  ) );
#1810 = ORIENTED_EDGE('',*,*,#1811,.F.);
#1811 = EDGE_CURVE('',#1812,#1786,#1814,.T.);
#1812 = VERTEX_POINT('',#1813);
#1813 = CARTESIAN_POINT('',(27.,23.,20.));
#1814 = SURFACE_CURVE('',#1815,(#1820,#1827),.PCURVE_S1.);
#1815 = CIRCLE('',#1816,3.);
#1816 = AXIS2_PLACEMENT_3D('',#1817,#1818,#1819);
#1817 = CARTESIAN_POINT('',(27.,20.,20.));
#1818 = DIRECTION('',(1.,0.,0.));
#1819 = DIRECTION('',(-0.,1.,0.));
#1820 = PCURVE('',#659,#1821);
#1821 = DEFINITIONAL_REPRESENTATION('',(#1822),#1826);
#1822 = CIRCLE('',#1823,3.);
#1823 = AXIS2_PLACEMENT_2D('',#1824,#1825);
#1824 = CARTESIAN_POINT('',(20.,-20.));
#1825 = DIRECTION('',(0.,-1.));
#1826 = ( GEOMETRIC_REPRESENTATION_CONTEXT(2) 
PARAMETRIC_REPRESENTATION_CONTEXT() REPRESENTATION_CONTEXT('2D SPACE',''
  ) );
#1827 = PCURVE('',#1828,#1833);
#1828 = CYLINDRICAL_SURFACE('',#1829,3.);
#1829 = AXIS2_PLACEMENT_3D('',#1830,#1831,#1832);
#1830 = CARTESIAN_POINT('',(21.,20.,20.));
#1831 = DIRECTION('',(1.,0.,0.));
#1832 = DIRECTION('',(-0.,1.,0.));
#1833 = DEFINITIONAL_REPRESENTATION('',(#1834),#1838);
#1834 = LINE('',#1835,#1836);
#1835 = CARTESIAN_POINT('',(0.,6.));
#1836 = VECTOR('',#1837,1.);
#1837 = DIRECTION('',(1.,0.));
#1838 = ( GEOMETRIC_REPRESENTATION_CONTEXT(2) 
PARAMETRIC_REPRESENTATION_CONTEXT() REPRESENTATION_CONTEXT('2D SPACE',''
  ) );
#1839 = ORIENTED_EDGE('',*,*,#1840,.F.);
#1840 = EDGE_CURVE('',#1841,#1812,#1843,.T.);
#1841 = VERTEX_POINT('',#1842);
#1842 = CARTESIAN_POINT('',(27.,23.,-20.));
#1843 = SURFACE_CURVE('',#1844,(#1848,#1854),.PCURVE_S1.);
#1844 = LINE('',#1845,#1846);
#1845 = CARTESIAN_POINT('',(27.,23.,-11.5));
#1846 = VECTOR('',#1847,1.);
#1847 = DIRECTION('',(-0.,0.,1.));
#1848 = PCURVE('',#659,#1849);
#1849 = DEFINITIONAL_REPRESENTATION('',(#1850),#1853);
#1850 = B_SPLINE_CURVE_WITH_KNOTS('',1,(#1851,#1852),.UNSPECIFIED.,.F.,
  .F.,(2,2),(-8.5,31.5),.PIECEWISE_BEZIER_KNOTS.);
#1851 = CARTESIAN_POINT('',(-20.,-23.));
#1852 = CARTESIAN_POINT('',(20.,-23.));
#1853 = ( GEOMETRIC_REPRESENTATION_CONTEXT(2) 
PARAMETRIC_REPRESENTATION_CONTEXT() REPRESENTATION_CONTEXT('2D SPACE',''
  ) );
#1854 = PCURVE('',#1855,#1860);
#1855 = PLANE('',#1856);
#1856 = AXIS2_PLACEMENT_3D('',#1857,#1858,#1859);
#1857 = CARTESIAN_POINT('',(21.,23.,-23.));
#1858 = DIRECTION('',(0.,-1.,0.));
#1859 = DIRECTION('',(0.,0.,1.));
#1860 = DEFINITIONAL_REPRESENTATION('',(#1861),#1864);
#1861 = B_SPLINE_CURVE_WITH_KNOTS('',1,(#1862,#1863),.UNSPECIFIED.,.F.,
  .F.,(2,2),(-8.5,31.5),.PIECEWISE_BEZIER_KNOTS.);
#1862 = CARTESIAN_POINT('',(3.,-6.));
#1863 = CARTESIAN_POINT('',(43.,-6.));
#1864 = ( GEOMETRIC_REPRESENTATION_CONTEXT(2) 
PARAMETRIC_REPRESENTATION_CONTEXT() REPRESENTATION_CONTEXT('2D SPACE',''
  ) );
#1865 = ORIENTED_EDGE('',*,*,#1866,.F.);
#1866 = EDGE_CURVE('',#1676,#1841,#1867,.T.);
#1867 = SURFACE_CURVE('',#1868,(#1873,#1880),.PCURVE_S1.);
#1868 = CIRCLE('',#1869,3.);
#1869 = AXIS2_PLACEMENT_3D('',#1870,#1871,#1872);
#1870 = CARTESIAN_POINT('',(27.,20.,-20.));
#1871 = DIRECTION('',(1.,0.,0.));
#1872 = DIRECTION('',(0.,0.,-1.));
#1873 = PCURVE('',#659,#1874);
#1874 = DEFINITIONAL_REPRESENTATION('',(#1875),#1879);
#1875 = CIRCLE('',#1876,3.);
#1876 = AXIS2_PLACEMENT_2D('',#1877,#1878);
#1877 = CARTESIAN_POINT('',(-20.,-20.));
#1878 = DIRECTION('',(-1.,0.));
#1879 = ( GEOMETRIC_REPRESENTATION_CONTEXT(2) 
PARAMETRIC_REPRESENTATION_CONTEXT() REPRESENTATION_CONTEXT('2D SPACE',''
  ) );
#1880 = PCURVE('',#1881,#1886);
#1881 = CYLINDRICAL_SURFACE('',#1882,3.);
#1882 = AXIS2_PLACEMENT_3D('',#1883,#1884,#1885);
#1883 = CARTESIAN_POINT('',(21.,20.,-20.));
#1884 = DIRECTION('',(1.,0.,0.));
#1885 = DIRECTION('',(0.,0.,-1.));
#1886 = DEFINITIONAL_REPRESENTATION('',(#1887),#1891);
#1887 = LINE('',#1888,#1889);
#1888 = CARTESIAN_POINT('',(0.,6.));
#1889 = VECTOR('',#1890,1.);
#1890 = DIRECTION('',(1.,0.));
#1891 = ( GEOMETRIC_REPRESENTATION_CONTEXT(2) 
PARAMETRIC_REPRESENTATION_CONTEXT() REPRESENTATION_CONTEXT('2D SPACE',''
  ) );
#1892 = FACE_BOUND('',#1893,.T.);
#1893 = EDGE_LOOP('',(#1894));
#1894 = ORIENTED_EDGE('',*,*,#1533,.F.);
#1895 = FACE_BOUND('',#1896,.T.);
#1896 = EDGE_LOOP('',(#1897));
#1897 = ORIENTED_EDGE('',*,*,#1583,.F.);
#1898 = FACE_BOUND('',#1899,.T.);
#1899 = EDGE_LOOP('',(#1900));
#1900 = ORIENTED_EDGE('',*,*,#1633,.F.);
#1901 = ADVANCED_FACE('',(#1902,#1912),#1114,.F.);
#1902 = FACE_BOUND('',#1903,.F.);
#1903 = EDGE_LOOP('',(#1904,#1905,#1906,#1907,#1908,#1909,#1910,#1911));
#1904 = ORIENTED_EDGE('',*,*,#1098,.T.);
#1905 = ORIENTED_EDGE('',*,*,#1259,.T.);
#1906 = ORIENTED_EDGE('',*,*,#1336,.T.);
#1907 = ORIENTED_EDGE('',*,*,#1457,.T.);
#1908 = ORIENTED_EDGE('',*,*,#1485,.T.);
#1909 = ORIENTED_EDGE('',*,*,#1385,.T.);
#1910 = ORIENTED_EDGE('',*,*,#1309,.T.);
#1911 = ORIENTED_EDGE('',*,*,#1205,.F.);
#1912 = FACE_BOUND('',#1913,.F.);
#1913 = EDGE_LOOP('',(#1914));
#1914 = ORIENTED_EDGE('',*,*,#1915,.F.);
#1915 = EDGE_CURVE('',#1916,#1916,#1918,.T.);
#1916 = VERTEX_POINT('',#1917);
#1917 = CARTESIAN_POINT('',(63.,11.,0.));
#1918 = SURFACE_CURVE('',#1919,(#1924,#1931),.PCURVE_S1.);
#1919 = CIRCLE('',#1920,11.);
#1920 = AXIS2_PLACEMENT_3D('',#1921,#1922,#1923);
#1921 = CARTESIAN_POINT('',(63.,0.,0.));
#1922 = DIRECTION('',(1.,0.,0.));
#1923 = DIRECTION('',(0.,1.,0.));
#1924 = PCURVE('',#1114,#1925);
#1925 = DEFINITIONAL_REPRESENTATION('',(#1926),#1930);
#1926 = CIRCLE('',#1927,11.);
#1927 = AXIS2_PLACEMENT_2D('',#1928,#1929);
#1928 = CARTESIAN_POINT('',(0.,0.));
#1929 = DIRECTION('',(0.,-1.));
#1930 = ( GEOMETRIC_REPRESENTATION_CONTEXT(2) 
PARAMETRIC_REPRESENTATION_CONTEXT() REPRESENTATION_CONTEXT('2D SPACE',''
  ) );
#1931 = PCURVE('',#1932,#1937);
#1932 = CYLINDRICAL_SURFACE('',#1933,11.);
#1933 = AXIS2_PLACEMENT_3D('',#1934,#1935,#1936);
#1934 = CARTESIAN_POINT('',(63.,0.,0.));
#1935 = DIRECTION('',(-1.,-0.,-0.));
#1936 = DIRECTION('',(0.,1.,0.));
#1937 = DEFINITIONAL_REPRESENTATION('',(#1938),#1942);
#1938 = LINE('',#1939,#1940);
#1939 = CARTESIAN_POINT('',(-0.,0.));
#1940 = VECTOR('',#1941,1.);
#1941 = DIRECTION('',(-1.,0.));
#1942 = ( GEOMETRIC_REPRESENTATION_CONTEXT(2) 
PARAMETRIC_REPRESENTATION_CONTEXT() REPRESENTATION_CONTEXT('2D SPACE',''
  ) );
#1943 = ADVANCED_FACE('',(#1944),#1166,.F.);
#1944 = FACE_BOUND('',#1945,.T.);
#1945 = EDGE_LOOP('',(#1946,#1969,#1970,#1971));
#1946 = ORIENTED_EDGE('',*,*,#1947,.T.);
#1947 = EDGE_CURVE('',#1948,#1150,#1950,.T.);
#1948 = VERTEX_POINT('',#1949);
#1949 = CARTESIAN_POINT('',(45.3,0.,-23.));
#1950 = SEAM_CURVE('',#1951,(#1955,#1962),.PCURVE_S1.);
#1951 = LINE('',#1952,#1953);
#1952 = CARTESIAN_POINT('',(45.3,0.,-23.));
#1953 = VECTOR('',#1954,1.);
#1954 = DIRECTION('',(0.,0.,1.));
#1955 = PCURVE('',#1166,#1956);
#1956 = DEFINITIONAL_REPRESENTATION('',(#1957),#1961);
#1957 = LINE('',#1958,#1959);
#1958 = CARTESIAN_POINT('',(-0.,0.));
#1959 = VECTOR('',#1960,1.);
#1960 = DIRECTION('',(-0.,-1.));
#1961 = ( GEOMETRIC_REPRESENTATION_CONTEXT(2) 
PARAMETRIC_REPRESENTATION_CONTEXT() REPRESENTATION_CONTEXT('2D SPACE',''
  ) );
#1962 = PCURVE('',#1166,#1963);
#1963 = DEFINITIONAL_REPRESENTATION('',(#1964),#1968);
#1964 = LINE('',#1965,#1966);
#1965 = CARTESIAN_POINT('',(-6.28318530718,0.));
#1966 = VECTOR('',#1967,1.);
#1967 = DIRECTION('',(-0.,-1.));
#1968 = ( GEOMETRIC_REPRESENTATION_CONTEXT(2) 
PARAMETRIC_REPRESENTATION_CONTEXT() REPRESENTATION_CONTEXT('2D SPACE',''
  ) );
#1969 = ORIENTED_EDGE('',*,*,#1149,.T.);
#1970 = ORIENTED_EDGE('',*,*,#1947,.F.);
#1971 = ORIENTED_EDGE('',*,*,#1972,.F.);
#1972 = EDGE_CURVE('',#1948,#1948,#1973,.T.);
#1973 = SURFACE_CURVE('',#1974,(#1979,#1986),.PCURVE_S1.);
#1974 = CIRCLE('',#1975,6.3);
#1975 = AXIS2_PLACEMENT_3D('',#1976,#1977,#1978);
#1976 = CARTESIAN_POINT('',(39.,0.,-23.));
#1977 = DIRECTION('',(0.,0.,1.));
#1978 = DIRECTION('',(1.,0.,0.));
#1979 = PCURVE('',#1166,#1980);
#1980 = DEFINITIONAL_REPRESENTATION('',(#1981),#1985);
#1981 = LINE('',#1982,#1983);
#1982 = CARTESIAN_POINT('',(-0.,0.));
#1983 = VECTOR('',#1984,1.);
#1984 = DIRECTION('',(-1.,0.));
#1985 = ( GEOMETRIC_REPRESENTATION_CONTEXT(2) 
PARAMETRIC_REPRESENTATION_CONTEXT() REPRESENTATION_CONTEXT('2D SPACE',''
  ) );
#1986 = PCURVE('',#1690,#1987);
#1987 = DEFINITIONAL_REPRESENTATION('',(#1988),#1992);
#1988 = CIRCLE('',#1989,6.3);
#1989 = AXIS2_PLACEMENT_2D('',#1990,#1991);
#1990 = CARTESIAN_POINT('',(23.,-18.));
#1991 = DIRECTION('',(0.,-1.));
#1992 = ( GEOMETRIC_REPRESENTATION_CONTEXT(2) 
PARAMETRIC_REPRESENTATION_CONTEXT() REPRESENTATION_CONTEXT('2D SPACE',''
  ) );
#1993 = ADVANCED_FACE('',(#1994,#2069),#1690,.F.);
#1994 = FACE_BOUND('',#1995,.F.);
#1995 = EDGE_LOOP('',(#1996,#1997,#2020,#2048));
#1996 = ORIENTED_EDGE('',*,*,#1673,.F.);
#1997 = ORIENTED_EDGE('',*,*,#1998,.T.);
#1998 = EDGE_CURVE('',#1674,#1999,#2001,.T.);
#1999 = VERTEX_POINT('',#2000);
#2000 = CARTESIAN_POINT('',(69.,-20.,-23.));
#2001 = SURFACE_CURVE('',#2002,(#2006,#2013),.PCURVE_S1.);
#2002 = LINE('',#2003,#2004);
#2003 = CARTESIAN_POINT('',(21.,-20.,-23.));
#2004 = VECTOR('',#2005,1.);
#2005 = DIRECTION('',(1.,0.,0.));
#2006 = PCURVE('',#1690,#2007);
#2007 = DEFINITIONAL_REPRESENTATION('',(#2008),#2012);
#2008 = LINE('',#2009,#2010);
#2009 = CARTESIAN_POINT('',(3.,0.));
#2010 = VECTOR('',#2011,1.);
#2011 = DIRECTION('',(0.,-1.));
#2012 = ( GEOMETRIC_REPRESENTATION_CONTEXT(2) 
PARAMETRIC_REPRESENTATION_CONTEXT() REPRESENTATION_CONTEXT('2D SPACE',''
  ) );
#2013 = PCURVE('',#1718,#2014);
#2014 = DEFINITIONAL_REPRESENTATION('',(#2015),#2019);
#2015 = LINE('',#2016,#2017);
#2016 = CARTESIAN_POINT('',(-0.,0.));
#2017 = VECTOR('',#2018,1.);
#2018 = DIRECTION('',(-0.,1.));
#2019 = ( GEOMETRIC_REPRESENTATION_CONTEXT(2) 
PARAMETRIC_REPRESENTATION_CONTEXT() REPRESENTATION_CONTEXT('2D SPACE',''
  ) );
#2020 = ORIENTED_EDGE('',*,*,#2021,.T.);
#2021 = EDGE_CURVE('',#1999,#2022,#2024,.T.);
#2022 = VERTEX_POINT('',#2023);
#2023 = CARTESIAN_POINT('',(69.,20.,-23.));
#2024 = SURFACE_CURVE('',#2025,(#2029,#2036),.PCURVE_S1.);
#2025 = LINE('',#2026,#2027);
#2026 = CARTESIAN_POINT('',(69.,-23.,-23.));
#2027 = VECTOR('',#2028,1.);
#2028 = DIRECTION('',(0.,1.,0.));
#2029 = PCURVE('',#1690,#2030);
#2030 = DEFINITIONAL_REPRESENTATION('',(#2031),#2035);
#2031 = LINE('',#2032,#2033);
#2032 = CARTESIAN_POINT('',(0.,-48.));
#2033 = VECTOR('',#2034,1.);
#2034 = DIRECTION('',(1.,0.));
#2035 = ( GEOMETRIC_REPRESENTATION_CONTEXT(2) 
PARAMETRIC_REPRESENTATION_CONTEXT() REPRESENTATION_CONTEXT('2D SPACE',''
  ) );
#2036 = PCURVE('',#2037,#2042);
#2037 = PLANE('',#2038);
#2038 = AXIS2_PLACEMENT_3D('',#2039,#2040,#2041);
#2039 = CARTESIAN_POINT('',(69.,0.,0.));
#2040 = DIRECTION('',(1.,0.,0.));
#2041 = DIRECTION('',(-0.,0.,1.));
#2042 = DEFINITIONAL_REPRESENTATION('',(#2043),#2047);
#2043 = LINE('',#2044,#2045);
#2044 = CARTESIAN_POINT('',(-23.,23.));
#2045 = VECTOR('',#2046,1.);
#2046 = DIRECTION('',(0.,-1.));
#2047 = ( GEOMETRIC_REPRESENTATION_CONTEXT(2) 
PARAMETRIC_REPRESENTATION_CONTEXT() REPRESENTATION_CONTEXT('2D SPACE',''
  ) );
#2048 = ORIENTED_EDGE('',*,*,#2049,.F.);
#2049 = EDGE_CURVE('',#1676,#2022,#2050,.T.);
#2050 = SURFACE_CURVE('',#2051,(#2055,#2062),.PCURVE_S1.);
#2051 = LINE('',#2052,#2053);
#2052 = CARTESIAN_POINT('',(21.,20.,-23.));
#2053 = VECTOR('',#2054,1.);
#2054 = DIRECTION('',(1.,0.,0.));
#2055 = PCURVE('',#1690,#2056);
#2056 = DEFINITIONAL_REPRESENTATION('',(#2057),#2061);
#2057 = LINE('',#2058,#2059);
#2058 = CARTESIAN_POINT('',(43.,0.));
#2059 = VECTOR('',#2060,1.);
#2060 = DIRECTION('',(0.,-1.));
#2061 = ( GEOMETRIC_REPRESENTATION_CONTEXT(2) 
PARAMETRIC_REPRESENTATION_CONTEXT() REPRESENTATION_CONTEXT('2D SPACE',''
  ) );
#2062 = PCURVE('',#1881,#2063);
#2063 = DEFINITIONAL_REPRESENTATION('',(#2064),#2068);
#2064 = LINE('',#2065,#2066);
#2065 = CARTESIAN_POINT('',(0.,0.));
#2066 = VECTOR('',#2067,1.);
#2067 = DIRECTION('',(0.,1.));
#2068 = ( GEOMETRIC_REPRESENTATION_CONTEXT(2) 
PARAMETRIC_REPRESENTATION_CONTEXT() REPRESENTATION_CONTEXT('2D SPACE',''
  ) );
#2069 = FACE_BOUND('',#2070,.F.);
#2070 = EDGE_LOOP('',(#2071));
#2071 = ORIENTED_EDGE('',*,*,#1972,.F.);
#2072 = ADVANCED_FACE('',(#2073),#1718,.T.);
#2073 = FACE_BOUND('',#2074,.F.);
#2074 = EDGE_LOOP('',(#2075,#2076,#2077,#2100));
#2075 = ORIENTED_EDGE('',*,*,#1998,.F.);
#2076 = ORIENTED_EDGE('',*,*,#1701,.F.);
#2077 = ORIENTED_EDGE('',*,*,#2078,.T.);
#2078 = EDGE_CURVE('',#1702,#2079,#2081,.T.);
#2079 = VERTEX_POINT('',#2080);
#2080 = CARTESIAN_POINT('',(69.,-23.,-20.));
#2081 = SURFACE_CURVE('',#2082,(#2086,#2093),.PCURVE_S1.);
#2082 = LINE('',#2083,#2084);
#2083 = CARTESIAN_POINT('',(21.,-23.,-20.));
#2084 = VECTOR('',#2085,1.);
#2085 = DIRECTION('',(1.,0.,0.));
#2086 = PCURVE('',#1718,#2087);
#2087 = DEFINITIONAL_REPRESENTATION('',(#2088),#2092);
#2088 = LINE('',#2089,#2090);
#2089 = CARTESIAN_POINT('',(-1.570796326795,0.));
#2090 = VECTOR('',#2091,1.);
#2091 = DIRECTION('',(-0.,1.));
#2092 = ( GEOMETRIC_REPRESENTATION_CONTEXT(2) 
PARAMETRIC_REPRESENTATION_CONTEXT() REPRESENTATION_CONTEXT('2D SPACE',''
  ) );
#2093 = PCURVE('',#1745,#2094);
#2094 = DEFINITIONAL_REPRESENTATION('',(#2095),#2099);
#2095 = LINE('',#2096,#2097);
#2096 = CARTESIAN_POINT('',(43.,0.));
#2097 = VECTOR('',#2098,1.);
#2098 = DIRECTION('',(0.,-1.));
#2099 = ( GEOMETRIC_REPRESENTATION_CONTEXT(2) 
PARAMETRIC_REPRESENTATION_CONTEXT() REPRESENTATION_CONTEXT('2D SPACE',''
  ) );
#2100 = ORIENTED_EDGE('',*,*,#2101,.F.);
#2101 = EDGE_CURVE('',#1999,#2079,#2102,.T.);
#2102 = SURFACE_CURVE('',#2103,(#2108,#2115),.PCURVE_S1.);
#2103 = CIRCLE('',#2104,3.);
#2104 = AXIS2_PLACEMENT_3D('',#2105,#2106,#2107);
#2105 = CARTESIAN_POINT('',(69.,-20.,-20.));
#2106 = DIRECTION('',(-1.,0.,-0.));
#2107 = DIRECTION('',(-0.,0.,1.));
#2108 = PCURVE('',#1718,#2109);
#2109 = DEFINITIONAL_REPRESENTATION('',(#2110),#2114);
#2110 = LINE('',#2111,#2112);
#2111 = CARTESIAN_POINT('',(3.14159265359,48.));
#2112 = VECTOR('',#2113,1.);
#2113 = DIRECTION('',(-1.,0.));
#2114 = ( GEOMETRIC_REPRESENTATION_CONTEXT(2) 
PARAMETRIC_REPRESENTATION_CONTEXT() REPRESENTATION_CONTEXT('2D SPACE',''
  ) );
#2115 = PCURVE('',#2037,#2116);
#2116 = DEFINITIONAL_REPRESENTATION('',(#2117),#2125);
#2117 = ( BOUNDED_CURVE() B_SPLINE_CURVE(2,(#2118,#2119,#2120,#2121,
#2122,#2123,#2124),.UNSPECIFIED.,.T.,.F.) B_SPLINE_CURVE_WITH_KNOTS((1,2
    ,2,2,2,1),(-2.094395102393,0.,2.094395102393,4.188790204786,
6.28318530718,8.377580409573),.UNSPECIFIED.) CURVE() 
GEOMETRIC_REPRESENTATION_ITEM() RATIONAL_B_SPLINE_CURVE((1.,0.5,1.,0.5,
1.,0.5,1.)) REPRESENTATION_ITEM('') );
#2118 = CARTESIAN_POINT('',(-17.,20.));
#2119 = CARTESIAN_POINT('',(-17.,14.803847577293));
#2120 = CARTESIAN_POINT('',(-21.5,17.401923788647));
#2121 = CARTESIAN_POINT('',(-26.,20.));
#2122 = CARTESIAN_POINT('',(-21.5,22.598076211353));
#2123 = CARTESIAN_POINT('',(-17.,25.196152422707));
#2124 = CARTESIAN_POINT('',(-17.,20.));
#2125 = ( GEOMETRIC_REPRESENTATION_CONTEXT(2) 
PARAMETRIC_REPRESENTATION_CONTEXT() REPRESENTATION_CONTEXT('2D SPACE',''
  ) );
#2126 = ADVANCED_FACE('',(#2127),#1881,.T.);
#2127 = FACE_BOUND('',#2128,.T.);
#2128 = EDGE_LOOP('',(#2129,#2130,#2131,#2154));
#2129 = ORIENTED_EDGE('',*,*,#2049,.F.);
#2130 = ORIENTED_EDGE('',*,*,#1866,.T.);
#2131 = ORIENTED_EDGE('',*,*,#2132,.T.);
#2132 = EDGE_CURVE('',#1841,#2133,#2135,.T.);
#2133 = VERTEX_POINT('',#2134);
#2134 = CARTESIAN_POINT('',(69.,23.,-20.));
#2135 = SURFACE_CURVE('',#2136,(#2140,#2147),.PCURVE_S1.);
#2136 = LINE('',#2137,#2138);
#2137 = CARTESIAN_POINT('',(21.,23.,-20.));
#2138 = VECTOR('',#2139,1.);
#2139 = DIRECTION('',(1.,0.,0.));
#2140 = PCURVE('',#1881,#2141);
#2141 = DEFINITIONAL_REPRESENTATION('',(#2142),#2146);
#2142 = LINE('',#2143,#2144);
#2143 = CARTESIAN_POINT('',(1.570796326795,0.));
#2144 = VECTOR('',#2145,1.);
#2145 = DIRECTION('',(0.,1.));
#2146 = ( GEOMETRIC_REPRESENTATION_CONTEXT(2) 
PARAMETRIC_REPRESENTATION_CONTEXT() REPRESENTATION_CONTEXT('2D SPACE',''
  ) );
#2147 = PCURVE('',#1855,#2148);
#2148 = DEFINITIONAL_REPRESENTATION('',(#2149),#2153);
#2149 = LINE('',#2150,#2151);
#2150 = CARTESIAN_POINT('',(3.,0.));
#2151 = VECTOR('',#2152,1.);
#2152 = DIRECTION('',(0.,-1.));
#2153 = ( GEOMETRIC_REPRESENTATION_CONTEXT(2) 
PARAMETRIC_REPRESENTATION_CONTEXT() REPRESENTATION_CONTEXT('2D SPACE',''
  ) );
#2154 = ORIENTED_EDGE('',*,*,#2155,.F.);
#2155 = EDGE_CURVE('',#2022,#2133,#2156,.T.);
#2156 = SURFACE_CURVE('',#2157,(#2162,#2169),.PCURVE_S1.);
#2157 = CIRCLE('',#2158,3.);
#2158 = AXIS2_PLACEMENT_3D('',#2159,#2160,#2161);
#2159 = CARTESIAN_POINT('',(69.,20.,-20.));
#2160 = DIRECTION('',(1.,0.,0.));
#2161 = DIRECTION('',(-0.,0.,1.));
#2162 = PCURVE('',#1881,#2163);
#2163 = DEFINITIONAL_REPRESENTATION('',(#2164),#2168);
#2164 = LINE('',#2165,#2166);
#2165 = CARTESIAN_POINT('',(-3.14159265359,48.));
#2166 = VECTOR('',#2167,1.);
#2167 = DIRECTION('',(1.,0.));
#2168 = ( GEOMETRIC_REPRESENTATION_CONTEXT(2) 
PARAMETRIC_REPRESENTATION_CONTEXT() REPRESENTATION_CONTEXT('2D SPACE',''
  ) );
#2169 = PCURVE('',#2037,#2170);
#2170 = DEFINITIONAL_REPRESENTATION('',(#2171),#2175);
#2171 = CIRCLE('',#2172,3.);
#2172 = AXIS2_PLACEMENT_2D('',#2173,#2174);
#2173 = CARTESIAN_POINT('',(-20.,-20.));
#2174 = DIRECTION('',(1.,0.));
#2175 = ( GEOMETRIC_REPRESENTATION_CONTEXT(2) 
PARAMETRIC_REPRESENTATION_CONTEXT() REPRESENTATION_CONTEXT('2D SPACE',''
  ) );
#2176 = ADVANCED_FACE('',(#2177),#1745,.F.);
#2177 = FACE_BOUND('',#2178,.F.);
#2178 = EDGE_LOOP('',(#2179,#2180,#2203,#2224));
#2179 = ORIENTED_EDGE('',*,*,#1730,.F.);
#2180 = ORIENTED_EDGE('',*,*,#2181,.T.);
#2181 = EDGE_CURVE('',#1731,#2182,#2184,.T.);
#2182 = VERTEX_POINT('',#2183);
#2183 = CARTESIAN_POINT('',(69.,-23.,20.));
#2184 = SURFACE_CURVE('',#2185,(#2189,#2196),.PCURVE_S1.);
#2185 = LINE('',#2186,#2187);
#2186 = CARTESIAN_POINT('',(21.,-23.,20.));
#2187 = VECTOR('',#2188,1.);
#2188 = DIRECTION('',(1.,0.,0.));
#2189 = PCURVE('',#1745,#2190);
#2190 = DEFINITIONAL_REPRESENTATION('',(#2191),#2195);
#2191 = LINE('',#2192,#2193);
#2192 = CARTESIAN_POINT('',(3.,0.));
#2193 = VECTOR('',#2194,1.);
#2194 = DIRECTION('',(0.,-1.));
#2195 = ( GEOMETRIC_REPRESENTATION_CONTEXT(2) 
PARAMETRIC_REPRESENTATION_CONTEXT() REPRESENTATION_CONTEXT('2D SPACE',''
  ) );
#2196 = PCURVE('',#1773,#2197);
#2197 = DEFINITIONAL_REPRESENTATION('',(#2198),#2202);
#2198 = LINE('',#2199,#2200);
#2199 = CARTESIAN_POINT('',(1.570796326795,0.));
#2200 = VECTOR('',#2201,1.);
#2201 = DIRECTION('',(0.,1.));
#2202 = ( GEOMETRIC_REPRESENTATION_CONTEXT(2) 
PARAMETRIC_REPRESENTATION_CONTEXT() REPRESENTATION_CONTEXT('2D SPACE',''
  ) );
#2203 = ORIENTED_EDGE('',*,*,#2204,.T.);
#2204 = EDGE_CURVE('',#2182,#2079,#2205,.T.);
#2205 = SURFACE_CURVE('',#2206,(#2210,#2217),.PCURVE_S1.);
#2206 = LINE('',#2207,#2208);
#2207 = CARTESIAN_POINT('',(69.,-23.,23.));
#2208 = VECTOR('',#2209,1.);
#2209 = DIRECTION('',(0.,0.,-1.));
#2210 = PCURVE('',#1745,#2211);
#2211 = DEFINITIONAL_REPRESENTATION('',(#2212),#2216);
#2212 = LINE('',#2213,#2214);
#2213 = CARTESIAN_POINT('',(0.,-48.));
#2214 = VECTOR('',#2215,1.);
#2215 = DIRECTION('',(1.,0.));
#2216 = ( GEOMETRIC_REPRESENTATION_CONTEXT(2) 
PARAMETRIC_REPRESENTATION_CONTEXT() REPRESENTATION_CONTEXT('2D SPACE',''
  ) );
#2217 = PCURVE('',#2037,#2218);
#2218 = DEFINITIONAL_REPRESENTATION('',(#2219),#2223);
#2219 = LINE('',#2220,#2221);
#2220 = CARTESIAN_POINT('',(23.,23.));
#2221 = VECTOR('',#2222,1.);
#2222 = DIRECTION('',(-1.,0.));
#2223 = ( GEOMETRIC_REPRESENTATION_CONTEXT(2) 
PARAMETRIC_REPRESENTATION_CONTEXT() REPRESENTATION_CONTEXT('2D SPACE',''
  ) );
#2224 = ORIENTED_EDGE('',*,*,#2078,.F.);
#2225 = ADVANCED_FACE('',(#2226),#1855,.F.);
#2226 = FACE_BOUND('',#2227,.F.);
#2227 = EDGE_LOOP('',(#2228,#2229,#2230,#2253));
#2228 = ORIENTED_EDGE('',*,*,#1840,.F.);
#2229 = ORIENTED_EDGE('',*,*,#2132,.T.);
#2230 = ORIENTED_EDGE('',*,*,#2231,.T.);
#2231 = EDGE_CURVE('',#2133,#2232,#2234,.T.);
#2232 = VERTEX_POINT('',#2233);
#2233 = CARTESIAN_POINT('',(69.,23.,20.));
#2234 = SURFACE_CURVE('',#2235,(#2239,#2246),.PCURVE_S1.);
#2235 = LINE('',#2236,#2237);
#2236 = CARTESIAN_POINT('',(69.,23.,-23.));
#2237 = VECTOR('',#2238,1.);
#2238 = DIRECTION('',(0.,0.,1.));
#2239 = PCURVE('',#1855,#2240);
#2240 = DEFINITIONAL_REPRESENTATION('',(#2241),#2245);
#2241 = LINE('',#2242,#2243);
#2242 = CARTESIAN_POINT('',(0.,-48.));
#2243 = VECTOR('',#2244,1.);
#2244 = DIRECTION('',(1.,0.));
#2245 = ( GEOMETRIC_REPRESENTATION_CONTEXT(2) 
PARAMETRIC_REPRESENTATION_CONTEXT() REPRESENTATION_CONTEXT('2D SPACE',''
  ) );
#2246 = PCURVE('',#2037,#2247);
#2247 = DEFINITIONAL_REPRESENTATION('',(#2248),#2252);
#2248 = LINE('',#2249,#2250);
#2249 = CARTESIAN_POINT('',(-23.,-23.));
#2250 = VECTOR('',#2251,1.);
#2251 = DIRECTION('',(1.,0.));
#2252 = ( GEOMETRIC_REPRESENTATION_CONTEXT(2) 
PARAMETRIC_REPRESENTATION_CONTEXT() REPRESENTATION_CONTEXT('2D SPACE',''
  ) );
#2253 = ORIENTED_EDGE('',*,*,#2254,.F.);
#2254 = EDGE_CURVE('',#1812,#2232,#2255,.T.);
#2255 = SURFACE_CURVE('',#2256,(#2260,#2267),.PCURVE_S1.);
#2256 = LINE('',#2257,#2258);
#2257 = CARTESIAN_POINT('',(21.,23.,20.));
#2258 = VECTOR('',#2259,1.);
#2259 = DIRECTION('',(1.,0.,0.));
#2260 = PCURVE('',#1855,#2261);
#2261 = DEFINITIONAL_REPRESENTATION('',(#2262),#2266);
#2262 = LINE('',#2263,#2264);
#2263 = CARTESIAN_POINT('',(43.,0.));
#2264 = VECTOR('',#2265,1.);
#2265 = DIRECTION('',(0.,-1.));
#2266 = ( GEOMETRIC_REPRESENTATION_CONTEXT(2) 
PARAMETRIC_REPRESENTATION_CONTEXT() REPRESENTATION_CONTEXT('2D SPACE',''
  ) );
#2267 = PCURVE('',#1828,#2268);
#2268 = DEFINITIONAL_REPRESENTATION('',(#2269),#2273);
#2269 = LINE('',#2270,#2271);
#2270 = CARTESIAN_POINT('',(0.,0.));
#2271 = VECTOR('',#2272,1.);
#2272 = DIRECTION('',(0.,1.));
#2273 = ( GEOMETRIC_REPRESENTATION_CONTEXT(2) 
PARAMETRIC_REPRESENTATION_CONTEXT() REPRESENTATION_CONTEXT('2D SPACE',''
  ) );
#2274 = ADVANCED_FACE('',(#2275),#1773,.T.);
#2275 = FACE_BOUND('',#2276,.T.);
#2276 = EDGE_LOOP('',(#2277,#2300,#2301,#2302));
#2277 = ORIENTED_EDGE('',*,*,#2278,.F.);
#2278 = EDGE_CURVE('',#1757,#2279,#2281,.T.);
#2279 = VERTEX_POINT('',#2280);
#2280 = CARTESIAN_POINT('',(69.,-20.,23.));
#2281 = SURFACE_CURVE('',#2282,(#2286,#2293),.PCURVE_S1.);
#2282 = LINE('',#2283,#2284);
#2283 = CARTESIAN_POINT('',(21.,-20.,23.));
#2284 = VECTOR('',#2285,1.);
#2285 = DIRECTION('',(1.,0.,0.));
#2286 = PCURVE('',#1773,#2287);
#2287 = DEFINITIONAL_REPRESENTATION('',(#2288),#2292);
#2288 = LINE('',#2289,#2290);
#2289 = CARTESIAN_POINT('',(0.,0.));
#2290 = VECTOR('',#2291,1.);
#2291 = DIRECTION('',(0.,1.));
#2292 = ( GEOMETRIC_REPRESENTATION_CONTEXT(2) 
PARAMETRIC_REPRESENTATION_CONTEXT() REPRESENTATION_CONTEXT('2D SPACE',''
  ) );
#2293 = PCURVE('',#1800,#2294);
#2294 = DEFINITIONAL_REPRESENTATION('',(#2295),#2299);
#2295 = LINE('',#2296,#2297);
#2296 = CARTESIAN_POINT('',(43.,0.));
#2297 = VECTOR('',#2298,1.);
#2298 = DIRECTION('',(0.,-1.));
#2299 = ( GEOMETRIC_REPRESENTATION_CONTEXT(2) 
PARAMETRIC_REPRESENTATION_CONTEXT() REPRESENTATION_CONTEXT('2D SPACE',''
  ) );
#2300 = ORIENTED_EDGE('',*,*,#1756,.T.);
#2301 = ORIENTED_EDGE('',*,*,#2181,.T.);
#2302 = ORIENTED_EDGE('',*,*,#2303,.F.);
#2303 = EDGE_CURVE('',#2279,#2182,#2304,.T.);
#2304 = SURFACE_CURVE('',#2305,(#2310,#2317),.PCURVE_S1.);
#2305 = CIRCLE('',#2306,3.);
#2306 = AXIS2_PLACEMENT_3D('',#2307,#2308,#2309);
#2307 = CARTESIAN_POINT('',(69.,-20.,20.));
#2308 = DIRECTION('',(1.,0.,0.));
#2309 = DIRECTION('',(-0.,0.,1.));
#2310 = PCURVE('',#1773,#2311);
#2311 = DEFINITIONAL_REPRESENTATION('',(#2312),#2316);
#2312 = LINE('',#2313,#2314);
#2313 = CARTESIAN_POINT('',(0.,48.));
#2314 = VECTOR('',#2315,1.);
#2315 = DIRECTION('',(1.,0.));
#2316 = ( GEOMETRIC_REPRESENTATION_CONTEXT(2) 
PARAMETRIC_REPRESENTATION_CONTEXT() REPRESENTATION_CONTEXT('2D SPACE',''
  ) );
#2317 = PCURVE('',#2037,#2318);
#2318 = DEFINITIONAL_REPRESENTATION('',(#2319),#2323);
#2319 = CIRCLE('',#2320,3.);
#2320 = AXIS2_PLACEMENT_2D('',#2321,#2322);
#2321 = CARTESIAN_POINT('',(20.,20.));
#2322 = DIRECTION('',(1.,0.));
#2323 = ( GEOMETRIC_REPRESENTATION_CONTEXT(2) 
PARAMETRIC_REPRESENTATION_CONTEXT() REPRESENTATION_CONTEXT('2D SPACE',''
  ) );
#2324 = ADVANCED_FACE('',(#2325),#1828,.T.);
#2325 = FACE_BOUND('',#2326,.T.);
#2326 = EDGE_LOOP('',(#2327,#2328,#2329,#2352));
#2327 = ORIENTED_EDGE('',*,*,#2254,.F.);
#2328 = ORIENTED_EDGE('',*,*,#1811,.T.);
#2329 = ORIENTED_EDGE('',*,*,#2330,.T.);
#2330 = EDGE_CURVE('',#1786,#2331,#2333,.T.);
#2331 = VERTEX_POINT('',#2332);
#2332 = CARTESIAN_POINT('',(69.,20.,23.));
#2333 = SURFACE_CURVE('',#2334,(#2338,#2345),.PCURVE_S1.);
#2334 = LINE('',#2335,#2336);
#2335 = CARTESIAN_POINT('',(21.,20.,23.));
#2336 = VECTOR('',#2337,1.);
#2337 = DIRECTION('',(1.,0.,0.));
#2338 = PCURVE('',#1828,#2339);
#2339 = DEFINITIONAL_REPRESENTATION('',(#2340),#2344);
#2340 = LINE('',#2341,#2342);
#2341 = CARTESIAN_POINT('',(1.570796326795,0.));
#2342 = VECTOR('',#2343,1.);
#2343 = DIRECTION('',(0.,1.));
#2344 = ( GEOMETRIC_REPRESENTATION_CONTEXT(2) 
PARAMETRIC_REPRESENTATION_CONTEXT() REPRESENTATION_CONTEXT('2D SPACE',''
  ) );
#2345 = PCURVE('',#1800,#2346);
#2346 = DEFINITIONAL_REPRESENTATION('',(#2347),#2351);
#2347 = LINE('',#2348,#2349);
#2348 = CARTESIAN_POINT('',(3.,0.));
#2349 = VECTOR('',#2350,1.);
#2350 = DIRECTION('',(0.,-1.));
#2351 = ( GEOMETRIC_REPRESENTATION_CONTEXT(2) 
PARAMETRIC_REPRESENTATION_CONTEXT() REPRESENTATION_CONTEXT('2D SPACE',''
  ) );
#2352 = ORIENTED_EDGE('',*,*,#2353,.F.);
#2353 = EDGE_CURVE('',#2232,#2331,#2354,.T.);
#2354 = SURFACE_CURVE('',#2355,(#2360,#2367),.PCURVE_S1.);
#2355 = CIRCLE('',#2356,3.);
#2356 = AXIS2_PLACEMENT_3D('',#2357,#2358,#2359);
#2357 = CARTESIAN_POINT('',(69.,20.,20.));
#2358 = DIRECTION('',(1.,0.,0.));
#2359 = DIRECTION('',(-0.,0.,1.));
#2360 = PCURVE('',#1828,#2361);
#2361 = DEFINITIONAL_REPRESENTATION('',(#2362),#2366);
#2362 = LINE('',#2363,#2364);
#2363 = CARTESIAN_POINT('',(-4.712388980385,48.));
#2364 = VECTOR('',#2365,1.);
#2365 = DIRECTION('',(1.,0.));
#2366 = ( GEOMETRIC_REPRESENTATION_CONTEXT(2) 
PARAMETRIC_REPRESENTATION_CONTEXT() REPRESENTATION_CONTEXT('2D SPACE',''
  ) );
#2367 = PCURVE('',#2037,#2368);
#2368 = DEFINITIONAL_REPRESENTATION('',(#2369),#2373);
#2369 = CIRCLE('',#2370,3.);
#2370 = AXIS2_PLACEMENT_2D('',#2371,#2372);
#2371 = CARTESIAN_POINT('',(20.,-20.));
#2372 = DIRECTION('',(1.,0.));
#2373 = ( GEOMETRIC_REPRESENTATION_CONTEXT(2) 
PARAMETRIC_REPRESENTATION_CONTEXT() REPRESENTATION_CONTEXT('2D SPACE',''
  ) );
#2374 = ADVANCED_FACE('',(#2375),#1800,.F.);
#2375 = FACE_BOUND('',#2376,.F.);
#2376 = EDGE_LOOP('',(#2377,#2378,#2379,#2400));
#2377 = ORIENTED_EDGE('',*,*,#1785,.F.);
#2378 = ORIENTED_EDGE('',*,*,#2330,.T.);
#2379 = ORIENTED_EDGE('',*,*,#2380,.T.);
#2380 = EDGE_CURVE('',#2331,#2279,#2381,.T.);
#2381 = SURFACE_CURVE('',#2382,(#2386,#2393),.PCURVE_S1.);
#2382 = LINE('',#2383,#2384);
#2383 = CARTESIAN_POINT('',(69.,23.,23.));
#2384 = VECTOR('',#2385,1.);
#2385 = DIRECTION('',(0.,-1.,0.));
#2386 = PCURVE('',#1800,#2387);
#2387 = DEFINITIONAL_REPRESENTATION('',(#2388),#2392);
#2388 = LINE('',#2389,#2390);
#2389 = CARTESIAN_POINT('',(0.,-48.));
#2390 = VECTOR('',#2391,1.);
#2391 = DIRECTION('',(1.,0.));
#2392 = ( GEOMETRIC_REPRESENTATION_CONTEXT(2) 
PARAMETRIC_REPRESENTATION_CONTEXT() REPRESENTATION_CONTEXT('2D SPACE',''
  ) );
#2393 = PCURVE('',#2037,#2394);
#2394 = DEFINITIONAL_REPRESENTATION('',(#2395),#2399);
#2395 = LINE('',#2396,#2397);
#2396 = CARTESIAN_POINT('',(23.,-23.));
#2397 = VECTOR('',#2398,1.);
#2398 = DIRECTION('',(0.,1.));
#2399 = ( GEOMETRIC_REPRESENTATION_CONTEXT(2) 
PARAMETRIC_REPRESENTATION_CONTEXT() REPRESENTATION_CONTEXT('2D SPACE',''
  ) );
#2400 = ORIENTED_EDGE('',*,*,#2278,.F.);
#2401 = ADVANCED_FACE('',(#2402),#1932,.F.);
#2402 = FACE_BOUND('',#2403,.T.);
#2403 = EDGE_LOOP('',(#2404,#2405,#2428,#2459));
#2404 = ORIENTED_EDGE('',*,*,#1915,.F.);
#2405 = ORIENTED_EDGE('',*,*,#2406,.T.);
#2406 = EDGE_CURVE('',#1916,#2407,#2409,.T.);
#2407 = VERTEX_POINT('',#2408);
#2408 = CARTESIAN_POINT('',(65.8,11.,0.));
#2409 = SEAM_CURVE('',#2410,(#2414,#2421),.PCURVE_S1.);
#2410 = LINE('',#2411,#2412);
#2411 = CARTESIAN_POINT('',(63.,11.,0.));
#2412 = VECTOR('',#2413,1.);
#2413 = DIRECTION('',(1.,0.,0.));
#2414 = PCURVE('',#1932,#2415);
#2415 = DEFINITIONAL_REPRESENTATION('',(#2416),#2420);
#2416 = LINE('',#2417,#2418);
#2417 = CARTESIAN_POINT('',(-6.28318530718,0.));
#2418 = VECTOR('',#2419,1.);
#2419 = DIRECTION('',(-0.,-1.));
#2420 = ( GEOMETRIC_REPRESENTATION_CONTEXT(2) 
PARAMETRIC_REPRESENTATION_CONTEXT() REPRESENTATION_CONTEXT('2D SPACE',''
  ) );
#2421 = PCURVE('',#1932,#2422);
#2422 = DEFINITIONAL_REPRESENTATION('',(#2423),#2427);
#2423 = LINE('',#2424,#2425);
#2424 = CARTESIAN_POINT('',(-0.,0.));
#2425 = VECTOR('',#2426,1.);
#2426 = DIRECTION('',(-0.,-1.));
#2427 = ( GEOMETRIC_REPRESENTATION_CONTEXT(2) 
PARAMETRIC_REPRESENTATION_CONTEXT() REPRESENTATION_CONTEXT('2D SPACE',''
  ) );
#2428 = ORIENTED_EDGE('',*,*,#2429,.F.);
#2429 = EDGE_CURVE('',#2407,#2407,#2430,.T.);
#2430 = SURFACE_CURVE('',#2431,(#2436,#2443),.PCURVE_S1.);
#2431 = CIRCLE('',#2432,11.);
#2432 = AXIS2_PLACEMENT_3D('',#2433,#2434,#2435);
#2433 = CARTESIAN_POINT('',(65.8,0.,0.));
#2434 = DIRECTION('',(-1.,0.,0.));
#2435 = DIRECTION('',(0.,1.,0.));
#2436 = PCURVE('',#1932,#2437);
#2437 = DEFINITIONAL_REPRESENTATION('',(#2438),#2442);
#2438 = LINE('',#2439,#2440);
#2439 = CARTESIAN_POINT('',(-6.28318530718,-2.8));
#2440 = VECTOR('',#2441,1.);
#2441 = DIRECTION('',(1.,-0.));
#2442 = ( GEOMETRIC_REPRESENTATION_CONTEXT(2) 
PARAMETRIC_REPRESENTATION_CONTEXT() REPRESENTATION_CONTEXT('2D SPACE',''
  ) );
#2443 = PCURVE('',#2444,#2449);
#2444 = PLANE('',#2445);
#2445 = AXIS2_PLACEMENT_3D('',#2446,#2447,#2448);
#2446 = CARTESIAN_POINT('',(65.8,-1.439410665831E-15,9.921762134749E-17)
  );
#2447 = DIRECTION('',(1.,0.,0.));
#2448 = DIRECTION('',(-0.,0.,1.));
#2449 = DEFINITIONAL_REPRESENTATION('',(#2450),#2458);
#2450 = ( BOUNDED_CURVE() B_SPLINE_CURVE(2,(#2451,#2452,#2453,#2454,
#2455,#2456,#2457),.UNSPECIFIED.,.T.,.F.) B_SPLINE_CURVE_WITH_KNOTS((1,2
    ,2,2,2,1),(-2.094395102393,0.,2.094395102393,4.188790204786,
6.28318530718,8.377580409573),.UNSPECIFIED.) CURVE() 
GEOMETRIC_REPRESENTATION_ITEM() RATIONAL_B_SPLINE_CURVE((1.,0.5,1.,0.5,
1.,0.5,1.)) REPRESENTATION_ITEM('') );
#2451 = CARTESIAN_POINT('',(-9.921762134749E-17,-11.));
#2452 = CARTESIAN_POINT('',(-19.05255888325,-11.));
#2453 = CARTESIAN_POINT('',(-9.526279441629,5.5));
#2454 = CARTESIAN_POINT('',(-2.793440579472E-15,22.));
#2455 = CARTESIAN_POINT('',(9.526279441629,5.5));
#2456 = CARTESIAN_POINT('',(19.052558883258,-11.));
#2457 = CARTESIAN_POINT('',(-9.921762134749E-17,-11.));
#2458 = ( GEOMETRIC_REPRESENTATION_CONTEXT(2) 
PARAMETRIC_REPRESENTATION_CONTEXT() REPRESENTATION_CONTEXT('2D SPACE',''
  ) );
#2459 = ORIENTED_EDGE('',*,*,#2406,.F.);
#2460 = ADVANCED_FACE('',(#2461,#2471,#2502,#2533,#2564),#2037,.T.);
#2461 = FACE_BOUND('',#2462,.T.);
#2462 = EDGE_LOOP('',(#2463,#2464,#2465,#2466,#2467,#2468,#2469,#2470));
#2463 = ORIENTED_EDGE('',*,*,#2021,.T.);
#2464 = ORIENTED_EDGE('',*,*,#2155,.T.);
#2465 = ORIENTED_EDGE('',*,*,#2231,.T.);
#2466 = ORIENTED_EDGE('',*,*,#2353,.T.);
#2467 = ORIENTED_EDGE('',*,*,#2380,.T.);
#2468 = ORIENTED_EDGE('',*,*,#2303,.T.);
#2469 = ORIENTED_EDGE('',*,*,#2204,.T.);
#2470 = ORIENTED_EDGE('',*,*,#2101,.F.);
#2471 = FACE_BOUND('',#2472,.T.);
#2472 = EDGE_LOOP('',(#2473));
#2473 = ORIENTED_EDGE('',*,*,#2474,.F.);
#2474 = EDGE_CURVE('',#2475,#2475,#2477,.T.);
#2475 = VERTEX_POINT('',#2476);
#2476 = CARTESIAN_POINT('',(69.,16.48845726812,-9.));
#2477 = SURFACE_CURVE('',#2478,(#2483,#2490),.PCURVE_S1.);
#2478 = CIRCLE('',#2479,0.9);
#2479 = AXIS2_PLACEMENT_3D('',#2480,#2481,#2482);
#2480 = CARTESIAN_POINT('',(69.,15.58845726812,-9.));
#2481 = DIRECTION('',(1.,0.,0.));
#2482 = DIRECTION('',(0.,1.,0.));
#2483 = PCURVE('',#2037,#2484);
#2484 = DEFINITIONAL_REPRESENTATION('',(#2485),#2489);
#2485 = CIRCLE('',#2486,0.9);
#2486 = AXIS2_PLACEMENT_2D('',#2487,#2488);
#2487 = CARTESIAN_POINT('',(-9.,-15.58845726812));
#2488 = DIRECTION('',(0.,-1.));
#2489 = ( GEOMETRIC_REPRESENTATION_CONTEXT(2) 
PARAMETRIC_REPRESENTATION_CONTEXT() REPRESENTATION_CONTEXT('2D SPACE',''
  ) );
#2490 = PCURVE('',#2491,#2496);
#2491 = CYLINDRICAL_SURFACE('',#2492,0.9);
#2492 = AXIS2_PLACEMENT_3D('',#2493,#2494,#2495);
#2493 = CARTESIAN_POINT('',(65.,15.58845726812,-9.));
#2494 = DIRECTION('',(-1.,-0.,-0.));
#2495 = DIRECTION('',(0.,1.,0.));
#2496 = DEFINITIONAL_REPRESENTATION('',(#2497),#2501);
#2497 = LINE('',#2498,#2499);
#2498 = CARTESIAN_POINT('',(-0.,-4.));
#2499 = VECTOR('',#2500,1.);
#2500 = DIRECTION('',(-1.,0.));
#2501 = ( GEOMETRIC_REPRESENTATION_CONTEXT(2) 
PARAMETRIC_REPRESENTATION_CONTEXT() REPRESENTATION_CONTEXT('2D SPACE',''
  ) );
#2502 = FACE_BOUND('',#2503,.T.);
#2503 = EDGE_LOOP('',(#2504));
#2504 = ORIENTED_EDGE('',*,*,#2505,.F.);
#2505 = EDGE_CURVE('',#2506,#2506,#2508,.T.);
#2506 = VERTEX_POINT('',#2507);
#2507 = CARTESIAN_POINT('',(69.,15.2,0.));
#2508 = SURFACE_CURVE('',#2509,(#2514,#2521),.PCURVE_S1.);
#2509 = CIRCLE('',#2510,15.2);
#2510 = AXIS2_PLACEMENT_3D('',#2511,#2512,#2513);
#2511 = CARTESIAN_POINT('',(69.,0.,0.));
#2512 = DIRECTION('',(1.,0.,0.));
#2513 = DIRECTION('',(0.,1.,0.));
#2514 = PCURVE('',#2037,#2515);
#2515 = DEFINITIONAL_REPRESENTATION('',(#2516),#2520);
#2516 = CIRCLE('',#2517,15.2);
#2517 = AXIS2_PLACEMENT_2D('',#2518,#2519);
#2518 = CARTESIAN_POINT('',(0.,0.));
#2519 = DIRECTION('',(0.,-1.));
#2520 = ( GEOMETRIC_REPRESENTATION_CONTEXT(2) 
PARAMETRIC_REPRESENTATION_CONTEXT() REPRESENTATION_CONTEXT('2D SPACE',''
  ) );
#2521 = PCURVE('',#2522,#2527);
#2522 = CYLINDRICAL_SURFACE('',#2523,15.2);
#2523 = AXIS2_PLACEMENT_3D('',#2524,#2525,#2526);
#2524 = CARTESIAN_POINT('',(65.8,0.,0.));
#2525 = DIRECTION('',(-1.,-0.,-0.));
#2526 = DIRECTION('',(0.,1.,0.));
#2527 = DEFINITIONAL_REPRESENTATION('',(#2528),#2532);
#2528 = LINE('',#2529,#2530);
#2529 = CARTESIAN_POINT('',(-0.,-3.2));
#2530 = VECTOR('',#2531,1.);
#2531 = DIRECTION('',(-1.,0.));
#2532 = ( GEOMETRIC_REPRESENTATION_CONTEXT(2) 
PARAMETRIC_REPRESENTATION_CONTEXT() REPRESENTATION_CONTEXT('2D SPACE',''
  ) );
#2533 = FACE_BOUND('',#2534,.T.);
#2534 = EDGE_LOOP('',(#2535));
#2535 = ORIENTED_EDGE('',*,*,#2536,.F.);
#2536 = EDGE_CURVE('',#2537,#2537,#2539,.T.);
#2537 = VERTEX_POINT('',#2538);
#2538 = CARTESIAN_POINT('',(69.,0.9,18.));
#2539 = SURFACE_CURVE('',#2540,(#2545,#2552),.PCURVE_S1.);
#2540 = CIRCLE('',#2541,0.9);
#2541 = AXIS2_PLACEMENT_3D('',#2542,#2543,#2544);
#2542 = CARTESIAN_POINT('',(69.,1.102182119233E-15,18.));
#2543 = DIRECTION('',(1.,0.,0.));
#2544 = DIRECTION('',(0.,1.,0.));
#2545 = PCURVE('',#2037,#2546);
#2546 = DEFINITIONAL_REPRESENTATION('',(#2547),#2551);
#2547 = CIRCLE('',#2548,0.9);
#2548 = AXIS2_PLACEMENT_2D('',#2549,#2550);
#2549 = CARTESIAN_POINT('',(18.,-1.102182119233E-15));
#2550 = DIRECTION('',(0.,-1.));
#2551 = ( GEOMETRIC_REPRESENTATION_CONTEXT(2) 
PARAMETRIC_REPRESENTATION_CONTEXT() REPRESENTATION_CONTEXT('2D SPACE',''
  ) );
#2552 = PCURVE('',#2553,#2558);
#2553 = CYLINDRICAL_SURFACE('',#2554,0.9);
#2554 = AXIS2_PLACEMENT_3D('',#2555,#2556,#2557);
#2555 = CARTESIAN_POINT('',(65.,1.102182119233E-15,18.));
#2556 = DIRECTION('',(-1.,-0.,-0.));
#2557 = DIRECTION('',(0.,1.,0.));
#2558 = DEFINITIONAL_REPRESENTATION('',(#2559),#2563);
#2559 = LINE('',#2560,#2561);
#2560 = CARTESIAN_POINT('',(-0.,-4.));
#2561 = VECTOR('',#2562,1.);
#2562 = DIRECTION('',(-1.,0.));
#2563 = ( GEOMETRIC_REPRESENTATION_CONTEXT(2) 
PARAMETRIC_REPRESENTATION_CONTEXT() REPRESENTATION_CONTEXT('2D SPACE',''
  ) );
#2564 = FACE_BOUND('',#2565,.T.);
#2565 = EDGE_LOOP('',(#2566));
#2566 = ORIENTED_EDGE('',*,*,#2567,.F.);
#2567 = EDGE_CURVE('',#2568,#2568,#2570,.T.);
#2568 = VERTEX_POINT('',#2569);
#2569 = CARTESIAN_POINT('',(69.,-14.68845726812,-9.));
#2570 = SURFACE_CURVE('',#2571,(#2576,#2583),.PCURVE_S1.);
#2571 = CIRCLE('',#2572,0.9);
#2572 = AXIS2_PLACEMENT_3D('',#2573,#2574,#2575);
#2573 = CARTESIAN_POINT('',(69.,-15.58845726812,-9.));
#2574 = DIRECTION('',(1.,0.,0.));
#2575 = DIRECTION('',(0.,1.,0.));
#2576 = PCURVE('',#2037,#2577);
#2577 = DEFINITIONAL_REPRESENTATION('',(#2578),#2582);
#2578 = CIRCLE('',#2579,0.9);
#2579 = AXIS2_PLACEMENT_2D('',#2580,#2581);
#2580 = CARTESIAN_POINT('',(-9.,15.58845726812));
#2581 = DIRECTION('',(0.,-1.));
#2582 = ( GEOMETRIC_REPRESENTATION_CONTEXT(2) 
PARAMETRIC_REPRESENTATION_CONTEXT() REPRESENTATION_CONTEXT('2D SPACE',''
  ) );
#2583 = PCURVE('',#2584,#2589);
#2584 = CYLINDRICAL_SURFACE('',#2585,0.9);
#2585 = AXIS2_PLACEMENT_3D('',#2586,#2587,#2588);
#2586 = CARTESIAN_POINT('',(65.,-15.58845726812,-9.));
#2587 = DIRECTION('',(-1.,-0.,-0.));
#2588 = DIRECTION('',(0.,1.,0.));
#2589 = DEFINITIONAL_REPRESENTATION('',(#2590),#2594);
#2590 = LINE('',#2591,#2592);
#2591 = CARTESIAN_POINT('',(-0.,-4.));
#2592 = VECTOR('',#2593,1.);
#2593 = DIRECTION('',(-1.,0.));
#2594 = ( GEOMETRIC_REPRESENTATION_CONTEXT(2) 
PARAMETRIC_REPRESENTATION_CONTEXT() REPRESENTATION_CONTEXT('2D SPACE',''
  ) );
#2595 = ADVANCED_FACE('',(#2596,#2622),#2444,.T.);
#2596 = FACE_BOUND('',#2597,.T.);
#2597 = EDGE_LOOP('',(#2598));
#2598 = ORIENTED_EDGE('',*,*,#2599,.T.);
#2599 = EDGE_CURVE('',#2600,#2600,#2602,.T.);
#2600 = VERTEX_POINT('',#2601);
#2601 = CARTESIAN_POINT('',(65.8,15.2,0.));
#2602 = SURFACE_CURVE('',#2603,(#2608,#2615),.PCURVE_S1.);
#2603 = CIRCLE('',#2604,15.2);
#2604 = AXIS2_PLACEMENT_3D('',#2605,#2606,#2607);
#2605 = CARTESIAN_POINT('',(65.8,0.,0.));
#2606 = DIRECTION('',(1.,0.,0.));
#2607 = DIRECTION('',(0.,1.,0.));
#2608 = PCURVE('',#2444,#2609);
#2609 = DEFINITIONAL_REPRESENTATION('',(#2610),#2614);
#2610 = CIRCLE('',#2611,15.2);
#2611 = AXIS2_PLACEMENT_2D('',#2612,#2613);
#2612 = CARTESIAN_POINT('',(-9.921762134749E-17,-1.439410665831E-15));
#2613 = DIRECTION('',(0.,-1.));
#2614 = ( GEOMETRIC_REPRESENTATION_CONTEXT(2) 
PARAMETRIC_REPRESENTATION_CONTEXT() REPRESENTATION_CONTEXT('2D SPACE',''
  ) );
#2615 = PCURVE('',#2522,#2616);
#2616 = DEFINITIONAL_REPRESENTATION('',(#2617),#2621);
#2617 = LINE('',#2618,#2619);
#2618 = CARTESIAN_POINT('',(-0.,0.));
#2619 = VECTOR('',#2620,1.);
#2620 = DIRECTION('',(-1.,0.));
#2621 = ( GEOMETRIC_REPRESENTATION_CONTEXT(2) 
PARAMETRIC_REPRESENTATION_CONTEXT() REPRESENTATION_CONTEXT('2D SPACE',''
  ) );
#2622 = FACE_BOUND('',#2623,.T.);
#2623 = EDGE_LOOP('',(#2624));
#2624 = ORIENTED_EDGE('',*,*,#2429,.T.);
#2625 = ADVANCED_FACE('',(#2626),#2491,.F.);
#2626 = FACE_BOUND('',#2627,.T.);
#2627 = EDGE_LOOP('',(#2628,#2651,#2652,#2653));
#2628 = ORIENTED_EDGE('',*,*,#2629,.T.);
#2629 = EDGE_CURVE('',#2630,#2475,#2632,.T.);
#2630 = VERTEX_POINT('',#2631);
#2631 = CARTESIAN_POINT('',(65.,16.48845726812,-9.));
#2632 = SEAM_CURVE('',#2633,(#2637,#2644),.PCURVE_S1.);
#2633 = LINE('',#2634,#2635);
#2634 = CARTESIAN_POINT('',(65.,16.48845726812,-9.));
#2635 = VECTOR('',#2636,1.);
#2636 = DIRECTION('',(1.,0.,0.));
#2637 = PCURVE('',#2491,#2638);
#2638 = DEFINITIONAL_REPRESENTATION('',(#2639),#2643);
#2639 = LINE('',#2640,#2641);
#2640 = CARTESIAN_POINT('',(-0.,0.));
#2641 = VECTOR('',#2642,1.);
#2642 = DIRECTION('',(-0.,-1.));
#2643 = ( GEOMETRIC_REPRESENTATION_CONTEXT(2) 
PARAMETRIC_REPRESENTATION_CONTEXT() REPRESENTATION_CONTEXT('2D SPACE',''
  ) );
#2644 = PCURVE('',#2491,#2645);
#2645 = DEFINITIONAL_REPRESENTATION('',(#2646),#2650);
#2646 = LINE('',#2647,#2648);
#2647 = CARTESIAN_POINT('',(-6.28318530718,0.));
#2648 = VECTOR('',#2649,1.);
#2649 = DIRECTION('',(-0.,-1.));
#2650 = ( GEOMETRIC_REPRESENTATION_CONTEXT(2) 
PARAMETRIC_REPRESENTATION_CONTEXT() REPRESENTATION_CONTEXT('2D SPACE',''
  ) );
#2651 = ORIENTED_EDGE('',*,*,#2474,.T.);
#2652 = ORIENTED_EDGE('',*,*,#2629,.F.);
#2653 = ORIENTED_EDGE('',*,*,#2654,.F.);
#2654 = EDGE_CURVE('',#2630,#2630,#2655,.T.);
#2655 = SURFACE_CURVE('',#2656,(#2661,#2668),.PCURVE_S1.);
#2656 = CIRCLE('',#2657,0.9);
#2657 = AXIS2_PLACEMENT_3D('',#2658,#2659,#2660);
#2658 = CARTESIAN_POINT('',(65.,15.58845726812,-9.));
#2659 = DIRECTION('',(1.,0.,0.));
#2660 = DIRECTION('',(0.,1.,0.));
#2661 = PCURVE('',#2491,#2662);
#2662 = DEFINITIONAL_REPRESENTATION('',(#2663),#2667);
#2663 = LINE('',#2664,#2665);
#2664 = CARTESIAN_POINT('',(-0.,0.));
#2665 = VECTOR('',#2666,1.);
#2666 = DIRECTION('',(-1.,0.));
#2667 = ( GEOMETRIC_REPRESENTATION_CONTEXT(2) 
PARAMETRIC_REPRESENTATION_CONTEXT() REPRESENTATION_CONTEXT('2D SPACE',''
  ) );
#2668 = PCURVE('',#2669,#2674);
#2669 = PLANE('',#2670);
#2670 = AXIS2_PLACEMENT_3D('',#2671,#2672,#2673);
#2671 = CARTESIAN_POINT('',(65.,15.58845726812,-9.));
#2672 = DIRECTION('',(1.,0.,0.));
#2673 = DIRECTION('',(-0.,0.,1.));
#2674 = DEFINITIONAL_REPRESENTATION('',(#2675),#2679);
#2675 = CIRCLE('',#2676,0.9);
#2676 = AXIS2_PLACEMENT_2D('',#2677,#2678);
#2677 = CARTESIAN_POINT('',(1.7763568394E-15,1.7763568394E-15));
#2678 = DIRECTION('',(0.,-1.));
#2679 = ( GEOMETRIC_REPRESENTATION_CONTEXT(2) 
PARAMETRIC_REPRESENTATION_CONTEXT() REPRESENTATION_CONTEXT('2D SPACE',''
  ) );
#2680 = ADVANCED_FACE('',(#2681),#2522,.F.);
#2681 = FACE_BOUND('',#2682,.T.);
#2682 = EDGE_LOOP('',(#2683,#2704,#2705,#2706));
#2683 = ORIENTED_EDGE('',*,*,#2684,.T.);
#2684 = EDGE_CURVE('',#2600,#2506,#2685,.T.);
#2685 = SEAM_CURVE('',#2686,(#2690,#2697),.PCURVE_S1.);
#2686 = LINE('',#2687,#2688);
#2687 = CARTESIAN_POINT('',(65.8,15.2,0.));
#2688 = VECTOR('',#2689,1.);
#2689 = DIRECTION('',(1.,0.,0.));
#2690 = PCURVE('',#2522,#2691);
#2691 = DEFINITIONAL_REPRESENTATION('',(#2692),#2696);
#2692 = LINE('',#2693,#2694);
#2693 = CARTESIAN_POINT('',(-0.,0.));
#2694 = VECTOR('',#2695,1.);
#2695 = DIRECTION('',(-0.,-1.));
#2696 = ( GEOMETRIC_REPRESENTATION_CONTEXT(2) 
PARAMETRIC_REPRESENTATION_CONTEXT() REPRESENTATION_CONTEXT('2D SPACE',''
  ) );
#2697 = PCURVE('',#2522,#2698);
#2698 = DEFINITIONAL_REPRESENTATION('',(#2699),#2703);
#2699 = LINE('',#2700,#2701);
#2700 = CARTESIAN_POINT('',(-6.28318530718,0.));
#2701 = VECTOR('',#2702,1.);
#2702 = DIRECTION('',(-0.,-1.));
#2703 = ( GEOMETRIC_REPRESENTATION_CONTEXT(2) 
PARAMETRIC_REPRESENTATION_CONTEXT() REPRESENTATION_CONTEXT('2D SPACE',''
  ) );
#2704 = ORIENTED_EDGE('',*,*,#2505,.T.);
#2705 = ORIENTED_EDGE('',*,*,#2684,.F.);
#2706 = ORIENTED_EDGE('',*,*,#2599,.F.);
#2707 = ADVANCED_FACE('',(#2708),#2553,.F.);
#2708 = FACE_BOUND('',#2709,.T.);
#2709 = EDGE_LOOP('',(#2710,#2733,#2734,#2735));
#2710 = ORIENTED_EDGE('',*,*,#2711,.T.);
#2711 = EDGE_CURVE('',#2712,#2537,#2714,.T.);
#2712 = VERTEX_POINT('',#2713);
#2713 = CARTESIAN_POINT('',(65.,0.9,18.));
#2714 = SEAM_CURVE('',#2715,(#2719,#2726),.PCURVE_S1.);
#2715 = LINE('',#2716,#2717);
#2716 = CARTESIAN_POINT('',(65.,0.9,18.));
#2717 = VECTOR('',#2718,1.);
#2718 = DIRECTION('',(1.,0.,0.));
#2719 = PCURVE('',#2553,#2720);
#2720 = DEFINITIONAL_REPRESENTATION('',(#2721),#2725);
#2721 = LINE('',#2722,#2723);
#2722 = CARTESIAN_POINT('',(-0.,0.));
#2723 = VECTOR('',#2724,1.);
#2724 = DIRECTION('',(-0.,-1.));
#2725 = ( GEOMETRIC_REPRESENTATION_CONTEXT(2) 
PARAMETRIC_REPRESENTATION_CONTEXT() REPRESENTATION_CONTEXT('2D SPACE',''
  ) );
#2726 = PCURVE('',#2553,#2727);
#2727 = DEFINITIONAL_REPRESENTATION('',(#2728),#2732);
#2728 = LINE('',#2729,#2730);
#2729 = CARTESIAN_POINT('',(-6.28318530718,0.));
#2730 = VECTOR('',#2731,1.);
#2731 = DIRECTION('',(-0.,-1.));
#2732 = ( GEOMETRIC_REPRESENTATION_CONTEXT(2) 
PARAMETRIC_REPRESENTATION_CONTEXT() REPRESENTATION_CONTEXT('2D SPACE',''
  ) );
#2733 = ORIENTED_EDGE('',*,*,#2536,.T.);
#2734 = ORIENTED_EDGE('',*,*,#2711,.F.);
#2735 = ORIENTED_EDGE('',*,*,#2736,.F.);
#2736 = EDGE_CURVE('',#2712,#2712,#2737,.T.);
#2737 = SURFACE_CURVE('',#2738,(#2743,#2750),.PCURVE_S1.);
#2738 = CIRCLE('',#2739,0.9);
#2739 = AXIS2_PLACEMENT_3D('',#2740,#2741,#2742);
#2740 = CARTESIAN_POINT('',(65.,1.102182119233E-15,18.));
#2741 = DIRECTION('',(1.,0.,0.));
#2742 = DIRECTION('',(0.,1.,0.));
#2743 = PCURVE('',#2553,#2744);
#2744 = DEFINITIONAL_REPRESENTATION('',(#2745),#2749);
#2745 = LINE('',#2746,#2747);
#2746 = CARTESIAN_POINT('',(-0.,0.));
#2747 = VECTOR('',#2748,1.);
#2748 = DIRECTION('',(-1.,0.));
#2749 = ( GEOMETRIC_REPRESENTATION_CONTEXT(2) 
PARAMETRIC_REPRESENTATION_CONTEXT() REPRESENTATION_CONTEXT('2D SPACE',''
  ) );
#2750 = PCURVE('',#2751,#2756);
#2751 = PLANE('',#2752);
#2752 = AXIS2_PLACEMENT_3D('',#2753,#2754,#2755);
#2753 = CARTESIAN_POINT('',(65.,1.163273723862E-15,18.));
#2754 = DIRECTION('',(1.,0.,0.));
#2755 = DIRECTION('',(-0.,0.,1.));
#2756 = DEFINITIONAL_REPRESENTATION('',(#2757),#2761);
#2757 = CIRCLE('',#2758,0.9);
#2758 = AXIS2_PLACEMENT_2D('',#2759,#2760);
#2759 = CARTESIAN_POINT('',(3.552713678801E-15,6.109160462904E-17));
#2760 = DIRECTION('',(0.,-1.));
#2761 = ( GEOMETRIC_REPRESENTATION_CONTEXT(2) 
PARAMETRIC_REPRESENTATION_CONTEXT() REPRESENTATION_CONTEXT('2D SPACE',''
  ) );
#2762 = ADVANCED_FACE('',(#2763),#2584,.F.);
#2763 = FACE_BOUND('',#2764,.T.);
#2764 = EDGE_LOOP('',(#2765,#2788,#2789,#2790));
#2765 = ORIENTED_EDGE('',*,*,#2766,.T.);
#2766 = EDGE_CURVE('',#2767,#2568,#2769,.T.);
#2767 = VERTEX_POINT('',#2768);
#2768 = CARTESIAN_POINT('',(65.,-14.68845726812,-9.));
#2769 = SEAM_CURVE('',#2770,(#2774,#2781),.PCURVE_S1.);
#2770 = LINE('',#2771,#2772);
#2771 = CARTESIAN_POINT('',(65.,-14.68845726812,-9.));
#2772 = VECTOR('',#2773,1.);
#2773 = DIRECTION('',(1.,0.,0.));
#2774 = PCURVE('',#2584,#2775);
#2775 = DEFINITIONAL_REPRESENTATION('',(#2776),#2780);
#2776 = LINE('',#2777,#2778);
#2777 = CARTESIAN_POINT('',(-0.,0.));
#2778 = VECTOR('',#2779,1.);
#2779 = DIRECTION('',(-0.,-1.));
#2780 = ( GEOMETRIC_REPRESENTATION_CONTEXT(2) 
PARAMETRIC_REPRESENTATION_CONTEXT() REPRESENTATION_CONTEXT('2D SPACE',''
  ) );
#2781 = PCURVE('',#2584,#2782);
#2782 = DEFINITIONAL_REPRESENTATION('',(#2783),#2787);
#2783 = LINE('',#2784,#2785);
#2784 = CARTESIAN_POINT('',(-6.28318530718,0.));
#2785 = VECTOR('',#2786,1.);
#2786 = DIRECTION('',(-0.,-1.));
#2787 = ( GEOMETRIC_REPRESENTATION_CONTEXT(2) 
PARAMETRIC_REPRESENTATION_CONTEXT() REPRESENTATION_CONTEXT('2D SPACE',''
  ) );
#2788 = ORIENTED_EDGE('',*,*,#2567,.T.);
#2789 = ORIENTED_EDGE('',*,*,#2766,.F.);
#2790 = ORIENTED_EDGE('',*,*,#2791,.F.);
#2791 = EDGE_CURVE('',#2767,#2767,#2792,.T.);
#2792 = SURFACE_CURVE('',#2793,(#2798,#2805),.PCURVE_S1.);
#2793 = CIRCLE('',#2794,0.9);
#2794 = AXIS2_PLACEMENT_3D('',#2795,#2796,#2797);
#2795 = CARTESIAN_POINT('',(65.,-15.58845726812,-9.));
#2796 = DIRECTION('',(1.,0.,0.));
#2797 = DIRECTION('',(0.,1.,0.));
#2798 = PCURVE('',#2584,#2799);
#2799 = DEFINITIONAL_REPRESENTATION('',(#2800),#2804);
#2800 = LINE('',#2801,#2802);
#2801 = CARTESIAN_POINT('',(-0.,0.));
#2802 = VECTOR('',#2803,1.);
#2803 = DIRECTION('',(-1.,0.));
#2804 = ( GEOMETRIC_REPRESENTATION_CONTEXT(2) 
PARAMETRIC_REPRESENTATION_CONTEXT() REPRESENTATION_CONTEXT('2D SPACE',''
  ) );
#2805 = PCURVE('',#2806,#2811);
#2806 = PLANE('',#2807);
#2807 = AXIS2_PLACEMENT_3D('',#2808,#2809,#2810);
#2808 = CARTESIAN_POINT('',(65.,-15.58845726812,-9.));
#2809 = DIRECTION('',(1.,0.,0.));
#2810 = DIRECTION('',(-0.,0.,1.));
#2811 = DEFINITIONAL_REPRESENTATION('',(#2812),#2816);
#2812 = CIRCLE('',#2813,0.9);
#2813 = AXIS2_PLACEMENT_2D('',#2814,#2815);
#2814 = CARTESIAN_POINT('',(0.,-1.7763568394E-15));
#2815 = DIRECTION('',(0.,-1.));
#2816 = ( GEOMETRIC_REPRESENTATION_CONTEXT(2) 
PARAMETRIC_REPRESENTATION_CONTEXT() REPRESENTATION_CONTEXT('2D SPACE',''
  ) );
#2817 = ADVANCED_FACE('',(#2818),#2669,.T.);
#2818 = FACE_BOUND('',#2819,.T.);
#2819 = EDGE_LOOP('',(#2820));
#2820 = ORIENTED_EDGE('',*,*,#2654,.T.);
#2821 = ADVANCED_FACE('',(#2822),#2751,.T.);
#2822 = FACE_BOUND('',#2823,.T.);
#2823 = EDGE_LOOP('',(#2824));
#2824 = ORIENTED_EDGE('',*,*,#2736,.T.);
#2825 = ADVANCED_FACE('',(#2826),#2806,.T.);
#2826 = FACE_BOUND('',#2827,.T.);
#2827 = EDGE_LOOP('',(#2828));
#2828 = ORIENTED_EDGE('',*,*,#2791,.T.);
#2829 = ( GEOMETRIC_REPRESENTATION_CONTEXT(3) 
GLOBAL_UNCERTAINTY_ASSIGNED_CONTEXT((#2833)) 
GLOBAL_UNIT_ASSIGNED_CONTEXT((#2830,#2831,#2832)) REPRESENTATION_CONTEXT
('Context #1','3D Context with UNIT and UNCERTAINTY') );
#2830 = ( LENGTH_UNIT() NAMED_UNIT(*) SI_UNIT(.MILLI.,.METRE.) );
#2831 = ( NAMED_UNIT(*) PLANE_ANGLE_UNIT() SI_UNIT($,.RADIAN.) );
#2832 = ( NAMED_UNIT(*) SI_UNIT($,.STERADIAN.) SOLID_ANGLE_UNIT() );
#2833 = UNCERTAINTY_MEASURE_WITH_UNIT(LENGTH_MEASURE(1.E-07),#2830,
  'distance_accuracy_value','confusion accuracy');
#2834 = PRODUCT_RELATED_PRODUCT_CATEGORY('part',$,(#7));
ENDSEC;
END-ISO-10303-21;
