ISO-10303-21;
HEADER;
FILE_DESCRIPTION(('Open CASCADE Model'),'2;1');
FILE_NAME('Open CASCADE Shape Model','2026-10-04T23:27:10',('Author'),(
    'Open CASCADE'),'Open CASCADE STEP processor 7.9','Open CASCADE 7.9'
  ,'Unknown');
FILE_SCHEMA(('AUTOMOTIVE_DESIGN { 1 0 10303 214 1 1 1 1 }'));
ENDSEC;
DATA;
#1 = APPLICATION_PROTOCOL_DEFINITION('international standard',
  'automotive_design',2000,#2);
#2 = APPLICATION_CONTEXT(
  'core data for automotive mechanical design processes');
#3 = SHAPE_DEFINITION_REPRESENTATION(#4,#10);
#4 = PRODUCT_DEFINITION_SHAPE('','',#5);
#5 = PRODUCT_DEFINITION('design','',#6,#9);
#6 = PRODUCT_DEFINITION_FORMATION('','',#7);
#7 = PRODUCT('Open CASCADE STEP translator 7.9 8',
  'Open CASCADE STEP translator 7.9 8','',(#8));
#8 = PRODUCT_CONTEXT('',#2,'mechanical');
#9 = PRODUCT_DEFINITION_CONTEXT('part definition',#2,'design');
#10 = ADVANCED_BREP_SHAPE_REPRESENTATION('',(#11,#15),#20635);
#11 = AXIS2_PLACEMENT_3D('',#12,#13,#14);
#12 = CARTESIAN_POINT('',(0.,0.,0.));
#13 = DIRECTION('',(0.,0.,1.));
#14 = DIRECTION('',(1.,0.,-0.));
#15 = MANIFOLD_SOLID_BREP('',#16);
#16 = CLOSED_SHELL('',(#17,#137,#213,#284,#7591,#7816,#7823,#7850,#8378,
    #8881,#8930,#8957,#9006,#9055,#9082,#9131,#9180,#9207,#9278,#9327,
    #9376,#9403,#9452,#9501,#9528,#9577,#9626,#9653,#9724,#9773,#9822,
    #9849,#9920,#9969,#10018,#10045,#10094,#10143,#10170,#10241,#10290,
    #10339,#10366,#10415,#10464,#10491,#10562,#10611,#10660,#10687,
    #10758,#10807,#10856,#10883,#10954,#11003,#11052,#11079,#11150,
    #11199,#11248,#11275,#11346,#11395,#11444,#11471,#11520,#11569,
    #11596,#11645,#11694,#11721,#11792,#11841,#11890,#11917,#11988,
    #12037,#12086,#12113,#12162,#12211,#12238,#12265,#12314,#12817,
    #12844,#12915,#12964,#13013,#13040,#13089,#13138,#13165,#13236,
    #13285,#13334,#13361,#13432,#13481,#13530,#13557,#13628,#13677,
    #13726,#13753,#13824,#13873,#13922,#13949,#14020,#14069,#14118,
    #14145,#14194,#14243,#14270,#14341,#14390,#14439,#14466,#14515,
    #14564,#14591,#14640,#14689,#14716,#14787,#14836,#14885,#14912,
    #14961,#15010,#15037,#15108,#15157,#15206,#15233,#15304,#15353,
    #15402,#15429,#15500,#15549,#15598,#15625,#15696,#15745,#15794,
    #15821,#15892,#15941,#15990,#16017,#16066,#16115,#16142,#16213,
    #16262,#16311,#16338,#16821,#16870,#16897,#16924,#16973,#17022,
    #17049,#17120,#17169,#17218,#17245,#17316,#17365,#17414,#17441,
    #17490,#17539,#17566,#17615,#17664,#17691,#17762,#17811,#17860,
    #17887,#17958,#18007,#18056,#18083,#18154,#18203,#18252,#18279,
    #18350,#18399,#18448,#18475,#18546,#18595,#18644,#18671,#18720,
    #18769,#18796,#18867,#18916,#18965,#18992,#19041,#19090,#19117,
    #19188,#19237,#19286,#19313,#19384,#19433,#19482,#19509,#19558,
    #19607,#19634,#19683,#19732,#19759,#19830,#19879,#19928,#19955,
    #20004,#20053,#20080,#20129,#20178,#20205,#20254,#20281,#20308));
#17 = ADVANCED_FACE('',(#18),#32,.F.);
#18 = FACE_BOUND('',#19,.F.);
#19 = EDGE_LOOP('',(#20,#55,#83,#111));
#20 = ORIENTED_EDGE('',*,*,#21,.T.);
#21 = EDGE_CURVE('',#22,#24,#26,.T.);
#22 = VERTEX_POINT('',#23);
#23 = CARTESIAN_POINT('',(-100.,-100.,-3.));
#24 = VERTEX_POINT('',#25);
#25 = CARTESIAN_POINT('',(-100.,-100.,3.));
#26 = SURFACE_CURVE('',#27,(#31,#43),.PCURVE_S1.);
#27 = LINE('',#28,#29);
#28 = CARTESIAN_POINT('',(-100.,-100.,-3.));
#29 = VECTOR('',#30,1.);
#30 = DIRECTION('',(0.,0.,1.));
#31 = PCURVE('',#32,#37);
#32 = PLANE('',#33);
#33 = AXIS2_PLACEMENT_3D('',#34,#35,#36);
#34 = CARTESIAN_POINT('',(-100.,-100.,-3.));
#35 = DIRECTION('',(0.,1.,0.));
#36 = DIRECTION('',(1.,0.,0.));
#37 = DEFINITIONAL_REPRESENTATION('',(#38),#42);
#38 = LINE('',#39,#40);
#39 = CARTESIAN_POINT('',(0.,0.));
#40 = VECTOR('',#41,1.);
#41 = DIRECTION('',(0.,-1.));
#42 = ( GEOMETRIC_REPRESENTATION_CONTEXT(2) 
PARAMETRIC_REPRESENTATION_CONTEXT() REPRESENTATION_CONTEXT('2D SPACE',''
  ) );
#43 = PCURVE('',#44,#49);
#44 = PLANE('',#45);
#45 = AXIS2_PLACEMENT_3D('',#46,#47,#48);
#46 = CARTESIAN_POINT('',(-100.,100.,-3.));
#47 = DIRECTION('',(1.,0.,-0.));
#48 = DIRECTION('',(0.,-1.,0.));
#49 = DEFINITIONAL_REPRESENTATION('',(#50),#54);
#50 = LINE('',#51,#52);
#51 = CARTESIAN_POINT('',(200.,0.));
#52 = VECTOR('',#53,1.);
#53 = DIRECTION('',(0.,-1.));
#54 = ( GEOMETRIC_REPRESENTATION_CONTEXT(2) 
PARAMETRIC_REPRESENTATION_CONTEXT() REPRESENTATION_CONTEXT('2D SPACE',''
  ) );
#55 = ORIENTED_EDGE('',*,*,#56,.T.);
#56 = EDGE_CURVE('',#24,#57,#59,.T.);
#57 = VERTEX_POINT('',#58);
#58 = CARTESIAN_POINT('',(100.,-100.,3.));
#59 = SURFACE_CURVE('',#60,(#64,#71),.PCURVE_S1.);
#60 = LINE('',#61,#62);
#61 = CARTESIAN_POINT('',(-100.,-100.,3.));
#62 = VECTOR('',#63,1.);
#63 = DIRECTION('',(1.,0.,0.));
#64 = PCURVE('',#32,#65);
#65 = DEFINITIONAL_REPRESENTATION('',(#66),#70);
#66 = LINE('',#67,#68);
#67 = CARTESIAN_POINT('',(0.,-6.));
#68 = VECTOR('',#69,1.);
#69 = DIRECTION('',(1.,0.));
#70 = ( GEOMETRIC_REPRESENTATION_CONTEXT(2) 
PARAMETRIC_REPRESENTATION_CONTEXT() REPRESENTATION_CONTEXT('2D SPACE',''
  ) );
#71 = PCURVE('',#72,#77);
#72 = PLANE('',#73);
#73 = AXIS2_PLACEMENT_3D('',#74,#75,#76);
#74 = CARTESIAN_POINT('',(0.,0.,3.));
#75 = DIRECTION('',(0.,0.,1.));
#76 = DIRECTION('',(1.,0.,-0.));
#77 = DEFINITIONAL_REPRESENTATION('',(#78),#82);
#78 = LINE('',#79,#80);
#79 = CARTESIAN_POINT('',(-100.,-100.));
#80 = VECTOR('',#81,1.);
#81 = DIRECTION('',(1.,0.));
#82 = ( GEOMETRIC_REPRESENTATION_CONTEXT(2) 
PARAMETRIC_REPRESENTATION_CONTEXT() REPRESENTATION_CONTEXT('2D SPACE',''
  ) );
#83 = ORIENTED_EDGE('',*,*,#84,.F.);
#84 = EDGE_CURVE('',#85,#57,#87,.T.);
#85 = VERTEX_POINT('',#86);
#86 = CARTESIAN_POINT('',(100.,-100.,-3.));
#87 = SURFACE_CURVE('',#88,(#92,#99),.PCURVE_S1.);
#88 = LINE('',#89,#90);
#89 = CARTESIAN_POINT('',(100.,-100.,-3.));
#90 = VECTOR('',#91,1.);
#91 = DIRECTION('',(0.,0.,1.));
#92 = PCURVE('',#32,#93);
#93 = DEFINITIONAL_REPRESENTATION('',(#94),#98);
#94 = LINE('',#95,#96);
#95 = CARTESIAN_POINT('',(200.,0.));
#96 = VECTOR('',#97,1.);
#97 = DIRECTION('',(0.,-1.));
#98 = ( GEOMETRIC_REPRESENTATION_CONTEXT(2) 
PARAMETRIC_REPRESENTATION_CONTEXT() REPRESENTATION_CONTEXT('2D SPACE',''
  ) );
#99 = PCURVE('',#100,#105);
#100 = PLANE('',#101);
#101 = AXIS2_PLACEMENT_3D('',#102,#103,#104);
#102 = CARTESIAN_POINT('',(100.,-100.,-3.));
#103 = DIRECTION('',(-1.,0.,0.));
#104 = DIRECTION('',(0.,1.,0.));
#105 = DEFINITIONAL_REPRESENTATION('',(#106),#110);
#106 = LINE('',#107,#108);
#107 = CARTESIAN_POINT('',(0.,0.));
#108 = VECTOR('',#109,1.);
#109 = DIRECTION('',(0.,-1.));
#110 = ( GEOMETRIC_REPRESENTATION_CONTEXT(2) 
PARAMETRIC_REPRESENTATION_CONTEXT() REPRESENTATION_CONTEXT('2D SPACE',''
  ) );
#111 = ORIENTED_EDGE('',*,*,#112,.F.);
#112 = EDGE_CURVE('',#22,#85,#113,.T.);
#113 = SURFACE_CURVE('',#114,(#118,#125),.PCURVE_S1.);
#114 = LINE('',#115,#116);
#115 = CARTESIAN_POINT('',(-100.,-100.,-3.));
#116 = VECTOR('',#117,1.);
#117 = DIRECTION('',(1.,0.,0.));
#118 = PCURVE('',#32,#119);
#119 = DEFINITIONAL_REPRESENTATION('',(#120),#124);
#120 = LINE('',#121,#122);
#121 = CARTESIAN_POINT('',(0.,0.));
#122 = VECTOR('',#123,1.);
#123 = DIRECTION('',(1.,0.));
#124 = ( GEOMETRIC_REPRESENTATION_CONTEXT(2) 
PARAMETRIC_REPRESENTATION_CONTEXT() REPRESENTATION_CONTEXT('2D SPACE',''
  ) );
#125 = PCURVE('',#126,#131);
#126 = PLANE('',#127);
#127 = AXIS2_PLACEMENT_3D('',#128,#129,#130);
#128 = CARTESIAN_POINT('',(0.,0.,-3.));
#129 = DIRECTION('',(0.,0.,1.));
#130 = DIRECTION('',(1.,0.,-0.));
#131 = DEFINITIONAL_REPRESENTATION('',(#132),#136);
#132 = LINE('',#133,#134);
#133 = CARTESIAN_POINT('',(-100.,-100.));
#134 = VECTOR('',#135,1.);
#135 = DIRECTION('',(1.,0.));
#136 = ( GEOMETRIC_REPRESENTATION_CONTEXT(2) 
PARAMETRIC_REPRESENTATION_CONTEXT() REPRESENTATION_CONTEXT('2D SPACE',''
  ) );
#137 = ADVANCED_FACE('',(#138),#44,.F.);
#138 = FACE_BOUND('',#139,.F.);
#139 = EDGE_LOOP('',(#140,#170,#191,#192));
#140 = ORIENTED_EDGE('',*,*,#141,.T.);
#141 = EDGE_CURVE('',#142,#144,#146,.T.);
#142 = VERTEX_POINT('',#143);
#143 = CARTESIAN_POINT('',(-100.,100.,-3.));
#144 = VERTEX_POINT('',#145);
#145 = CARTESIAN_POINT('',(-100.,100.,3.));
#146 = SURFACE_CURVE('',#147,(#151,#158),.PCURVE_S1.);
#147 = LINE('',#148,#149);
#148 = CARTESIAN_POINT('',(-100.,100.,-3.));
#149 = VECTOR('',#150,1.);
#150 = DIRECTION('',(0.,0.,1.));
#151 = PCURVE('',#44,#152);
#152 = DEFINITIONAL_REPRESENTATION('',(#153),#157);
#153 = LINE('',#154,#155);
#154 = CARTESIAN_POINT('',(0.,0.));
#155 = VECTOR('',#156,1.);
#156 = DIRECTION('',(0.,-1.));
#157 = ( GEOMETRIC_REPRESENTATION_CONTEXT(2) 
PARAMETRIC_REPRESENTATION_CONTEXT() REPRESENTATION_CONTEXT('2D SPACE',''
  ) );
#158 = PCURVE('',#159,#164);
#159 = PLANE('',#160);
#160 = AXIS2_PLACEMENT_3D('',#161,#162,#163);
#161 = CARTESIAN_POINT('',(100.,100.,-3.));
#162 = DIRECTION('',(0.,-1.,0.));
#163 = DIRECTION('',(-1.,0.,0.));
#164 = DEFINITIONAL_REPRESENTATION('',(#165),#169);
#165 = LINE('',#166,#167);
#166 = CARTESIAN_POINT('',(200.,0.));
#167 = VECTOR('',#168,1.);
#168 = DIRECTION('',(0.,-1.));
#169 = ( GEOMETRIC_REPRESENTATION_CONTEXT(2) 
PARAMETRIC_REPRESENTATION_CONTEXT() REPRESENTATION_CONTEXT('2D SPACE',''
  ) );
#170 = ORIENTED_EDGE('',*,*,#171,.T.);
#171 = EDGE_CURVE('',#144,#24,#172,.T.);
#172 = SURFACE_CURVE('',#173,(#177,#184),.PCURVE_S1.);
#173 = LINE('',#174,#175);
#174 = CARTESIAN_POINT('',(-100.,100.,3.));
#175 = VECTOR('',#176,1.);
#176 = DIRECTION('',(0.,-1.,0.));
#177 = PCURVE('',#44,#178);
#178 = DEFINITIONAL_REPRESENTATION('',(#179),#183);
#179 = LINE('',#180,#181);
#180 = CARTESIAN_POINT('',(0.,-6.));
#181 = VECTOR('',#182,1.);
#182 = DIRECTION('',(1.,0.));
#183 = ( GEOMETRIC_REPRESENTATION_CONTEXT(2) 
PARAMETRIC_REPRESENTATION_CONTEXT() REPRESENTATION_CONTEXT('2D SPACE',''
  ) );
#184 = PCURVE('',#72,#185);
#185 = DEFINITIONAL_REPRESENTATION('',(#186),#190);
#186 = LINE('',#187,#188);
#187 = CARTESIAN_POINT('',(-100.,100.));
#188 = VECTOR('',#189,1.);
#189 = DIRECTION('',(0.,-1.));
#190 = ( GEOMETRIC_REPRESENTATION_CONTEXT(2) 
PARAMETRIC_REPRESENTATION_CONTEXT() REPRESENTATION_CONTEXT('2D SPACE',''
  ) );
#191 = ORIENTED_EDGE('',*,*,#21,.F.);
#192 = ORIENTED_EDGE('',*,*,#193,.F.);
#193 = EDGE_CURVE('',#142,#22,#194,.T.);
#194 = SURFACE_CURVE('',#195,(#199,#206),.PCURVE_S1.);
#195 = LINE('',#196,#197);
#196 = CARTESIAN_POINT('',(-100.,100.,-3.));
#197 = VECTOR('',#198,1.);
#198 = DIRECTION('',(0.,-1.,0.));
#199 = PCURVE('',#44,#200);
#200 = DEFINITIONAL_REPRESENTATION('',(#201),#205);
#201 = LINE('',#202,#203);
#202 = CARTESIAN_POINT('',(0.,0.));
#203 = VECTOR('',#204,1.);
#204 = DIRECTION('',(1.,0.));
#205 = ( GEOMETRIC_REPRESENTATION_CONTEXT(2) 
PARAMETRIC_REPRESENTATION_CONTEXT() REPRESENTATION_CONTEXT('2D SPACE',''
  ) );
#206 = PCURVE('',#126,#207);
#207 = DEFINITIONAL_REPRESENTATION('',(#208),#212);
#208 = LINE('',#209,#210);
#209 = CARTESIAN_POINT('',(-100.,100.));
#210 = VECTOR('',#211,1.);
#211 = DIRECTION('',(0.,-1.));
#212 = ( GEOMETRIC_REPRESENTATION_CONTEXT(2) 
PARAMETRIC_REPRESENTATION_CONTEXT() REPRESENTATION_CONTEXT('2D SPACE',''
  ) );
#213 = ADVANCED_FACE('',(#214),#100,.F.);
#214 = FACE_BOUND('',#215,.F.);
#215 = EDGE_LOOP('',(#216,#217,#240,#263));
#216 = ORIENTED_EDGE('',*,*,#84,.T.);
#217 = ORIENTED_EDGE('',*,*,#218,.T.);
#218 = EDGE_CURVE('',#57,#219,#221,.T.);
#219 = VERTEX_POINT('',#220);
#220 = CARTESIAN_POINT('',(100.,100.,3.));
#221 = SURFACE_CURVE('',#222,(#226,#233),.PCURVE_S1.);
#222 = LINE('',#223,#224);
#223 = CARTESIAN_POINT('',(100.,-100.,3.));
#224 = VECTOR('',#225,1.);
#225 = DIRECTION('',(0.,1.,0.));
#226 = PCURVE('',#100,#227);
#227 = DEFINITIONAL_REPRESENTATION('',(#228),#232);
#228 = LINE('',#229,#230);
#229 = CARTESIAN_POINT('',(0.,-6.));
#230 = VECTOR('',#231,1.);
#231 = DIRECTION('',(1.,0.));
#232 = ( GEOMETRIC_REPRESENTATION_CONTEXT(2) 
PARAMETRIC_REPRESENTATION_CONTEXT() REPRESENTATION_CONTEXT('2D SPACE',''
  ) );
#233 = PCURVE('',#72,#234);
#234 = DEFINITIONAL_REPRESENTATION('',(#235),#239);
#235 = LINE('',#236,#237);
#236 = CARTESIAN_POINT('',(100.,-100.));
#237 = VECTOR('',#238,1.);
#238 = DIRECTION('',(0.,1.));
#239 = ( GEOMETRIC_REPRESENTATION_CONTEXT(2) 
PARAMETRIC_REPRESENTATION_CONTEXT() REPRESENTATION_CONTEXT('2D SPACE',''
  ) );
#240 = ORIENTED_EDGE('',*,*,#241,.F.);
#241 = EDGE_CURVE('',#242,#219,#244,.T.);
#242 = VERTEX_POINT('',#243);
#243 = CARTESIAN_POINT('',(100.,100.,-3.));
#244 = SURFACE_CURVE('',#245,(#249,#256),.PCURVE_S1.);
#245 = LINE('',#246,#247);
#246 = CARTESIAN_POINT('',(100.,100.,-3.));
#247 = VECTOR('',#248,1.);
#248 = DIRECTION('',(0.,0.,1.));
#249 = PCURVE('',#100,#250);
#250 = DEFINITIONAL_REPRESENTATION('',(#251),#255);
#251 = LINE('',#252,#253);
#252 = CARTESIAN_POINT('',(200.,0.));
#253 = VECTOR('',#254,1.);
#254 = DIRECTION('',(0.,-1.));
#255 = ( GEOMETRIC_REPRESENTATION_CONTEXT(2) 
PARAMETRIC_REPRESENTATION_CONTEXT() REPRESENTATION_CONTEXT('2D SPACE',''
  ) );
#256 = PCURVE('',#159,#257);
#257 = DEFINITIONAL_REPRESENTATION('',(#258),#262);
#258 = LINE('',#259,#260);
#259 = CARTESIAN_POINT('',(0.,-0.));
#260 = VECTOR('',#261,1.);
#261 = DIRECTION('',(0.,-1.));
#262 = ( GEOMETRIC_REPRESENTATION_CONTEXT(2) 
PARAMETRIC_REPRESENTATION_CONTEXT() REPRESENTATION_CONTEXT('2D SPACE',''
  ) );
#263 = ORIENTED_EDGE('',*,*,#264,.F.);
#264 = EDGE_CURVE('',#85,#242,#265,.T.);
#265 = SURFACE_CURVE('',#266,(#270,#277),.PCURVE_S1.);
#266 = LINE('',#267,#268);
#267 = CARTESIAN_POINT('',(100.,-100.,-3.));
#268 = VECTOR('',#269,1.);
#269 = DIRECTION('',(0.,1.,0.));
#270 = PCURVE('',#100,#271);
#271 = DEFINITIONAL_REPRESENTATION('',(#272),#276);
#272 = LINE('',#273,#274);
#273 = CARTESIAN_POINT('',(0.,0.));
#274 = VECTOR('',#275,1.);
#275 = DIRECTION('',(1.,0.));
#276 = ( GEOMETRIC_REPRESENTATION_CONTEXT(2) 
PARAMETRIC_REPRESENTATION_CONTEXT() REPRESENTATION_CONTEXT('2D SPACE',''
  ) );
#277 = PCURVE('',#126,#278);
#278 = DEFINITIONAL_REPRESENTATION('',(#279),#283);
#279 = LINE('',#280,#281);
#280 = CARTESIAN_POINT('',(100.,-100.));
#281 = VECTOR('',#282,1.);
#282 = DIRECTION('',(0.,1.));
#283 = ( GEOMETRIC_REPRESENTATION_CONTEXT(2) 
PARAMETRIC_REPRESENTATION_CONTEXT() REPRESENTATION_CONTEXT('2D SPACE',''
  ) );
#284 = ADVANCED_FACE('',(#285,#311,#342,#456,#565,#674,#788,#897,#1006,
    #1120,#1234,#1343,#1457,#1566,#1680,#1794,#1908,#2022,#2136,#2245,
    #2354,#2468,#2582,#2691,#2722,#2831,#2945,#3054,#3168,#3282,#3396,
    #3510,#3624,#3733,#3847,#3956,#4065,#4179,#4288,#4402,#4516,#4630,
    #4744,#4858,#4967,#5081,#5190,#5221,#5330,#5444,#5558,#5667,#5776,
    #5890,#6004,#6118,#6232,#6346,#6455,#6569,#6678,#6792,#6906,#7015,
    #7124,#7238,#7347,#7456,#7560),#126,.F.);
#285 = FACE_BOUND('',#286,.F.);
#286 = EDGE_LOOP('',(#287,#288,#289,#310));
#287 = ORIENTED_EDGE('',*,*,#112,.T.);
#288 = ORIENTED_EDGE('',*,*,#264,.T.);
#289 = ORIENTED_EDGE('',*,*,#290,.T.);
#290 = EDGE_CURVE('',#242,#142,#291,.T.);
#291 = SURFACE_CURVE('',#292,(#296,#303),.PCURVE_S1.);
#292 = LINE('',#293,#294);
#293 = CARTESIAN_POINT('',(100.,100.,-3.));
#294 = VECTOR('',#295,1.);
#295 = DIRECTION('',(-1.,0.,0.));
#296 = PCURVE('',#126,#297);
#297 = DEFINITIONAL_REPRESENTATION('',(#298),#302);
#298 = LINE('',#299,#300);
#299 = CARTESIAN_POINT('',(100.,100.));
#300 = VECTOR('',#301,1.);
#301 = DIRECTION('',(-1.,0.));
#302 = ( GEOMETRIC_REPRESENTATION_CONTEXT(2) 
PARAMETRIC_REPRESENTATION_CONTEXT() REPRESENTATION_CONTEXT('2D SPACE',''
  ) );
#303 = PCURVE('',#159,#304);
#304 = DEFINITIONAL_REPRESENTATION('',(#305),#309);
#305 = LINE('',#306,#307);
#306 = CARTESIAN_POINT('',(0.,-0.));
#307 = VECTOR('',#308,1.);
#308 = DIRECTION('',(1.,0.));
#309 = ( GEOMETRIC_REPRESENTATION_CONTEXT(2) 
PARAMETRIC_REPRESENTATION_CONTEXT() REPRESENTATION_CONTEXT('2D SPACE',''
  ) );
#310 = ORIENTED_EDGE('',*,*,#193,.T.);
#311 = FACE_BOUND('',#312,.F.);
#312 = EDGE_LOOP('',(#313));
#313 = ORIENTED_EDGE('',*,*,#314,.F.);
#314 = EDGE_CURVE('',#315,#315,#317,.T.);
#315 = VERTEX_POINT('',#316);
#316 = CARTESIAN_POINT('',(-90.9,-93.,-3.));
#317 = SURFACE_CURVE('',#318,(#323,#330),.PCURVE_S1.);
#318 = CIRCLE('',#319,2.1);
#319 = AXIS2_PLACEMENT_3D('',#320,#321,#322);
#320 = CARTESIAN_POINT('',(-93.,-93.,-3.));
#321 = DIRECTION('',(0.,0.,1.));
#322 = DIRECTION('',(1.,0.,0.));
#323 = PCURVE('',#126,#324);
#324 = DEFINITIONAL_REPRESENTATION('',(#325),#329);
#325 = CIRCLE('',#326,2.1);
#326 = AXIS2_PLACEMENT_2D('',#327,#328);
#327 = CARTESIAN_POINT('',(-93.,-93.));
#328 = DIRECTION('',(1.,0.));
#329 = ( GEOMETRIC_REPRESENTATION_CONTEXT(2) 
PARAMETRIC_REPRESENTATION_CONTEXT() REPRESENTATION_CONTEXT('2D SPACE',''
  ) );
#330 = PCURVE('',#331,#336);
#331 = CYLINDRICAL_SURFACE('',#332,2.1);
#332 = AXIS2_PLACEMENT_3D('',#333,#334,#335);
#333 = CARTESIAN_POINT('',(-93.,-93.,-3.));
#334 = DIRECTION('',(-0.,-0.,-1.));
#335 = DIRECTION('',(1.,0.,0.));
#336 = DEFINITIONAL_REPRESENTATION('',(#337),#341);
#337 = LINE('',#338,#339);
#338 = CARTESIAN_POINT('',(-0.,0.));
#339 = VECTOR('',#340,1.);
#340 = DIRECTION('',(-1.,0.));
#341 = ( GEOMETRIC_REPRESENTATION_CONTEXT(2) 
PARAMETRIC_REPRESENTATION_CONTEXT() REPRESENTATION_CONTEXT('2D SPACE',''
  ) );
#342 = FACE_BOUND('',#343,.F.);
#343 = EDGE_LOOP('',(#344,#374,#402,#430));
#344 = ORIENTED_EDGE('',*,*,#345,.F.);
#345 = EDGE_CURVE('',#346,#348,#350,.T.);
#346 = VERTEX_POINT('',#347);
#347 = CARTESIAN_POINT('',(-86.,-86.,-3.));
#348 = VERTEX_POINT('',#349);
#349 = CARTESIAN_POINT('',(-67.,-86.,-3.));
#350 = SURFACE_CURVE('',#351,(#355,#362),.PCURVE_S1.);
#351 = LINE('',#352,#353);
#352 = CARTESIAN_POINT('',(-86.,-86.,-3.));
#353 = VECTOR('',#354,1.);
#354 = DIRECTION('',(1.,0.,0.));
#355 = PCURVE('',#126,#356);
#356 = DEFINITIONAL_REPRESENTATION('',(#357),#361);
#357 = LINE('',#358,#359);
#358 = CARTESIAN_POINT('',(-86.,-86.));
#359 = VECTOR('',#360,1.);
#360 = DIRECTION('',(1.,0.));
#361 = ( GEOMETRIC_REPRESENTATION_CONTEXT(2) 
PARAMETRIC_REPRESENTATION_CONTEXT() REPRESENTATION_CONTEXT('2D SPACE',''
  ) );
#362 = PCURVE('',#363,#368);
#363 = PLANE('',#364);
#364 = AXIS2_PLACEMENT_3D('',#365,#366,#367);
#365 = CARTESIAN_POINT('',(-86.,-86.,-3.));
#366 = DIRECTION('',(0.,1.,0.));
#367 = DIRECTION('',(1.,0.,0.));
#368 = DEFINITIONAL_REPRESENTATION('',(#369),#373);
#369 = LINE('',#370,#371);
#370 = CARTESIAN_POINT('',(0.,0.));
#371 = VECTOR('',#372,1.);
#372 = DIRECTION('',(1.,0.));
#373 = ( GEOMETRIC_REPRESENTATION_CONTEXT(2) 
PARAMETRIC_REPRESENTATION_CONTEXT() REPRESENTATION_CONTEXT('2D SPACE',''
  ) );
#374 = ORIENTED_EDGE('',*,*,#375,.F.);
#375 = EDGE_CURVE('',#376,#346,#378,.T.);
#376 = VERTEX_POINT('',#377);
#377 = CARTESIAN_POINT('',(-86.,-67.,-3.));
#378 = SURFACE_CURVE('',#379,(#383,#390),.PCURVE_S1.);
#379 = LINE('',#380,#381);
#380 = CARTESIAN_POINT('',(-86.,86.,-3.));
#381 = VECTOR('',#382,1.);
#382 = DIRECTION('',(0.,-1.,0.));
#383 = PCURVE('',#126,#384);
#384 = DEFINITIONAL_REPRESENTATION('',(#385),#389);
#385 = LINE('',#386,#387);
#386 = CARTESIAN_POINT('',(-86.,86.));
#387 = VECTOR('',#388,1.);
#388 = DIRECTION('',(0.,-1.));
#389 = ( GEOMETRIC_REPRESENTATION_CONTEXT(2) 
PARAMETRIC_REPRESENTATION_CONTEXT() REPRESENTATION_CONTEXT('2D SPACE',''
  ) );
#390 = PCURVE('',#391,#396);
#391 = PLANE('',#392);
#392 = AXIS2_PLACEMENT_3D('',#393,#394,#395);
#393 = CARTESIAN_POINT('',(-86.,86.,-3.));
#394 = DIRECTION('',(1.,0.,-0.));
#395 = DIRECTION('',(0.,-1.,0.));
#396 = DEFINITIONAL_REPRESENTATION('',(#397),#401);
#397 = LINE('',#398,#399);
#398 = CARTESIAN_POINT('',(0.,0.));
#399 = VECTOR('',#400,1.);
#400 = DIRECTION('',(1.,0.));
#401 = ( GEOMETRIC_REPRESENTATION_CONTEXT(2) 
PARAMETRIC_REPRESENTATION_CONTEXT() REPRESENTATION_CONTEXT('2D SPACE',''
  ) );
#402 = ORIENTED_EDGE('',*,*,#403,.T.);
#403 = EDGE_CURVE('',#376,#404,#406,.T.);
#404 = VERTEX_POINT('',#405);
#405 = CARTESIAN_POINT('',(-67.,-67.,-3.));
#406 = SURFACE_CURVE('',#407,(#411,#418),.PCURVE_S1.);
#407 = LINE('',#408,#409);
#408 = CARTESIAN_POINT('',(-86.,-67.,-3.));
#409 = VECTOR('',#410,1.);
#410 = DIRECTION('',(1.,0.,0.));
#411 = PCURVE('',#126,#412);
#412 = DEFINITIONAL_REPRESENTATION('',(#413),#417);
#413 = LINE('',#414,#415);
#414 = CARTESIAN_POINT('',(-86.,-67.));
#415 = VECTOR('',#416,1.);
#416 = DIRECTION('',(1.,0.));
#417 = ( GEOMETRIC_REPRESENTATION_CONTEXT(2) 
PARAMETRIC_REPRESENTATION_CONTEXT() REPRESENTATION_CONTEXT('2D SPACE',''
  ) );
#418 = PCURVE('',#419,#424);
#419 = PLANE('',#420);
#420 = AXIS2_PLACEMENT_3D('',#421,#422,#423);
#421 = CARTESIAN_POINT('',(-86.,-67.,-3.));
#422 = DIRECTION('',(0.,1.,0.));
#423 = DIRECTION('',(1.,0.,0.));
#424 = DEFINITIONAL_REPRESENTATION('',(#425),#429);
#425 = LINE('',#426,#427);
#426 = CARTESIAN_POINT('',(0.,0.));
#427 = VECTOR('',#428,1.);
#428 = DIRECTION('',(1.,0.));
#429 = ( GEOMETRIC_REPRESENTATION_CONTEXT(2) 
PARAMETRIC_REPRESENTATION_CONTEXT() REPRESENTATION_CONTEXT('2D SPACE',''
  ) );
#430 = ORIENTED_EDGE('',*,*,#431,.T.);
#431 = EDGE_CURVE('',#404,#348,#432,.T.);
#432 = SURFACE_CURVE('',#433,(#437,#444),.PCURVE_S1.);
#433 = LINE('',#434,#435);
#434 = CARTESIAN_POINT('',(-67.,86.,-3.));
#435 = VECTOR('',#436,1.);
#436 = DIRECTION('',(0.,-1.,0.));
#437 = PCURVE('',#126,#438);
#438 = DEFINITIONAL_REPRESENTATION('',(#439),#443);
#439 = LINE('',#440,#441);
#440 = CARTESIAN_POINT('',(-67.,86.));
#441 = VECTOR('',#442,1.);
#442 = DIRECTION('',(0.,-1.));
#443 = ( GEOMETRIC_REPRESENTATION_CONTEXT(2) 
PARAMETRIC_REPRESENTATION_CONTEXT() REPRESENTATION_CONTEXT('2D SPACE',''
  ) );
#444 = PCURVE('',#445,#450);
#445 = PLANE('',#446);
#446 = AXIS2_PLACEMENT_3D('',#447,#448,#449);
#447 = CARTESIAN_POINT('',(-67.,86.,-3.));
#448 = DIRECTION('',(1.,0.,-0.));
#449 = DIRECTION('',(0.,-1.,0.));
#450 = DEFINITIONAL_REPRESENTATION('',(#451),#455);
#451 = LINE('',#452,#453);
#452 = CARTESIAN_POINT('',(0.,0.));
#453 = VECTOR('',#454,1.);
#454 = DIRECTION('',(1.,0.));
#455 = ( GEOMETRIC_REPRESENTATION_CONTEXT(2) 
PARAMETRIC_REPRESENTATION_CONTEXT() REPRESENTATION_CONTEXT('2D SPACE',''
  ) );
#456 = FACE_BOUND('',#457,.F.);
#457 = EDGE_LOOP('',(#458,#483,#511,#539));
#458 = ORIENTED_EDGE('',*,*,#459,.F.);
#459 = EDGE_CURVE('',#460,#462,#464,.T.);
#460 = VERTEX_POINT('',#461);
#461 = CARTESIAN_POINT('',(-65.,-86.,-3.));
#462 = VERTEX_POINT('',#463);
#463 = CARTESIAN_POINT('',(-45.,-86.,-3.));
#464 = SURFACE_CURVE('',#465,(#469,#476),.PCURVE_S1.);
#465 = LINE('',#466,#467);
#466 = CARTESIAN_POINT('',(-86.,-86.,-3.));
#467 = VECTOR('',#468,1.);
#468 = DIRECTION('',(1.,0.,0.));
#469 = PCURVE('',#126,#470);
#470 = DEFINITIONAL_REPRESENTATION('',(#471),#475);
#471 = LINE('',#472,#473);
#472 = CARTESIAN_POINT('',(-86.,-86.));
#473 = VECTOR('',#474,1.);
#474 = DIRECTION('',(1.,0.));
#475 = ( GEOMETRIC_REPRESENTATION_CONTEXT(2) 
PARAMETRIC_REPRESENTATION_CONTEXT() REPRESENTATION_CONTEXT('2D SPACE',''
  ) );
#476 = PCURVE('',#363,#477);
#477 = DEFINITIONAL_REPRESENTATION('',(#478),#482);
#478 = LINE('',#479,#480);
#479 = CARTESIAN_POINT('',(0.,0.));
#480 = VECTOR('',#481,1.);
#481 = DIRECTION('',(1.,0.));
#482 = ( GEOMETRIC_REPRESENTATION_CONTEXT(2) 
PARAMETRIC_REPRESENTATION_CONTEXT() REPRESENTATION_CONTEXT('2D SPACE',''
  ) );
#483 = ORIENTED_EDGE('',*,*,#484,.T.);
#484 = EDGE_CURVE('',#460,#485,#487,.T.);
#485 = VERTEX_POINT('',#486);
#486 = CARTESIAN_POINT('',(-65.,-67.,-3.));
#487 = SURFACE_CURVE('',#488,(#492,#499),.PCURVE_S1.);
#488 = LINE('',#489,#490);
#489 = CARTESIAN_POINT('',(-65.,-86.,-3.));
#490 = VECTOR('',#491,1.);
#491 = DIRECTION('',(0.,1.,0.));
#492 = PCURVE('',#126,#493);
#493 = DEFINITIONAL_REPRESENTATION('',(#494),#498);
#494 = LINE('',#495,#496);
#495 = CARTESIAN_POINT('',(-65.,-86.));
#496 = VECTOR('',#497,1.);
#497 = DIRECTION('',(0.,1.));
#498 = ( GEOMETRIC_REPRESENTATION_CONTEXT(2) 
PARAMETRIC_REPRESENTATION_CONTEXT() REPRESENTATION_CONTEXT('2D SPACE',''
  ) );
#499 = PCURVE('',#500,#505);
#500 = PLANE('',#501);
#501 = AXIS2_PLACEMENT_3D('',#502,#503,#504);
#502 = CARTESIAN_POINT('',(-65.,-86.,-3.));
#503 = DIRECTION('',(-1.,0.,0.));
#504 = DIRECTION('',(0.,1.,0.));
#505 = DEFINITIONAL_REPRESENTATION('',(#506),#510);
#506 = LINE('',#507,#508);
#507 = CARTESIAN_POINT('',(0.,0.));
#508 = VECTOR('',#509,1.);
#509 = DIRECTION('',(1.,0.));
#510 = ( GEOMETRIC_REPRESENTATION_CONTEXT(2) 
PARAMETRIC_REPRESENTATION_CONTEXT() REPRESENTATION_CONTEXT('2D SPACE',''
  ) );
#511 = ORIENTED_EDGE('',*,*,#512,.T.);
#512 = EDGE_CURVE('',#485,#513,#515,.T.);
#513 = VERTEX_POINT('',#514);
#514 = CARTESIAN_POINT('',(-45.,-67.,-3.));
#515 = SURFACE_CURVE('',#516,(#520,#527),.PCURVE_S1.);
#516 = LINE('',#517,#518);
#517 = CARTESIAN_POINT('',(-86.,-67.,-3.));
#518 = VECTOR('',#519,1.);
#519 = DIRECTION('',(1.,0.,0.));
#520 = PCURVE('',#126,#521);
#521 = DEFINITIONAL_REPRESENTATION('',(#522),#526);
#522 = LINE('',#523,#524);
#523 = CARTESIAN_POINT('',(-86.,-67.));
#524 = VECTOR('',#525,1.);
#525 = DIRECTION('',(1.,0.));
#526 = ( GEOMETRIC_REPRESENTATION_CONTEXT(2) 
PARAMETRIC_REPRESENTATION_CONTEXT() REPRESENTATION_CONTEXT('2D SPACE',''
  ) );
#527 = PCURVE('',#528,#533);
#528 = PLANE('',#529);
#529 = AXIS2_PLACEMENT_3D('',#530,#531,#532);
#530 = CARTESIAN_POINT('',(-86.,-67.,-3.));
#531 = DIRECTION('',(0.,1.,0.));
#532 = DIRECTION('',(1.,0.,0.));
#533 = DEFINITIONAL_REPRESENTATION('',(#534),#538);
#534 = LINE('',#535,#536);
#535 = CARTESIAN_POINT('',(0.,0.));
#536 = VECTOR('',#537,1.);
#537 = DIRECTION('',(1.,0.));
#538 = ( GEOMETRIC_REPRESENTATION_CONTEXT(2) 
PARAMETRIC_REPRESENTATION_CONTEXT() REPRESENTATION_CONTEXT('2D SPACE',''
  ) );
#539 = ORIENTED_EDGE('',*,*,#540,.T.);
#540 = EDGE_CURVE('',#513,#462,#541,.T.);
#541 = SURFACE_CURVE('',#542,(#546,#553),.PCURVE_S1.);
#542 = LINE('',#543,#544);
#543 = CARTESIAN_POINT('',(-45.,86.,-3.));
#544 = VECTOR('',#545,1.);
#545 = DIRECTION('',(0.,-1.,0.));
#546 = PCURVE('',#126,#547);
#547 = DEFINITIONAL_REPRESENTATION('',(#548),#552);
#548 = LINE('',#549,#550);
#549 = CARTESIAN_POINT('',(-45.,86.));
#550 = VECTOR('',#551,1.);
#551 = DIRECTION('',(0.,-1.));
#552 = ( GEOMETRIC_REPRESENTATION_CONTEXT(2) 
PARAMETRIC_REPRESENTATION_CONTEXT() REPRESENTATION_CONTEXT('2D SPACE',''
  ) );
#553 = PCURVE('',#554,#559);
#554 = PLANE('',#555);
#555 = AXIS2_PLACEMENT_3D('',#556,#557,#558);
#556 = CARTESIAN_POINT('',(-45.,86.,-3.));
#557 = DIRECTION('',(1.,0.,-0.));
#558 = DIRECTION('',(0.,-1.,0.));
#559 = DEFINITIONAL_REPRESENTATION('',(#560),#564);
#560 = LINE('',#561,#562);
#561 = CARTESIAN_POINT('',(0.,0.));
#562 = VECTOR('',#563,1.);
#563 = DIRECTION('',(1.,0.));
#564 = ( GEOMETRIC_REPRESENTATION_CONTEXT(2) 
PARAMETRIC_REPRESENTATION_CONTEXT() REPRESENTATION_CONTEXT('2D SPACE',''
  ) );
#565 = FACE_BOUND('',#566,.F.);
#566 = EDGE_LOOP('',(#567,#592,#620,#648));
#567 = ORIENTED_EDGE('',*,*,#568,.F.);
#568 = EDGE_CURVE('',#569,#571,#573,.T.);
#569 = VERTEX_POINT('',#570);
#570 = CARTESIAN_POINT('',(-86.,-45.,-3.));
#571 = VERTEX_POINT('',#572);
#572 = CARTESIAN_POINT('',(-86.,-65.,-3.));
#573 = SURFACE_CURVE('',#574,(#578,#585),.PCURVE_S1.);
#574 = LINE('',#575,#576);
#575 = CARTESIAN_POINT('',(-86.,86.,-3.));
#576 = VECTOR('',#577,1.);
#577 = DIRECTION('',(0.,-1.,0.));
#578 = PCURVE('',#126,#579);
#579 = DEFINITIONAL_REPRESENTATION('',(#580),#584);
#580 = LINE('',#581,#582);
#581 = CARTESIAN_POINT('',(-86.,86.));
#582 = VECTOR('',#583,1.);
#583 = DIRECTION('',(0.,-1.));
#584 = ( GEOMETRIC_REPRESENTATION_CONTEXT(2) 
PARAMETRIC_REPRESENTATION_CONTEXT() REPRESENTATION_CONTEXT('2D SPACE',''
  ) );
#585 = PCURVE('',#391,#586);
#586 = DEFINITIONAL_REPRESENTATION('',(#587),#591);
#587 = LINE('',#588,#589);
#588 = CARTESIAN_POINT('',(0.,0.));
#589 = VECTOR('',#590,1.);
#590 = DIRECTION('',(1.,0.));
#591 = ( GEOMETRIC_REPRESENTATION_CONTEXT(2) 
PARAMETRIC_REPRESENTATION_CONTEXT() REPRESENTATION_CONTEXT('2D SPACE',''
  ) );
#592 = ORIENTED_EDGE('',*,*,#593,.T.);
#593 = EDGE_CURVE('',#569,#594,#596,.T.);
#594 = VERTEX_POINT('',#595);
#595 = CARTESIAN_POINT('',(-67.,-45.,-3.));
#596 = SURFACE_CURVE('',#597,(#601,#608),.PCURVE_S1.);
#597 = LINE('',#598,#599);
#598 = CARTESIAN_POINT('',(-86.,-45.,-3.));
#599 = VECTOR('',#600,1.);
#600 = DIRECTION('',(1.,0.,0.));
#601 = PCURVE('',#126,#602);
#602 = DEFINITIONAL_REPRESENTATION('',(#603),#607);
#603 = LINE('',#604,#605);
#604 = CARTESIAN_POINT('',(-86.,-45.));
#605 = VECTOR('',#606,1.);
#606 = DIRECTION('',(1.,0.));
#607 = ( GEOMETRIC_REPRESENTATION_CONTEXT(2) 
PARAMETRIC_REPRESENTATION_CONTEXT() REPRESENTATION_CONTEXT('2D SPACE',''
  ) );
#608 = PCURVE('',#609,#614);
#609 = PLANE('',#610);
#610 = AXIS2_PLACEMENT_3D('',#611,#612,#613);
#611 = CARTESIAN_POINT('',(-86.,-45.,-3.));
#612 = DIRECTION('',(0.,1.,0.));
#613 = DIRECTION('',(1.,0.,0.));
#614 = DEFINITIONAL_REPRESENTATION('',(#615),#619);
#615 = LINE('',#616,#617);
#616 = CARTESIAN_POINT('',(0.,0.));
#617 = VECTOR('',#618,1.);
#618 = DIRECTION('',(1.,0.));
#619 = ( GEOMETRIC_REPRESENTATION_CONTEXT(2) 
PARAMETRIC_REPRESENTATION_CONTEXT() REPRESENTATION_CONTEXT('2D SPACE',''
  ) );
#620 = ORIENTED_EDGE('',*,*,#621,.T.);
#621 = EDGE_CURVE('',#594,#622,#624,.T.);
#622 = VERTEX_POINT('',#623);
#623 = CARTESIAN_POINT('',(-67.,-65.,-3.));
#624 = SURFACE_CURVE('',#625,(#629,#636),.PCURVE_S1.);
#625 = LINE('',#626,#627);
#626 = CARTESIAN_POINT('',(-67.,86.,-3.));
#627 = VECTOR('',#628,1.);
#628 = DIRECTION('',(0.,-1.,0.));
#629 = PCURVE('',#126,#630);
#630 = DEFINITIONAL_REPRESENTATION('',(#631),#635);
#631 = LINE('',#632,#633);
#632 = CARTESIAN_POINT('',(-67.,86.));
#633 = VECTOR('',#634,1.);
#634 = DIRECTION('',(0.,-1.));
#635 = ( GEOMETRIC_REPRESENTATION_CONTEXT(2) 
PARAMETRIC_REPRESENTATION_CONTEXT() REPRESENTATION_CONTEXT('2D SPACE',''
  ) );
#636 = PCURVE('',#637,#642);
#637 = PLANE('',#638);
#638 = AXIS2_PLACEMENT_3D('',#639,#640,#641);
#639 = CARTESIAN_POINT('',(-67.,86.,-3.));
#640 = DIRECTION('',(1.,0.,-0.));
#641 = DIRECTION('',(0.,-1.,0.));
#642 = DEFINITIONAL_REPRESENTATION('',(#643),#647);
#643 = LINE('',#644,#645);
#644 = CARTESIAN_POINT('',(0.,0.));
#645 = VECTOR('',#646,1.);
#646 = DIRECTION('',(1.,0.));
#647 = ( GEOMETRIC_REPRESENTATION_CONTEXT(2) 
PARAMETRIC_REPRESENTATION_CONTEXT() REPRESENTATION_CONTEXT('2D SPACE',''
  ) );
#648 = ORIENTED_EDGE('',*,*,#649,.T.);
#649 = EDGE_CURVE('',#622,#571,#650,.T.);
#650 = SURFACE_CURVE('',#651,(#655,#662),.PCURVE_S1.);
#651 = LINE('',#652,#653);
#652 = CARTESIAN_POINT('',(86.,-65.,-3.));
#653 = VECTOR('',#654,1.);
#654 = DIRECTION('',(-1.,0.,0.));
#655 = PCURVE('',#126,#656);
#656 = DEFINITIONAL_REPRESENTATION('',(#657),#661);
#657 = LINE('',#658,#659);
#658 = CARTESIAN_POINT('',(86.,-65.));
#659 = VECTOR('',#660,1.);
#660 = DIRECTION('',(-1.,0.));
#661 = ( GEOMETRIC_REPRESENTATION_CONTEXT(2) 
PARAMETRIC_REPRESENTATION_CONTEXT() REPRESENTATION_CONTEXT('2D SPACE',''
  ) );
#662 = PCURVE('',#663,#668);
#663 = PLANE('',#664);
#664 = AXIS2_PLACEMENT_3D('',#665,#666,#667);
#665 = CARTESIAN_POINT('',(86.,-65.,-3.));
#666 = DIRECTION('',(0.,-1.,0.));
#667 = DIRECTION('',(-1.,0.,0.));
#668 = DEFINITIONAL_REPRESENTATION('',(#669),#673);
#669 = LINE('',#670,#671);
#670 = CARTESIAN_POINT('',(0.,-0.));
#671 = VECTOR('',#672,1.);
#672 = DIRECTION('',(1.,0.));
#673 = ( GEOMETRIC_REPRESENTATION_CONTEXT(2) 
PARAMETRIC_REPRESENTATION_CONTEXT() REPRESENTATION_CONTEXT('2D SPACE',''
  ) );
#674 = FACE_BOUND('',#675,.F.);
#675 = EDGE_LOOP('',(#676,#706,#734,#762));
#676 = ORIENTED_EDGE('',*,*,#677,.T.);
#677 = EDGE_CURVE('',#678,#680,#682,.T.);
#678 = VERTEX_POINT('',#679);
#679 = CARTESIAN_POINT('',(-65.,-65.,-3.));
#680 = VERTEX_POINT('',#681);
#681 = CARTESIAN_POINT('',(-65.,-45.,-3.));
#682 = SURFACE_CURVE('',#683,(#687,#694),.PCURVE_S1.);
#683 = LINE('',#684,#685);
#684 = CARTESIAN_POINT('',(-65.,-86.,-3.));
#685 = VECTOR('',#686,1.);
#686 = DIRECTION('',(0.,1.,0.));
#687 = PCURVE('',#126,#688);
#688 = DEFINITIONAL_REPRESENTATION('',(#689),#693);
#689 = LINE('',#690,#691);
#690 = CARTESIAN_POINT('',(-65.,-86.));
#691 = VECTOR('',#692,1.);
#692 = DIRECTION('',(0.,1.));
#693 = ( GEOMETRIC_REPRESENTATION_CONTEXT(2) 
PARAMETRIC_REPRESENTATION_CONTEXT() REPRESENTATION_CONTEXT('2D SPACE',''
  ) );
#694 = PCURVE('',#695,#700);
#695 = PLANE('',#696);
#696 = AXIS2_PLACEMENT_3D('',#697,#698,#699);
#697 = CARTESIAN_POINT('',(-65.,-86.,-3.));
#698 = DIRECTION('',(-1.,0.,0.));
#699 = DIRECTION('',(0.,1.,0.));
#700 = DEFINITIONAL_REPRESENTATION('',(#701),#705);
#701 = LINE('',#702,#703);
#702 = CARTESIAN_POINT('',(0.,0.));
#703 = VECTOR('',#704,1.);
#704 = DIRECTION('',(1.,0.));
#705 = ( GEOMETRIC_REPRESENTATION_CONTEXT(2) 
PARAMETRIC_REPRESENTATION_CONTEXT() REPRESENTATION_CONTEXT('2D SPACE',''
  ) );
#706 = ORIENTED_EDGE('',*,*,#707,.T.);
#707 = EDGE_CURVE('',#680,#708,#710,.T.);
#708 = VERTEX_POINT('',#709);
#709 = CARTESIAN_POINT('',(-45.,-45.,-3.));
#710 = SURFACE_CURVE('',#711,(#715,#722),.PCURVE_S1.);
#711 = LINE('',#712,#713);
#712 = CARTESIAN_POINT('',(-86.,-45.,-3.));
#713 = VECTOR('',#714,1.);
#714 = DIRECTION('',(1.,0.,0.));
#715 = PCURVE('',#126,#716);
#716 = DEFINITIONAL_REPRESENTATION('',(#717),#721);
#717 = LINE('',#718,#719);
#718 = CARTESIAN_POINT('',(-86.,-45.));
#719 = VECTOR('',#720,1.);
#720 = DIRECTION('',(1.,0.));
#721 = ( GEOMETRIC_REPRESENTATION_CONTEXT(2) 
PARAMETRIC_REPRESENTATION_CONTEXT() REPRESENTATION_CONTEXT('2D SPACE',''
  ) );
#722 = PCURVE('',#723,#728);
#723 = PLANE('',#724);
#724 = AXIS2_PLACEMENT_3D('',#725,#726,#727);
#725 = CARTESIAN_POINT('',(-86.,-45.,-3.));
#726 = DIRECTION('',(0.,1.,0.));
#727 = DIRECTION('',(1.,0.,0.));
#728 = DEFINITIONAL_REPRESENTATION('',(#729),#733);
#729 = LINE('',#730,#731);
#730 = CARTESIAN_POINT('',(0.,0.));
#731 = VECTOR('',#732,1.);
#732 = DIRECTION('',(1.,0.));
#733 = ( GEOMETRIC_REPRESENTATION_CONTEXT(2) 
PARAMETRIC_REPRESENTATION_CONTEXT() REPRESENTATION_CONTEXT('2D SPACE',''
  ) );
#734 = ORIENTED_EDGE('',*,*,#735,.T.);
#735 = EDGE_CURVE('',#708,#736,#738,.T.);
#736 = VERTEX_POINT('',#737);
#737 = CARTESIAN_POINT('',(-45.,-65.,-3.));
#738 = SURFACE_CURVE('',#739,(#743,#750),.PCURVE_S1.);
#739 = LINE('',#740,#741);
#740 = CARTESIAN_POINT('',(-45.,86.,-3.));
#741 = VECTOR('',#742,1.);
#742 = DIRECTION('',(0.,-1.,0.));
#743 = PCURVE('',#126,#744);
#744 = DEFINITIONAL_REPRESENTATION('',(#745),#749);
#745 = LINE('',#746,#747);
#746 = CARTESIAN_POINT('',(-45.,86.));
#747 = VECTOR('',#748,1.);
#748 = DIRECTION('',(0.,-1.));
#749 = ( GEOMETRIC_REPRESENTATION_CONTEXT(2) 
PARAMETRIC_REPRESENTATION_CONTEXT() REPRESENTATION_CONTEXT('2D SPACE',''
  ) );
#750 = PCURVE('',#751,#756);
#751 = PLANE('',#752);
#752 = AXIS2_PLACEMENT_3D('',#753,#754,#755);
#753 = CARTESIAN_POINT('',(-45.,86.,-3.));
#754 = DIRECTION('',(1.,0.,-0.));
#755 = DIRECTION('',(0.,-1.,0.));
#756 = DEFINITIONAL_REPRESENTATION('',(#757),#761);
#757 = LINE('',#758,#759);
#758 = CARTESIAN_POINT('',(0.,0.));
#759 = VECTOR('',#760,1.);
#760 = DIRECTION('',(1.,0.));
#761 = ( GEOMETRIC_REPRESENTATION_CONTEXT(2) 
PARAMETRIC_REPRESENTATION_CONTEXT() REPRESENTATION_CONTEXT('2D SPACE',''
  ) );
#762 = ORIENTED_EDGE('',*,*,#763,.T.);
#763 = EDGE_CURVE('',#736,#678,#764,.T.);
#764 = SURFACE_CURVE('',#765,(#769,#776),.PCURVE_S1.);
#765 = LINE('',#766,#767);
#766 = CARTESIAN_POINT('',(86.,-65.,-3.));
#767 = VECTOR('',#768,1.);
#768 = DIRECTION('',(-1.,0.,0.));
#769 = PCURVE('',#126,#770);
#770 = DEFINITIONAL_REPRESENTATION('',(#771),#775);
#771 = LINE('',#772,#773);
#772 = CARTESIAN_POINT('',(86.,-65.));
#773 = VECTOR('',#774,1.);
#774 = DIRECTION('',(-1.,0.));
#775 = ( GEOMETRIC_REPRESENTATION_CONTEXT(2) 
PARAMETRIC_REPRESENTATION_CONTEXT() REPRESENTATION_CONTEXT('2D SPACE',''
  ) );
#776 = PCURVE('',#777,#782);
#777 = PLANE('',#778);
#778 = AXIS2_PLACEMENT_3D('',#779,#780,#781);
#779 = CARTESIAN_POINT('',(86.,-65.,-3.));
#780 = DIRECTION('',(0.,-1.,0.));
#781 = DIRECTION('',(-1.,0.,0.));
#782 = DEFINITIONAL_REPRESENTATION('',(#783),#787);
#783 = LINE('',#784,#785);
#784 = CARTESIAN_POINT('',(0.,-0.));
#785 = VECTOR('',#786,1.);
#786 = DIRECTION('',(1.,0.));
#787 = ( GEOMETRIC_REPRESENTATION_CONTEXT(2) 
PARAMETRIC_REPRESENTATION_CONTEXT() REPRESENTATION_CONTEXT('2D SPACE',''
  ) );
#788 = FACE_BOUND('',#789,.F.);
#789 = EDGE_LOOP('',(#790,#815,#843,#871));
#790 = ORIENTED_EDGE('',*,*,#791,.F.);
#791 = EDGE_CURVE('',#792,#794,#796,.T.);
#792 = VERTEX_POINT('',#793);
#793 = CARTESIAN_POINT('',(-43.,-86.,-3.));
#794 = VERTEX_POINT('',#795);
#795 = CARTESIAN_POINT('',(-23.,-86.,-3.));
#796 = SURFACE_CURVE('',#797,(#801,#808),.PCURVE_S1.);
#797 = LINE('',#798,#799);
#798 = CARTESIAN_POINT('',(-86.,-86.,-3.));
#799 = VECTOR('',#800,1.);
#800 = DIRECTION('',(1.,0.,0.));
#801 = PCURVE('',#126,#802);
#802 = DEFINITIONAL_REPRESENTATION('',(#803),#807);
#803 = LINE('',#804,#805);
#804 = CARTESIAN_POINT('',(-86.,-86.));
#805 = VECTOR('',#806,1.);
#806 = DIRECTION('',(1.,0.));
#807 = ( GEOMETRIC_REPRESENTATION_CONTEXT(2) 
PARAMETRIC_REPRESENTATION_CONTEXT() REPRESENTATION_CONTEXT('2D SPACE',''
  ) );
#808 = PCURVE('',#363,#809);
#809 = DEFINITIONAL_REPRESENTATION('',(#810),#814);
#810 = LINE('',#811,#812);
#811 = CARTESIAN_POINT('',(0.,0.));
#812 = VECTOR('',#813,1.);
#813 = DIRECTION('',(1.,0.));
#814 = ( GEOMETRIC_REPRESENTATION_CONTEXT(2) 
PARAMETRIC_REPRESENTATION_CONTEXT() REPRESENTATION_CONTEXT('2D SPACE',''
  ) );
#815 = ORIENTED_EDGE('',*,*,#816,.T.);
#816 = EDGE_CURVE('',#792,#817,#819,.T.);
#817 = VERTEX_POINT('',#818);
#818 = CARTESIAN_POINT('',(-43.,-67.,-3.));
#819 = SURFACE_CURVE('',#820,(#824,#831),.PCURVE_S1.);
#820 = LINE('',#821,#822);
#821 = CARTESIAN_POINT('',(-43.,-86.,-3.));
#822 = VECTOR('',#823,1.);
#823 = DIRECTION('',(0.,1.,0.));
#824 = PCURVE('',#126,#825);
#825 = DEFINITIONAL_REPRESENTATION('',(#826),#830);
#826 = LINE('',#827,#828);
#827 = CARTESIAN_POINT('',(-43.,-86.));
#828 = VECTOR('',#829,1.);
#829 = DIRECTION('',(0.,1.));
#830 = ( GEOMETRIC_REPRESENTATION_CONTEXT(2) 
PARAMETRIC_REPRESENTATION_CONTEXT() REPRESENTATION_CONTEXT('2D SPACE',''
  ) );
#831 = PCURVE('',#832,#837);
#832 = PLANE('',#833);
#833 = AXIS2_PLACEMENT_3D('',#834,#835,#836);
#834 = CARTESIAN_POINT('',(-43.,-86.,-3.));
#835 = DIRECTION('',(-1.,0.,0.));
#836 = DIRECTION('',(0.,1.,0.));
#837 = DEFINITIONAL_REPRESENTATION('',(#838),#842);
#838 = LINE('',#839,#840);
#839 = CARTESIAN_POINT('',(0.,0.));
#840 = VECTOR('',#841,1.);
#841 = DIRECTION('',(1.,0.));
#842 = ( GEOMETRIC_REPRESENTATION_CONTEXT(2) 
PARAMETRIC_REPRESENTATION_CONTEXT() REPRESENTATION_CONTEXT('2D SPACE',''
  ) );
#843 = ORIENTED_EDGE('',*,*,#844,.T.);
#844 = EDGE_CURVE('',#817,#845,#847,.T.);
#845 = VERTEX_POINT('',#846);
#846 = CARTESIAN_POINT('',(-23.,-67.,-3.));
#847 = SURFACE_CURVE('',#848,(#852,#859),.PCURVE_S1.);
#848 = LINE('',#849,#850);
#849 = CARTESIAN_POINT('',(-86.,-67.,-3.));
#850 = VECTOR('',#851,1.);
#851 = DIRECTION('',(1.,0.,0.));
#852 = PCURVE('',#126,#853);
#853 = DEFINITIONAL_REPRESENTATION('',(#854),#858);
#854 = LINE('',#855,#856);
#855 = CARTESIAN_POINT('',(-86.,-67.));
#856 = VECTOR('',#857,1.);
#857 = DIRECTION('',(1.,0.));
#858 = ( GEOMETRIC_REPRESENTATION_CONTEXT(2) 
PARAMETRIC_REPRESENTATION_CONTEXT() REPRESENTATION_CONTEXT('2D SPACE',''
  ) );
#859 = PCURVE('',#860,#865);
#860 = PLANE('',#861);
#861 = AXIS2_PLACEMENT_3D('',#862,#863,#864);
#862 = CARTESIAN_POINT('',(-86.,-67.,-3.));
#863 = DIRECTION('',(0.,1.,0.));
#864 = DIRECTION('',(1.,0.,0.));
#865 = DEFINITIONAL_REPRESENTATION('',(#866),#870);
#866 = LINE('',#867,#868);
#867 = CARTESIAN_POINT('',(0.,0.));
#868 = VECTOR('',#869,1.);
#869 = DIRECTION('',(1.,0.));
#870 = ( GEOMETRIC_REPRESENTATION_CONTEXT(2) 
PARAMETRIC_REPRESENTATION_CONTEXT() REPRESENTATION_CONTEXT('2D SPACE',''
  ) );
#871 = ORIENTED_EDGE('',*,*,#872,.T.);
#872 = EDGE_CURVE('',#845,#794,#873,.T.);
#873 = SURFACE_CURVE('',#874,(#878,#885),.PCURVE_S1.);
#874 = LINE('',#875,#876);
#875 = CARTESIAN_POINT('',(-23.,86.,-3.));
#876 = VECTOR('',#877,1.);
#877 = DIRECTION('',(0.,-1.,0.));
#878 = PCURVE('',#126,#879);
#879 = DEFINITIONAL_REPRESENTATION('',(#880),#884);
#880 = LINE('',#881,#882);
#881 = CARTESIAN_POINT('',(-23.,86.));
#882 = VECTOR('',#883,1.);
#883 = DIRECTION('',(0.,-1.));
#884 = ( GEOMETRIC_REPRESENTATION_CONTEXT(2) 
PARAMETRIC_REPRESENTATION_CONTEXT() REPRESENTATION_CONTEXT('2D SPACE',''
  ) );
#885 = PCURVE('',#886,#891);
#886 = PLANE('',#887);
#887 = AXIS2_PLACEMENT_3D('',#888,#889,#890);
#888 = CARTESIAN_POINT('',(-23.,86.,-3.));
#889 = DIRECTION('',(1.,0.,-0.));
#890 = DIRECTION('',(0.,-1.,0.));
#891 = DEFINITIONAL_REPRESENTATION('',(#892),#896);
#892 = LINE('',#893,#894);
#893 = CARTESIAN_POINT('',(0.,0.));
#894 = VECTOR('',#895,1.);
#895 = DIRECTION('',(1.,0.));
#896 = ( GEOMETRIC_REPRESENTATION_CONTEXT(2) 
PARAMETRIC_REPRESENTATION_CONTEXT() REPRESENTATION_CONTEXT('2D SPACE',''
  ) );
#897 = FACE_BOUND('',#898,.F.);
#898 = EDGE_LOOP('',(#899,#924,#952,#980));
#899 = ORIENTED_EDGE('',*,*,#900,.F.);
#900 = EDGE_CURVE('',#901,#903,#905,.T.);
#901 = VERTEX_POINT('',#902);
#902 = CARTESIAN_POINT('',(-21.,-86.,-3.));
#903 = VERTEX_POINT('',#904);
#904 = CARTESIAN_POINT('',(-1.,-86.,-3.));
#905 = SURFACE_CURVE('',#906,(#910,#917),.PCURVE_S1.);
#906 = LINE('',#907,#908);
#907 = CARTESIAN_POINT('',(-86.,-86.,-3.));
#908 = VECTOR('',#909,1.);
#909 = DIRECTION('',(1.,0.,0.));
#910 = PCURVE('',#126,#911);
#911 = DEFINITIONAL_REPRESENTATION('',(#912),#916);
#912 = LINE('',#913,#914);
#913 = CARTESIAN_POINT('',(-86.,-86.));
#914 = VECTOR('',#915,1.);
#915 = DIRECTION('',(1.,0.));
#916 = ( GEOMETRIC_REPRESENTATION_CONTEXT(2) 
PARAMETRIC_REPRESENTATION_CONTEXT() REPRESENTATION_CONTEXT('2D SPACE',''
  ) );
#917 = PCURVE('',#363,#918);
#918 = DEFINITIONAL_REPRESENTATION('',(#919),#923);
#919 = LINE('',#920,#921);
#920 = CARTESIAN_POINT('',(0.,0.));
#921 = VECTOR('',#922,1.);
#922 = DIRECTION('',(1.,0.));
#923 = ( GEOMETRIC_REPRESENTATION_CONTEXT(2) 
PARAMETRIC_REPRESENTATION_CONTEXT() REPRESENTATION_CONTEXT('2D SPACE',''
  ) );
#924 = ORIENTED_EDGE('',*,*,#925,.T.);
#925 = EDGE_CURVE('',#901,#926,#928,.T.);
#926 = VERTEX_POINT('',#927);
#927 = CARTESIAN_POINT('',(-21.,-67.,-3.));
#928 = SURFACE_CURVE('',#929,(#933,#940),.PCURVE_S1.);
#929 = LINE('',#930,#931);
#930 = CARTESIAN_POINT('',(-21.,-86.,-3.));
#931 = VECTOR('',#932,1.);
#932 = DIRECTION('',(0.,1.,0.));
#933 = PCURVE('',#126,#934);
#934 = DEFINITIONAL_REPRESENTATION('',(#935),#939);
#935 = LINE('',#936,#937);
#936 = CARTESIAN_POINT('',(-21.,-86.));
#937 = VECTOR('',#938,1.);
#938 = DIRECTION('',(0.,1.));
#939 = ( GEOMETRIC_REPRESENTATION_CONTEXT(2) 
PARAMETRIC_REPRESENTATION_CONTEXT() REPRESENTATION_CONTEXT('2D SPACE',''
  ) );
#940 = PCURVE('',#941,#946);
#941 = PLANE('',#942);
#942 = AXIS2_PLACEMENT_3D('',#943,#944,#945);
#943 = CARTESIAN_POINT('',(-21.,-86.,-3.));
#944 = DIRECTION('',(-1.,0.,0.));
#945 = DIRECTION('',(0.,1.,0.));
#946 = DEFINITIONAL_REPRESENTATION('',(#947),#951);
#947 = LINE('',#948,#949);
#948 = CARTESIAN_POINT('',(0.,0.));
#949 = VECTOR('',#950,1.);
#950 = DIRECTION('',(1.,0.));
#951 = ( GEOMETRIC_REPRESENTATION_CONTEXT(2) 
PARAMETRIC_REPRESENTATION_CONTEXT() REPRESENTATION_CONTEXT('2D SPACE',''
  ) );
#952 = ORIENTED_EDGE('',*,*,#953,.T.);
#953 = EDGE_CURVE('',#926,#954,#956,.T.);
#954 = VERTEX_POINT('',#955);
#955 = CARTESIAN_POINT('',(-1.,-67.,-3.));
#956 = SURFACE_CURVE('',#957,(#961,#968),.PCURVE_S1.);
#957 = LINE('',#958,#959);
#958 = CARTESIAN_POINT('',(-86.,-67.,-3.));
#959 = VECTOR('',#960,1.);
#960 = DIRECTION('',(1.,0.,0.));
#961 = PCURVE('',#126,#962);
#962 = DEFINITIONAL_REPRESENTATION('',(#963),#967);
#963 = LINE('',#964,#965);
#964 = CARTESIAN_POINT('',(-86.,-67.));
#965 = VECTOR('',#966,1.);
#966 = DIRECTION('',(1.,0.));
#967 = ( GEOMETRIC_REPRESENTATION_CONTEXT(2) 
PARAMETRIC_REPRESENTATION_CONTEXT() REPRESENTATION_CONTEXT('2D SPACE',''
  ) );
#968 = PCURVE('',#969,#974);
#969 = PLANE('',#970);
#970 = AXIS2_PLACEMENT_3D('',#971,#972,#973);
#971 = CARTESIAN_POINT('',(-86.,-67.,-3.));
#972 = DIRECTION('',(0.,1.,0.));
#973 = DIRECTION('',(1.,0.,0.));
#974 = DEFINITIONAL_REPRESENTATION('',(#975),#979);
#975 = LINE('',#976,#977);
#976 = CARTESIAN_POINT('',(0.,0.));
#977 = VECTOR('',#978,1.);
#978 = DIRECTION('',(1.,0.));
#979 = ( GEOMETRIC_REPRESENTATION_CONTEXT(2) 
PARAMETRIC_REPRESENTATION_CONTEXT() REPRESENTATION_CONTEXT('2D SPACE',''
  ) );
#980 = ORIENTED_EDGE('',*,*,#981,.T.);
#981 = EDGE_CURVE('',#954,#903,#982,.T.);
#982 = SURFACE_CURVE('',#983,(#987,#994),.PCURVE_S1.);
#983 = LINE('',#984,#985);
#984 = CARTESIAN_POINT('',(-1.,86.,-3.));
#985 = VECTOR('',#986,1.);
#986 = DIRECTION('',(0.,-1.,0.));
#987 = PCURVE('',#126,#988);
#988 = DEFINITIONAL_REPRESENTATION('',(#989),#993);
#989 = LINE('',#990,#991);
#990 = CARTESIAN_POINT('',(-1.,86.));
#991 = VECTOR('',#992,1.);
#992 = DIRECTION('',(0.,-1.));
#993 = ( GEOMETRIC_REPRESENTATION_CONTEXT(2) 
PARAMETRIC_REPRESENTATION_CONTEXT() REPRESENTATION_CONTEXT('2D SPACE',''
  ) );
#994 = PCURVE('',#995,#1000);
#995 = PLANE('',#996);
#996 = AXIS2_PLACEMENT_3D('',#997,#998,#999);
#997 = CARTESIAN_POINT('',(-1.,86.,-3.));
#998 = DIRECTION('',(1.,0.,-0.));
#999 = DIRECTION('',(0.,-1.,0.));
#1000 = DEFINITIONAL_REPRESENTATION('',(#1001),#1005);
#1001 = LINE('',#1002,#1003);
#1002 = CARTESIAN_POINT('',(0.,0.));
#1003 = VECTOR('',#1004,1.);
#1004 = DIRECTION('',(1.,0.));
#1005 = ( GEOMETRIC_REPRESENTATION_CONTEXT(2) 
PARAMETRIC_REPRESENTATION_CONTEXT() REPRESENTATION_CONTEXT('2D SPACE',''
  ) );
#1006 = FACE_BOUND('',#1007,.F.);
#1007 = EDGE_LOOP('',(#1008,#1038,#1066,#1094));
#1008 = ORIENTED_EDGE('',*,*,#1009,.T.);
#1009 = EDGE_CURVE('',#1010,#1012,#1014,.T.);
#1010 = VERTEX_POINT('',#1011);
#1011 = CARTESIAN_POINT('',(-43.,-45.,-3.));
#1012 = VERTEX_POINT('',#1013);
#1013 = CARTESIAN_POINT('',(-23.,-45.,-3.));
#1014 = SURFACE_CURVE('',#1015,(#1019,#1026),.PCURVE_S1.);
#1015 = LINE('',#1016,#1017);
#1016 = CARTESIAN_POINT('',(-86.,-45.,-3.));
#1017 = VECTOR('',#1018,1.);
#1018 = DIRECTION('',(1.,0.,0.));
#1019 = PCURVE('',#126,#1020);
#1020 = DEFINITIONAL_REPRESENTATION('',(#1021),#1025);
#1021 = LINE('',#1022,#1023);
#1022 = CARTESIAN_POINT('',(-86.,-45.));
#1023 = VECTOR('',#1024,1.);
#1024 = DIRECTION('',(1.,0.));
#1025 = ( GEOMETRIC_REPRESENTATION_CONTEXT(2) 
PARAMETRIC_REPRESENTATION_CONTEXT() REPRESENTATION_CONTEXT('2D SPACE',''
  ) );
#1026 = PCURVE('',#1027,#1032);
#1027 = PLANE('',#1028);
#1028 = AXIS2_PLACEMENT_3D('',#1029,#1030,#1031);
#1029 = CARTESIAN_POINT('',(-86.,-45.,-3.));
#1030 = DIRECTION('',(0.,1.,0.));
#1031 = DIRECTION('',(1.,0.,0.));
#1032 = DEFINITIONAL_REPRESENTATION('',(#1033),#1037);
#1033 = LINE('',#1034,#1035);
#1034 = CARTESIAN_POINT('',(0.,0.));
#1035 = VECTOR('',#1036,1.);
#1036 = DIRECTION('',(1.,0.));
#1037 = ( GEOMETRIC_REPRESENTATION_CONTEXT(2) 
PARAMETRIC_REPRESENTATION_CONTEXT() REPRESENTATION_CONTEXT('2D SPACE',''
  ) );
#1038 = ORIENTED_EDGE('',*,*,#1039,.T.);
#1039 = EDGE_CURVE('',#1012,#1040,#1042,.T.);
#1040 = VERTEX_POINT('',#1041);
#1041 = CARTESIAN_POINT('',(-23.,-65.,-3.));
#1042 = SURFACE_CURVE('',#1043,(#1047,#1054),.PCURVE_S1.);
#1043 = LINE('',#1044,#1045);
#1044 = CARTESIAN_POINT('',(-23.,86.,-3.));
#1045 = VECTOR('',#1046,1.);
#1046 = DIRECTION('',(0.,-1.,0.));
#1047 = PCURVE('',#126,#1048);
#1048 = DEFINITIONAL_REPRESENTATION('',(#1049),#1053);
#1049 = LINE('',#1050,#1051);
#1050 = CARTESIAN_POINT('',(-23.,86.));
#1051 = VECTOR('',#1052,1.);
#1052 = DIRECTION('',(0.,-1.));
#1053 = ( GEOMETRIC_REPRESENTATION_CONTEXT(2) 
PARAMETRIC_REPRESENTATION_CONTEXT() REPRESENTATION_CONTEXT('2D SPACE',''
  ) );
#1054 = PCURVE('',#1055,#1060);
#1055 = PLANE('',#1056);
#1056 = AXIS2_PLACEMENT_3D('',#1057,#1058,#1059);
#1057 = CARTESIAN_POINT('',(-23.,86.,-3.));
#1058 = DIRECTION('',(1.,0.,-0.));
#1059 = DIRECTION('',(0.,-1.,0.));
#1060 = DEFINITIONAL_REPRESENTATION('',(#1061),#1065);
#1061 = LINE('',#1062,#1063);
#1062 = CARTESIAN_POINT('',(0.,0.));
#1063 = VECTOR('',#1064,1.);
#1064 = DIRECTION('',(1.,0.));
#1065 = ( GEOMETRIC_REPRESENTATION_CONTEXT(2) 
PARAMETRIC_REPRESENTATION_CONTEXT() REPRESENTATION_CONTEXT('2D SPACE',''
  ) );
#1066 = ORIENTED_EDGE('',*,*,#1067,.T.);
#1067 = EDGE_CURVE('',#1040,#1068,#1070,.T.);
#1068 = VERTEX_POINT('',#1069);
#1069 = CARTESIAN_POINT('',(-43.,-65.,-3.));
#1070 = SURFACE_CURVE('',#1071,(#1075,#1082),.PCURVE_S1.);
#1071 = LINE('',#1072,#1073);
#1072 = CARTESIAN_POINT('',(86.,-65.,-3.));
#1073 = VECTOR('',#1074,1.);
#1074 = DIRECTION('',(-1.,0.,0.));
#1075 = PCURVE('',#126,#1076);
#1076 = DEFINITIONAL_REPRESENTATION('',(#1077),#1081);
#1077 = LINE('',#1078,#1079);
#1078 = CARTESIAN_POINT('',(86.,-65.));
#1079 = VECTOR('',#1080,1.);
#1080 = DIRECTION('',(-1.,0.));
#1081 = ( GEOMETRIC_REPRESENTATION_CONTEXT(2) 
PARAMETRIC_REPRESENTATION_CONTEXT() REPRESENTATION_CONTEXT('2D SPACE',''
  ) );
#1082 = PCURVE('',#1083,#1088);
#1083 = PLANE('',#1084);
#1084 = AXIS2_PLACEMENT_3D('',#1085,#1086,#1087);
#1085 = CARTESIAN_POINT('',(86.,-65.,-3.));
#1086 = DIRECTION('',(0.,-1.,0.));
#1087 = DIRECTION('',(-1.,0.,0.));
#1088 = DEFINITIONAL_REPRESENTATION('',(#1089),#1093);
#1089 = LINE('',#1090,#1091);
#1090 = CARTESIAN_POINT('',(0.,-0.));
#1091 = VECTOR('',#1092,1.);
#1092 = DIRECTION('',(1.,0.));
#1093 = ( GEOMETRIC_REPRESENTATION_CONTEXT(2) 
PARAMETRIC_REPRESENTATION_CONTEXT() REPRESENTATION_CONTEXT('2D SPACE',''
  ) );
#1094 = ORIENTED_EDGE('',*,*,#1095,.T.);
#1095 = EDGE_CURVE('',#1068,#1010,#1096,.T.);
#1096 = SURFACE_CURVE('',#1097,(#1101,#1108),.PCURVE_S1.);
#1097 = LINE('',#1098,#1099);
#1098 = CARTESIAN_POINT('',(-43.,-86.,-3.));
#1099 = VECTOR('',#1100,1.);
#1100 = DIRECTION('',(0.,1.,0.));
#1101 = PCURVE('',#126,#1102);
#1102 = DEFINITIONAL_REPRESENTATION('',(#1103),#1107);
#1103 = LINE('',#1104,#1105);
#1104 = CARTESIAN_POINT('',(-43.,-86.));
#1105 = VECTOR('',#1106,1.);
#1106 = DIRECTION('',(0.,1.));
#1107 = ( GEOMETRIC_REPRESENTATION_CONTEXT(2) 
PARAMETRIC_REPRESENTATION_CONTEXT() REPRESENTATION_CONTEXT('2D SPACE',''
  ) );
#1108 = PCURVE('',#1109,#1114);
#1109 = PLANE('',#1110);
#1110 = AXIS2_PLACEMENT_3D('',#1111,#1112,#1113);
#1111 = CARTESIAN_POINT('',(-43.,-86.,-3.));
#1112 = DIRECTION('',(-1.,0.,0.));
#1113 = DIRECTION('',(0.,1.,0.));
#1114 = DEFINITIONAL_REPRESENTATION('',(#1115),#1119);
#1115 = LINE('',#1116,#1117);
#1116 = CARTESIAN_POINT('',(0.,0.));
#1117 = VECTOR('',#1118,1.);
#1118 = DIRECTION('',(1.,0.));
#1119 = ( GEOMETRIC_REPRESENTATION_CONTEXT(2) 
PARAMETRIC_REPRESENTATION_CONTEXT() REPRESENTATION_CONTEXT('2D SPACE',''
  ) );
#1120 = FACE_BOUND('',#1121,.F.);
#1121 = EDGE_LOOP('',(#1122,#1152,#1180,#1208));
#1122 = ORIENTED_EDGE('',*,*,#1123,.T.);
#1123 = EDGE_CURVE('',#1124,#1126,#1128,.T.);
#1124 = VERTEX_POINT('',#1125);
#1125 = CARTESIAN_POINT('',(-21.,-45.,-3.));
#1126 = VERTEX_POINT('',#1127);
#1127 = CARTESIAN_POINT('',(-1.,-45.,-3.));
#1128 = SURFACE_CURVE('',#1129,(#1133,#1140),.PCURVE_S1.);
#1129 = LINE('',#1130,#1131);
#1130 = CARTESIAN_POINT('',(-86.,-45.,-3.));
#1131 = VECTOR('',#1132,1.);
#1132 = DIRECTION('',(1.,0.,0.));
#1133 = PCURVE('',#126,#1134);
#1134 = DEFINITIONAL_REPRESENTATION('',(#1135),#1139);
#1135 = LINE('',#1136,#1137);
#1136 = CARTESIAN_POINT('',(-86.,-45.));
#1137 = VECTOR('',#1138,1.);
#1138 = DIRECTION('',(1.,0.));
#1139 = ( GEOMETRIC_REPRESENTATION_CONTEXT(2) 
PARAMETRIC_REPRESENTATION_CONTEXT() REPRESENTATION_CONTEXT('2D SPACE',''
  ) );
#1140 = PCURVE('',#1141,#1146);
#1141 = PLANE('',#1142);
#1142 = AXIS2_PLACEMENT_3D('',#1143,#1144,#1145);
#1143 = CARTESIAN_POINT('',(-86.,-45.,-3.));
#1144 = DIRECTION('',(0.,1.,0.));
#1145 = DIRECTION('',(1.,0.,0.));
#1146 = DEFINITIONAL_REPRESENTATION('',(#1147),#1151);
#1147 = LINE('',#1148,#1149);
#1148 = CARTESIAN_POINT('',(0.,0.));
#1149 = VECTOR('',#1150,1.);
#1150 = DIRECTION('',(1.,0.));
#1151 = ( GEOMETRIC_REPRESENTATION_CONTEXT(2) 
PARAMETRIC_REPRESENTATION_CONTEXT() REPRESENTATION_CONTEXT('2D SPACE',''
  ) );
#1152 = ORIENTED_EDGE('',*,*,#1153,.T.);
#1153 = EDGE_CURVE('',#1126,#1154,#1156,.T.);
#1154 = VERTEX_POINT('',#1155);
#1155 = CARTESIAN_POINT('',(-1.,-65.,-3.));
#1156 = SURFACE_CURVE('',#1157,(#1161,#1168),.PCURVE_S1.);
#1157 = LINE('',#1158,#1159);
#1158 = CARTESIAN_POINT('',(-1.,86.,-3.));
#1159 = VECTOR('',#1160,1.);
#1160 = DIRECTION('',(0.,-1.,0.));
#1161 = PCURVE('',#126,#1162);
#1162 = DEFINITIONAL_REPRESENTATION('',(#1163),#1167);
#1163 = LINE('',#1164,#1165);
#1164 = CARTESIAN_POINT('',(-1.,86.));
#1165 = VECTOR('',#1166,1.);
#1166 = DIRECTION('',(0.,-1.));
#1167 = ( GEOMETRIC_REPRESENTATION_CONTEXT(2) 
PARAMETRIC_REPRESENTATION_CONTEXT() REPRESENTATION_CONTEXT('2D SPACE',''
  ) );
#1168 = PCURVE('',#1169,#1174);
#1169 = PLANE('',#1170);
#1170 = AXIS2_PLACEMENT_3D('',#1171,#1172,#1173);
#1171 = CARTESIAN_POINT('',(-1.,86.,-3.));
#1172 = DIRECTION('',(1.,0.,-0.));
#1173 = DIRECTION('',(0.,-1.,0.));
#1174 = DEFINITIONAL_REPRESENTATION('',(#1175),#1179);
#1175 = LINE('',#1176,#1177);
#1176 = CARTESIAN_POINT('',(0.,0.));
#1177 = VECTOR('',#1178,1.);
#1178 = DIRECTION('',(1.,0.));
#1179 = ( GEOMETRIC_REPRESENTATION_CONTEXT(2) 
PARAMETRIC_REPRESENTATION_CONTEXT() REPRESENTATION_CONTEXT('2D SPACE',''
  ) );
#1180 = ORIENTED_EDGE('',*,*,#1181,.T.);
#1181 = EDGE_CURVE('',#1154,#1182,#1184,.T.);
#1182 = VERTEX_POINT('',#1183);
#1183 = CARTESIAN_POINT('',(-21.,-65.,-3.));
#1184 = SURFACE_CURVE('',#1185,(#1189,#1196),.PCURVE_S1.);
#1185 = LINE('',#1186,#1187);
#1186 = CARTESIAN_POINT('',(86.,-65.,-3.));
#1187 = VECTOR('',#1188,1.);
#1188 = DIRECTION('',(-1.,0.,0.));
#1189 = PCURVE('',#126,#1190);
#1190 = DEFINITIONAL_REPRESENTATION('',(#1191),#1195);
#1191 = LINE('',#1192,#1193);
#1192 = CARTESIAN_POINT('',(86.,-65.));
#1193 = VECTOR('',#1194,1.);
#1194 = DIRECTION('',(-1.,0.));
#1195 = ( GEOMETRIC_REPRESENTATION_CONTEXT(2) 
PARAMETRIC_REPRESENTATION_CONTEXT() REPRESENTATION_CONTEXT('2D SPACE',''
  ) );
#1196 = PCURVE('',#1197,#1202);
#1197 = PLANE('',#1198);
#1198 = AXIS2_PLACEMENT_3D('',#1199,#1200,#1201);
#1199 = CARTESIAN_POINT('',(86.,-65.,-3.));
#1200 = DIRECTION('',(0.,-1.,0.));
#1201 = DIRECTION('',(-1.,0.,0.));
#1202 = DEFINITIONAL_REPRESENTATION('',(#1203),#1207);
#1203 = LINE('',#1204,#1205);
#1204 = CARTESIAN_POINT('',(0.,-0.));
#1205 = VECTOR('',#1206,1.);
#1206 = DIRECTION('',(1.,0.));
#1207 = ( GEOMETRIC_REPRESENTATION_CONTEXT(2) 
PARAMETRIC_REPRESENTATION_CONTEXT() REPRESENTATION_CONTEXT('2D SPACE',''
  ) );
#1208 = ORIENTED_EDGE('',*,*,#1209,.T.);
#1209 = EDGE_CURVE('',#1182,#1124,#1210,.T.);
#1210 = SURFACE_CURVE('',#1211,(#1215,#1222),.PCURVE_S1.);
#1211 = LINE('',#1212,#1213);
#1212 = CARTESIAN_POINT('',(-21.,-86.,-3.));
#1213 = VECTOR('',#1214,1.);
#1214 = DIRECTION('',(0.,1.,0.));
#1215 = PCURVE('',#126,#1216);
#1216 = DEFINITIONAL_REPRESENTATION('',(#1217),#1221);
#1217 = LINE('',#1218,#1219);
#1218 = CARTESIAN_POINT('',(-21.,-86.));
#1219 = VECTOR('',#1220,1.);
#1220 = DIRECTION('',(0.,1.));
#1221 = ( GEOMETRIC_REPRESENTATION_CONTEXT(2) 
PARAMETRIC_REPRESENTATION_CONTEXT() REPRESENTATION_CONTEXT('2D SPACE',''
  ) );
#1222 = PCURVE('',#1223,#1228);
#1223 = PLANE('',#1224);
#1224 = AXIS2_PLACEMENT_3D('',#1225,#1226,#1227);
#1225 = CARTESIAN_POINT('',(-21.,-86.,-3.));
#1226 = DIRECTION('',(-1.,0.,0.));
#1227 = DIRECTION('',(0.,1.,0.));
#1228 = DEFINITIONAL_REPRESENTATION('',(#1229),#1233);
#1229 = LINE('',#1230,#1231);
#1230 = CARTESIAN_POINT('',(0.,0.));
#1231 = VECTOR('',#1232,1.);
#1232 = DIRECTION('',(1.,0.));
#1233 = ( GEOMETRIC_REPRESENTATION_CONTEXT(2) 
PARAMETRIC_REPRESENTATION_CONTEXT() REPRESENTATION_CONTEXT('2D SPACE',''
  ) );
#1234 = FACE_BOUND('',#1235,.F.);
#1235 = EDGE_LOOP('',(#1236,#1261,#1289,#1317));
#1236 = ORIENTED_EDGE('',*,*,#1237,.F.);
#1237 = EDGE_CURVE('',#1238,#1240,#1242,.T.);
#1238 = VERTEX_POINT('',#1239);
#1239 = CARTESIAN_POINT('',(-86.,-23.,-3.));
#1240 = VERTEX_POINT('',#1241);
#1241 = CARTESIAN_POINT('',(-86.,-43.,-3.));
#1242 = SURFACE_CURVE('',#1243,(#1247,#1254),.PCURVE_S1.);
#1243 = LINE('',#1244,#1245);
#1244 = CARTESIAN_POINT('',(-86.,86.,-3.));
#1245 = VECTOR('',#1246,1.);
#1246 = DIRECTION('',(0.,-1.,0.));
#1247 = PCURVE('',#126,#1248);
#1248 = DEFINITIONAL_REPRESENTATION('',(#1249),#1253);
#1249 = LINE('',#1250,#1251);
#1250 = CARTESIAN_POINT('',(-86.,86.));
#1251 = VECTOR('',#1252,1.);
#1252 = DIRECTION('',(0.,-1.));
#1253 = ( GEOMETRIC_REPRESENTATION_CONTEXT(2) 
PARAMETRIC_REPRESENTATION_CONTEXT() REPRESENTATION_CONTEXT('2D SPACE',''
  ) );
#1254 = PCURVE('',#391,#1255);
#1255 = DEFINITIONAL_REPRESENTATION('',(#1256),#1260);
#1256 = LINE('',#1257,#1258);
#1257 = CARTESIAN_POINT('',(0.,0.));
#1258 = VECTOR('',#1259,1.);
#1259 = DIRECTION('',(1.,0.));
#1260 = ( GEOMETRIC_REPRESENTATION_CONTEXT(2) 
PARAMETRIC_REPRESENTATION_CONTEXT() REPRESENTATION_CONTEXT('2D SPACE',''
  ) );
#1261 = ORIENTED_EDGE('',*,*,#1262,.T.);
#1262 = EDGE_CURVE('',#1238,#1263,#1265,.T.);
#1263 = VERTEX_POINT('',#1264);
#1264 = CARTESIAN_POINT('',(-67.,-23.,-3.));
#1265 = SURFACE_CURVE('',#1266,(#1270,#1277),.PCURVE_S1.);
#1266 = LINE('',#1267,#1268);
#1267 = CARTESIAN_POINT('',(-86.,-23.,-3.));
#1268 = VECTOR('',#1269,1.);
#1269 = DIRECTION('',(1.,0.,0.));
#1270 = PCURVE('',#126,#1271);
#1271 = DEFINITIONAL_REPRESENTATION('',(#1272),#1276);
#1272 = LINE('',#1273,#1274);
#1273 = CARTESIAN_POINT('',(-86.,-23.));
#1274 = VECTOR('',#1275,1.);
#1275 = DIRECTION('',(1.,0.));
#1276 = ( GEOMETRIC_REPRESENTATION_CONTEXT(2) 
PARAMETRIC_REPRESENTATION_CONTEXT() REPRESENTATION_CONTEXT('2D SPACE',''
  ) );
#1277 = PCURVE('',#1278,#1283);
#1278 = PLANE('',#1279);
#1279 = AXIS2_PLACEMENT_3D('',#1280,#1281,#1282);
#1280 = CARTESIAN_POINT('',(-86.,-23.,-3.));
#1281 = DIRECTION('',(0.,1.,0.));
#1282 = DIRECTION('',(1.,0.,0.));
#1283 = DEFINITIONAL_REPRESENTATION('',(#1284),#1288);
#1284 = LINE('',#1285,#1286);
#1285 = CARTESIAN_POINT('',(0.,0.));
#1286 = VECTOR('',#1287,1.);
#1287 = DIRECTION('',(1.,0.));
#1288 = ( GEOMETRIC_REPRESENTATION_CONTEXT(2) 
PARAMETRIC_REPRESENTATION_CONTEXT() REPRESENTATION_CONTEXT('2D SPACE',''
  ) );
#1289 = ORIENTED_EDGE('',*,*,#1290,.T.);
#1290 = EDGE_CURVE('',#1263,#1291,#1293,.T.);
#1291 = VERTEX_POINT('',#1292);
#1292 = CARTESIAN_POINT('',(-67.,-43.,-3.));
#1293 = SURFACE_CURVE('',#1294,(#1298,#1305),.PCURVE_S1.);
#1294 = LINE('',#1295,#1296);
#1295 = CARTESIAN_POINT('',(-67.,86.,-3.));
#1296 = VECTOR('',#1297,1.);
#1297 = DIRECTION('',(0.,-1.,0.));
#1298 = PCURVE('',#126,#1299);
#1299 = DEFINITIONAL_REPRESENTATION('',(#1300),#1304);
#1300 = LINE('',#1301,#1302);
#1301 = CARTESIAN_POINT('',(-67.,86.));
#1302 = VECTOR('',#1303,1.);
#1303 = DIRECTION('',(0.,-1.));
#1304 = ( GEOMETRIC_REPRESENTATION_CONTEXT(2) 
PARAMETRIC_REPRESENTATION_CONTEXT() REPRESENTATION_CONTEXT('2D SPACE',''
  ) );
#1305 = PCURVE('',#1306,#1311);
#1306 = PLANE('',#1307);
#1307 = AXIS2_PLACEMENT_3D('',#1308,#1309,#1310);
#1308 = CARTESIAN_POINT('',(-67.,86.,-3.));
#1309 = DIRECTION('',(1.,0.,-0.));
#1310 = DIRECTION('',(0.,-1.,0.));
#1311 = DEFINITIONAL_REPRESENTATION('',(#1312),#1316);
#1312 = LINE('',#1313,#1314);
#1313 = CARTESIAN_POINT('',(0.,0.));
#1314 = VECTOR('',#1315,1.);
#1315 = DIRECTION('',(1.,0.));
#1316 = ( GEOMETRIC_REPRESENTATION_CONTEXT(2) 
PARAMETRIC_REPRESENTATION_CONTEXT() REPRESENTATION_CONTEXT('2D SPACE',''
  ) );
#1317 = ORIENTED_EDGE('',*,*,#1318,.T.);
#1318 = EDGE_CURVE('',#1291,#1240,#1319,.T.);
#1319 = SURFACE_CURVE('',#1320,(#1324,#1331),.PCURVE_S1.);
#1320 = LINE('',#1321,#1322);
#1321 = CARTESIAN_POINT('',(86.,-43.,-3.));
#1322 = VECTOR('',#1323,1.);
#1323 = DIRECTION('',(-1.,0.,0.));
#1324 = PCURVE('',#126,#1325);
#1325 = DEFINITIONAL_REPRESENTATION('',(#1326),#1330);
#1326 = LINE('',#1327,#1328);
#1327 = CARTESIAN_POINT('',(86.,-43.));
#1328 = VECTOR('',#1329,1.);
#1329 = DIRECTION('',(-1.,0.));
#1330 = ( GEOMETRIC_REPRESENTATION_CONTEXT(2) 
PARAMETRIC_REPRESENTATION_CONTEXT() REPRESENTATION_CONTEXT('2D SPACE',''
  ) );
#1331 = PCURVE('',#1332,#1337);
#1332 = PLANE('',#1333);
#1333 = AXIS2_PLACEMENT_3D('',#1334,#1335,#1336);
#1334 = CARTESIAN_POINT('',(86.,-43.,-3.));
#1335 = DIRECTION('',(0.,-1.,0.));
#1336 = DIRECTION('',(-1.,0.,0.));
#1337 = DEFINITIONAL_REPRESENTATION('',(#1338),#1342);
#1338 = LINE('',#1339,#1340);
#1339 = CARTESIAN_POINT('',(0.,-0.));
#1340 = VECTOR('',#1341,1.);
#1341 = DIRECTION('',(1.,0.));
#1342 = ( GEOMETRIC_REPRESENTATION_CONTEXT(2) 
PARAMETRIC_REPRESENTATION_CONTEXT() REPRESENTATION_CONTEXT('2D SPACE',''
  ) );
#1343 = FACE_BOUND('',#1344,.F.);
#1344 = EDGE_LOOP('',(#1345,#1375,#1403,#1431));
#1345 = ORIENTED_EDGE('',*,*,#1346,.T.);
#1346 = EDGE_CURVE('',#1347,#1349,#1351,.T.);
#1347 = VERTEX_POINT('',#1348);
#1348 = CARTESIAN_POINT('',(-65.,-43.,-3.));
#1349 = VERTEX_POINT('',#1350);
#1350 = CARTESIAN_POINT('',(-65.,-23.,-3.));
#1351 = SURFACE_CURVE('',#1352,(#1356,#1363),.PCURVE_S1.);
#1352 = LINE('',#1353,#1354);
#1353 = CARTESIAN_POINT('',(-65.,-86.,-3.));
#1354 = VECTOR('',#1355,1.);
#1355 = DIRECTION('',(0.,1.,0.));
#1356 = PCURVE('',#126,#1357);
#1357 = DEFINITIONAL_REPRESENTATION('',(#1358),#1362);
#1358 = LINE('',#1359,#1360);
#1359 = CARTESIAN_POINT('',(-65.,-86.));
#1360 = VECTOR('',#1361,1.);
#1361 = DIRECTION('',(0.,1.));
#1362 = ( GEOMETRIC_REPRESENTATION_CONTEXT(2) 
PARAMETRIC_REPRESENTATION_CONTEXT() REPRESENTATION_CONTEXT('2D SPACE',''
  ) );
#1363 = PCURVE('',#1364,#1369);
#1364 = PLANE('',#1365);
#1365 = AXIS2_PLACEMENT_3D('',#1366,#1367,#1368);
#1366 = CARTESIAN_POINT('',(-65.,-86.,-3.));
#1367 = DIRECTION('',(-1.,0.,0.));
#1368 = DIRECTION('',(0.,1.,0.));
#1369 = DEFINITIONAL_REPRESENTATION('',(#1370),#1374);
#1370 = LINE('',#1371,#1372);
#1371 = CARTESIAN_POINT('',(0.,0.));
#1372 = VECTOR('',#1373,1.);
#1373 = DIRECTION('',(1.,0.));
#1374 = ( GEOMETRIC_REPRESENTATION_CONTEXT(2) 
PARAMETRIC_REPRESENTATION_CONTEXT() REPRESENTATION_CONTEXT('2D SPACE',''
  ) );
#1375 = ORIENTED_EDGE('',*,*,#1376,.T.);
#1376 = EDGE_CURVE('',#1349,#1377,#1379,.T.);
#1377 = VERTEX_POINT('',#1378);
#1378 = CARTESIAN_POINT('',(-45.,-23.,-3.));
#1379 = SURFACE_CURVE('',#1380,(#1384,#1391),.PCURVE_S1.);
#1380 = LINE('',#1381,#1382);
#1381 = CARTESIAN_POINT('',(-86.,-23.,-3.));
#1382 = VECTOR('',#1383,1.);
#1383 = DIRECTION('',(1.,0.,0.));
#1384 = PCURVE('',#126,#1385);
#1385 = DEFINITIONAL_REPRESENTATION('',(#1386),#1390);
#1386 = LINE('',#1387,#1388);
#1387 = CARTESIAN_POINT('',(-86.,-23.));
#1388 = VECTOR('',#1389,1.);
#1389 = DIRECTION('',(1.,0.));
#1390 = ( GEOMETRIC_REPRESENTATION_CONTEXT(2) 
PARAMETRIC_REPRESENTATION_CONTEXT() REPRESENTATION_CONTEXT('2D SPACE',''
  ) );
#1391 = PCURVE('',#1392,#1397);
#1392 = PLANE('',#1393);
#1393 = AXIS2_PLACEMENT_3D('',#1394,#1395,#1396);
#1394 = CARTESIAN_POINT('',(-86.,-23.,-3.));
#1395 = DIRECTION('',(0.,1.,0.));
#1396 = DIRECTION('',(1.,0.,0.));
#1397 = DEFINITIONAL_REPRESENTATION('',(#1398),#1402);
#1398 = LINE('',#1399,#1400);
#1399 = CARTESIAN_POINT('',(0.,0.));
#1400 = VECTOR('',#1401,1.);
#1401 = DIRECTION('',(1.,0.));
#1402 = ( GEOMETRIC_REPRESENTATION_CONTEXT(2) 
PARAMETRIC_REPRESENTATION_CONTEXT() REPRESENTATION_CONTEXT('2D SPACE',''
  ) );
#1403 = ORIENTED_EDGE('',*,*,#1404,.T.);
#1404 = EDGE_CURVE('',#1377,#1405,#1407,.T.);
#1405 = VERTEX_POINT('',#1406);
#1406 = CARTESIAN_POINT('',(-45.,-43.,-3.));
#1407 = SURFACE_CURVE('',#1408,(#1412,#1419),.PCURVE_S1.);
#1408 = LINE('',#1409,#1410);
#1409 = CARTESIAN_POINT('',(-45.,86.,-3.));
#1410 = VECTOR('',#1411,1.);
#1411 = DIRECTION('',(0.,-1.,0.));
#1412 = PCURVE('',#126,#1413);
#1413 = DEFINITIONAL_REPRESENTATION('',(#1414),#1418);
#1414 = LINE('',#1415,#1416);
#1415 = CARTESIAN_POINT('',(-45.,86.));
#1416 = VECTOR('',#1417,1.);
#1417 = DIRECTION('',(0.,-1.));
#1418 = ( GEOMETRIC_REPRESENTATION_CONTEXT(2) 
PARAMETRIC_REPRESENTATION_CONTEXT() REPRESENTATION_CONTEXT('2D SPACE',''
  ) );
#1419 = PCURVE('',#1420,#1425);
#1420 = PLANE('',#1421);
#1421 = AXIS2_PLACEMENT_3D('',#1422,#1423,#1424);
#1422 = CARTESIAN_POINT('',(-45.,86.,-3.));
#1423 = DIRECTION('',(1.,0.,-0.));
#1424 = DIRECTION('',(0.,-1.,0.));
#1425 = DEFINITIONAL_REPRESENTATION('',(#1426),#1430);
#1426 = LINE('',#1427,#1428);
#1427 = CARTESIAN_POINT('',(0.,0.));
#1428 = VECTOR('',#1429,1.);
#1429 = DIRECTION('',(1.,0.));
#1430 = ( GEOMETRIC_REPRESENTATION_CONTEXT(2) 
PARAMETRIC_REPRESENTATION_CONTEXT() REPRESENTATION_CONTEXT('2D SPACE',''
  ) );
#1431 = ORIENTED_EDGE('',*,*,#1432,.T.);
#1432 = EDGE_CURVE('',#1405,#1347,#1433,.T.);
#1433 = SURFACE_CURVE('',#1434,(#1438,#1445),.PCURVE_S1.);
#1434 = LINE('',#1435,#1436);
#1435 = CARTESIAN_POINT('',(86.,-43.,-3.));
#1436 = VECTOR('',#1437,1.);
#1437 = DIRECTION('',(-1.,0.,0.));
#1438 = PCURVE('',#126,#1439);
#1439 = DEFINITIONAL_REPRESENTATION('',(#1440),#1444);
#1440 = LINE('',#1441,#1442);
#1441 = CARTESIAN_POINT('',(86.,-43.));
#1442 = VECTOR('',#1443,1.);
#1443 = DIRECTION('',(-1.,0.));
#1444 = ( GEOMETRIC_REPRESENTATION_CONTEXT(2) 
PARAMETRIC_REPRESENTATION_CONTEXT() REPRESENTATION_CONTEXT('2D SPACE',''
  ) );
#1445 = PCURVE('',#1446,#1451);
#1446 = PLANE('',#1447);
#1447 = AXIS2_PLACEMENT_3D('',#1448,#1449,#1450);
#1448 = CARTESIAN_POINT('',(86.,-43.,-3.));
#1449 = DIRECTION('',(0.,-1.,0.));
#1450 = DIRECTION('',(-1.,0.,0.));
#1451 = DEFINITIONAL_REPRESENTATION('',(#1452),#1456);
#1452 = LINE('',#1453,#1454);
#1453 = CARTESIAN_POINT('',(0.,-0.));
#1454 = VECTOR('',#1455,1.);
#1455 = DIRECTION('',(1.,0.));
#1456 = ( GEOMETRIC_REPRESENTATION_CONTEXT(2) 
PARAMETRIC_REPRESENTATION_CONTEXT() REPRESENTATION_CONTEXT('2D SPACE',''
  ) );
#1457 = FACE_BOUND('',#1458,.F.);
#1458 = EDGE_LOOP('',(#1459,#1484,#1512,#1540));
#1459 = ORIENTED_EDGE('',*,*,#1460,.F.);
#1460 = EDGE_CURVE('',#1461,#1463,#1465,.T.);
#1461 = VERTEX_POINT('',#1462);
#1462 = CARTESIAN_POINT('',(-86.,-1.,-3.));
#1463 = VERTEX_POINT('',#1464);
#1464 = CARTESIAN_POINT('',(-86.,-21.,-3.));
#1465 = SURFACE_CURVE('',#1466,(#1470,#1477),.PCURVE_S1.);
#1466 = LINE('',#1467,#1468);
#1467 = CARTESIAN_POINT('',(-86.,86.,-3.));
#1468 = VECTOR('',#1469,1.);
#1469 = DIRECTION('',(0.,-1.,0.));
#1470 = PCURVE('',#126,#1471);
#1471 = DEFINITIONAL_REPRESENTATION('',(#1472),#1476);
#1472 = LINE('',#1473,#1474);
#1473 = CARTESIAN_POINT('',(-86.,86.));
#1474 = VECTOR('',#1475,1.);
#1475 = DIRECTION('',(0.,-1.));
#1476 = ( GEOMETRIC_REPRESENTATION_CONTEXT(2) 
PARAMETRIC_REPRESENTATION_CONTEXT() REPRESENTATION_CONTEXT('2D SPACE',''
  ) );
#1477 = PCURVE('',#391,#1478);
#1478 = DEFINITIONAL_REPRESENTATION('',(#1479),#1483);
#1479 = LINE('',#1480,#1481);
#1480 = CARTESIAN_POINT('',(0.,0.));
#1481 = VECTOR('',#1482,1.);
#1482 = DIRECTION('',(1.,0.));
#1483 = ( GEOMETRIC_REPRESENTATION_CONTEXT(2) 
PARAMETRIC_REPRESENTATION_CONTEXT() REPRESENTATION_CONTEXT('2D SPACE',''
  ) );
#1484 = ORIENTED_EDGE('',*,*,#1485,.T.);
#1485 = EDGE_CURVE('',#1461,#1486,#1488,.T.);
#1486 = VERTEX_POINT('',#1487);
#1487 = CARTESIAN_POINT('',(-67.,-1.,-3.));
#1488 = SURFACE_CURVE('',#1489,(#1493,#1500),.PCURVE_S1.);
#1489 = LINE('',#1490,#1491);
#1490 = CARTESIAN_POINT('',(-86.,-1.,-3.));
#1491 = VECTOR('',#1492,1.);
#1492 = DIRECTION('',(1.,0.,0.));
#1493 = PCURVE('',#126,#1494);
#1494 = DEFINITIONAL_REPRESENTATION('',(#1495),#1499);
#1495 = LINE('',#1496,#1497);
#1496 = CARTESIAN_POINT('',(-86.,-1.));
#1497 = VECTOR('',#1498,1.);
#1498 = DIRECTION('',(1.,0.));
#1499 = ( GEOMETRIC_REPRESENTATION_CONTEXT(2) 
PARAMETRIC_REPRESENTATION_CONTEXT() REPRESENTATION_CONTEXT('2D SPACE',''
  ) );
#1500 = PCURVE('',#1501,#1506);
#1501 = PLANE('',#1502);
#1502 = AXIS2_PLACEMENT_3D('',#1503,#1504,#1505);
#1503 = CARTESIAN_POINT('',(-86.,-1.,-3.));
#1504 = DIRECTION('',(0.,1.,0.));
#1505 = DIRECTION('',(1.,0.,0.));
#1506 = DEFINITIONAL_REPRESENTATION('',(#1507),#1511);
#1507 = LINE('',#1508,#1509);
#1508 = CARTESIAN_POINT('',(0.,0.));
#1509 = VECTOR('',#1510,1.);
#1510 = DIRECTION('',(1.,0.));
#1511 = ( GEOMETRIC_REPRESENTATION_CONTEXT(2) 
PARAMETRIC_REPRESENTATION_CONTEXT() REPRESENTATION_CONTEXT('2D SPACE',''
  ) );
#1512 = ORIENTED_EDGE('',*,*,#1513,.T.);
#1513 = EDGE_CURVE('',#1486,#1514,#1516,.T.);
#1514 = VERTEX_POINT('',#1515);
#1515 = CARTESIAN_POINT('',(-67.,-21.,-3.));
#1516 = SURFACE_CURVE('',#1517,(#1521,#1528),.PCURVE_S1.);
#1517 = LINE('',#1518,#1519);
#1518 = CARTESIAN_POINT('',(-67.,86.,-3.));
#1519 = VECTOR('',#1520,1.);
#1520 = DIRECTION('',(0.,-1.,0.));
#1521 = PCURVE('',#126,#1522);
#1522 = DEFINITIONAL_REPRESENTATION('',(#1523),#1527);
#1523 = LINE('',#1524,#1525);
#1524 = CARTESIAN_POINT('',(-67.,86.));
#1525 = VECTOR('',#1526,1.);
#1526 = DIRECTION('',(0.,-1.));
#1527 = ( GEOMETRIC_REPRESENTATION_CONTEXT(2) 
PARAMETRIC_REPRESENTATION_CONTEXT() REPRESENTATION_CONTEXT('2D SPACE',''
  ) );
#1528 = PCURVE('',#1529,#1534);
#1529 = PLANE('',#1530);
#1530 = AXIS2_PLACEMENT_3D('',#1531,#1532,#1533);
#1531 = CARTESIAN_POINT('',(-67.,86.,-3.));
#1532 = DIRECTION('',(1.,0.,-0.));
#1533 = DIRECTION('',(0.,-1.,0.));
#1534 = DEFINITIONAL_REPRESENTATION('',(#1535),#1539);
#1535 = LINE('',#1536,#1537);
#1536 = CARTESIAN_POINT('',(0.,0.));
#1537 = VECTOR('',#1538,1.);
#1538 = DIRECTION('',(1.,0.));
#1539 = ( GEOMETRIC_REPRESENTATION_CONTEXT(2) 
PARAMETRIC_REPRESENTATION_CONTEXT() REPRESENTATION_CONTEXT('2D SPACE',''
  ) );
#1540 = ORIENTED_EDGE('',*,*,#1541,.T.);
#1541 = EDGE_CURVE('',#1514,#1463,#1542,.T.);
#1542 = SURFACE_CURVE('',#1543,(#1547,#1554),.PCURVE_S1.);
#1543 = LINE('',#1544,#1545);
#1544 = CARTESIAN_POINT('',(86.,-21.,-3.));
#1545 = VECTOR('',#1546,1.);
#1546 = DIRECTION('',(-1.,0.,0.));
#1547 = PCURVE('',#126,#1548);
#1548 = DEFINITIONAL_REPRESENTATION('',(#1549),#1553);
#1549 = LINE('',#1550,#1551);
#1550 = CARTESIAN_POINT('',(86.,-21.));
#1551 = VECTOR('',#1552,1.);
#1552 = DIRECTION('',(-1.,0.));
#1553 = ( GEOMETRIC_REPRESENTATION_CONTEXT(2) 
PARAMETRIC_REPRESENTATION_CONTEXT() REPRESENTATION_CONTEXT('2D SPACE',''
  ) );
#1554 = PCURVE('',#1555,#1560);
#1555 = PLANE('',#1556);
#1556 = AXIS2_PLACEMENT_3D('',#1557,#1558,#1559);
#1557 = CARTESIAN_POINT('',(86.,-21.,-3.));
#1558 = DIRECTION('',(0.,-1.,0.));
#1559 = DIRECTION('',(-1.,0.,0.));
#1560 = DEFINITIONAL_REPRESENTATION('',(#1561),#1565);
#1561 = LINE('',#1562,#1563);
#1562 = CARTESIAN_POINT('',(0.,-0.));
#1563 = VECTOR('',#1564,1.);
#1564 = DIRECTION('',(1.,0.));
#1565 = ( GEOMETRIC_REPRESENTATION_CONTEXT(2) 
PARAMETRIC_REPRESENTATION_CONTEXT() REPRESENTATION_CONTEXT('2D SPACE',''
  ) );
#1566 = FACE_BOUND('',#1567,.F.);
#1567 = EDGE_LOOP('',(#1568,#1598,#1626,#1654));
#1568 = ORIENTED_EDGE('',*,*,#1569,.T.);
#1569 = EDGE_CURVE('',#1570,#1572,#1574,.T.);
#1570 = VERTEX_POINT('',#1571);
#1571 = CARTESIAN_POINT('',(-65.,-21.,-3.));
#1572 = VERTEX_POINT('',#1573);
#1573 = CARTESIAN_POINT('',(-65.,-1.,-3.));
#1574 = SURFACE_CURVE('',#1575,(#1579,#1586),.PCURVE_S1.);
#1575 = LINE('',#1576,#1577);
#1576 = CARTESIAN_POINT('',(-65.,-86.,-3.));
#1577 = VECTOR('',#1578,1.);
#1578 = DIRECTION('',(0.,1.,0.));
#1579 = PCURVE('',#126,#1580);
#1580 = DEFINITIONAL_REPRESENTATION('',(#1581),#1585);
#1581 = LINE('',#1582,#1583);
#1582 = CARTESIAN_POINT('',(-65.,-86.));
#1583 = VECTOR('',#1584,1.);
#1584 = DIRECTION('',(0.,1.));
#1585 = ( GEOMETRIC_REPRESENTATION_CONTEXT(2) 
PARAMETRIC_REPRESENTATION_CONTEXT() REPRESENTATION_CONTEXT('2D SPACE',''
  ) );
#1586 = PCURVE('',#1587,#1592);
#1587 = PLANE('',#1588);
#1588 = AXIS2_PLACEMENT_3D('',#1589,#1590,#1591);
#1589 = CARTESIAN_POINT('',(-65.,-86.,-3.));
#1590 = DIRECTION('',(-1.,0.,0.));
#1591 = DIRECTION('',(0.,1.,0.));
#1592 = DEFINITIONAL_REPRESENTATION('',(#1593),#1597);
#1593 = LINE('',#1594,#1595);
#1594 = CARTESIAN_POINT('',(0.,0.));
#1595 = VECTOR('',#1596,1.);
#1596 = DIRECTION('',(1.,0.));
#1597 = ( GEOMETRIC_REPRESENTATION_CONTEXT(2) 
PARAMETRIC_REPRESENTATION_CONTEXT() REPRESENTATION_CONTEXT('2D SPACE',''
  ) );
#1598 = ORIENTED_EDGE('',*,*,#1599,.T.);
#1599 = EDGE_CURVE('',#1572,#1600,#1602,.T.);
#1600 = VERTEX_POINT('',#1601);
#1601 = CARTESIAN_POINT('',(-45.,-1.,-3.));
#1602 = SURFACE_CURVE('',#1603,(#1607,#1614),.PCURVE_S1.);
#1603 = LINE('',#1604,#1605);
#1604 = CARTESIAN_POINT('',(-86.,-1.,-3.));
#1605 = VECTOR('',#1606,1.);
#1606 = DIRECTION('',(1.,0.,0.));
#1607 = PCURVE('',#126,#1608);
#1608 = DEFINITIONAL_REPRESENTATION('',(#1609),#1613);
#1609 = LINE('',#1610,#1611);
#1610 = CARTESIAN_POINT('',(-86.,-1.));
#1611 = VECTOR('',#1612,1.);
#1612 = DIRECTION('',(1.,0.));
#1613 = ( GEOMETRIC_REPRESENTATION_CONTEXT(2) 
PARAMETRIC_REPRESENTATION_CONTEXT() REPRESENTATION_CONTEXT('2D SPACE',''
  ) );
#1614 = PCURVE('',#1615,#1620);
#1615 = PLANE('',#1616);
#1616 = AXIS2_PLACEMENT_3D('',#1617,#1618,#1619);
#1617 = CARTESIAN_POINT('',(-86.,-1.,-3.));
#1618 = DIRECTION('',(0.,1.,0.));
#1619 = DIRECTION('',(1.,0.,0.));
#1620 = DEFINITIONAL_REPRESENTATION('',(#1621),#1625);
#1621 = LINE('',#1622,#1623);
#1622 = CARTESIAN_POINT('',(0.,0.));
#1623 = VECTOR('',#1624,1.);
#1624 = DIRECTION('',(1.,0.));
#1625 = ( GEOMETRIC_REPRESENTATION_CONTEXT(2) 
PARAMETRIC_REPRESENTATION_CONTEXT() REPRESENTATION_CONTEXT('2D SPACE',''
  ) );
#1626 = ORIENTED_EDGE('',*,*,#1627,.T.);
#1627 = EDGE_CURVE('',#1600,#1628,#1630,.T.);
#1628 = VERTEX_POINT('',#1629);
#1629 = CARTESIAN_POINT('',(-45.,-21.,-3.));
#1630 = SURFACE_CURVE('',#1631,(#1635,#1642),.PCURVE_S1.);
#1631 = LINE('',#1632,#1633);
#1632 = CARTESIAN_POINT('',(-45.,86.,-3.));
#1633 = VECTOR('',#1634,1.);
#1634 = DIRECTION('',(0.,-1.,0.));
#1635 = PCURVE('',#126,#1636);
#1636 = DEFINITIONAL_REPRESENTATION('',(#1637),#1641);
#1637 = LINE('',#1638,#1639);
#1638 = CARTESIAN_POINT('',(-45.,86.));
#1639 = VECTOR('',#1640,1.);
#1640 = DIRECTION('',(0.,-1.));
#1641 = ( GEOMETRIC_REPRESENTATION_CONTEXT(2) 
PARAMETRIC_REPRESENTATION_CONTEXT() REPRESENTATION_CONTEXT('2D SPACE',''
  ) );
#1642 = PCURVE('',#1643,#1648);
#1643 = PLANE('',#1644);
#1644 = AXIS2_PLACEMENT_3D('',#1645,#1646,#1647);
#1645 = CARTESIAN_POINT('',(-45.,86.,-3.));
#1646 = DIRECTION('',(1.,0.,-0.));
#1647 = DIRECTION('',(0.,-1.,0.));
#1648 = DEFINITIONAL_REPRESENTATION('',(#1649),#1653);
#1649 = LINE('',#1650,#1651);
#1650 = CARTESIAN_POINT('',(0.,0.));
#1651 = VECTOR('',#1652,1.);
#1652 = DIRECTION('',(1.,0.));
#1653 = ( GEOMETRIC_REPRESENTATION_CONTEXT(2) 
PARAMETRIC_REPRESENTATION_CONTEXT() REPRESENTATION_CONTEXT('2D SPACE',''
  ) );
#1654 = ORIENTED_EDGE('',*,*,#1655,.T.);
#1655 = EDGE_CURVE('',#1628,#1570,#1656,.T.);
#1656 = SURFACE_CURVE('',#1657,(#1661,#1668),.PCURVE_S1.);
#1657 = LINE('',#1658,#1659);
#1658 = CARTESIAN_POINT('',(86.,-21.,-3.));
#1659 = VECTOR('',#1660,1.);
#1660 = DIRECTION('',(-1.,0.,0.));
#1661 = PCURVE('',#126,#1662);
#1662 = DEFINITIONAL_REPRESENTATION('',(#1663),#1667);
#1663 = LINE('',#1664,#1665);
#1664 = CARTESIAN_POINT('',(86.,-21.));
#1665 = VECTOR('',#1666,1.);
#1666 = DIRECTION('',(-1.,0.));
#1667 = ( GEOMETRIC_REPRESENTATION_CONTEXT(2) 
PARAMETRIC_REPRESENTATION_CONTEXT() REPRESENTATION_CONTEXT('2D SPACE',''
  ) );
#1668 = PCURVE('',#1669,#1674);
#1669 = PLANE('',#1670);
#1670 = AXIS2_PLACEMENT_3D('',#1671,#1672,#1673);
#1671 = CARTESIAN_POINT('',(86.,-21.,-3.));
#1672 = DIRECTION('',(0.,-1.,0.));
#1673 = DIRECTION('',(-1.,0.,0.));
#1674 = DEFINITIONAL_REPRESENTATION('',(#1675),#1679);
#1675 = LINE('',#1676,#1677);
#1676 = CARTESIAN_POINT('',(0.,-0.));
#1677 = VECTOR('',#1678,1.);
#1678 = DIRECTION('',(1.,0.));
#1679 = ( GEOMETRIC_REPRESENTATION_CONTEXT(2) 
PARAMETRIC_REPRESENTATION_CONTEXT() REPRESENTATION_CONTEXT('2D SPACE',''
  ) );
#1680 = FACE_BOUND('',#1681,.F.);
#1681 = EDGE_LOOP('',(#1682,#1712,#1740,#1768));
#1682 = ORIENTED_EDGE('',*,*,#1683,.T.);
#1683 = EDGE_CURVE('',#1684,#1686,#1688,.T.);
#1684 = VERTEX_POINT('',#1685);
#1685 = CARTESIAN_POINT('',(-43.,-43.,-3.));
#1686 = VERTEX_POINT('',#1687);
#1687 = CARTESIAN_POINT('',(-43.,-23.,-3.));
#1688 = SURFACE_CURVE('',#1689,(#1693,#1700),.PCURVE_S1.);
#1689 = LINE('',#1690,#1691);
#1690 = CARTESIAN_POINT('',(-43.,-86.,-3.));
#1691 = VECTOR('',#1692,1.);
#1692 = DIRECTION('',(0.,1.,0.));
#1693 = PCURVE('',#126,#1694);
#1694 = DEFINITIONAL_REPRESENTATION('',(#1695),#1699);
#1695 = LINE('',#1696,#1697);
#1696 = CARTESIAN_POINT('',(-43.,-86.));
#1697 = VECTOR('',#1698,1.);
#1698 = DIRECTION('',(0.,1.));
#1699 = ( GEOMETRIC_REPRESENTATION_CONTEXT(2) 
PARAMETRIC_REPRESENTATION_CONTEXT() REPRESENTATION_CONTEXT('2D SPACE',''
  ) );
#1700 = PCURVE('',#1701,#1706);
#1701 = PLANE('',#1702);
#1702 = AXIS2_PLACEMENT_3D('',#1703,#1704,#1705);
#1703 = CARTESIAN_POINT('',(-43.,-86.,-3.));
#1704 = DIRECTION('',(-1.,0.,0.));
#1705 = DIRECTION('',(0.,1.,0.));
#1706 = DEFINITIONAL_REPRESENTATION('',(#1707),#1711);
#1707 = LINE('',#1708,#1709);
#1708 = CARTESIAN_POINT('',(0.,0.));
#1709 = VECTOR('',#1710,1.);
#1710 = DIRECTION('',(1.,0.));
#1711 = ( GEOMETRIC_REPRESENTATION_CONTEXT(2) 
PARAMETRIC_REPRESENTATION_CONTEXT() REPRESENTATION_CONTEXT('2D SPACE',''
  ) );
#1712 = ORIENTED_EDGE('',*,*,#1713,.T.);
#1713 = EDGE_CURVE('',#1686,#1714,#1716,.T.);
#1714 = VERTEX_POINT('',#1715);
#1715 = CARTESIAN_POINT('',(-23.,-23.,-3.));
#1716 = SURFACE_CURVE('',#1717,(#1721,#1728),.PCURVE_S1.);
#1717 = LINE('',#1718,#1719);
#1718 = CARTESIAN_POINT('',(-86.,-23.,-3.));
#1719 = VECTOR('',#1720,1.);
#1720 = DIRECTION('',(1.,0.,0.));
#1721 = PCURVE('',#126,#1722);
#1722 = DEFINITIONAL_REPRESENTATION('',(#1723),#1727);
#1723 = LINE('',#1724,#1725);
#1724 = CARTESIAN_POINT('',(-86.,-23.));
#1725 = VECTOR('',#1726,1.);
#1726 = DIRECTION('',(1.,0.));
#1727 = ( GEOMETRIC_REPRESENTATION_CONTEXT(2) 
PARAMETRIC_REPRESENTATION_CONTEXT() REPRESENTATION_CONTEXT('2D SPACE',''
  ) );
#1728 = PCURVE('',#1729,#1734);
#1729 = PLANE('',#1730);
#1730 = AXIS2_PLACEMENT_3D('',#1731,#1732,#1733);
#1731 = CARTESIAN_POINT('',(-86.,-23.,-3.));
#1732 = DIRECTION('',(0.,1.,0.));
#1733 = DIRECTION('',(1.,0.,0.));
#1734 = DEFINITIONAL_REPRESENTATION('',(#1735),#1739);
#1735 = LINE('',#1736,#1737);
#1736 = CARTESIAN_POINT('',(0.,0.));
#1737 = VECTOR('',#1738,1.);
#1738 = DIRECTION('',(1.,0.));
#1739 = ( GEOMETRIC_REPRESENTATION_CONTEXT(2) 
PARAMETRIC_REPRESENTATION_CONTEXT() REPRESENTATION_CONTEXT('2D SPACE',''
  ) );
#1740 = ORIENTED_EDGE('',*,*,#1741,.T.);
#1741 = EDGE_CURVE('',#1714,#1742,#1744,.T.);
#1742 = VERTEX_POINT('',#1743);
#1743 = CARTESIAN_POINT('',(-23.,-43.,-3.));
#1744 = SURFACE_CURVE('',#1745,(#1749,#1756),.PCURVE_S1.);
#1745 = LINE('',#1746,#1747);
#1746 = CARTESIAN_POINT('',(-23.,86.,-3.));
#1747 = VECTOR('',#1748,1.);
#1748 = DIRECTION('',(0.,-1.,0.));
#1749 = PCURVE('',#126,#1750);
#1750 = DEFINITIONAL_REPRESENTATION('',(#1751),#1755);
#1751 = LINE('',#1752,#1753);
#1752 = CARTESIAN_POINT('',(-23.,86.));
#1753 = VECTOR('',#1754,1.);
#1754 = DIRECTION('',(0.,-1.));
#1755 = ( GEOMETRIC_REPRESENTATION_CONTEXT(2) 
PARAMETRIC_REPRESENTATION_CONTEXT() REPRESENTATION_CONTEXT('2D SPACE',''
  ) );
#1756 = PCURVE('',#1757,#1762);
#1757 = PLANE('',#1758);
#1758 = AXIS2_PLACEMENT_3D('',#1759,#1760,#1761);
#1759 = CARTESIAN_POINT('',(-23.,86.,-3.));
#1760 = DIRECTION('',(1.,0.,-0.));
#1761 = DIRECTION('',(0.,-1.,0.));
#1762 = DEFINITIONAL_REPRESENTATION('',(#1763),#1767);
#1763 = LINE('',#1764,#1765);
#1764 = CARTESIAN_POINT('',(0.,0.));
#1765 = VECTOR('',#1766,1.);
#1766 = DIRECTION('',(1.,0.));
#1767 = ( GEOMETRIC_REPRESENTATION_CONTEXT(2) 
PARAMETRIC_REPRESENTATION_CONTEXT() REPRESENTATION_CONTEXT('2D SPACE',''
  ) );
#1768 = ORIENTED_EDGE('',*,*,#1769,.T.);
#1769 = EDGE_CURVE('',#1742,#1684,#1770,.T.);
#1770 = SURFACE_CURVE('',#1771,(#1775,#1782),.PCURVE_S1.);
#1771 = LINE('',#1772,#1773);
#1772 = CARTESIAN_POINT('',(86.,-43.,-3.));
#1773 = VECTOR('',#1774,1.);
#1774 = DIRECTION('',(-1.,0.,0.));
#1775 = PCURVE('',#126,#1776);
#1776 = DEFINITIONAL_REPRESENTATION('',(#1777),#1781);
#1777 = LINE('',#1778,#1779);
#1778 = CARTESIAN_POINT('',(86.,-43.));
#1779 = VECTOR('',#1780,1.);
#1780 = DIRECTION('',(-1.,0.));
#1781 = ( GEOMETRIC_REPRESENTATION_CONTEXT(2) 
PARAMETRIC_REPRESENTATION_CONTEXT() REPRESENTATION_CONTEXT('2D SPACE',''
  ) );
#1782 = PCURVE('',#1783,#1788);
#1783 = PLANE('',#1784);
#1784 = AXIS2_PLACEMENT_3D('',#1785,#1786,#1787);
#1785 = CARTESIAN_POINT('',(86.,-43.,-3.));
#1786 = DIRECTION('',(0.,-1.,0.));
#1787 = DIRECTION('',(-1.,0.,0.));
#1788 = DEFINITIONAL_REPRESENTATION('',(#1789),#1793);
#1789 = LINE('',#1790,#1791);
#1790 = CARTESIAN_POINT('',(0.,-0.));
#1791 = VECTOR('',#1792,1.);
#1792 = DIRECTION('',(1.,0.));
#1793 = ( GEOMETRIC_REPRESENTATION_CONTEXT(2) 
PARAMETRIC_REPRESENTATION_CONTEXT() REPRESENTATION_CONTEXT('2D SPACE',''
  ) );
#1794 = FACE_BOUND('',#1795,.F.);
#1795 = EDGE_LOOP('',(#1796,#1826,#1854,#1882));
#1796 = ORIENTED_EDGE('',*,*,#1797,.T.);
#1797 = EDGE_CURVE('',#1798,#1800,#1802,.T.);
#1798 = VERTEX_POINT('',#1799);
#1799 = CARTESIAN_POINT('',(-21.,-23.,-3.));
#1800 = VERTEX_POINT('',#1801);
#1801 = CARTESIAN_POINT('',(-1.,-23.,-3.));
#1802 = SURFACE_CURVE('',#1803,(#1807,#1814),.PCURVE_S1.);
#1803 = LINE('',#1804,#1805);
#1804 = CARTESIAN_POINT('',(-86.,-23.,-3.));
#1805 = VECTOR('',#1806,1.);
#1806 = DIRECTION('',(1.,0.,0.));
#1807 = PCURVE('',#126,#1808);
#1808 = DEFINITIONAL_REPRESENTATION('',(#1809),#1813);
#1809 = LINE('',#1810,#1811);
#1810 = CARTESIAN_POINT('',(-86.,-23.));
#1811 = VECTOR('',#1812,1.);
#1812 = DIRECTION('',(1.,0.));
#1813 = ( GEOMETRIC_REPRESENTATION_CONTEXT(2) 
PARAMETRIC_REPRESENTATION_CONTEXT() REPRESENTATION_CONTEXT('2D SPACE',''
  ) );
#1814 = PCURVE('',#1815,#1820);
#1815 = PLANE('',#1816);
#1816 = AXIS2_PLACEMENT_3D('',#1817,#1818,#1819);
#1817 = CARTESIAN_POINT('',(-86.,-23.,-3.));
#1818 = DIRECTION('',(0.,1.,0.));
#1819 = DIRECTION('',(1.,0.,0.));
#1820 = DEFINITIONAL_REPRESENTATION('',(#1821),#1825);
#1821 = LINE('',#1822,#1823);
#1822 = CARTESIAN_POINT('',(0.,0.));
#1823 = VECTOR('',#1824,1.);
#1824 = DIRECTION('',(1.,0.));
#1825 = ( GEOMETRIC_REPRESENTATION_CONTEXT(2) 
PARAMETRIC_REPRESENTATION_CONTEXT() REPRESENTATION_CONTEXT('2D SPACE',''
  ) );
#1826 = ORIENTED_EDGE('',*,*,#1827,.T.);
#1827 = EDGE_CURVE('',#1800,#1828,#1830,.T.);
#1828 = VERTEX_POINT('',#1829);
#1829 = CARTESIAN_POINT('',(-1.,-43.,-3.));
#1830 = SURFACE_CURVE('',#1831,(#1835,#1842),.PCURVE_S1.);
#1831 = LINE('',#1832,#1833);
#1832 = CARTESIAN_POINT('',(-1.,86.,-3.));
#1833 = VECTOR('',#1834,1.);
#1834 = DIRECTION('',(0.,-1.,0.));
#1835 = PCURVE('',#126,#1836);
#1836 = DEFINITIONAL_REPRESENTATION('',(#1837),#1841);
#1837 = LINE('',#1838,#1839);
#1838 = CARTESIAN_POINT('',(-1.,86.));
#1839 = VECTOR('',#1840,1.);
#1840 = DIRECTION('',(0.,-1.));
#1841 = ( GEOMETRIC_REPRESENTATION_CONTEXT(2) 
PARAMETRIC_REPRESENTATION_CONTEXT() REPRESENTATION_CONTEXT('2D SPACE',''
  ) );
#1842 = PCURVE('',#1843,#1848);
#1843 = PLANE('',#1844);
#1844 = AXIS2_PLACEMENT_3D('',#1845,#1846,#1847);
#1845 = CARTESIAN_POINT('',(-1.,86.,-3.));
#1846 = DIRECTION('',(1.,0.,-0.));
#1847 = DIRECTION('',(0.,-1.,0.));
#1848 = DEFINITIONAL_REPRESENTATION('',(#1849),#1853);
#1849 = LINE('',#1850,#1851);
#1850 = CARTESIAN_POINT('',(0.,0.));
#1851 = VECTOR('',#1852,1.);
#1852 = DIRECTION('',(1.,0.));
#1853 = ( GEOMETRIC_REPRESENTATION_CONTEXT(2) 
PARAMETRIC_REPRESENTATION_CONTEXT() REPRESENTATION_CONTEXT('2D SPACE',''
  ) );
#1854 = ORIENTED_EDGE('',*,*,#1855,.T.);
#1855 = EDGE_CURVE('',#1828,#1856,#1858,.T.);
#1856 = VERTEX_POINT('',#1857);
#1857 = CARTESIAN_POINT('',(-21.,-43.,-3.));
#1858 = SURFACE_CURVE('',#1859,(#1863,#1870),.PCURVE_S1.);
#1859 = LINE('',#1860,#1861);
#1860 = CARTESIAN_POINT('',(86.,-43.,-3.));
#1861 = VECTOR('',#1862,1.);
#1862 = DIRECTION('',(-1.,0.,0.));
#1863 = PCURVE('',#126,#1864);
#1864 = DEFINITIONAL_REPRESENTATION('',(#1865),#1869);
#1865 = LINE('',#1866,#1867);
#1866 = CARTESIAN_POINT('',(86.,-43.));
#1867 = VECTOR('',#1868,1.);
#1868 = DIRECTION('',(-1.,0.));
#1869 = ( GEOMETRIC_REPRESENTATION_CONTEXT(2) 
PARAMETRIC_REPRESENTATION_CONTEXT() REPRESENTATION_CONTEXT('2D SPACE',''
  ) );
#1870 = PCURVE('',#1871,#1876);
#1871 = PLANE('',#1872);
#1872 = AXIS2_PLACEMENT_3D('',#1873,#1874,#1875);
#1873 = CARTESIAN_POINT('',(86.,-43.,-3.));
#1874 = DIRECTION('',(0.,-1.,0.));
#1875 = DIRECTION('',(-1.,0.,0.));
#1876 = DEFINITIONAL_REPRESENTATION('',(#1877),#1881);
#1877 = LINE('',#1878,#1879);
#1878 = CARTESIAN_POINT('',(0.,-0.));
#1879 = VECTOR('',#1880,1.);
#1880 = DIRECTION('',(1.,0.));
#1881 = ( GEOMETRIC_REPRESENTATION_CONTEXT(2) 
PARAMETRIC_REPRESENTATION_CONTEXT() REPRESENTATION_CONTEXT('2D SPACE',''
  ) );
#1882 = ORIENTED_EDGE('',*,*,#1883,.T.);
#1883 = EDGE_CURVE('',#1856,#1798,#1884,.T.);
#1884 = SURFACE_CURVE('',#1885,(#1889,#1896),.PCURVE_S1.);
#1885 = LINE('',#1886,#1887);
#1886 = CARTESIAN_POINT('',(-21.,-86.,-3.));
#1887 = VECTOR('',#1888,1.);
#1888 = DIRECTION('',(0.,1.,0.));
#1889 = PCURVE('',#126,#1890);
#1890 = DEFINITIONAL_REPRESENTATION('',(#1891),#1895);
#1891 = LINE('',#1892,#1893);
#1892 = CARTESIAN_POINT('',(-21.,-86.));
#1893 = VECTOR('',#1894,1.);
#1894 = DIRECTION('',(0.,1.));
#1895 = ( GEOMETRIC_REPRESENTATION_CONTEXT(2) 
PARAMETRIC_REPRESENTATION_CONTEXT() REPRESENTATION_CONTEXT('2D SPACE',''
  ) );
#1896 = PCURVE('',#1897,#1902);
#1897 = PLANE('',#1898);
#1898 = AXIS2_PLACEMENT_3D('',#1899,#1900,#1901);
#1899 = CARTESIAN_POINT('',(-21.,-86.,-3.));
#1900 = DIRECTION('',(-1.,0.,0.));
#1901 = DIRECTION('',(0.,1.,0.));
#1902 = DEFINITIONAL_REPRESENTATION('',(#1903),#1907);
#1903 = LINE('',#1904,#1905);
#1904 = CARTESIAN_POINT('',(0.,0.));
#1905 = VECTOR('',#1906,1.);
#1906 = DIRECTION('',(1.,0.));
#1907 = ( GEOMETRIC_REPRESENTATION_CONTEXT(2) 
PARAMETRIC_REPRESENTATION_CONTEXT() REPRESENTATION_CONTEXT('2D SPACE',''
  ) );
#1908 = FACE_BOUND('',#1909,.F.);
#1909 = EDGE_LOOP('',(#1910,#1940,#1968,#1996));
#1910 = ORIENTED_EDGE('',*,*,#1911,.T.);
#1911 = EDGE_CURVE('',#1912,#1914,#1916,.T.);
#1912 = VERTEX_POINT('',#1913);
#1913 = CARTESIAN_POINT('',(-43.,-21.,-3.));
#1914 = VERTEX_POINT('',#1915);
#1915 = CARTESIAN_POINT('',(-43.,-1.,-3.));
#1916 = SURFACE_CURVE('',#1917,(#1921,#1928),.PCURVE_S1.);
#1917 = LINE('',#1918,#1919);
#1918 = CARTESIAN_POINT('',(-43.,-86.,-3.));
#1919 = VECTOR('',#1920,1.);
#1920 = DIRECTION('',(0.,1.,0.));
#1921 = PCURVE('',#126,#1922);
#1922 = DEFINITIONAL_REPRESENTATION('',(#1923),#1927);
#1923 = LINE('',#1924,#1925);
#1924 = CARTESIAN_POINT('',(-43.,-86.));
#1925 = VECTOR('',#1926,1.);
#1926 = DIRECTION('',(0.,1.));
#1927 = ( GEOMETRIC_REPRESENTATION_CONTEXT(2) 
PARAMETRIC_REPRESENTATION_CONTEXT() REPRESENTATION_CONTEXT('2D SPACE',''
  ) );
#1928 = PCURVE('',#1929,#1934);
#1929 = PLANE('',#1930);
#1930 = AXIS2_PLACEMENT_3D('',#1931,#1932,#1933);
#1931 = CARTESIAN_POINT('',(-43.,-86.,-3.));
#1932 = DIRECTION('',(-1.,0.,0.));
#1933 = DIRECTION('',(0.,1.,0.));
#1934 = DEFINITIONAL_REPRESENTATION('',(#1935),#1939);
#1935 = LINE('',#1936,#1937);
#1936 = CARTESIAN_POINT('',(0.,0.));
#1937 = VECTOR('',#1938,1.);
#1938 = DIRECTION('',(1.,0.));
#1939 = ( GEOMETRIC_REPRESENTATION_CONTEXT(2) 
PARAMETRIC_REPRESENTATION_CONTEXT() REPRESENTATION_CONTEXT('2D SPACE',''
  ) );
#1940 = ORIENTED_EDGE('',*,*,#1941,.T.);
#1941 = EDGE_CURVE('',#1914,#1942,#1944,.T.);
#1942 = VERTEX_POINT('',#1943);
#1943 = CARTESIAN_POINT('',(-23.,-1.,-3.));
#1944 = SURFACE_CURVE('',#1945,(#1949,#1956),.PCURVE_S1.);
#1945 = LINE('',#1946,#1947);
#1946 = CARTESIAN_POINT('',(-86.,-1.,-3.));
#1947 = VECTOR('',#1948,1.);
#1948 = DIRECTION('',(1.,0.,0.));
#1949 = PCURVE('',#126,#1950);
#1950 = DEFINITIONAL_REPRESENTATION('',(#1951),#1955);
#1951 = LINE('',#1952,#1953);
#1952 = CARTESIAN_POINT('',(-86.,-1.));
#1953 = VECTOR('',#1954,1.);
#1954 = DIRECTION('',(1.,0.));
#1955 = ( GEOMETRIC_REPRESENTATION_CONTEXT(2) 
PARAMETRIC_REPRESENTATION_CONTEXT() REPRESENTATION_CONTEXT('2D SPACE',''
  ) );
#1956 = PCURVE('',#1957,#1962);
#1957 = PLANE('',#1958);
#1958 = AXIS2_PLACEMENT_3D('',#1959,#1960,#1961);
#1959 = CARTESIAN_POINT('',(-86.,-1.,-3.));
#1960 = DIRECTION('',(0.,1.,0.));
#1961 = DIRECTION('',(1.,0.,0.));
#1962 = DEFINITIONAL_REPRESENTATION('',(#1963),#1967);
#1963 = LINE('',#1964,#1965);
#1964 = CARTESIAN_POINT('',(0.,0.));
#1965 = VECTOR('',#1966,1.);
#1966 = DIRECTION('',(1.,0.));
#1967 = ( GEOMETRIC_REPRESENTATION_CONTEXT(2) 
PARAMETRIC_REPRESENTATION_CONTEXT() REPRESENTATION_CONTEXT('2D SPACE',''
  ) );
#1968 = ORIENTED_EDGE('',*,*,#1969,.T.);
#1969 = EDGE_CURVE('',#1942,#1970,#1972,.T.);
#1970 = VERTEX_POINT('',#1971);
#1971 = CARTESIAN_POINT('',(-23.,-21.,-3.));
#1972 = SURFACE_CURVE('',#1973,(#1977,#1984),.PCURVE_S1.);
#1973 = LINE('',#1974,#1975);
#1974 = CARTESIAN_POINT('',(-23.,86.,-3.));
#1975 = VECTOR('',#1976,1.);
#1976 = DIRECTION('',(0.,-1.,0.));
#1977 = PCURVE('',#126,#1978);
#1978 = DEFINITIONAL_REPRESENTATION('',(#1979),#1983);
#1979 = LINE('',#1980,#1981);
#1980 = CARTESIAN_POINT('',(-23.,86.));
#1981 = VECTOR('',#1982,1.);
#1982 = DIRECTION('',(0.,-1.));
#1983 = ( GEOMETRIC_REPRESENTATION_CONTEXT(2) 
PARAMETRIC_REPRESENTATION_CONTEXT() REPRESENTATION_CONTEXT('2D SPACE',''
  ) );
#1984 = PCURVE('',#1985,#1990);
#1985 = PLANE('',#1986);
#1986 = AXIS2_PLACEMENT_3D('',#1987,#1988,#1989);
#1987 = CARTESIAN_POINT('',(-23.,86.,-3.));
#1988 = DIRECTION('',(1.,0.,-0.));
#1989 = DIRECTION('',(0.,-1.,0.));
#1990 = DEFINITIONAL_REPRESENTATION('',(#1991),#1995);
#1991 = LINE('',#1992,#1993);
#1992 = CARTESIAN_POINT('',(0.,0.));
#1993 = VECTOR('',#1994,1.);
#1994 = DIRECTION('',(1.,0.));
#1995 = ( GEOMETRIC_REPRESENTATION_CONTEXT(2) 
PARAMETRIC_REPRESENTATION_CONTEXT() REPRESENTATION_CONTEXT('2D SPACE',''
  ) );
#1996 = ORIENTED_EDGE('',*,*,#1997,.T.);
#1997 = EDGE_CURVE('',#1970,#1912,#1998,.T.);
#1998 = SURFACE_CURVE('',#1999,(#2003,#2010),.PCURVE_S1.);
#1999 = LINE('',#2000,#2001);
#2000 = CARTESIAN_POINT('',(86.,-21.,-3.));
#2001 = VECTOR('',#2002,1.);
#2002 = DIRECTION('',(-1.,0.,0.));
#2003 = PCURVE('',#126,#2004);
#2004 = DEFINITIONAL_REPRESENTATION('',(#2005),#2009);
#2005 = LINE('',#2006,#2007);
#2006 = CARTESIAN_POINT('',(86.,-21.));
#2007 = VECTOR('',#2008,1.);
#2008 = DIRECTION('',(-1.,0.));
#2009 = ( GEOMETRIC_REPRESENTATION_CONTEXT(2) 
PARAMETRIC_REPRESENTATION_CONTEXT() REPRESENTATION_CONTEXT('2D SPACE',''
  ) );
#2010 = PCURVE('',#2011,#2016);
#2011 = PLANE('',#2012);
#2012 = AXIS2_PLACEMENT_3D('',#2013,#2014,#2015);
#2013 = CARTESIAN_POINT('',(86.,-21.,-3.));
#2014 = DIRECTION('',(0.,-1.,0.));
#2015 = DIRECTION('',(-1.,0.,0.));
#2016 = DEFINITIONAL_REPRESENTATION('',(#2017),#2021);
#2017 = LINE('',#2018,#2019);
#2018 = CARTESIAN_POINT('',(0.,-0.));
#2019 = VECTOR('',#2020,1.);
#2020 = DIRECTION('',(1.,0.));
#2021 = ( GEOMETRIC_REPRESENTATION_CONTEXT(2) 
PARAMETRIC_REPRESENTATION_CONTEXT() REPRESENTATION_CONTEXT('2D SPACE',''
  ) );
#2022 = FACE_BOUND('',#2023,.F.);
#2023 = EDGE_LOOP('',(#2024,#2054,#2082,#2110));
#2024 = ORIENTED_EDGE('',*,*,#2025,.T.);
#2025 = EDGE_CURVE('',#2026,#2028,#2030,.T.);
#2026 = VERTEX_POINT('',#2027);
#2027 = CARTESIAN_POINT('',(-21.,-21.,-3.));
#2028 = VERTEX_POINT('',#2029);
#2029 = CARTESIAN_POINT('',(-21.,-1.,-3.));
#2030 = SURFACE_CURVE('',#2031,(#2035,#2042),.PCURVE_S1.);
#2031 = LINE('',#2032,#2033);
#2032 = CARTESIAN_POINT('',(-21.,-86.,-3.));
#2033 = VECTOR('',#2034,1.);
#2034 = DIRECTION('',(0.,1.,0.));
#2035 = PCURVE('',#126,#2036);
#2036 = DEFINITIONAL_REPRESENTATION('',(#2037),#2041);
#2037 = LINE('',#2038,#2039);
#2038 = CARTESIAN_POINT('',(-21.,-86.));
#2039 = VECTOR('',#2040,1.);
#2040 = DIRECTION('',(0.,1.));
#2041 = ( GEOMETRIC_REPRESENTATION_CONTEXT(2) 
PARAMETRIC_REPRESENTATION_CONTEXT() REPRESENTATION_CONTEXT('2D SPACE',''
  ) );
#2042 = PCURVE('',#2043,#2048);
#2043 = PLANE('',#2044);
#2044 = AXIS2_PLACEMENT_3D('',#2045,#2046,#2047);
#2045 = CARTESIAN_POINT('',(-21.,-86.,-3.));
#2046 = DIRECTION('',(-1.,0.,0.));
#2047 = DIRECTION('',(0.,1.,0.));
#2048 = DEFINITIONAL_REPRESENTATION('',(#2049),#2053);
#2049 = LINE('',#2050,#2051);
#2050 = CARTESIAN_POINT('',(0.,0.));
#2051 = VECTOR('',#2052,1.);
#2052 = DIRECTION('',(1.,0.));
#2053 = ( GEOMETRIC_REPRESENTATION_CONTEXT(2) 
PARAMETRIC_REPRESENTATION_CONTEXT() REPRESENTATION_CONTEXT('2D SPACE',''
  ) );
#2054 = ORIENTED_EDGE('',*,*,#2055,.T.);
#2055 = EDGE_CURVE('',#2028,#2056,#2058,.T.);
#2056 = VERTEX_POINT('',#2057);
#2057 = CARTESIAN_POINT('',(-1.,-1.,-3.));
#2058 = SURFACE_CURVE('',#2059,(#2063,#2070),.PCURVE_S1.);
#2059 = LINE('',#2060,#2061);
#2060 = CARTESIAN_POINT('',(-86.,-1.,-3.));
#2061 = VECTOR('',#2062,1.);
#2062 = DIRECTION('',(1.,0.,0.));
#2063 = PCURVE('',#126,#2064);
#2064 = DEFINITIONAL_REPRESENTATION('',(#2065),#2069);
#2065 = LINE('',#2066,#2067);
#2066 = CARTESIAN_POINT('',(-86.,-1.));
#2067 = VECTOR('',#2068,1.);
#2068 = DIRECTION('',(1.,0.));
#2069 = ( GEOMETRIC_REPRESENTATION_CONTEXT(2) 
PARAMETRIC_REPRESENTATION_CONTEXT() REPRESENTATION_CONTEXT('2D SPACE',''
  ) );
#2070 = PCURVE('',#2071,#2076);
#2071 = PLANE('',#2072);
#2072 = AXIS2_PLACEMENT_3D('',#2073,#2074,#2075);
#2073 = CARTESIAN_POINT('',(-86.,-1.,-3.));
#2074 = DIRECTION('',(0.,1.,0.));
#2075 = DIRECTION('',(1.,0.,0.));
#2076 = DEFINITIONAL_REPRESENTATION('',(#2077),#2081);
#2077 = LINE('',#2078,#2079);
#2078 = CARTESIAN_POINT('',(0.,0.));
#2079 = VECTOR('',#2080,1.);
#2080 = DIRECTION('',(1.,0.));
#2081 = ( GEOMETRIC_REPRESENTATION_CONTEXT(2) 
PARAMETRIC_REPRESENTATION_CONTEXT() REPRESENTATION_CONTEXT('2D SPACE',''
  ) );
#2082 = ORIENTED_EDGE('',*,*,#2083,.T.);
#2083 = EDGE_CURVE('',#2056,#2084,#2086,.T.);
#2084 = VERTEX_POINT('',#2085);
#2085 = CARTESIAN_POINT('',(-1.,-21.,-3.));
#2086 = SURFACE_CURVE('',#2087,(#2091,#2098),.PCURVE_S1.);
#2087 = LINE('',#2088,#2089);
#2088 = CARTESIAN_POINT('',(-1.,86.,-3.));
#2089 = VECTOR('',#2090,1.);
#2090 = DIRECTION('',(0.,-1.,0.));
#2091 = PCURVE('',#126,#2092);
#2092 = DEFINITIONAL_REPRESENTATION('',(#2093),#2097);
#2093 = LINE('',#2094,#2095);
#2094 = CARTESIAN_POINT('',(-1.,86.));
#2095 = VECTOR('',#2096,1.);
#2096 = DIRECTION('',(0.,-1.));
#2097 = ( GEOMETRIC_REPRESENTATION_CONTEXT(2) 
PARAMETRIC_REPRESENTATION_CONTEXT() REPRESENTATION_CONTEXT('2D SPACE',''
  ) );
#2098 = PCURVE('',#2099,#2104);
#2099 = PLANE('',#2100);
#2100 = AXIS2_PLACEMENT_3D('',#2101,#2102,#2103);
#2101 = CARTESIAN_POINT('',(-1.,86.,-3.));
#2102 = DIRECTION('',(1.,0.,-0.));
#2103 = DIRECTION('',(0.,-1.,0.));
#2104 = DEFINITIONAL_REPRESENTATION('',(#2105),#2109);
#2105 = LINE('',#2106,#2107);
#2106 = CARTESIAN_POINT('',(0.,0.));
#2107 = VECTOR('',#2108,1.);
#2108 = DIRECTION('',(1.,0.));
#2109 = ( GEOMETRIC_REPRESENTATION_CONTEXT(2) 
PARAMETRIC_REPRESENTATION_CONTEXT() REPRESENTATION_CONTEXT('2D SPACE',''
  ) );
#2110 = ORIENTED_EDGE('',*,*,#2111,.T.);
#2111 = EDGE_CURVE('',#2084,#2026,#2112,.T.);
#2112 = SURFACE_CURVE('',#2113,(#2117,#2124),.PCURVE_S1.);
#2113 = LINE('',#2114,#2115);
#2114 = CARTESIAN_POINT('',(86.,-21.,-3.));
#2115 = VECTOR('',#2116,1.);
#2116 = DIRECTION('',(-1.,0.,0.));
#2117 = PCURVE('',#126,#2118);
#2118 = DEFINITIONAL_REPRESENTATION('',(#2119),#2123);
#2119 = LINE('',#2120,#2121);
#2120 = CARTESIAN_POINT('',(86.,-21.));
#2121 = VECTOR('',#2122,1.);
#2122 = DIRECTION('',(-1.,0.));
#2123 = ( GEOMETRIC_REPRESENTATION_CONTEXT(2) 
PARAMETRIC_REPRESENTATION_CONTEXT() REPRESENTATION_CONTEXT('2D SPACE',''
  ) );
#2124 = PCURVE('',#2125,#2130);
#2125 = PLANE('',#2126);
#2126 = AXIS2_PLACEMENT_3D('',#2127,#2128,#2129);
#2127 = CARTESIAN_POINT('',(86.,-21.,-3.));
#2128 = DIRECTION('',(0.,-1.,0.));
#2129 = DIRECTION('',(-1.,0.,0.));
#2130 = DEFINITIONAL_REPRESENTATION('',(#2131),#2135);
#2131 = LINE('',#2132,#2133);
#2132 = CARTESIAN_POINT('',(0.,-0.));
#2133 = VECTOR('',#2134,1.);
#2134 = DIRECTION('',(1.,0.));
#2135 = ( GEOMETRIC_REPRESENTATION_CONTEXT(2) 
PARAMETRIC_REPRESENTATION_CONTEXT() REPRESENTATION_CONTEXT('2D SPACE',''
  ) );
#2136 = FACE_BOUND('',#2137,.F.);
#2137 = EDGE_LOOP('',(#2138,#2163,#2191,#2219));
#2138 = ORIENTED_EDGE('',*,*,#2139,.F.);
#2139 = EDGE_CURVE('',#2140,#2142,#2144,.T.);
#2140 = VERTEX_POINT('',#2141);
#2141 = CARTESIAN_POINT('',(1.,-86.,-3.));
#2142 = VERTEX_POINT('',#2143);
#2143 = CARTESIAN_POINT('',(21.,-86.,-3.));
#2144 = SURFACE_CURVE('',#2145,(#2149,#2156),.PCURVE_S1.);
#2145 = LINE('',#2146,#2147);
#2146 = CARTESIAN_POINT('',(-86.,-86.,-3.));
#2147 = VECTOR('',#2148,1.);
#2148 = DIRECTION('',(1.,0.,0.));
#2149 = PCURVE('',#126,#2150);
#2150 = DEFINITIONAL_REPRESENTATION('',(#2151),#2155);
#2151 = LINE('',#2152,#2153);
#2152 = CARTESIAN_POINT('',(-86.,-86.));
#2153 = VECTOR('',#2154,1.);
#2154 = DIRECTION('',(1.,0.));
#2155 = ( GEOMETRIC_REPRESENTATION_CONTEXT(2) 
PARAMETRIC_REPRESENTATION_CONTEXT() REPRESENTATION_CONTEXT('2D SPACE',''
  ) );
#2156 = PCURVE('',#363,#2157);
#2157 = DEFINITIONAL_REPRESENTATION('',(#2158),#2162);
#2158 = LINE('',#2159,#2160);
#2159 = CARTESIAN_POINT('',(0.,0.));
#2160 = VECTOR('',#2161,1.);
#2161 = DIRECTION('',(1.,0.));
#2162 = ( GEOMETRIC_REPRESENTATION_CONTEXT(2) 
PARAMETRIC_REPRESENTATION_CONTEXT() REPRESENTATION_CONTEXT('2D SPACE',''
  ) );
#2163 = ORIENTED_EDGE('',*,*,#2164,.T.);
#2164 = EDGE_CURVE('',#2140,#2165,#2167,.T.);
#2165 = VERTEX_POINT('',#2166);
#2166 = CARTESIAN_POINT('',(1.,-67.,-3.));
#2167 = SURFACE_CURVE('',#2168,(#2172,#2179),.PCURVE_S1.);
#2168 = LINE('',#2169,#2170);
#2169 = CARTESIAN_POINT('',(1.,-86.,-3.));
#2170 = VECTOR('',#2171,1.);
#2171 = DIRECTION('',(0.,1.,0.));
#2172 = PCURVE('',#126,#2173);
#2173 = DEFINITIONAL_REPRESENTATION('',(#2174),#2178);
#2174 = LINE('',#2175,#2176);
#2175 = CARTESIAN_POINT('',(1.,-86.));
#2176 = VECTOR('',#2177,1.);
#2177 = DIRECTION('',(0.,1.));
#2178 = ( GEOMETRIC_REPRESENTATION_CONTEXT(2) 
PARAMETRIC_REPRESENTATION_CONTEXT() REPRESENTATION_CONTEXT('2D SPACE',''
  ) );
#2179 = PCURVE('',#2180,#2185);
#2180 = PLANE('',#2181);
#2181 = AXIS2_PLACEMENT_3D('',#2182,#2183,#2184);
#2182 = CARTESIAN_POINT('',(1.,-86.,-3.));
#2183 = DIRECTION('',(-1.,0.,0.));
#2184 = DIRECTION('',(0.,1.,0.));
#2185 = DEFINITIONAL_REPRESENTATION('',(#2186),#2190);
#2186 = LINE('',#2187,#2188);
#2187 = CARTESIAN_POINT('',(0.,0.));
#2188 = VECTOR('',#2189,1.);
#2189 = DIRECTION('',(1.,0.));
#2190 = ( GEOMETRIC_REPRESENTATION_CONTEXT(2) 
PARAMETRIC_REPRESENTATION_CONTEXT() REPRESENTATION_CONTEXT('2D SPACE',''
  ) );
#2191 = ORIENTED_EDGE('',*,*,#2192,.T.);
#2192 = EDGE_CURVE('',#2165,#2193,#2195,.T.);
#2193 = VERTEX_POINT('',#2194);
#2194 = CARTESIAN_POINT('',(21.,-67.,-3.));
#2195 = SURFACE_CURVE('',#2196,(#2200,#2207),.PCURVE_S1.);
#2196 = LINE('',#2197,#2198);
#2197 = CARTESIAN_POINT('',(-86.,-67.,-3.));
#2198 = VECTOR('',#2199,1.);
#2199 = DIRECTION('',(1.,0.,0.));
#2200 = PCURVE('',#126,#2201);
#2201 = DEFINITIONAL_REPRESENTATION('',(#2202),#2206);
#2202 = LINE('',#2203,#2204);
#2203 = CARTESIAN_POINT('',(-86.,-67.));
#2204 = VECTOR('',#2205,1.);
#2205 = DIRECTION('',(1.,0.));
#2206 = ( GEOMETRIC_REPRESENTATION_CONTEXT(2) 
PARAMETRIC_REPRESENTATION_CONTEXT() REPRESENTATION_CONTEXT('2D SPACE',''
  ) );
#2207 = PCURVE('',#2208,#2213);
#2208 = PLANE('',#2209);
#2209 = AXIS2_PLACEMENT_3D('',#2210,#2211,#2212);
#2210 = CARTESIAN_POINT('',(-86.,-67.,-3.));
#2211 = DIRECTION('',(0.,1.,0.));
#2212 = DIRECTION('',(1.,0.,0.));
#2213 = DEFINITIONAL_REPRESENTATION('',(#2214),#2218);
#2214 = LINE('',#2215,#2216);
#2215 = CARTESIAN_POINT('',(0.,0.));
#2216 = VECTOR('',#2217,1.);
#2217 = DIRECTION('',(1.,0.));
#2218 = ( GEOMETRIC_REPRESENTATION_CONTEXT(2) 
PARAMETRIC_REPRESENTATION_CONTEXT() REPRESENTATION_CONTEXT('2D SPACE',''
  ) );
#2219 = ORIENTED_EDGE('',*,*,#2220,.T.);
#2220 = EDGE_CURVE('',#2193,#2142,#2221,.T.);
#2221 = SURFACE_CURVE('',#2222,(#2226,#2233),.PCURVE_S1.);
#2222 = LINE('',#2223,#2224);
#2223 = CARTESIAN_POINT('',(21.,86.,-3.));
#2224 = VECTOR('',#2225,1.);
#2225 = DIRECTION('',(0.,-1.,0.));
#2226 = PCURVE('',#126,#2227);
#2227 = DEFINITIONAL_REPRESENTATION('',(#2228),#2232);
#2228 = LINE('',#2229,#2230);
#2229 = CARTESIAN_POINT('',(21.,86.));
#2230 = VECTOR('',#2231,1.);
#2231 = DIRECTION('',(0.,-1.));
#2232 = ( GEOMETRIC_REPRESENTATION_CONTEXT(2) 
PARAMETRIC_REPRESENTATION_CONTEXT() REPRESENTATION_CONTEXT('2D SPACE',''
  ) );
#2233 = PCURVE('',#2234,#2239);
#2234 = PLANE('',#2235);
#2235 = AXIS2_PLACEMENT_3D('',#2236,#2237,#2238);
#2236 = CARTESIAN_POINT('',(21.,86.,-3.));
#2237 = DIRECTION('',(1.,0.,-0.));
#2238 = DIRECTION('',(0.,-1.,0.));
#2239 = DEFINITIONAL_REPRESENTATION('',(#2240),#2244);
#2240 = LINE('',#2241,#2242);
#2241 = CARTESIAN_POINT('',(0.,0.));
#2242 = VECTOR('',#2243,1.);
#2243 = DIRECTION('',(1.,0.));
#2244 = ( GEOMETRIC_REPRESENTATION_CONTEXT(2) 
PARAMETRIC_REPRESENTATION_CONTEXT() REPRESENTATION_CONTEXT('2D SPACE',''
  ) );
#2245 = FACE_BOUND('',#2246,.F.);
#2246 = EDGE_LOOP('',(#2247,#2272,#2300,#2328));
#2247 = ORIENTED_EDGE('',*,*,#2248,.F.);
#2248 = EDGE_CURVE('',#2249,#2251,#2253,.T.);
#2249 = VERTEX_POINT('',#2250);
#2250 = CARTESIAN_POINT('',(23.,-86.,-3.));
#2251 = VERTEX_POINT('',#2252);
#2252 = CARTESIAN_POINT('',(43.,-86.,-3.));
#2253 = SURFACE_CURVE('',#2254,(#2258,#2265),.PCURVE_S1.);
#2254 = LINE('',#2255,#2256);
#2255 = CARTESIAN_POINT('',(-86.,-86.,-3.));
#2256 = VECTOR('',#2257,1.);
#2257 = DIRECTION('',(1.,0.,0.));
#2258 = PCURVE('',#126,#2259);
#2259 = DEFINITIONAL_REPRESENTATION('',(#2260),#2264);
#2260 = LINE('',#2261,#2262);
#2261 = CARTESIAN_POINT('',(-86.,-86.));
#2262 = VECTOR('',#2263,1.);
#2263 = DIRECTION('',(1.,0.));
#2264 = ( GEOMETRIC_REPRESENTATION_CONTEXT(2) 
PARAMETRIC_REPRESENTATION_CONTEXT() REPRESENTATION_CONTEXT('2D SPACE',''
  ) );
#2265 = PCURVE('',#363,#2266);
#2266 = DEFINITIONAL_REPRESENTATION('',(#2267),#2271);
#2267 = LINE('',#2268,#2269);
#2268 = CARTESIAN_POINT('',(0.,0.));
#2269 = VECTOR('',#2270,1.);
#2270 = DIRECTION('',(1.,0.));
#2271 = ( GEOMETRIC_REPRESENTATION_CONTEXT(2) 
PARAMETRIC_REPRESENTATION_CONTEXT() REPRESENTATION_CONTEXT('2D SPACE',''
  ) );
#2272 = ORIENTED_EDGE('',*,*,#2273,.T.);
#2273 = EDGE_CURVE('',#2249,#2274,#2276,.T.);
#2274 = VERTEX_POINT('',#2275);
#2275 = CARTESIAN_POINT('',(23.,-67.,-3.));
#2276 = SURFACE_CURVE('',#2277,(#2281,#2288),.PCURVE_S1.);
#2277 = LINE('',#2278,#2279);
#2278 = CARTESIAN_POINT('',(23.,-86.,-3.));
#2279 = VECTOR('',#2280,1.);
#2280 = DIRECTION('',(0.,1.,0.));
#2281 = PCURVE('',#126,#2282);
#2282 = DEFINITIONAL_REPRESENTATION('',(#2283),#2287);
#2283 = LINE('',#2284,#2285);
#2284 = CARTESIAN_POINT('',(23.,-86.));
#2285 = VECTOR('',#2286,1.);
#2286 = DIRECTION('',(0.,1.));
#2287 = ( GEOMETRIC_REPRESENTATION_CONTEXT(2) 
PARAMETRIC_REPRESENTATION_CONTEXT() REPRESENTATION_CONTEXT('2D SPACE',''
  ) );
#2288 = PCURVE('',#2289,#2294);
#2289 = PLANE('',#2290);
#2290 = AXIS2_PLACEMENT_3D('',#2291,#2292,#2293);
#2291 = CARTESIAN_POINT('',(23.,-86.,-3.));
#2292 = DIRECTION('',(-1.,0.,0.));
#2293 = DIRECTION('',(0.,1.,0.));
#2294 = DEFINITIONAL_REPRESENTATION('',(#2295),#2299);
#2295 = LINE('',#2296,#2297);
#2296 = CARTESIAN_POINT('',(0.,0.));
#2297 = VECTOR('',#2298,1.);
#2298 = DIRECTION('',(1.,0.));
#2299 = ( GEOMETRIC_REPRESENTATION_CONTEXT(2) 
PARAMETRIC_REPRESENTATION_CONTEXT() REPRESENTATION_CONTEXT('2D SPACE',''
  ) );
#2300 = ORIENTED_EDGE('',*,*,#2301,.T.);
#2301 = EDGE_CURVE('',#2274,#2302,#2304,.T.);
#2302 = VERTEX_POINT('',#2303);
#2303 = CARTESIAN_POINT('',(43.,-67.,-3.));
#2304 = SURFACE_CURVE('',#2305,(#2309,#2316),.PCURVE_S1.);
#2305 = LINE('',#2306,#2307);
#2306 = CARTESIAN_POINT('',(-86.,-67.,-3.));
#2307 = VECTOR('',#2308,1.);
#2308 = DIRECTION('',(1.,0.,0.));
#2309 = PCURVE('',#126,#2310);
#2310 = DEFINITIONAL_REPRESENTATION('',(#2311),#2315);
#2311 = LINE('',#2312,#2313);
#2312 = CARTESIAN_POINT('',(-86.,-67.));
#2313 = VECTOR('',#2314,1.);
#2314 = DIRECTION('',(1.,0.));
#2315 = ( GEOMETRIC_REPRESENTATION_CONTEXT(2) 
PARAMETRIC_REPRESENTATION_CONTEXT() REPRESENTATION_CONTEXT('2D SPACE',''
  ) );
#2316 = PCURVE('',#2317,#2322);
#2317 = PLANE('',#2318);
#2318 = AXIS2_PLACEMENT_3D('',#2319,#2320,#2321);
#2319 = CARTESIAN_POINT('',(-86.,-67.,-3.));
#2320 = DIRECTION('',(0.,1.,0.));
#2321 = DIRECTION('',(1.,0.,0.));
#2322 = DEFINITIONAL_REPRESENTATION('',(#2323),#2327);
#2323 = LINE('',#2324,#2325);
#2324 = CARTESIAN_POINT('',(0.,0.));
#2325 = VECTOR('',#2326,1.);
#2326 = DIRECTION('',(1.,0.));
#2327 = ( GEOMETRIC_REPRESENTATION_CONTEXT(2) 
PARAMETRIC_REPRESENTATION_CONTEXT() REPRESENTATION_CONTEXT('2D SPACE',''
  ) );
#2328 = ORIENTED_EDGE('',*,*,#2329,.T.);
#2329 = EDGE_CURVE('',#2302,#2251,#2330,.T.);
#2330 = SURFACE_CURVE('',#2331,(#2335,#2342),.PCURVE_S1.);
#2331 = LINE('',#2332,#2333);
#2332 = CARTESIAN_POINT('',(43.,86.,-3.));
#2333 = VECTOR('',#2334,1.);
#2334 = DIRECTION('',(0.,-1.,0.));
#2335 = PCURVE('',#126,#2336);
#2336 = DEFINITIONAL_REPRESENTATION('',(#2337),#2341);
#2337 = LINE('',#2338,#2339);
#2338 = CARTESIAN_POINT('',(43.,86.));
#2339 = VECTOR('',#2340,1.);
#2340 = DIRECTION('',(0.,-1.));
#2341 = ( GEOMETRIC_REPRESENTATION_CONTEXT(2) 
PARAMETRIC_REPRESENTATION_CONTEXT() REPRESENTATION_CONTEXT('2D SPACE',''
  ) );
#2342 = PCURVE('',#2343,#2348);
#2343 = PLANE('',#2344);
#2344 = AXIS2_PLACEMENT_3D('',#2345,#2346,#2347);
#2345 = CARTESIAN_POINT('',(43.,86.,-3.));
#2346 = DIRECTION('',(1.,0.,-0.));
#2347 = DIRECTION('',(0.,-1.,0.));
#2348 = DEFINITIONAL_REPRESENTATION('',(#2349),#2353);
#2349 = LINE('',#2350,#2351);
#2350 = CARTESIAN_POINT('',(0.,0.));
#2351 = VECTOR('',#2352,1.);
#2352 = DIRECTION('',(1.,0.));
#2353 = ( GEOMETRIC_REPRESENTATION_CONTEXT(2) 
PARAMETRIC_REPRESENTATION_CONTEXT() REPRESENTATION_CONTEXT('2D SPACE',''
  ) );
#2354 = FACE_BOUND('',#2355,.F.);
#2355 = EDGE_LOOP('',(#2356,#2386,#2414,#2442));
#2356 = ORIENTED_EDGE('',*,*,#2357,.T.);
#2357 = EDGE_CURVE('',#2358,#2360,#2362,.T.);
#2358 = VERTEX_POINT('',#2359);
#2359 = CARTESIAN_POINT('',(1.,-45.,-3.));
#2360 = VERTEX_POINT('',#2361);
#2361 = CARTESIAN_POINT('',(21.,-45.,-3.));
#2362 = SURFACE_CURVE('',#2363,(#2367,#2374),.PCURVE_S1.);
#2363 = LINE('',#2364,#2365);
#2364 = CARTESIAN_POINT('',(-86.,-45.,-3.));
#2365 = VECTOR('',#2366,1.);
#2366 = DIRECTION('',(1.,0.,0.));
#2367 = PCURVE('',#126,#2368);
#2368 = DEFINITIONAL_REPRESENTATION('',(#2369),#2373);
#2369 = LINE('',#2370,#2371);
#2370 = CARTESIAN_POINT('',(-86.,-45.));
#2371 = VECTOR('',#2372,1.);
#2372 = DIRECTION('',(1.,0.));
#2373 = ( GEOMETRIC_REPRESENTATION_CONTEXT(2) 
PARAMETRIC_REPRESENTATION_CONTEXT() REPRESENTATION_CONTEXT('2D SPACE',''
  ) );
#2374 = PCURVE('',#2375,#2380);
#2375 = PLANE('',#2376);
#2376 = AXIS2_PLACEMENT_3D('',#2377,#2378,#2379);
#2377 = CARTESIAN_POINT('',(-86.,-45.,-3.));
#2378 = DIRECTION('',(0.,1.,0.));
#2379 = DIRECTION('',(1.,0.,0.));
#2380 = DEFINITIONAL_REPRESENTATION('',(#2381),#2385);
#2381 = LINE('',#2382,#2383);
#2382 = CARTESIAN_POINT('',(0.,0.));
#2383 = VECTOR('',#2384,1.);
#2384 = DIRECTION('',(1.,0.));
#2385 = ( GEOMETRIC_REPRESENTATION_CONTEXT(2) 
PARAMETRIC_REPRESENTATION_CONTEXT() REPRESENTATION_CONTEXT('2D SPACE',''
  ) );
#2386 = ORIENTED_EDGE('',*,*,#2387,.T.);
#2387 = EDGE_CURVE('',#2360,#2388,#2390,.T.);
#2388 = VERTEX_POINT('',#2389);
#2389 = CARTESIAN_POINT('',(21.,-65.,-3.));
#2390 = SURFACE_CURVE('',#2391,(#2395,#2402),.PCURVE_S1.);
#2391 = LINE('',#2392,#2393);
#2392 = CARTESIAN_POINT('',(21.,86.,-3.));
#2393 = VECTOR('',#2394,1.);
#2394 = DIRECTION('',(0.,-1.,0.));
#2395 = PCURVE('',#126,#2396);
#2396 = DEFINITIONAL_REPRESENTATION('',(#2397),#2401);
#2397 = LINE('',#2398,#2399);
#2398 = CARTESIAN_POINT('',(21.,86.));
#2399 = VECTOR('',#2400,1.);
#2400 = DIRECTION('',(0.,-1.));
#2401 = ( GEOMETRIC_REPRESENTATION_CONTEXT(2) 
PARAMETRIC_REPRESENTATION_CONTEXT() REPRESENTATION_CONTEXT('2D SPACE',''
  ) );
#2402 = PCURVE('',#2403,#2408);
#2403 = PLANE('',#2404);
#2404 = AXIS2_PLACEMENT_3D('',#2405,#2406,#2407);
#2405 = CARTESIAN_POINT('',(21.,86.,-3.));
#2406 = DIRECTION('',(1.,0.,-0.));
#2407 = DIRECTION('',(0.,-1.,0.));
#2408 = DEFINITIONAL_REPRESENTATION('',(#2409),#2413);
#2409 = LINE('',#2410,#2411);
#2410 = CARTESIAN_POINT('',(0.,0.));
#2411 = VECTOR('',#2412,1.);
#2412 = DIRECTION('',(1.,0.));
#2413 = ( GEOMETRIC_REPRESENTATION_CONTEXT(2) 
PARAMETRIC_REPRESENTATION_CONTEXT() REPRESENTATION_CONTEXT('2D SPACE',''
  ) );
#2414 = ORIENTED_EDGE('',*,*,#2415,.T.);
#2415 = EDGE_CURVE('',#2388,#2416,#2418,.T.);
#2416 = VERTEX_POINT('',#2417);
#2417 = CARTESIAN_POINT('',(1.,-65.,-3.));
#2418 = SURFACE_CURVE('',#2419,(#2423,#2430),.PCURVE_S1.);
#2419 = LINE('',#2420,#2421);
#2420 = CARTESIAN_POINT('',(86.,-65.,-3.));
#2421 = VECTOR('',#2422,1.);
#2422 = DIRECTION('',(-1.,0.,0.));
#2423 = PCURVE('',#126,#2424);
#2424 = DEFINITIONAL_REPRESENTATION('',(#2425),#2429);
#2425 = LINE('',#2426,#2427);
#2426 = CARTESIAN_POINT('',(86.,-65.));
#2427 = VECTOR('',#2428,1.);
#2428 = DIRECTION('',(-1.,0.));
#2429 = ( GEOMETRIC_REPRESENTATION_CONTEXT(2) 
PARAMETRIC_REPRESENTATION_CONTEXT() REPRESENTATION_CONTEXT('2D SPACE',''
  ) );
#2430 = PCURVE('',#2431,#2436);
#2431 = PLANE('',#2432);
#2432 = AXIS2_PLACEMENT_3D('',#2433,#2434,#2435);
#2433 = CARTESIAN_POINT('',(86.,-65.,-3.));
#2434 = DIRECTION('',(0.,-1.,0.));
#2435 = DIRECTION('',(-1.,0.,0.));
#2436 = DEFINITIONAL_REPRESENTATION('',(#2437),#2441);
#2437 = LINE('',#2438,#2439);
#2438 = CARTESIAN_POINT('',(0.,-0.));
#2439 = VECTOR('',#2440,1.);
#2440 = DIRECTION('',(1.,0.));
#2441 = ( GEOMETRIC_REPRESENTATION_CONTEXT(2) 
PARAMETRIC_REPRESENTATION_CONTEXT() REPRESENTATION_CONTEXT('2D SPACE',''
  ) );
#2442 = ORIENTED_EDGE('',*,*,#2443,.T.);
#2443 = EDGE_CURVE('',#2416,#2358,#2444,.T.);
#2444 = SURFACE_CURVE('',#2445,(#2449,#2456),.PCURVE_S1.);
#2445 = LINE('',#2446,#2447);
#2446 = CARTESIAN_POINT('',(1.,-86.,-3.));
#2447 = VECTOR('',#2448,1.);
#2448 = DIRECTION('',(0.,1.,0.));
#2449 = PCURVE('',#126,#2450);
#2450 = DEFINITIONAL_REPRESENTATION('',(#2451),#2455);
#2451 = LINE('',#2452,#2453);
#2452 = CARTESIAN_POINT('',(1.,-86.));
#2453 = VECTOR('',#2454,1.);
#2454 = DIRECTION('',(0.,1.));
#2455 = ( GEOMETRIC_REPRESENTATION_CONTEXT(2) 
PARAMETRIC_REPRESENTATION_CONTEXT() REPRESENTATION_CONTEXT('2D SPACE',''
  ) );
#2456 = PCURVE('',#2457,#2462);
#2457 = PLANE('',#2458);
#2458 = AXIS2_PLACEMENT_3D('',#2459,#2460,#2461);
#2459 = CARTESIAN_POINT('',(1.,-86.,-3.));
#2460 = DIRECTION('',(-1.,0.,0.));
#2461 = DIRECTION('',(0.,1.,0.));
#2462 = DEFINITIONAL_REPRESENTATION('',(#2463),#2467);
#2463 = LINE('',#2464,#2465);
#2464 = CARTESIAN_POINT('',(0.,0.));
#2465 = VECTOR('',#2466,1.);
#2466 = DIRECTION('',(1.,0.));
#2467 = ( GEOMETRIC_REPRESENTATION_CONTEXT(2) 
PARAMETRIC_REPRESENTATION_CONTEXT() REPRESENTATION_CONTEXT('2D SPACE',''
  ) );
#2468 = FACE_BOUND('',#2469,.F.);
#2469 = EDGE_LOOP('',(#2470,#2500,#2528,#2556));
#2470 = ORIENTED_EDGE('',*,*,#2471,.T.);
#2471 = EDGE_CURVE('',#2472,#2474,#2476,.T.);
#2472 = VERTEX_POINT('',#2473);
#2473 = CARTESIAN_POINT('',(23.,-45.,-3.));
#2474 = VERTEX_POINT('',#2475);
#2475 = CARTESIAN_POINT('',(43.,-45.,-3.));
#2476 = SURFACE_CURVE('',#2477,(#2481,#2488),.PCURVE_S1.);
#2477 = LINE('',#2478,#2479);
#2478 = CARTESIAN_POINT('',(-86.,-45.,-3.));
#2479 = VECTOR('',#2480,1.);
#2480 = DIRECTION('',(1.,0.,0.));
#2481 = PCURVE('',#126,#2482);
#2482 = DEFINITIONAL_REPRESENTATION('',(#2483),#2487);
#2483 = LINE('',#2484,#2485);
#2484 = CARTESIAN_POINT('',(-86.,-45.));
#2485 = VECTOR('',#2486,1.);
#2486 = DIRECTION('',(1.,0.));
#2487 = ( GEOMETRIC_REPRESENTATION_CONTEXT(2) 
PARAMETRIC_REPRESENTATION_CONTEXT() REPRESENTATION_CONTEXT('2D SPACE',''
  ) );
#2488 = PCURVE('',#2489,#2494);
#2489 = PLANE('',#2490);
#2490 = AXIS2_PLACEMENT_3D('',#2491,#2492,#2493);
#2491 = CARTESIAN_POINT('',(-86.,-45.,-3.));
#2492 = DIRECTION('',(0.,1.,0.));
#2493 = DIRECTION('',(1.,0.,0.));
#2494 = DEFINITIONAL_REPRESENTATION('',(#2495),#2499);
#2495 = LINE('',#2496,#2497);
#2496 = CARTESIAN_POINT('',(0.,0.));
#2497 = VECTOR('',#2498,1.);
#2498 = DIRECTION('',(1.,0.));
#2499 = ( GEOMETRIC_REPRESENTATION_CONTEXT(2) 
PARAMETRIC_REPRESENTATION_CONTEXT() REPRESENTATION_CONTEXT('2D SPACE',''
  ) );
#2500 = ORIENTED_EDGE('',*,*,#2501,.T.);
#2501 = EDGE_CURVE('',#2474,#2502,#2504,.T.);
#2502 = VERTEX_POINT('',#2503);
#2503 = CARTESIAN_POINT('',(43.,-65.,-3.));
#2504 = SURFACE_CURVE('',#2505,(#2509,#2516),.PCURVE_S1.);
#2505 = LINE('',#2506,#2507);
#2506 = CARTESIAN_POINT('',(43.,86.,-3.));
#2507 = VECTOR('',#2508,1.);
#2508 = DIRECTION('',(0.,-1.,0.));
#2509 = PCURVE('',#126,#2510);
#2510 = DEFINITIONAL_REPRESENTATION('',(#2511),#2515);
#2511 = LINE('',#2512,#2513);
#2512 = CARTESIAN_POINT('',(43.,86.));
#2513 = VECTOR('',#2514,1.);
#2514 = DIRECTION('',(0.,-1.));
#2515 = ( GEOMETRIC_REPRESENTATION_CONTEXT(2) 
PARAMETRIC_REPRESENTATION_CONTEXT() REPRESENTATION_CONTEXT('2D SPACE',''
  ) );
#2516 = PCURVE('',#2517,#2522);
#2517 = PLANE('',#2518);
#2518 = AXIS2_PLACEMENT_3D('',#2519,#2520,#2521);
#2519 = CARTESIAN_POINT('',(43.,86.,-3.));
#2520 = DIRECTION('',(1.,0.,-0.));
#2521 = DIRECTION('',(0.,-1.,0.));
#2522 = DEFINITIONAL_REPRESENTATION('',(#2523),#2527);
#2523 = LINE('',#2524,#2525);
#2524 = CARTESIAN_POINT('',(0.,0.));
#2525 = VECTOR('',#2526,1.);
#2526 = DIRECTION('',(1.,0.));
#2527 = ( GEOMETRIC_REPRESENTATION_CONTEXT(2) 
PARAMETRIC_REPRESENTATION_CONTEXT() REPRESENTATION_CONTEXT('2D SPACE',''
  ) );
#2528 = ORIENTED_EDGE('',*,*,#2529,.T.);
#2529 = EDGE_CURVE('',#2502,#2530,#2532,.T.);
#2530 = VERTEX_POINT('',#2531);
#2531 = CARTESIAN_POINT('',(23.,-65.,-3.));
#2532 = SURFACE_CURVE('',#2533,(#2537,#2544),.PCURVE_S1.);
#2533 = LINE('',#2534,#2535);
#2534 = CARTESIAN_POINT('',(86.,-65.,-3.));
#2535 = VECTOR('',#2536,1.);
#2536 = DIRECTION('',(-1.,0.,0.));
#2537 = PCURVE('',#126,#2538);
#2538 = DEFINITIONAL_REPRESENTATION('',(#2539),#2543);
#2539 = LINE('',#2540,#2541);
#2540 = CARTESIAN_POINT('',(86.,-65.));
#2541 = VECTOR('',#2542,1.);
#2542 = DIRECTION('',(-1.,0.));
#2543 = ( GEOMETRIC_REPRESENTATION_CONTEXT(2) 
PARAMETRIC_REPRESENTATION_CONTEXT() REPRESENTATION_CONTEXT('2D SPACE',''
  ) );
#2544 = PCURVE('',#2545,#2550);
#2545 = PLANE('',#2546);
#2546 = AXIS2_PLACEMENT_3D('',#2547,#2548,#2549);
#2547 = CARTESIAN_POINT('',(86.,-65.,-3.));
#2548 = DIRECTION('',(0.,-1.,0.));
#2549 = DIRECTION('',(-1.,0.,0.));
#2550 = DEFINITIONAL_REPRESENTATION('',(#2551),#2555);
#2551 = LINE('',#2552,#2553);
#2552 = CARTESIAN_POINT('',(0.,-0.));
#2553 = VECTOR('',#2554,1.);
#2554 = DIRECTION('',(1.,0.));
#2555 = ( GEOMETRIC_REPRESENTATION_CONTEXT(2) 
PARAMETRIC_REPRESENTATION_CONTEXT() REPRESENTATION_CONTEXT('2D SPACE',''
  ) );
#2556 = ORIENTED_EDGE('',*,*,#2557,.T.);
#2557 = EDGE_CURVE('',#2530,#2472,#2558,.T.);
#2558 = SURFACE_CURVE('',#2559,(#2563,#2570),.PCURVE_S1.);
#2559 = LINE('',#2560,#2561);
#2560 = CARTESIAN_POINT('',(23.,-86.,-3.));
#2561 = VECTOR('',#2562,1.);
#2562 = DIRECTION('',(0.,1.,0.));
#2563 = PCURVE('',#126,#2564);
#2564 = DEFINITIONAL_REPRESENTATION('',(#2565),#2569);
#2565 = LINE('',#2566,#2567);
#2566 = CARTESIAN_POINT('',(23.,-86.));
#2567 = VECTOR('',#2568,1.);
#2568 = DIRECTION('',(0.,1.));
#2569 = ( GEOMETRIC_REPRESENTATION_CONTEXT(2) 
PARAMETRIC_REPRESENTATION_CONTEXT() REPRESENTATION_CONTEXT('2D SPACE',''
  ) );
#2570 = PCURVE('',#2571,#2576);
#2571 = PLANE('',#2572);
#2572 = AXIS2_PLACEMENT_3D('',#2573,#2574,#2575);
#2573 = CARTESIAN_POINT('',(23.,-86.,-3.));
#2574 = DIRECTION('',(-1.,0.,0.));
#2575 = DIRECTION('',(0.,1.,0.));
#2576 = DEFINITIONAL_REPRESENTATION('',(#2577),#2581);
#2577 = LINE('',#2578,#2579);
#2578 = CARTESIAN_POINT('',(0.,0.));
#2579 = VECTOR('',#2580,1.);
#2580 = DIRECTION('',(1.,0.));
#2581 = ( GEOMETRIC_REPRESENTATION_CONTEXT(2) 
PARAMETRIC_REPRESENTATION_CONTEXT() REPRESENTATION_CONTEXT('2D SPACE',''
  ) );
#2582 = FACE_BOUND('',#2583,.F.);
#2583 = EDGE_LOOP('',(#2584,#2609,#2637,#2665));
#2584 = ORIENTED_EDGE('',*,*,#2585,.F.);
#2585 = EDGE_CURVE('',#2586,#2588,#2590,.T.);
#2586 = VERTEX_POINT('',#2587);
#2587 = CARTESIAN_POINT('',(45.,-86.,-3.));
#2588 = VERTEX_POINT('',#2589);
#2589 = CARTESIAN_POINT('',(65.,-86.,-3.));
#2590 = SURFACE_CURVE('',#2591,(#2595,#2602),.PCURVE_S1.);
#2591 = LINE('',#2592,#2593);
#2592 = CARTESIAN_POINT('',(-86.,-86.,-3.));
#2593 = VECTOR('',#2594,1.);
#2594 = DIRECTION('',(1.,0.,0.));
#2595 = PCURVE('',#126,#2596);
#2596 = DEFINITIONAL_REPRESENTATION('',(#2597),#2601);
#2597 = LINE('',#2598,#2599);
#2598 = CARTESIAN_POINT('',(-86.,-86.));
#2599 = VECTOR('',#2600,1.);
#2600 = DIRECTION('',(1.,0.));
#2601 = ( GEOMETRIC_REPRESENTATION_CONTEXT(2) 
PARAMETRIC_REPRESENTATION_CONTEXT() REPRESENTATION_CONTEXT('2D SPACE',''
  ) );
#2602 = PCURVE('',#363,#2603);
#2603 = DEFINITIONAL_REPRESENTATION('',(#2604),#2608);
#2604 = LINE('',#2605,#2606);
#2605 = CARTESIAN_POINT('',(0.,0.));
#2606 = VECTOR('',#2607,1.);
#2607 = DIRECTION('',(1.,0.));
#2608 = ( GEOMETRIC_REPRESENTATION_CONTEXT(2) 
PARAMETRIC_REPRESENTATION_CONTEXT() REPRESENTATION_CONTEXT('2D SPACE',''
  ) );
#2609 = ORIENTED_EDGE('',*,*,#2610,.T.);
#2610 = EDGE_CURVE('',#2586,#2611,#2613,.T.);
#2611 = VERTEX_POINT('',#2612);
#2612 = CARTESIAN_POINT('',(45.,-67.,-3.));
#2613 = SURFACE_CURVE('',#2614,(#2618,#2625),.PCURVE_S1.);
#2614 = LINE('',#2615,#2616);
#2615 = CARTESIAN_POINT('',(45.,-86.,-3.));
#2616 = VECTOR('',#2617,1.);
#2617 = DIRECTION('',(0.,1.,0.));
#2618 = PCURVE('',#126,#2619);
#2619 = DEFINITIONAL_REPRESENTATION('',(#2620),#2624);
#2620 = LINE('',#2621,#2622);
#2621 = CARTESIAN_POINT('',(45.,-86.));
#2622 = VECTOR('',#2623,1.);
#2623 = DIRECTION('',(0.,1.));
#2624 = ( GEOMETRIC_REPRESENTATION_CONTEXT(2) 
PARAMETRIC_REPRESENTATION_CONTEXT() REPRESENTATION_CONTEXT('2D SPACE',''
  ) );
#2625 = PCURVE('',#2626,#2631);
#2626 = PLANE('',#2627);
#2627 = AXIS2_PLACEMENT_3D('',#2628,#2629,#2630);
#2628 = CARTESIAN_POINT('',(45.,-86.,-3.));
#2629 = DIRECTION('',(-1.,0.,0.));
#2630 = DIRECTION('',(0.,1.,0.));
#2631 = DEFINITIONAL_REPRESENTATION('',(#2632),#2636);
#2632 = LINE('',#2633,#2634);
#2633 = CARTESIAN_POINT('',(0.,0.));
#2634 = VECTOR('',#2635,1.);
#2635 = DIRECTION('',(1.,0.));
#2636 = ( GEOMETRIC_REPRESENTATION_CONTEXT(2) 
PARAMETRIC_REPRESENTATION_CONTEXT() REPRESENTATION_CONTEXT('2D SPACE',''
  ) );
#2637 = ORIENTED_EDGE('',*,*,#2638,.T.);
#2638 = EDGE_CURVE('',#2611,#2639,#2641,.T.);
#2639 = VERTEX_POINT('',#2640);
#2640 = CARTESIAN_POINT('',(65.,-67.,-3.));
#2641 = SURFACE_CURVE('',#2642,(#2646,#2653),.PCURVE_S1.);
#2642 = LINE('',#2643,#2644);
#2643 = CARTESIAN_POINT('',(-86.,-67.,-3.));
#2644 = VECTOR('',#2645,1.);
#2645 = DIRECTION('',(1.,0.,0.));
#2646 = PCURVE('',#126,#2647);
#2647 = DEFINITIONAL_REPRESENTATION('',(#2648),#2652);
#2648 = LINE('',#2649,#2650);
#2649 = CARTESIAN_POINT('',(-86.,-67.));
#2650 = VECTOR('',#2651,1.);
#2651 = DIRECTION('',(1.,0.));
#2652 = ( GEOMETRIC_REPRESENTATION_CONTEXT(2) 
PARAMETRIC_REPRESENTATION_CONTEXT() REPRESENTATION_CONTEXT('2D SPACE',''
  ) );
#2653 = PCURVE('',#2654,#2659);
#2654 = PLANE('',#2655);
#2655 = AXIS2_PLACEMENT_3D('',#2656,#2657,#2658);
#2656 = CARTESIAN_POINT('',(-86.,-67.,-3.));
#2657 = DIRECTION('',(0.,1.,0.));
#2658 = DIRECTION('',(1.,0.,0.));
#2659 = DEFINITIONAL_REPRESENTATION('',(#2660),#2664);
#2660 = LINE('',#2661,#2662);
#2661 = CARTESIAN_POINT('',(0.,0.));
#2662 = VECTOR('',#2663,1.);
#2663 = DIRECTION('',(1.,0.));
#2664 = ( GEOMETRIC_REPRESENTATION_CONTEXT(2) 
PARAMETRIC_REPRESENTATION_CONTEXT() REPRESENTATION_CONTEXT('2D SPACE',''
  ) );
#2665 = ORIENTED_EDGE('',*,*,#2666,.T.);
#2666 = EDGE_CURVE('',#2639,#2588,#2667,.T.);
#2667 = SURFACE_CURVE('',#2668,(#2672,#2679),.PCURVE_S1.);
#2668 = LINE('',#2669,#2670);
#2669 = CARTESIAN_POINT('',(65.,86.,-3.));
#2670 = VECTOR('',#2671,1.);
#2671 = DIRECTION('',(0.,-1.,0.));
#2672 = PCURVE('',#126,#2673);
#2673 = DEFINITIONAL_REPRESENTATION('',(#2674),#2678);
#2674 = LINE('',#2675,#2676);
#2675 = CARTESIAN_POINT('',(65.,86.));
#2676 = VECTOR('',#2677,1.);
#2677 = DIRECTION('',(0.,-1.));
#2678 = ( GEOMETRIC_REPRESENTATION_CONTEXT(2) 
PARAMETRIC_REPRESENTATION_CONTEXT() REPRESENTATION_CONTEXT('2D SPACE',''
  ) );
#2679 = PCURVE('',#2680,#2685);
#2680 = PLANE('',#2681);
#2681 = AXIS2_PLACEMENT_3D('',#2682,#2683,#2684);
#2682 = CARTESIAN_POINT('',(65.,86.,-3.));
#2683 = DIRECTION('',(1.,0.,-0.));
#2684 = DIRECTION('',(0.,-1.,0.));
#2685 = DEFINITIONAL_REPRESENTATION('',(#2686),#2690);
#2686 = LINE('',#2687,#2688);
#2687 = CARTESIAN_POINT('',(0.,0.));
#2688 = VECTOR('',#2689,1.);
#2689 = DIRECTION('',(1.,0.));
#2690 = ( GEOMETRIC_REPRESENTATION_CONTEXT(2) 
PARAMETRIC_REPRESENTATION_CONTEXT() REPRESENTATION_CONTEXT('2D SPACE',''
  ) );
#2691 = FACE_BOUND('',#2692,.F.);
#2692 = EDGE_LOOP('',(#2693));
#2693 = ORIENTED_EDGE('',*,*,#2694,.F.);
#2694 = EDGE_CURVE('',#2695,#2695,#2697,.T.);
#2695 = VERTEX_POINT('',#2696);
#2696 = CARTESIAN_POINT('',(95.1,-93.,-3.));
#2697 = SURFACE_CURVE('',#2698,(#2703,#2710),.PCURVE_S1.);
#2698 = CIRCLE('',#2699,2.1);
#2699 = AXIS2_PLACEMENT_3D('',#2700,#2701,#2702);
#2700 = CARTESIAN_POINT('',(93.,-93.,-3.));
#2701 = DIRECTION('',(0.,0.,1.));
#2702 = DIRECTION('',(1.,0.,0.));
#2703 = PCURVE('',#126,#2704);
#2704 = DEFINITIONAL_REPRESENTATION('',(#2705),#2709);
#2705 = CIRCLE('',#2706,2.1);
#2706 = AXIS2_PLACEMENT_2D('',#2707,#2708);
#2707 = CARTESIAN_POINT('',(93.,-93.));
#2708 = DIRECTION('',(1.,0.));
#2709 = ( GEOMETRIC_REPRESENTATION_CONTEXT(2) 
PARAMETRIC_REPRESENTATION_CONTEXT() REPRESENTATION_CONTEXT('2D SPACE',''
  ) );
#2710 = PCURVE('',#2711,#2716);
#2711 = CYLINDRICAL_SURFACE('',#2712,2.1);
#2712 = AXIS2_PLACEMENT_3D('',#2713,#2714,#2715);
#2713 = CARTESIAN_POINT('',(93.,-93.,-3.));
#2714 = DIRECTION('',(-0.,-0.,-1.));
#2715 = DIRECTION('',(1.,0.,0.));
#2716 = DEFINITIONAL_REPRESENTATION('',(#2717),#2721);
#2717 = LINE('',#2718,#2719);
#2718 = CARTESIAN_POINT('',(-0.,0.));
#2719 = VECTOR('',#2720,1.);
#2720 = DIRECTION('',(-1.,0.));
#2721 = ( GEOMETRIC_REPRESENTATION_CONTEXT(2) 
PARAMETRIC_REPRESENTATION_CONTEXT() REPRESENTATION_CONTEXT('2D SPACE',''
  ) );
#2722 = FACE_BOUND('',#2723,.F.);
#2723 = EDGE_LOOP('',(#2724,#2749,#2777,#2805));
#2724 = ORIENTED_EDGE('',*,*,#2725,.F.);
#2725 = EDGE_CURVE('',#2726,#2728,#2730,.T.);
#2726 = VERTEX_POINT('',#2727);
#2727 = CARTESIAN_POINT('',(67.,-86.,-3.));
#2728 = VERTEX_POINT('',#2729);
#2729 = CARTESIAN_POINT('',(86.,-86.,-3.));
#2730 = SURFACE_CURVE('',#2731,(#2735,#2742),.PCURVE_S1.);
#2731 = LINE('',#2732,#2733);
#2732 = CARTESIAN_POINT('',(-86.,-86.,-3.));
#2733 = VECTOR('',#2734,1.);
#2734 = DIRECTION('',(1.,0.,0.));
#2735 = PCURVE('',#126,#2736);
#2736 = DEFINITIONAL_REPRESENTATION('',(#2737),#2741);
#2737 = LINE('',#2738,#2739);
#2738 = CARTESIAN_POINT('',(-86.,-86.));
#2739 = VECTOR('',#2740,1.);
#2740 = DIRECTION('',(1.,0.));
#2741 = ( GEOMETRIC_REPRESENTATION_CONTEXT(2) 
PARAMETRIC_REPRESENTATION_CONTEXT() REPRESENTATION_CONTEXT('2D SPACE',''
  ) );
#2742 = PCURVE('',#363,#2743);
#2743 = DEFINITIONAL_REPRESENTATION('',(#2744),#2748);
#2744 = LINE('',#2745,#2746);
#2745 = CARTESIAN_POINT('',(0.,0.));
#2746 = VECTOR('',#2747,1.);
#2747 = DIRECTION('',(1.,0.));
#2748 = ( GEOMETRIC_REPRESENTATION_CONTEXT(2) 
PARAMETRIC_REPRESENTATION_CONTEXT() REPRESENTATION_CONTEXT('2D SPACE',''
  ) );
#2749 = ORIENTED_EDGE('',*,*,#2750,.T.);
#2750 = EDGE_CURVE('',#2726,#2751,#2753,.T.);
#2751 = VERTEX_POINT('',#2752);
#2752 = CARTESIAN_POINT('',(67.,-67.,-3.));
#2753 = SURFACE_CURVE('',#2754,(#2758,#2765),.PCURVE_S1.);
#2754 = LINE('',#2755,#2756);
#2755 = CARTESIAN_POINT('',(67.,-86.,-3.));
#2756 = VECTOR('',#2757,1.);
#2757 = DIRECTION('',(0.,1.,0.));
#2758 = PCURVE('',#126,#2759);
#2759 = DEFINITIONAL_REPRESENTATION('',(#2760),#2764);
#2760 = LINE('',#2761,#2762);
#2761 = CARTESIAN_POINT('',(67.,-86.));
#2762 = VECTOR('',#2763,1.);
#2763 = DIRECTION('',(0.,1.));
#2764 = ( GEOMETRIC_REPRESENTATION_CONTEXT(2) 
PARAMETRIC_REPRESENTATION_CONTEXT() REPRESENTATION_CONTEXT('2D SPACE',''
  ) );
#2765 = PCURVE('',#2766,#2771);
#2766 = PLANE('',#2767);
#2767 = AXIS2_PLACEMENT_3D('',#2768,#2769,#2770);
#2768 = CARTESIAN_POINT('',(67.,-86.,-3.));
#2769 = DIRECTION('',(-1.,0.,0.));
#2770 = DIRECTION('',(0.,1.,0.));
#2771 = DEFINITIONAL_REPRESENTATION('',(#2772),#2776);
#2772 = LINE('',#2773,#2774);
#2773 = CARTESIAN_POINT('',(0.,0.));
#2774 = VECTOR('',#2775,1.);
#2775 = DIRECTION('',(1.,0.));
#2776 = ( GEOMETRIC_REPRESENTATION_CONTEXT(2) 
PARAMETRIC_REPRESENTATION_CONTEXT() REPRESENTATION_CONTEXT('2D SPACE',''
  ) );
#2777 = ORIENTED_EDGE('',*,*,#2778,.T.);
#2778 = EDGE_CURVE('',#2751,#2779,#2781,.T.);
#2779 = VERTEX_POINT('',#2780);
#2780 = CARTESIAN_POINT('',(86.,-67.,-3.));
#2781 = SURFACE_CURVE('',#2782,(#2786,#2793),.PCURVE_S1.);
#2782 = LINE('',#2783,#2784);
#2783 = CARTESIAN_POINT('',(-86.,-67.,-3.));
#2784 = VECTOR('',#2785,1.);
#2785 = DIRECTION('',(1.,0.,0.));
#2786 = PCURVE('',#126,#2787);
#2787 = DEFINITIONAL_REPRESENTATION('',(#2788),#2792);
#2788 = LINE('',#2789,#2790);
#2789 = CARTESIAN_POINT('',(-86.,-67.));
#2790 = VECTOR('',#2791,1.);
#2791 = DIRECTION('',(1.,0.));
#2792 = ( GEOMETRIC_REPRESENTATION_CONTEXT(2) 
PARAMETRIC_REPRESENTATION_CONTEXT() REPRESENTATION_CONTEXT('2D SPACE',''
  ) );
#2793 = PCURVE('',#2794,#2799);
#2794 = PLANE('',#2795);
#2795 = AXIS2_PLACEMENT_3D('',#2796,#2797,#2798);
#2796 = CARTESIAN_POINT('',(-86.,-67.,-3.));
#2797 = DIRECTION('',(0.,1.,0.));
#2798 = DIRECTION('',(1.,0.,0.));
#2799 = DEFINITIONAL_REPRESENTATION('',(#2800),#2804);
#2800 = LINE('',#2801,#2802);
#2801 = CARTESIAN_POINT('',(0.,0.));
#2802 = VECTOR('',#2803,1.);
#2803 = DIRECTION('',(1.,0.));
#2804 = ( GEOMETRIC_REPRESENTATION_CONTEXT(2) 
PARAMETRIC_REPRESENTATION_CONTEXT() REPRESENTATION_CONTEXT('2D SPACE',''
  ) );
#2805 = ORIENTED_EDGE('',*,*,#2806,.F.);
#2806 = EDGE_CURVE('',#2728,#2779,#2807,.T.);
#2807 = SURFACE_CURVE('',#2808,(#2812,#2819),.PCURVE_S1.);
#2808 = LINE('',#2809,#2810);
#2809 = CARTESIAN_POINT('',(86.,-86.,-3.));
#2810 = VECTOR('',#2811,1.);
#2811 = DIRECTION('',(0.,1.,0.));
#2812 = PCURVE('',#126,#2813);
#2813 = DEFINITIONAL_REPRESENTATION('',(#2814),#2818);
#2814 = LINE('',#2815,#2816);
#2815 = CARTESIAN_POINT('',(86.,-86.));
#2816 = VECTOR('',#2817,1.);
#2817 = DIRECTION('',(0.,1.));
#2818 = ( GEOMETRIC_REPRESENTATION_CONTEXT(2) 
PARAMETRIC_REPRESENTATION_CONTEXT() REPRESENTATION_CONTEXT('2D SPACE',''
  ) );
#2819 = PCURVE('',#2820,#2825);
#2820 = PLANE('',#2821);
#2821 = AXIS2_PLACEMENT_3D('',#2822,#2823,#2824);
#2822 = CARTESIAN_POINT('',(86.,-86.,-3.));
#2823 = DIRECTION('',(-1.,0.,0.));
#2824 = DIRECTION('',(0.,1.,0.));
#2825 = DEFINITIONAL_REPRESENTATION('',(#2826),#2830);
#2826 = LINE('',#2827,#2828);
#2827 = CARTESIAN_POINT('',(0.,0.));
#2828 = VECTOR('',#2829,1.);
#2829 = DIRECTION('',(1.,0.));
#2830 = ( GEOMETRIC_REPRESENTATION_CONTEXT(2) 
PARAMETRIC_REPRESENTATION_CONTEXT() REPRESENTATION_CONTEXT('2D SPACE',''
  ) );
#2831 = FACE_BOUND('',#2832,.F.);
#2832 = EDGE_LOOP('',(#2833,#2863,#2891,#2919));
#2833 = ORIENTED_EDGE('',*,*,#2834,.T.);
#2834 = EDGE_CURVE('',#2835,#2837,#2839,.T.);
#2835 = VERTEX_POINT('',#2836);
#2836 = CARTESIAN_POINT('',(45.,-45.,-3.));
#2837 = VERTEX_POINT('',#2838);
#2838 = CARTESIAN_POINT('',(65.,-45.,-3.));
#2839 = SURFACE_CURVE('',#2840,(#2844,#2851),.PCURVE_S1.);
#2840 = LINE('',#2841,#2842);
#2841 = CARTESIAN_POINT('',(-86.,-45.,-3.));
#2842 = VECTOR('',#2843,1.);
#2843 = DIRECTION('',(1.,0.,0.));
#2844 = PCURVE('',#126,#2845);
#2845 = DEFINITIONAL_REPRESENTATION('',(#2846),#2850);
#2846 = LINE('',#2847,#2848);
#2847 = CARTESIAN_POINT('',(-86.,-45.));
#2848 = VECTOR('',#2849,1.);
#2849 = DIRECTION('',(1.,0.));
#2850 = ( GEOMETRIC_REPRESENTATION_CONTEXT(2) 
PARAMETRIC_REPRESENTATION_CONTEXT() REPRESENTATION_CONTEXT('2D SPACE',''
  ) );
#2851 = PCURVE('',#2852,#2857);
#2852 = PLANE('',#2853);
#2853 = AXIS2_PLACEMENT_3D('',#2854,#2855,#2856);
#2854 = CARTESIAN_POINT('',(-86.,-45.,-3.));
#2855 = DIRECTION('',(0.,1.,0.));
#2856 = DIRECTION('',(1.,0.,0.));
#2857 = DEFINITIONAL_REPRESENTATION('',(#2858),#2862);
#2858 = LINE('',#2859,#2860);
#2859 = CARTESIAN_POINT('',(0.,0.));
#2860 = VECTOR('',#2861,1.);
#2861 = DIRECTION('',(1.,0.));
#2862 = ( GEOMETRIC_REPRESENTATION_CONTEXT(2) 
PARAMETRIC_REPRESENTATION_CONTEXT() REPRESENTATION_CONTEXT('2D SPACE',''
  ) );
#2863 = ORIENTED_EDGE('',*,*,#2864,.T.);
#2864 = EDGE_CURVE('',#2837,#2865,#2867,.T.);
#2865 = VERTEX_POINT('',#2866);
#2866 = CARTESIAN_POINT('',(65.,-65.,-3.));
#2867 = SURFACE_CURVE('',#2868,(#2872,#2879),.PCURVE_S1.);
#2868 = LINE('',#2869,#2870);
#2869 = CARTESIAN_POINT('',(65.,86.,-3.));
#2870 = VECTOR('',#2871,1.);
#2871 = DIRECTION('',(0.,-1.,0.));
#2872 = PCURVE('',#126,#2873);
#2873 = DEFINITIONAL_REPRESENTATION('',(#2874),#2878);
#2874 = LINE('',#2875,#2876);
#2875 = CARTESIAN_POINT('',(65.,86.));
#2876 = VECTOR('',#2877,1.);
#2877 = DIRECTION('',(0.,-1.));
#2878 = ( GEOMETRIC_REPRESENTATION_CONTEXT(2) 
PARAMETRIC_REPRESENTATION_CONTEXT() REPRESENTATION_CONTEXT('2D SPACE',''
  ) );
#2879 = PCURVE('',#2880,#2885);
#2880 = PLANE('',#2881);
#2881 = AXIS2_PLACEMENT_3D('',#2882,#2883,#2884);
#2882 = CARTESIAN_POINT('',(65.,86.,-3.));
#2883 = DIRECTION('',(1.,0.,-0.));
#2884 = DIRECTION('',(0.,-1.,0.));
#2885 = DEFINITIONAL_REPRESENTATION('',(#2886),#2890);
#2886 = LINE('',#2887,#2888);
#2887 = CARTESIAN_POINT('',(0.,0.));
#2888 = VECTOR('',#2889,1.);
#2889 = DIRECTION('',(1.,0.));
#2890 = ( GEOMETRIC_REPRESENTATION_CONTEXT(2) 
PARAMETRIC_REPRESENTATION_CONTEXT() REPRESENTATION_CONTEXT('2D SPACE',''
  ) );
#2891 = ORIENTED_EDGE('',*,*,#2892,.T.);
#2892 = EDGE_CURVE('',#2865,#2893,#2895,.T.);
#2893 = VERTEX_POINT('',#2894);
#2894 = CARTESIAN_POINT('',(45.,-65.,-3.));
#2895 = SURFACE_CURVE('',#2896,(#2900,#2907),.PCURVE_S1.);
#2896 = LINE('',#2897,#2898);
#2897 = CARTESIAN_POINT('',(86.,-65.,-3.));
#2898 = VECTOR('',#2899,1.);
#2899 = DIRECTION('',(-1.,0.,0.));
#2900 = PCURVE('',#126,#2901);
#2901 = DEFINITIONAL_REPRESENTATION('',(#2902),#2906);
#2902 = LINE('',#2903,#2904);
#2903 = CARTESIAN_POINT('',(86.,-65.));
#2904 = VECTOR('',#2905,1.);
#2905 = DIRECTION('',(-1.,0.));
#2906 = ( GEOMETRIC_REPRESENTATION_CONTEXT(2) 
PARAMETRIC_REPRESENTATION_CONTEXT() REPRESENTATION_CONTEXT('2D SPACE',''
  ) );
#2907 = PCURVE('',#2908,#2913);
#2908 = PLANE('',#2909);
#2909 = AXIS2_PLACEMENT_3D('',#2910,#2911,#2912);
#2910 = CARTESIAN_POINT('',(86.,-65.,-3.));
#2911 = DIRECTION('',(0.,-1.,0.));
#2912 = DIRECTION('',(-1.,0.,0.));
#2913 = DEFINITIONAL_REPRESENTATION('',(#2914),#2918);
#2914 = LINE('',#2915,#2916);
#2915 = CARTESIAN_POINT('',(0.,-0.));
#2916 = VECTOR('',#2917,1.);
#2917 = DIRECTION('',(1.,0.));
#2918 = ( GEOMETRIC_REPRESENTATION_CONTEXT(2) 
PARAMETRIC_REPRESENTATION_CONTEXT() REPRESENTATION_CONTEXT('2D SPACE',''
  ) );
#2919 = ORIENTED_EDGE('',*,*,#2920,.T.);
#2920 = EDGE_CURVE('',#2893,#2835,#2921,.T.);
#2921 = SURFACE_CURVE('',#2922,(#2926,#2933),.PCURVE_S1.);
#2922 = LINE('',#2923,#2924);
#2923 = CARTESIAN_POINT('',(45.,-86.,-3.));
#2924 = VECTOR('',#2925,1.);
#2925 = DIRECTION('',(0.,1.,0.));
#2926 = PCURVE('',#126,#2927);
#2927 = DEFINITIONAL_REPRESENTATION('',(#2928),#2932);
#2928 = LINE('',#2929,#2930);
#2929 = CARTESIAN_POINT('',(45.,-86.));
#2930 = VECTOR('',#2931,1.);
#2931 = DIRECTION('',(0.,1.));
#2932 = ( GEOMETRIC_REPRESENTATION_CONTEXT(2) 
PARAMETRIC_REPRESENTATION_CONTEXT() REPRESENTATION_CONTEXT('2D SPACE',''
  ) );
#2933 = PCURVE('',#2934,#2939);
#2934 = PLANE('',#2935);
#2935 = AXIS2_PLACEMENT_3D('',#2936,#2937,#2938);
#2936 = CARTESIAN_POINT('',(45.,-86.,-3.));
#2937 = DIRECTION('',(-1.,0.,0.));
#2938 = DIRECTION('',(0.,1.,0.));
#2939 = DEFINITIONAL_REPRESENTATION('',(#2940),#2944);
#2940 = LINE('',#2941,#2942);
#2941 = CARTESIAN_POINT('',(0.,0.));
#2942 = VECTOR('',#2943,1.);
#2943 = DIRECTION('',(1.,0.));
#2944 = ( GEOMETRIC_REPRESENTATION_CONTEXT(2) 
PARAMETRIC_REPRESENTATION_CONTEXT() REPRESENTATION_CONTEXT('2D SPACE',''
  ) );
#2945 = FACE_BOUND('',#2946,.F.);
#2946 = EDGE_LOOP('',(#2947,#2972,#3000,#3028));
#2947 = ORIENTED_EDGE('',*,*,#2948,.F.);
#2948 = EDGE_CURVE('',#2949,#2951,#2953,.T.);
#2949 = VERTEX_POINT('',#2950);
#2950 = CARTESIAN_POINT('',(86.,-65.,-3.));
#2951 = VERTEX_POINT('',#2952);
#2952 = CARTESIAN_POINT('',(86.,-45.,-3.));
#2953 = SURFACE_CURVE('',#2954,(#2958,#2965),.PCURVE_S1.);
#2954 = LINE('',#2955,#2956);
#2955 = CARTESIAN_POINT('',(86.,-86.,-3.));
#2956 = VECTOR('',#2957,1.);
#2957 = DIRECTION('',(0.,1.,0.));
#2958 = PCURVE('',#126,#2959);
#2959 = DEFINITIONAL_REPRESENTATION('',(#2960),#2964);
#2960 = LINE('',#2961,#2962);
#2961 = CARTESIAN_POINT('',(86.,-86.));
#2962 = VECTOR('',#2963,1.);
#2963 = DIRECTION('',(0.,1.));
#2964 = ( GEOMETRIC_REPRESENTATION_CONTEXT(2) 
PARAMETRIC_REPRESENTATION_CONTEXT() REPRESENTATION_CONTEXT('2D SPACE',''
  ) );
#2965 = PCURVE('',#2820,#2966);
#2966 = DEFINITIONAL_REPRESENTATION('',(#2967),#2971);
#2967 = LINE('',#2968,#2969);
#2968 = CARTESIAN_POINT('',(0.,0.));
#2969 = VECTOR('',#2970,1.);
#2970 = DIRECTION('',(1.,0.));
#2971 = ( GEOMETRIC_REPRESENTATION_CONTEXT(2) 
PARAMETRIC_REPRESENTATION_CONTEXT() REPRESENTATION_CONTEXT('2D SPACE',''
  ) );
#2972 = ORIENTED_EDGE('',*,*,#2973,.T.);
#2973 = EDGE_CURVE('',#2949,#2974,#2976,.T.);
#2974 = VERTEX_POINT('',#2975);
#2975 = CARTESIAN_POINT('',(67.,-65.,-3.));
#2976 = SURFACE_CURVE('',#2977,(#2981,#2988),.PCURVE_S1.);
#2977 = LINE('',#2978,#2979);
#2978 = CARTESIAN_POINT('',(86.,-65.,-3.));
#2979 = VECTOR('',#2980,1.);
#2980 = DIRECTION('',(-1.,0.,0.));
#2981 = PCURVE('',#126,#2982);
#2982 = DEFINITIONAL_REPRESENTATION('',(#2983),#2987);
#2983 = LINE('',#2984,#2985);
#2984 = CARTESIAN_POINT('',(86.,-65.));
#2985 = VECTOR('',#2986,1.);
#2986 = DIRECTION('',(-1.,0.));
#2987 = ( GEOMETRIC_REPRESENTATION_CONTEXT(2) 
PARAMETRIC_REPRESENTATION_CONTEXT() REPRESENTATION_CONTEXT('2D SPACE',''
  ) );
#2988 = PCURVE('',#2989,#2994);
#2989 = PLANE('',#2990);
#2990 = AXIS2_PLACEMENT_3D('',#2991,#2992,#2993);
#2991 = CARTESIAN_POINT('',(86.,-65.,-3.));
#2992 = DIRECTION('',(0.,-1.,0.));
#2993 = DIRECTION('',(-1.,0.,0.));
#2994 = DEFINITIONAL_REPRESENTATION('',(#2995),#2999);
#2995 = LINE('',#2996,#2997);
#2996 = CARTESIAN_POINT('',(0.,-0.));
#2997 = VECTOR('',#2998,1.);
#2998 = DIRECTION('',(1.,0.));
#2999 = ( GEOMETRIC_REPRESENTATION_CONTEXT(2) 
PARAMETRIC_REPRESENTATION_CONTEXT() REPRESENTATION_CONTEXT('2D SPACE',''
  ) );
#3000 = ORIENTED_EDGE('',*,*,#3001,.T.);
#3001 = EDGE_CURVE('',#2974,#3002,#3004,.T.);
#3002 = VERTEX_POINT('',#3003);
#3003 = CARTESIAN_POINT('',(67.,-45.,-3.));
#3004 = SURFACE_CURVE('',#3005,(#3009,#3016),.PCURVE_S1.);
#3005 = LINE('',#3006,#3007);
#3006 = CARTESIAN_POINT('',(67.,-86.,-3.));
#3007 = VECTOR('',#3008,1.);
#3008 = DIRECTION('',(0.,1.,0.));
#3009 = PCURVE('',#126,#3010);
#3010 = DEFINITIONAL_REPRESENTATION('',(#3011),#3015);
#3011 = LINE('',#3012,#3013);
#3012 = CARTESIAN_POINT('',(67.,-86.));
#3013 = VECTOR('',#3014,1.);
#3014 = DIRECTION('',(0.,1.));
#3015 = ( GEOMETRIC_REPRESENTATION_CONTEXT(2) 
PARAMETRIC_REPRESENTATION_CONTEXT() REPRESENTATION_CONTEXT('2D SPACE',''
  ) );
#3016 = PCURVE('',#3017,#3022);
#3017 = PLANE('',#3018);
#3018 = AXIS2_PLACEMENT_3D('',#3019,#3020,#3021);
#3019 = CARTESIAN_POINT('',(67.,-86.,-3.));
#3020 = DIRECTION('',(-1.,0.,0.));
#3021 = DIRECTION('',(0.,1.,0.));
#3022 = DEFINITIONAL_REPRESENTATION('',(#3023),#3027);
#3023 = LINE('',#3024,#3025);
#3024 = CARTESIAN_POINT('',(0.,0.));
#3025 = VECTOR('',#3026,1.);
#3026 = DIRECTION('',(1.,0.));
#3027 = ( GEOMETRIC_REPRESENTATION_CONTEXT(2) 
PARAMETRIC_REPRESENTATION_CONTEXT() REPRESENTATION_CONTEXT('2D SPACE',''
  ) );
#3028 = ORIENTED_EDGE('',*,*,#3029,.T.);
#3029 = EDGE_CURVE('',#3002,#2951,#3030,.T.);
#3030 = SURFACE_CURVE('',#3031,(#3035,#3042),.PCURVE_S1.);
#3031 = LINE('',#3032,#3033);
#3032 = CARTESIAN_POINT('',(-86.,-45.,-3.));
#3033 = VECTOR('',#3034,1.);
#3034 = DIRECTION('',(1.,0.,0.));
#3035 = PCURVE('',#126,#3036);
#3036 = DEFINITIONAL_REPRESENTATION('',(#3037),#3041);
#3037 = LINE('',#3038,#3039);
#3038 = CARTESIAN_POINT('',(-86.,-45.));
#3039 = VECTOR('',#3040,1.);
#3040 = DIRECTION('',(1.,0.));
#3041 = ( GEOMETRIC_REPRESENTATION_CONTEXT(2) 
PARAMETRIC_REPRESENTATION_CONTEXT() REPRESENTATION_CONTEXT('2D SPACE',''
  ) );
#3042 = PCURVE('',#3043,#3048);
#3043 = PLANE('',#3044);
#3044 = AXIS2_PLACEMENT_3D('',#3045,#3046,#3047);
#3045 = CARTESIAN_POINT('',(-86.,-45.,-3.));
#3046 = DIRECTION('',(0.,1.,0.));
#3047 = DIRECTION('',(1.,0.,0.));
#3048 = DEFINITIONAL_REPRESENTATION('',(#3049),#3053);
#3049 = LINE('',#3050,#3051);
#3050 = CARTESIAN_POINT('',(0.,0.));
#3051 = VECTOR('',#3052,1.);
#3052 = DIRECTION('',(1.,0.));
#3053 = ( GEOMETRIC_REPRESENTATION_CONTEXT(2) 
PARAMETRIC_REPRESENTATION_CONTEXT() REPRESENTATION_CONTEXT('2D SPACE',''
  ) );
#3054 = FACE_BOUND('',#3055,.F.);
#3055 = EDGE_LOOP('',(#3056,#3086,#3114,#3142));
#3056 = ORIENTED_EDGE('',*,*,#3057,.T.);
#3057 = EDGE_CURVE('',#3058,#3060,#3062,.T.);
#3058 = VERTEX_POINT('',#3059);
#3059 = CARTESIAN_POINT('',(1.,-23.,-3.));
#3060 = VERTEX_POINT('',#3061);
#3061 = CARTESIAN_POINT('',(21.,-23.,-3.));
#3062 = SURFACE_CURVE('',#3063,(#3067,#3074),.PCURVE_S1.);
#3063 = LINE('',#3064,#3065);
#3064 = CARTESIAN_POINT('',(-86.,-23.,-3.));
#3065 = VECTOR('',#3066,1.);
#3066 = DIRECTION('',(1.,0.,0.));
#3067 = PCURVE('',#126,#3068);
#3068 = DEFINITIONAL_REPRESENTATION('',(#3069),#3073);
#3069 = LINE('',#3070,#3071);
#3070 = CARTESIAN_POINT('',(-86.,-23.));
#3071 = VECTOR('',#3072,1.);
#3072 = DIRECTION('',(1.,0.));
#3073 = ( GEOMETRIC_REPRESENTATION_CONTEXT(2) 
PARAMETRIC_REPRESENTATION_CONTEXT() REPRESENTATION_CONTEXT('2D SPACE',''
  ) );
#3074 = PCURVE('',#3075,#3080);
#3075 = PLANE('',#3076);
#3076 = AXIS2_PLACEMENT_3D('',#3077,#3078,#3079);
#3077 = CARTESIAN_POINT('',(-86.,-23.,-3.));
#3078 = DIRECTION('',(0.,1.,0.));
#3079 = DIRECTION('',(1.,0.,0.));
#3080 = DEFINITIONAL_REPRESENTATION('',(#3081),#3085);
#3081 = LINE('',#3082,#3083);
#3082 = CARTESIAN_POINT('',(0.,0.));
#3083 = VECTOR('',#3084,1.);
#3084 = DIRECTION('',(1.,0.));
#3085 = ( GEOMETRIC_REPRESENTATION_CONTEXT(2) 
PARAMETRIC_REPRESENTATION_CONTEXT() REPRESENTATION_CONTEXT('2D SPACE',''
  ) );
#3086 = ORIENTED_EDGE('',*,*,#3087,.T.);
#3087 = EDGE_CURVE('',#3060,#3088,#3090,.T.);
#3088 = VERTEX_POINT('',#3089);
#3089 = CARTESIAN_POINT('',(21.,-43.,-3.));
#3090 = SURFACE_CURVE('',#3091,(#3095,#3102),.PCURVE_S1.);
#3091 = LINE('',#3092,#3093);
#3092 = CARTESIAN_POINT('',(21.,86.,-3.));
#3093 = VECTOR('',#3094,1.);
#3094 = DIRECTION('',(0.,-1.,0.));
#3095 = PCURVE('',#126,#3096);
#3096 = DEFINITIONAL_REPRESENTATION('',(#3097),#3101);
#3097 = LINE('',#3098,#3099);
#3098 = CARTESIAN_POINT('',(21.,86.));
#3099 = VECTOR('',#3100,1.);
#3100 = DIRECTION('',(0.,-1.));
#3101 = ( GEOMETRIC_REPRESENTATION_CONTEXT(2) 
PARAMETRIC_REPRESENTATION_CONTEXT() REPRESENTATION_CONTEXT('2D SPACE',''
  ) );
#3102 = PCURVE('',#3103,#3108);
#3103 = PLANE('',#3104);
#3104 = AXIS2_PLACEMENT_3D('',#3105,#3106,#3107);
#3105 = CARTESIAN_POINT('',(21.,86.,-3.));
#3106 = DIRECTION('',(1.,0.,-0.));
#3107 = DIRECTION('',(0.,-1.,0.));
#3108 = DEFINITIONAL_REPRESENTATION('',(#3109),#3113);
#3109 = LINE('',#3110,#3111);
#3110 = CARTESIAN_POINT('',(0.,0.));
#3111 = VECTOR('',#3112,1.);
#3112 = DIRECTION('',(1.,0.));
#3113 = ( GEOMETRIC_REPRESENTATION_CONTEXT(2) 
PARAMETRIC_REPRESENTATION_CONTEXT() REPRESENTATION_CONTEXT('2D SPACE',''
  ) );
#3114 = ORIENTED_EDGE('',*,*,#3115,.T.);
#3115 = EDGE_CURVE('',#3088,#3116,#3118,.T.);
#3116 = VERTEX_POINT('',#3117);
#3117 = CARTESIAN_POINT('',(1.,-43.,-3.));
#3118 = SURFACE_CURVE('',#3119,(#3123,#3130),.PCURVE_S1.);
#3119 = LINE('',#3120,#3121);
#3120 = CARTESIAN_POINT('',(86.,-43.,-3.));
#3121 = VECTOR('',#3122,1.);
#3122 = DIRECTION('',(-1.,0.,0.));
#3123 = PCURVE('',#126,#3124);
#3124 = DEFINITIONAL_REPRESENTATION('',(#3125),#3129);
#3125 = LINE('',#3126,#3127);
#3126 = CARTESIAN_POINT('',(86.,-43.));
#3127 = VECTOR('',#3128,1.);
#3128 = DIRECTION('',(-1.,0.));
#3129 = ( GEOMETRIC_REPRESENTATION_CONTEXT(2) 
PARAMETRIC_REPRESENTATION_CONTEXT() REPRESENTATION_CONTEXT('2D SPACE',''
  ) );
#3130 = PCURVE('',#3131,#3136);
#3131 = PLANE('',#3132);
#3132 = AXIS2_PLACEMENT_3D('',#3133,#3134,#3135);
#3133 = CARTESIAN_POINT('',(86.,-43.,-3.));
#3134 = DIRECTION('',(0.,-1.,0.));
#3135 = DIRECTION('',(-1.,0.,0.));
#3136 = DEFINITIONAL_REPRESENTATION('',(#3137),#3141);
#3137 = LINE('',#3138,#3139);
#3138 = CARTESIAN_POINT('',(0.,-0.));
#3139 = VECTOR('',#3140,1.);
#3140 = DIRECTION('',(1.,0.));
#3141 = ( GEOMETRIC_REPRESENTATION_CONTEXT(2) 
PARAMETRIC_REPRESENTATION_CONTEXT() REPRESENTATION_CONTEXT('2D SPACE',''
  ) );
#3142 = ORIENTED_EDGE('',*,*,#3143,.T.);
#3143 = EDGE_CURVE('',#3116,#3058,#3144,.T.);
#3144 = SURFACE_CURVE('',#3145,(#3149,#3156),.PCURVE_S1.);
#3145 = LINE('',#3146,#3147);
#3146 = CARTESIAN_POINT('',(1.,-86.,-3.));
#3147 = VECTOR('',#3148,1.);
#3148 = DIRECTION('',(0.,1.,0.));
#3149 = PCURVE('',#126,#3150);
#3150 = DEFINITIONAL_REPRESENTATION('',(#3151),#3155);
#3151 = LINE('',#3152,#3153);
#3152 = CARTESIAN_POINT('',(1.,-86.));
#3153 = VECTOR('',#3154,1.);
#3154 = DIRECTION('',(0.,1.));
#3155 = ( GEOMETRIC_REPRESENTATION_CONTEXT(2) 
PARAMETRIC_REPRESENTATION_CONTEXT() REPRESENTATION_CONTEXT('2D SPACE',''
  ) );
#3156 = PCURVE('',#3157,#3162);
#3157 = PLANE('',#3158);
#3158 = AXIS2_PLACEMENT_3D('',#3159,#3160,#3161);
#3159 = CARTESIAN_POINT('',(1.,-86.,-3.));
#3160 = DIRECTION('',(-1.,0.,0.));
#3161 = DIRECTION('',(0.,1.,0.));
#3162 = DEFINITIONAL_REPRESENTATION('',(#3163),#3167);
#3163 = LINE('',#3164,#3165);
#3164 = CARTESIAN_POINT('',(0.,0.));
#3165 = VECTOR('',#3166,1.);
#3166 = DIRECTION('',(1.,0.));
#3167 = ( GEOMETRIC_REPRESENTATION_CONTEXT(2) 
PARAMETRIC_REPRESENTATION_CONTEXT() REPRESENTATION_CONTEXT('2D SPACE',''
  ) );
#3168 = FACE_BOUND('',#3169,.F.);
#3169 = EDGE_LOOP('',(#3170,#3200,#3228,#3256));
#3170 = ORIENTED_EDGE('',*,*,#3171,.T.);
#3171 = EDGE_CURVE('',#3172,#3174,#3176,.T.);
#3172 = VERTEX_POINT('',#3173);
#3173 = CARTESIAN_POINT('',(23.,-23.,-3.));
#3174 = VERTEX_POINT('',#3175);
#3175 = CARTESIAN_POINT('',(43.,-23.,-3.));
#3176 = SURFACE_CURVE('',#3177,(#3181,#3188),.PCURVE_S1.);
#3177 = LINE('',#3178,#3179);
#3178 = CARTESIAN_POINT('',(-86.,-23.,-3.));
#3179 = VECTOR('',#3180,1.);
#3180 = DIRECTION('',(1.,0.,0.));
#3181 = PCURVE('',#126,#3182);
#3182 = DEFINITIONAL_REPRESENTATION('',(#3183),#3187);
#3183 = LINE('',#3184,#3185);
#3184 = CARTESIAN_POINT('',(-86.,-23.));
#3185 = VECTOR('',#3186,1.);
#3186 = DIRECTION('',(1.,0.));
#3187 = ( GEOMETRIC_REPRESENTATION_CONTEXT(2) 
PARAMETRIC_REPRESENTATION_CONTEXT() REPRESENTATION_CONTEXT('2D SPACE',''
  ) );
#3188 = PCURVE('',#3189,#3194);
#3189 = PLANE('',#3190);
#3190 = AXIS2_PLACEMENT_3D('',#3191,#3192,#3193);
#3191 = CARTESIAN_POINT('',(-86.,-23.,-3.));
#3192 = DIRECTION('',(0.,1.,0.));
#3193 = DIRECTION('',(1.,0.,0.));
#3194 = DEFINITIONAL_REPRESENTATION('',(#3195),#3199);
#3195 = LINE('',#3196,#3197);
#3196 = CARTESIAN_POINT('',(0.,0.));
#3197 = VECTOR('',#3198,1.);
#3198 = DIRECTION('',(1.,0.));
#3199 = ( GEOMETRIC_REPRESENTATION_CONTEXT(2) 
PARAMETRIC_REPRESENTATION_CONTEXT() REPRESENTATION_CONTEXT('2D SPACE',''
  ) );
#3200 = ORIENTED_EDGE('',*,*,#3201,.T.);
#3201 = EDGE_CURVE('',#3174,#3202,#3204,.T.);
#3202 = VERTEX_POINT('',#3203);
#3203 = CARTESIAN_POINT('',(43.,-43.,-3.));
#3204 = SURFACE_CURVE('',#3205,(#3209,#3216),.PCURVE_S1.);
#3205 = LINE('',#3206,#3207);
#3206 = CARTESIAN_POINT('',(43.,86.,-3.));
#3207 = VECTOR('',#3208,1.);
#3208 = DIRECTION('',(0.,-1.,0.));
#3209 = PCURVE('',#126,#3210);
#3210 = DEFINITIONAL_REPRESENTATION('',(#3211),#3215);
#3211 = LINE('',#3212,#3213);
#3212 = CARTESIAN_POINT('',(43.,86.));
#3213 = VECTOR('',#3214,1.);
#3214 = DIRECTION('',(0.,-1.));
#3215 = ( GEOMETRIC_REPRESENTATION_CONTEXT(2) 
PARAMETRIC_REPRESENTATION_CONTEXT() REPRESENTATION_CONTEXT('2D SPACE',''
  ) );
#3216 = PCURVE('',#3217,#3222);
#3217 = PLANE('',#3218);
#3218 = AXIS2_PLACEMENT_3D('',#3219,#3220,#3221);
#3219 = CARTESIAN_POINT('',(43.,86.,-3.));
#3220 = DIRECTION('',(1.,0.,-0.));
#3221 = DIRECTION('',(0.,-1.,0.));
#3222 = DEFINITIONAL_REPRESENTATION('',(#3223),#3227);
#3223 = LINE('',#3224,#3225);
#3224 = CARTESIAN_POINT('',(0.,0.));
#3225 = VECTOR('',#3226,1.);
#3226 = DIRECTION('',(1.,0.));
#3227 = ( GEOMETRIC_REPRESENTATION_CONTEXT(2) 
PARAMETRIC_REPRESENTATION_CONTEXT() REPRESENTATION_CONTEXT('2D SPACE',''
  ) );
#3228 = ORIENTED_EDGE('',*,*,#3229,.T.);
#3229 = EDGE_CURVE('',#3202,#3230,#3232,.T.);
#3230 = VERTEX_POINT('',#3231);
#3231 = CARTESIAN_POINT('',(23.,-43.,-3.));
#3232 = SURFACE_CURVE('',#3233,(#3237,#3244),.PCURVE_S1.);
#3233 = LINE('',#3234,#3235);
#3234 = CARTESIAN_POINT('',(86.,-43.,-3.));
#3235 = VECTOR('',#3236,1.);
#3236 = DIRECTION('',(-1.,0.,0.));
#3237 = PCURVE('',#126,#3238);
#3238 = DEFINITIONAL_REPRESENTATION('',(#3239),#3243);
#3239 = LINE('',#3240,#3241);
#3240 = CARTESIAN_POINT('',(86.,-43.));
#3241 = VECTOR('',#3242,1.);
#3242 = DIRECTION('',(-1.,0.));
#3243 = ( GEOMETRIC_REPRESENTATION_CONTEXT(2) 
PARAMETRIC_REPRESENTATION_CONTEXT() REPRESENTATION_CONTEXT('2D SPACE',''
  ) );
#3244 = PCURVE('',#3245,#3250);
#3245 = PLANE('',#3246);
#3246 = AXIS2_PLACEMENT_3D('',#3247,#3248,#3249);
#3247 = CARTESIAN_POINT('',(86.,-43.,-3.));
#3248 = DIRECTION('',(0.,-1.,0.));
#3249 = DIRECTION('',(-1.,0.,0.));
#3250 = DEFINITIONAL_REPRESENTATION('',(#3251),#3255);
#3251 = LINE('',#3252,#3253);
#3252 = CARTESIAN_POINT('',(0.,-0.));
#3253 = VECTOR('',#3254,1.);
#3254 = DIRECTION('',(1.,0.));
#3255 = ( GEOMETRIC_REPRESENTATION_CONTEXT(2) 
PARAMETRIC_REPRESENTATION_CONTEXT() REPRESENTATION_CONTEXT('2D SPACE',''
  ) );
#3256 = ORIENTED_EDGE('',*,*,#3257,.T.);
#3257 = EDGE_CURVE('',#3230,#3172,#3258,.T.);
#3258 = SURFACE_CURVE('',#3259,(#3263,#3270),.PCURVE_S1.);
#3259 = LINE('',#3260,#3261);
#3260 = CARTESIAN_POINT('',(23.,-86.,-3.));
#3261 = VECTOR('',#3262,1.);
#3262 = DIRECTION('',(0.,1.,0.));
#3263 = PCURVE('',#126,#3264);
#3264 = DEFINITIONAL_REPRESENTATION('',(#3265),#3269);
#3265 = LINE('',#3266,#3267);
#3266 = CARTESIAN_POINT('',(23.,-86.));
#3267 = VECTOR('',#3268,1.);
#3268 = DIRECTION('',(0.,1.));
#3269 = ( GEOMETRIC_REPRESENTATION_CONTEXT(2) 
PARAMETRIC_REPRESENTATION_CONTEXT() REPRESENTATION_CONTEXT('2D SPACE',''
  ) );
#3270 = PCURVE('',#3271,#3276);
#3271 = PLANE('',#3272);
#3272 = AXIS2_PLACEMENT_3D('',#3273,#3274,#3275);
#3273 = CARTESIAN_POINT('',(23.,-86.,-3.));
#3274 = DIRECTION('',(-1.,0.,0.));
#3275 = DIRECTION('',(0.,1.,0.));
#3276 = DEFINITIONAL_REPRESENTATION('',(#3277),#3281);
#3277 = LINE('',#3278,#3279);
#3278 = CARTESIAN_POINT('',(0.,0.));
#3279 = VECTOR('',#3280,1.);
#3280 = DIRECTION('',(1.,0.));
#3281 = ( GEOMETRIC_REPRESENTATION_CONTEXT(2) 
PARAMETRIC_REPRESENTATION_CONTEXT() REPRESENTATION_CONTEXT('2D SPACE',''
  ) );
#3282 = FACE_BOUND('',#3283,.F.);
#3283 = EDGE_LOOP('',(#3284,#3314,#3342,#3370));
#3284 = ORIENTED_EDGE('',*,*,#3285,.T.);
#3285 = EDGE_CURVE('',#3286,#3288,#3290,.T.);
#3286 = VERTEX_POINT('',#3287);
#3287 = CARTESIAN_POINT('',(1.,-1.,-3.));
#3288 = VERTEX_POINT('',#3289);
#3289 = CARTESIAN_POINT('',(21.,-1.,-3.));
#3290 = SURFACE_CURVE('',#3291,(#3295,#3302),.PCURVE_S1.);
#3291 = LINE('',#3292,#3293);
#3292 = CARTESIAN_POINT('',(-86.,-1.,-3.));
#3293 = VECTOR('',#3294,1.);
#3294 = DIRECTION('',(1.,0.,0.));
#3295 = PCURVE('',#126,#3296);
#3296 = DEFINITIONAL_REPRESENTATION('',(#3297),#3301);
#3297 = LINE('',#3298,#3299);
#3298 = CARTESIAN_POINT('',(-86.,-1.));
#3299 = VECTOR('',#3300,1.);
#3300 = DIRECTION('',(1.,0.));
#3301 = ( GEOMETRIC_REPRESENTATION_CONTEXT(2) 
PARAMETRIC_REPRESENTATION_CONTEXT() REPRESENTATION_CONTEXT('2D SPACE',''
  ) );
#3302 = PCURVE('',#3303,#3308);
#3303 = PLANE('',#3304);
#3304 = AXIS2_PLACEMENT_3D('',#3305,#3306,#3307);
#3305 = CARTESIAN_POINT('',(-86.,-1.,-3.));
#3306 = DIRECTION('',(0.,1.,0.));
#3307 = DIRECTION('',(1.,0.,0.));
#3308 = DEFINITIONAL_REPRESENTATION('',(#3309),#3313);
#3309 = LINE('',#3310,#3311);
#3310 = CARTESIAN_POINT('',(0.,0.));
#3311 = VECTOR('',#3312,1.);
#3312 = DIRECTION('',(1.,0.));
#3313 = ( GEOMETRIC_REPRESENTATION_CONTEXT(2) 
PARAMETRIC_REPRESENTATION_CONTEXT() REPRESENTATION_CONTEXT('2D SPACE',''
  ) );
#3314 = ORIENTED_EDGE('',*,*,#3315,.T.);
#3315 = EDGE_CURVE('',#3288,#3316,#3318,.T.);
#3316 = VERTEX_POINT('',#3317);
#3317 = CARTESIAN_POINT('',(21.,-21.,-3.));
#3318 = SURFACE_CURVE('',#3319,(#3323,#3330),.PCURVE_S1.);
#3319 = LINE('',#3320,#3321);
#3320 = CARTESIAN_POINT('',(21.,86.,-3.));
#3321 = VECTOR('',#3322,1.);
#3322 = DIRECTION('',(0.,-1.,0.));
#3323 = PCURVE('',#126,#3324);
#3324 = DEFINITIONAL_REPRESENTATION('',(#3325),#3329);
#3325 = LINE('',#3326,#3327);
#3326 = CARTESIAN_POINT('',(21.,86.));
#3327 = VECTOR('',#3328,1.);
#3328 = DIRECTION('',(0.,-1.));
#3329 = ( GEOMETRIC_REPRESENTATION_CONTEXT(2) 
PARAMETRIC_REPRESENTATION_CONTEXT() REPRESENTATION_CONTEXT('2D SPACE',''
  ) );
#3330 = PCURVE('',#3331,#3336);
#3331 = PLANE('',#3332);
#3332 = AXIS2_PLACEMENT_3D('',#3333,#3334,#3335);
#3333 = CARTESIAN_POINT('',(21.,86.,-3.));
#3334 = DIRECTION('',(1.,0.,-0.));
#3335 = DIRECTION('',(0.,-1.,0.));
#3336 = DEFINITIONAL_REPRESENTATION('',(#3337),#3341);
#3337 = LINE('',#3338,#3339);
#3338 = CARTESIAN_POINT('',(0.,0.));
#3339 = VECTOR('',#3340,1.);
#3340 = DIRECTION('',(1.,0.));
#3341 = ( GEOMETRIC_REPRESENTATION_CONTEXT(2) 
PARAMETRIC_REPRESENTATION_CONTEXT() REPRESENTATION_CONTEXT('2D SPACE',''
  ) );
#3342 = ORIENTED_EDGE('',*,*,#3343,.T.);
#3343 = EDGE_CURVE('',#3316,#3344,#3346,.T.);
#3344 = VERTEX_POINT('',#3345);
#3345 = CARTESIAN_POINT('',(1.,-21.,-3.));
#3346 = SURFACE_CURVE('',#3347,(#3351,#3358),.PCURVE_S1.);
#3347 = LINE('',#3348,#3349);
#3348 = CARTESIAN_POINT('',(86.,-21.,-3.));
#3349 = VECTOR('',#3350,1.);
#3350 = DIRECTION('',(-1.,0.,0.));
#3351 = PCURVE('',#126,#3352);
#3352 = DEFINITIONAL_REPRESENTATION('',(#3353),#3357);
#3353 = LINE('',#3354,#3355);
#3354 = CARTESIAN_POINT('',(86.,-21.));
#3355 = VECTOR('',#3356,1.);
#3356 = DIRECTION('',(-1.,0.));
#3357 = ( GEOMETRIC_REPRESENTATION_CONTEXT(2) 
PARAMETRIC_REPRESENTATION_CONTEXT() REPRESENTATION_CONTEXT('2D SPACE',''
  ) );
#3358 = PCURVE('',#3359,#3364);
#3359 = PLANE('',#3360);
#3360 = AXIS2_PLACEMENT_3D('',#3361,#3362,#3363);
#3361 = CARTESIAN_POINT('',(86.,-21.,-3.));
#3362 = DIRECTION('',(0.,-1.,0.));
#3363 = DIRECTION('',(-1.,0.,0.));
#3364 = DEFINITIONAL_REPRESENTATION('',(#3365),#3369);
#3365 = LINE('',#3366,#3367);
#3366 = CARTESIAN_POINT('',(0.,-0.));
#3367 = VECTOR('',#3368,1.);
#3368 = DIRECTION('',(1.,0.));
#3369 = ( GEOMETRIC_REPRESENTATION_CONTEXT(2) 
PARAMETRIC_REPRESENTATION_CONTEXT() REPRESENTATION_CONTEXT('2D SPACE',''
  ) );
#3370 = ORIENTED_EDGE('',*,*,#3371,.T.);
#3371 = EDGE_CURVE('',#3344,#3286,#3372,.T.);
#3372 = SURFACE_CURVE('',#3373,(#3377,#3384),.PCURVE_S1.);
#3373 = LINE('',#3374,#3375);
#3374 = CARTESIAN_POINT('',(1.,-86.,-3.));
#3375 = VECTOR('',#3376,1.);
#3376 = DIRECTION('',(0.,1.,0.));
#3377 = PCURVE('',#126,#3378);
#3378 = DEFINITIONAL_REPRESENTATION('',(#3379),#3383);
#3379 = LINE('',#3380,#3381);
#3380 = CARTESIAN_POINT('',(1.,-86.));
#3381 = VECTOR('',#3382,1.);
#3382 = DIRECTION('',(0.,1.));
#3383 = ( GEOMETRIC_REPRESENTATION_CONTEXT(2) 
PARAMETRIC_REPRESENTATION_CONTEXT() REPRESENTATION_CONTEXT('2D SPACE',''
  ) );
#3384 = PCURVE('',#3385,#3390);
#3385 = PLANE('',#3386);
#3386 = AXIS2_PLACEMENT_3D('',#3387,#3388,#3389);
#3387 = CARTESIAN_POINT('',(1.,-86.,-3.));
#3388 = DIRECTION('',(-1.,0.,0.));
#3389 = DIRECTION('',(0.,1.,0.));
#3390 = DEFINITIONAL_REPRESENTATION('',(#3391),#3395);
#3391 = LINE('',#3392,#3393);
#3392 = CARTESIAN_POINT('',(0.,0.));
#3393 = VECTOR('',#3394,1.);
#3394 = DIRECTION('',(1.,0.));
#3395 = ( GEOMETRIC_REPRESENTATION_CONTEXT(2) 
PARAMETRIC_REPRESENTATION_CONTEXT() REPRESENTATION_CONTEXT('2D SPACE',''
  ) );
#3396 = FACE_BOUND('',#3397,.F.);
#3397 = EDGE_LOOP('',(#3398,#3428,#3456,#3484));
#3398 = ORIENTED_EDGE('',*,*,#3399,.T.);
#3399 = EDGE_CURVE('',#3400,#3402,#3404,.T.);
#3400 = VERTEX_POINT('',#3401);
#3401 = CARTESIAN_POINT('',(23.,-21.,-3.));
#3402 = VERTEX_POINT('',#3403);
#3403 = CARTESIAN_POINT('',(23.,-1.,-3.));
#3404 = SURFACE_CURVE('',#3405,(#3409,#3416),.PCURVE_S1.);
#3405 = LINE('',#3406,#3407);
#3406 = CARTESIAN_POINT('',(23.,-86.,-3.));
#3407 = VECTOR('',#3408,1.);
#3408 = DIRECTION('',(0.,1.,0.));
#3409 = PCURVE('',#126,#3410);
#3410 = DEFINITIONAL_REPRESENTATION('',(#3411),#3415);
#3411 = LINE('',#3412,#3413);
#3412 = CARTESIAN_POINT('',(23.,-86.));
#3413 = VECTOR('',#3414,1.);
#3414 = DIRECTION('',(0.,1.));
#3415 = ( GEOMETRIC_REPRESENTATION_CONTEXT(2) 
PARAMETRIC_REPRESENTATION_CONTEXT() REPRESENTATION_CONTEXT('2D SPACE',''
  ) );
#3416 = PCURVE('',#3417,#3422);
#3417 = PLANE('',#3418);
#3418 = AXIS2_PLACEMENT_3D('',#3419,#3420,#3421);
#3419 = CARTESIAN_POINT('',(23.,-86.,-3.));
#3420 = DIRECTION('',(-1.,0.,0.));
#3421 = DIRECTION('',(0.,1.,0.));
#3422 = DEFINITIONAL_REPRESENTATION('',(#3423),#3427);
#3423 = LINE('',#3424,#3425);
#3424 = CARTESIAN_POINT('',(0.,0.));
#3425 = VECTOR('',#3426,1.);
#3426 = DIRECTION('',(1.,0.));
#3427 = ( GEOMETRIC_REPRESENTATION_CONTEXT(2) 
PARAMETRIC_REPRESENTATION_CONTEXT() REPRESENTATION_CONTEXT('2D SPACE',''
  ) );
#3428 = ORIENTED_EDGE('',*,*,#3429,.T.);
#3429 = EDGE_CURVE('',#3402,#3430,#3432,.T.);
#3430 = VERTEX_POINT('',#3431);
#3431 = CARTESIAN_POINT('',(43.,-1.,-3.));
#3432 = SURFACE_CURVE('',#3433,(#3437,#3444),.PCURVE_S1.);
#3433 = LINE('',#3434,#3435);
#3434 = CARTESIAN_POINT('',(-86.,-1.,-3.));
#3435 = VECTOR('',#3436,1.);
#3436 = DIRECTION('',(1.,0.,0.));
#3437 = PCURVE('',#126,#3438);
#3438 = DEFINITIONAL_REPRESENTATION('',(#3439),#3443);
#3439 = LINE('',#3440,#3441);
#3440 = CARTESIAN_POINT('',(-86.,-1.));
#3441 = VECTOR('',#3442,1.);
#3442 = DIRECTION('',(1.,0.));
#3443 = ( GEOMETRIC_REPRESENTATION_CONTEXT(2) 
PARAMETRIC_REPRESENTATION_CONTEXT() REPRESENTATION_CONTEXT('2D SPACE',''
  ) );
#3444 = PCURVE('',#3445,#3450);
#3445 = PLANE('',#3446);
#3446 = AXIS2_PLACEMENT_3D('',#3447,#3448,#3449);
#3447 = CARTESIAN_POINT('',(-86.,-1.,-3.));
#3448 = DIRECTION('',(0.,1.,0.));
#3449 = DIRECTION('',(1.,0.,0.));
#3450 = DEFINITIONAL_REPRESENTATION('',(#3451),#3455);
#3451 = LINE('',#3452,#3453);
#3452 = CARTESIAN_POINT('',(0.,0.));
#3453 = VECTOR('',#3454,1.);
#3454 = DIRECTION('',(1.,0.));
#3455 = ( GEOMETRIC_REPRESENTATION_CONTEXT(2) 
PARAMETRIC_REPRESENTATION_CONTEXT() REPRESENTATION_CONTEXT('2D SPACE',''
  ) );
#3456 = ORIENTED_EDGE('',*,*,#3457,.T.);
#3457 = EDGE_CURVE('',#3430,#3458,#3460,.T.);
#3458 = VERTEX_POINT('',#3459);
#3459 = CARTESIAN_POINT('',(43.,-21.,-3.));
#3460 = SURFACE_CURVE('',#3461,(#3465,#3472),.PCURVE_S1.);
#3461 = LINE('',#3462,#3463);
#3462 = CARTESIAN_POINT('',(43.,86.,-3.));
#3463 = VECTOR('',#3464,1.);
#3464 = DIRECTION('',(0.,-1.,0.));
#3465 = PCURVE('',#126,#3466);
#3466 = DEFINITIONAL_REPRESENTATION('',(#3467),#3471);
#3467 = LINE('',#3468,#3469);
#3468 = CARTESIAN_POINT('',(43.,86.));
#3469 = VECTOR('',#3470,1.);
#3470 = DIRECTION('',(0.,-1.));
#3471 = ( GEOMETRIC_REPRESENTATION_CONTEXT(2) 
PARAMETRIC_REPRESENTATION_CONTEXT() REPRESENTATION_CONTEXT('2D SPACE',''
  ) );
#3472 = PCURVE('',#3473,#3478);
#3473 = PLANE('',#3474);
#3474 = AXIS2_PLACEMENT_3D('',#3475,#3476,#3477);
#3475 = CARTESIAN_POINT('',(43.,86.,-3.));
#3476 = DIRECTION('',(1.,0.,-0.));
#3477 = DIRECTION('',(0.,-1.,0.));
#3478 = DEFINITIONAL_REPRESENTATION('',(#3479),#3483);
#3479 = LINE('',#3480,#3481);
#3480 = CARTESIAN_POINT('',(0.,0.));
#3481 = VECTOR('',#3482,1.);
#3482 = DIRECTION('',(1.,0.));
#3483 = ( GEOMETRIC_REPRESENTATION_CONTEXT(2) 
PARAMETRIC_REPRESENTATION_CONTEXT() REPRESENTATION_CONTEXT('2D SPACE',''
  ) );
#3484 = ORIENTED_EDGE('',*,*,#3485,.T.);
#3485 = EDGE_CURVE('',#3458,#3400,#3486,.T.);
#3486 = SURFACE_CURVE('',#3487,(#3491,#3498),.PCURVE_S1.);
#3487 = LINE('',#3488,#3489);
#3488 = CARTESIAN_POINT('',(86.,-21.,-3.));
#3489 = VECTOR('',#3490,1.);
#3490 = DIRECTION('',(-1.,0.,0.));
#3491 = PCURVE('',#126,#3492);
#3492 = DEFINITIONAL_REPRESENTATION('',(#3493),#3497);
#3493 = LINE('',#3494,#3495);
#3494 = CARTESIAN_POINT('',(86.,-21.));
#3495 = VECTOR('',#3496,1.);
#3496 = DIRECTION('',(-1.,0.));
#3497 = ( GEOMETRIC_REPRESENTATION_CONTEXT(2) 
PARAMETRIC_REPRESENTATION_CONTEXT() REPRESENTATION_CONTEXT('2D SPACE',''
  ) );
#3498 = PCURVE('',#3499,#3504);
#3499 = PLANE('',#3500);
#3500 = AXIS2_PLACEMENT_3D('',#3501,#3502,#3503);
#3501 = CARTESIAN_POINT('',(86.,-21.,-3.));
#3502 = DIRECTION('',(0.,-1.,0.));
#3503 = DIRECTION('',(-1.,0.,0.));
#3504 = DEFINITIONAL_REPRESENTATION('',(#3505),#3509);
#3505 = LINE('',#3506,#3507);
#3506 = CARTESIAN_POINT('',(0.,-0.));
#3507 = VECTOR('',#3508,1.);
#3508 = DIRECTION('',(1.,0.));
#3509 = ( GEOMETRIC_REPRESENTATION_CONTEXT(2) 
PARAMETRIC_REPRESENTATION_CONTEXT() REPRESENTATION_CONTEXT('2D SPACE',''
  ) );
#3510 = FACE_BOUND('',#3511,.F.);
#3511 = EDGE_LOOP('',(#3512,#3542,#3570,#3598));
#3512 = ORIENTED_EDGE('',*,*,#3513,.T.);
#3513 = EDGE_CURVE('',#3514,#3516,#3518,.T.);
#3514 = VERTEX_POINT('',#3515);
#3515 = CARTESIAN_POINT('',(45.,-23.,-3.));
#3516 = VERTEX_POINT('',#3517);
#3517 = CARTESIAN_POINT('',(65.,-23.,-3.));
#3518 = SURFACE_CURVE('',#3519,(#3523,#3530),.PCURVE_S1.);
#3519 = LINE('',#3520,#3521);
#3520 = CARTESIAN_POINT('',(-86.,-23.,-3.));
#3521 = VECTOR('',#3522,1.);
#3522 = DIRECTION('',(1.,0.,0.));
#3523 = PCURVE('',#126,#3524);
#3524 = DEFINITIONAL_REPRESENTATION('',(#3525),#3529);
#3525 = LINE('',#3526,#3527);
#3526 = CARTESIAN_POINT('',(-86.,-23.));
#3527 = VECTOR('',#3528,1.);
#3528 = DIRECTION('',(1.,0.));
#3529 = ( GEOMETRIC_REPRESENTATION_CONTEXT(2) 
PARAMETRIC_REPRESENTATION_CONTEXT() REPRESENTATION_CONTEXT('2D SPACE',''
  ) );
#3530 = PCURVE('',#3531,#3536);
#3531 = PLANE('',#3532);
#3532 = AXIS2_PLACEMENT_3D('',#3533,#3534,#3535);
#3533 = CARTESIAN_POINT('',(-86.,-23.,-3.));
#3534 = DIRECTION('',(0.,1.,0.));
#3535 = DIRECTION('',(1.,0.,0.));
#3536 = DEFINITIONAL_REPRESENTATION('',(#3537),#3541);
#3537 = LINE('',#3538,#3539);
#3538 = CARTESIAN_POINT('',(0.,0.));
#3539 = VECTOR('',#3540,1.);
#3540 = DIRECTION('',(1.,0.));
#3541 = ( GEOMETRIC_REPRESENTATION_CONTEXT(2) 
PARAMETRIC_REPRESENTATION_CONTEXT() REPRESENTATION_CONTEXT('2D SPACE',''
  ) );
#3542 = ORIENTED_EDGE('',*,*,#3543,.T.);
#3543 = EDGE_CURVE('',#3516,#3544,#3546,.T.);
#3544 = VERTEX_POINT('',#3545);
#3545 = CARTESIAN_POINT('',(65.,-43.,-3.));
#3546 = SURFACE_CURVE('',#3547,(#3551,#3558),.PCURVE_S1.);
#3547 = LINE('',#3548,#3549);
#3548 = CARTESIAN_POINT('',(65.,86.,-3.));
#3549 = VECTOR('',#3550,1.);
#3550 = DIRECTION('',(0.,-1.,0.));
#3551 = PCURVE('',#126,#3552);
#3552 = DEFINITIONAL_REPRESENTATION('',(#3553),#3557);
#3553 = LINE('',#3554,#3555);
#3554 = CARTESIAN_POINT('',(65.,86.));
#3555 = VECTOR('',#3556,1.);
#3556 = DIRECTION('',(0.,-1.));
#3557 = ( GEOMETRIC_REPRESENTATION_CONTEXT(2) 
PARAMETRIC_REPRESENTATION_CONTEXT() REPRESENTATION_CONTEXT('2D SPACE',''
  ) );
#3558 = PCURVE('',#3559,#3564);
#3559 = PLANE('',#3560);
#3560 = AXIS2_PLACEMENT_3D('',#3561,#3562,#3563);
#3561 = CARTESIAN_POINT('',(65.,86.,-3.));
#3562 = DIRECTION('',(1.,0.,-0.));
#3563 = DIRECTION('',(0.,-1.,0.));
#3564 = DEFINITIONAL_REPRESENTATION('',(#3565),#3569);
#3565 = LINE('',#3566,#3567);
#3566 = CARTESIAN_POINT('',(0.,0.));
#3567 = VECTOR('',#3568,1.);
#3568 = DIRECTION('',(1.,0.));
#3569 = ( GEOMETRIC_REPRESENTATION_CONTEXT(2) 
PARAMETRIC_REPRESENTATION_CONTEXT() REPRESENTATION_CONTEXT('2D SPACE',''
  ) );
#3570 = ORIENTED_EDGE('',*,*,#3571,.T.);
#3571 = EDGE_CURVE('',#3544,#3572,#3574,.T.);
#3572 = VERTEX_POINT('',#3573);
#3573 = CARTESIAN_POINT('',(45.,-43.,-3.));
#3574 = SURFACE_CURVE('',#3575,(#3579,#3586),.PCURVE_S1.);
#3575 = LINE('',#3576,#3577);
#3576 = CARTESIAN_POINT('',(86.,-43.,-3.));
#3577 = VECTOR('',#3578,1.);
#3578 = DIRECTION('',(-1.,0.,0.));
#3579 = PCURVE('',#126,#3580);
#3580 = DEFINITIONAL_REPRESENTATION('',(#3581),#3585);
#3581 = LINE('',#3582,#3583);
#3582 = CARTESIAN_POINT('',(86.,-43.));
#3583 = VECTOR('',#3584,1.);
#3584 = DIRECTION('',(-1.,0.));
#3585 = ( GEOMETRIC_REPRESENTATION_CONTEXT(2) 
PARAMETRIC_REPRESENTATION_CONTEXT() REPRESENTATION_CONTEXT('2D SPACE',''
  ) );
#3586 = PCURVE('',#3587,#3592);
#3587 = PLANE('',#3588);
#3588 = AXIS2_PLACEMENT_3D('',#3589,#3590,#3591);
#3589 = CARTESIAN_POINT('',(86.,-43.,-3.));
#3590 = DIRECTION('',(0.,-1.,0.));
#3591 = DIRECTION('',(-1.,0.,0.));
#3592 = DEFINITIONAL_REPRESENTATION('',(#3593),#3597);
#3593 = LINE('',#3594,#3595);
#3594 = CARTESIAN_POINT('',(0.,-0.));
#3595 = VECTOR('',#3596,1.);
#3596 = DIRECTION('',(1.,0.));
#3597 = ( GEOMETRIC_REPRESENTATION_CONTEXT(2) 
PARAMETRIC_REPRESENTATION_CONTEXT() REPRESENTATION_CONTEXT('2D SPACE',''
  ) );
#3598 = ORIENTED_EDGE('',*,*,#3599,.T.);
#3599 = EDGE_CURVE('',#3572,#3514,#3600,.T.);
#3600 = SURFACE_CURVE('',#3601,(#3605,#3612),.PCURVE_S1.);
#3601 = LINE('',#3602,#3603);
#3602 = CARTESIAN_POINT('',(45.,-86.,-3.));
#3603 = VECTOR('',#3604,1.);
#3604 = DIRECTION('',(0.,1.,0.));
#3605 = PCURVE('',#126,#3606);
#3606 = DEFINITIONAL_REPRESENTATION('',(#3607),#3611);
#3607 = LINE('',#3608,#3609);
#3608 = CARTESIAN_POINT('',(45.,-86.));
#3609 = VECTOR('',#3610,1.);
#3610 = DIRECTION('',(0.,1.));
#3611 = ( GEOMETRIC_REPRESENTATION_CONTEXT(2) 
PARAMETRIC_REPRESENTATION_CONTEXT() REPRESENTATION_CONTEXT('2D SPACE',''
  ) );
#3612 = PCURVE('',#3613,#3618);
#3613 = PLANE('',#3614);
#3614 = AXIS2_PLACEMENT_3D('',#3615,#3616,#3617);
#3615 = CARTESIAN_POINT('',(45.,-86.,-3.));
#3616 = DIRECTION('',(-1.,0.,0.));
#3617 = DIRECTION('',(0.,1.,0.));
#3618 = DEFINITIONAL_REPRESENTATION('',(#3619),#3623);
#3619 = LINE('',#3620,#3621);
#3620 = CARTESIAN_POINT('',(0.,0.));
#3621 = VECTOR('',#3622,1.);
#3622 = DIRECTION('',(1.,0.));
#3623 = ( GEOMETRIC_REPRESENTATION_CONTEXT(2) 
PARAMETRIC_REPRESENTATION_CONTEXT() REPRESENTATION_CONTEXT('2D SPACE',''
  ) );
#3624 = FACE_BOUND('',#3625,.F.);
#3625 = EDGE_LOOP('',(#3626,#3651,#3679,#3707));
#3626 = ORIENTED_EDGE('',*,*,#3627,.F.);
#3627 = EDGE_CURVE('',#3628,#3630,#3632,.T.);
#3628 = VERTEX_POINT('',#3629);
#3629 = CARTESIAN_POINT('',(86.,-43.,-3.));
#3630 = VERTEX_POINT('',#3631);
#3631 = CARTESIAN_POINT('',(86.,-23.,-3.));
#3632 = SURFACE_CURVE('',#3633,(#3637,#3644),.PCURVE_S1.);
#3633 = LINE('',#3634,#3635);
#3634 = CARTESIAN_POINT('',(86.,-86.,-3.));
#3635 = VECTOR('',#3636,1.);
#3636 = DIRECTION('',(0.,1.,0.));
#3637 = PCURVE('',#126,#3638);
#3638 = DEFINITIONAL_REPRESENTATION('',(#3639),#3643);
#3639 = LINE('',#3640,#3641);
#3640 = CARTESIAN_POINT('',(86.,-86.));
#3641 = VECTOR('',#3642,1.);
#3642 = DIRECTION('',(0.,1.));
#3643 = ( GEOMETRIC_REPRESENTATION_CONTEXT(2) 
PARAMETRIC_REPRESENTATION_CONTEXT() REPRESENTATION_CONTEXT('2D SPACE',''
  ) );
#3644 = PCURVE('',#2820,#3645);
#3645 = DEFINITIONAL_REPRESENTATION('',(#3646),#3650);
#3646 = LINE('',#3647,#3648);
#3647 = CARTESIAN_POINT('',(0.,0.));
#3648 = VECTOR('',#3649,1.);
#3649 = DIRECTION('',(1.,0.));
#3650 = ( GEOMETRIC_REPRESENTATION_CONTEXT(2) 
PARAMETRIC_REPRESENTATION_CONTEXT() REPRESENTATION_CONTEXT('2D SPACE',''
  ) );
#3651 = ORIENTED_EDGE('',*,*,#3652,.T.);
#3652 = EDGE_CURVE('',#3628,#3653,#3655,.T.);
#3653 = VERTEX_POINT('',#3654);
#3654 = CARTESIAN_POINT('',(67.,-43.,-3.));
#3655 = SURFACE_CURVE('',#3656,(#3660,#3667),.PCURVE_S1.);
#3656 = LINE('',#3657,#3658);
#3657 = CARTESIAN_POINT('',(86.,-43.,-3.));
#3658 = VECTOR('',#3659,1.);
#3659 = DIRECTION('',(-1.,0.,0.));
#3660 = PCURVE('',#126,#3661);
#3661 = DEFINITIONAL_REPRESENTATION('',(#3662),#3666);
#3662 = LINE('',#3663,#3664);
#3663 = CARTESIAN_POINT('',(86.,-43.));
#3664 = VECTOR('',#3665,1.);
#3665 = DIRECTION('',(-1.,0.));
#3666 = ( GEOMETRIC_REPRESENTATION_CONTEXT(2) 
PARAMETRIC_REPRESENTATION_CONTEXT() REPRESENTATION_CONTEXT('2D SPACE',''
  ) );
#3667 = PCURVE('',#3668,#3673);
#3668 = PLANE('',#3669);
#3669 = AXIS2_PLACEMENT_3D('',#3670,#3671,#3672);
#3670 = CARTESIAN_POINT('',(86.,-43.,-3.));
#3671 = DIRECTION('',(0.,-1.,0.));
#3672 = DIRECTION('',(-1.,0.,0.));
#3673 = DEFINITIONAL_REPRESENTATION('',(#3674),#3678);
#3674 = LINE('',#3675,#3676);
#3675 = CARTESIAN_POINT('',(0.,-0.));
#3676 = VECTOR('',#3677,1.);
#3677 = DIRECTION('',(1.,0.));
#3678 = ( GEOMETRIC_REPRESENTATION_CONTEXT(2) 
PARAMETRIC_REPRESENTATION_CONTEXT() REPRESENTATION_CONTEXT('2D SPACE',''
  ) );
#3679 = ORIENTED_EDGE('',*,*,#3680,.T.);
#3680 = EDGE_CURVE('',#3653,#3681,#3683,.T.);
#3681 = VERTEX_POINT('',#3682);
#3682 = CARTESIAN_POINT('',(67.,-23.,-3.));
#3683 = SURFACE_CURVE('',#3684,(#3688,#3695),.PCURVE_S1.);
#3684 = LINE('',#3685,#3686);
#3685 = CARTESIAN_POINT('',(67.,-86.,-3.));
#3686 = VECTOR('',#3687,1.);
#3687 = DIRECTION('',(0.,1.,0.));
#3688 = PCURVE('',#126,#3689);
#3689 = DEFINITIONAL_REPRESENTATION('',(#3690),#3694);
#3690 = LINE('',#3691,#3692);
#3691 = CARTESIAN_POINT('',(67.,-86.));
#3692 = VECTOR('',#3693,1.);
#3693 = DIRECTION('',(0.,1.));
#3694 = ( GEOMETRIC_REPRESENTATION_CONTEXT(2) 
PARAMETRIC_REPRESENTATION_CONTEXT() REPRESENTATION_CONTEXT('2D SPACE',''
  ) );
#3695 = PCURVE('',#3696,#3701);
#3696 = PLANE('',#3697);
#3697 = AXIS2_PLACEMENT_3D('',#3698,#3699,#3700);
#3698 = CARTESIAN_POINT('',(67.,-86.,-3.));
#3699 = DIRECTION('',(-1.,0.,0.));
#3700 = DIRECTION('',(0.,1.,0.));
#3701 = DEFINITIONAL_REPRESENTATION('',(#3702),#3706);
#3702 = LINE('',#3703,#3704);
#3703 = CARTESIAN_POINT('',(0.,0.));
#3704 = VECTOR('',#3705,1.);
#3705 = DIRECTION('',(1.,0.));
#3706 = ( GEOMETRIC_REPRESENTATION_CONTEXT(2) 
PARAMETRIC_REPRESENTATION_CONTEXT() REPRESENTATION_CONTEXT('2D SPACE',''
  ) );
#3707 = ORIENTED_EDGE('',*,*,#3708,.T.);
#3708 = EDGE_CURVE('',#3681,#3630,#3709,.T.);
#3709 = SURFACE_CURVE('',#3710,(#3714,#3721),.PCURVE_S1.);
#3710 = LINE('',#3711,#3712);
#3711 = CARTESIAN_POINT('',(-86.,-23.,-3.));
#3712 = VECTOR('',#3713,1.);
#3713 = DIRECTION('',(1.,0.,0.));
#3714 = PCURVE('',#126,#3715);
#3715 = DEFINITIONAL_REPRESENTATION('',(#3716),#3720);
#3716 = LINE('',#3717,#3718);
#3717 = CARTESIAN_POINT('',(-86.,-23.));
#3718 = VECTOR('',#3719,1.);
#3719 = DIRECTION('',(1.,0.));
#3720 = ( GEOMETRIC_REPRESENTATION_CONTEXT(2) 
PARAMETRIC_REPRESENTATION_CONTEXT() REPRESENTATION_CONTEXT('2D SPACE',''
  ) );
#3721 = PCURVE('',#3722,#3727);
#3722 = PLANE('',#3723);
#3723 = AXIS2_PLACEMENT_3D('',#3724,#3725,#3726);
#3724 = CARTESIAN_POINT('',(-86.,-23.,-3.));
#3725 = DIRECTION('',(0.,1.,0.));
#3726 = DIRECTION('',(1.,0.,0.));
#3727 = DEFINITIONAL_REPRESENTATION('',(#3728),#3732);
#3728 = LINE('',#3729,#3730);
#3729 = CARTESIAN_POINT('',(0.,0.));
#3730 = VECTOR('',#3731,1.);
#3731 = DIRECTION('',(1.,0.));
#3732 = ( GEOMETRIC_REPRESENTATION_CONTEXT(2) 
PARAMETRIC_REPRESENTATION_CONTEXT() REPRESENTATION_CONTEXT('2D SPACE',''
  ) );
#3733 = FACE_BOUND('',#3734,.F.);
#3734 = EDGE_LOOP('',(#3735,#3765,#3793,#3821));
#3735 = ORIENTED_EDGE('',*,*,#3736,.T.);
#3736 = EDGE_CURVE('',#3737,#3739,#3741,.T.);
#3737 = VERTEX_POINT('',#3738);
#3738 = CARTESIAN_POINT('',(45.,-21.,-3.));
#3739 = VERTEX_POINT('',#3740);
#3740 = CARTESIAN_POINT('',(45.,-1.,-3.));
#3741 = SURFACE_CURVE('',#3742,(#3746,#3753),.PCURVE_S1.);
#3742 = LINE('',#3743,#3744);
#3743 = CARTESIAN_POINT('',(45.,-86.,-3.));
#3744 = VECTOR('',#3745,1.);
#3745 = DIRECTION('',(0.,1.,0.));
#3746 = PCURVE('',#126,#3747);
#3747 = DEFINITIONAL_REPRESENTATION('',(#3748),#3752);
#3748 = LINE('',#3749,#3750);
#3749 = CARTESIAN_POINT('',(45.,-86.));
#3750 = VECTOR('',#3751,1.);
#3751 = DIRECTION('',(0.,1.));
#3752 = ( GEOMETRIC_REPRESENTATION_CONTEXT(2) 
PARAMETRIC_REPRESENTATION_CONTEXT() REPRESENTATION_CONTEXT('2D SPACE',''
  ) );
#3753 = PCURVE('',#3754,#3759);
#3754 = PLANE('',#3755);
#3755 = AXIS2_PLACEMENT_3D('',#3756,#3757,#3758);
#3756 = CARTESIAN_POINT('',(45.,-86.,-3.));
#3757 = DIRECTION('',(-1.,0.,0.));
#3758 = DIRECTION('',(0.,1.,0.));
#3759 = DEFINITIONAL_REPRESENTATION('',(#3760),#3764);
#3760 = LINE('',#3761,#3762);
#3761 = CARTESIAN_POINT('',(0.,0.));
#3762 = VECTOR('',#3763,1.);
#3763 = DIRECTION('',(1.,0.));
#3764 = ( GEOMETRIC_REPRESENTATION_CONTEXT(2) 
PARAMETRIC_REPRESENTATION_CONTEXT() REPRESENTATION_CONTEXT('2D SPACE',''
  ) );
#3765 = ORIENTED_EDGE('',*,*,#3766,.T.);
#3766 = EDGE_CURVE('',#3739,#3767,#3769,.T.);
#3767 = VERTEX_POINT('',#3768);
#3768 = CARTESIAN_POINT('',(65.,-1.,-3.));
#3769 = SURFACE_CURVE('',#3770,(#3774,#3781),.PCURVE_S1.);
#3770 = LINE('',#3771,#3772);
#3771 = CARTESIAN_POINT('',(-86.,-1.,-3.));
#3772 = VECTOR('',#3773,1.);
#3773 = DIRECTION('',(1.,0.,0.));
#3774 = PCURVE('',#126,#3775);
#3775 = DEFINITIONAL_REPRESENTATION('',(#3776),#3780);
#3776 = LINE('',#3777,#3778);
#3777 = CARTESIAN_POINT('',(-86.,-1.));
#3778 = VECTOR('',#3779,1.);
#3779 = DIRECTION('',(1.,0.));
#3780 = ( GEOMETRIC_REPRESENTATION_CONTEXT(2) 
PARAMETRIC_REPRESENTATION_CONTEXT() REPRESENTATION_CONTEXT('2D SPACE',''
  ) );
#3781 = PCURVE('',#3782,#3787);
#3782 = PLANE('',#3783);
#3783 = AXIS2_PLACEMENT_3D('',#3784,#3785,#3786);
#3784 = CARTESIAN_POINT('',(-86.,-1.,-3.));
#3785 = DIRECTION('',(0.,1.,0.));
#3786 = DIRECTION('',(1.,0.,0.));
#3787 = DEFINITIONAL_REPRESENTATION('',(#3788),#3792);
#3788 = LINE('',#3789,#3790);
#3789 = CARTESIAN_POINT('',(0.,0.));
#3790 = VECTOR('',#3791,1.);
#3791 = DIRECTION('',(1.,0.));
#3792 = ( GEOMETRIC_REPRESENTATION_CONTEXT(2) 
PARAMETRIC_REPRESENTATION_CONTEXT() REPRESENTATION_CONTEXT('2D SPACE',''
  ) );
#3793 = ORIENTED_EDGE('',*,*,#3794,.T.);
#3794 = EDGE_CURVE('',#3767,#3795,#3797,.T.);
#3795 = VERTEX_POINT('',#3796);
#3796 = CARTESIAN_POINT('',(65.,-21.,-3.));
#3797 = SURFACE_CURVE('',#3798,(#3802,#3809),.PCURVE_S1.);
#3798 = LINE('',#3799,#3800);
#3799 = CARTESIAN_POINT('',(65.,86.,-3.));
#3800 = VECTOR('',#3801,1.);
#3801 = DIRECTION('',(0.,-1.,0.));
#3802 = PCURVE('',#126,#3803);
#3803 = DEFINITIONAL_REPRESENTATION('',(#3804),#3808);
#3804 = LINE('',#3805,#3806);
#3805 = CARTESIAN_POINT('',(65.,86.));
#3806 = VECTOR('',#3807,1.);
#3807 = DIRECTION('',(0.,-1.));
#3808 = ( GEOMETRIC_REPRESENTATION_CONTEXT(2) 
PARAMETRIC_REPRESENTATION_CONTEXT() REPRESENTATION_CONTEXT('2D SPACE',''
  ) );
#3809 = PCURVE('',#3810,#3815);
#3810 = PLANE('',#3811);
#3811 = AXIS2_PLACEMENT_3D('',#3812,#3813,#3814);
#3812 = CARTESIAN_POINT('',(65.,86.,-3.));
#3813 = DIRECTION('',(1.,0.,-0.));
#3814 = DIRECTION('',(0.,-1.,0.));
#3815 = DEFINITIONAL_REPRESENTATION('',(#3816),#3820);
#3816 = LINE('',#3817,#3818);
#3817 = CARTESIAN_POINT('',(0.,0.));
#3818 = VECTOR('',#3819,1.);
#3819 = DIRECTION('',(1.,0.));
#3820 = ( GEOMETRIC_REPRESENTATION_CONTEXT(2) 
PARAMETRIC_REPRESENTATION_CONTEXT() REPRESENTATION_CONTEXT('2D SPACE',''
  ) );
#3821 = ORIENTED_EDGE('',*,*,#3822,.T.);
#3822 = EDGE_CURVE('',#3795,#3737,#3823,.T.);
#3823 = SURFACE_CURVE('',#3824,(#3828,#3835),.PCURVE_S1.);
#3824 = LINE('',#3825,#3826);
#3825 = CARTESIAN_POINT('',(86.,-21.,-3.));
#3826 = VECTOR('',#3827,1.);
#3827 = DIRECTION('',(-1.,0.,0.));
#3828 = PCURVE('',#126,#3829);
#3829 = DEFINITIONAL_REPRESENTATION('',(#3830),#3834);
#3830 = LINE('',#3831,#3832);
#3831 = CARTESIAN_POINT('',(86.,-21.));
#3832 = VECTOR('',#3833,1.);
#3833 = DIRECTION('',(-1.,0.));
#3834 = ( GEOMETRIC_REPRESENTATION_CONTEXT(2) 
PARAMETRIC_REPRESENTATION_CONTEXT() REPRESENTATION_CONTEXT('2D SPACE',''
  ) );
#3835 = PCURVE('',#3836,#3841);
#3836 = PLANE('',#3837);
#3837 = AXIS2_PLACEMENT_3D('',#3838,#3839,#3840);
#3838 = CARTESIAN_POINT('',(86.,-21.,-3.));
#3839 = DIRECTION('',(0.,-1.,0.));
#3840 = DIRECTION('',(-1.,0.,0.));
#3841 = DEFINITIONAL_REPRESENTATION('',(#3842),#3846);
#3842 = LINE('',#3843,#3844);
#3843 = CARTESIAN_POINT('',(0.,-0.));
#3844 = VECTOR('',#3845,1.);
#3845 = DIRECTION('',(1.,0.));
#3846 = ( GEOMETRIC_REPRESENTATION_CONTEXT(2) 
PARAMETRIC_REPRESENTATION_CONTEXT() REPRESENTATION_CONTEXT('2D SPACE',''
  ) );
#3847 = FACE_BOUND('',#3848,.F.);
#3848 = EDGE_LOOP('',(#3849,#3874,#3902,#3930));
#3849 = ORIENTED_EDGE('',*,*,#3850,.F.);
#3850 = EDGE_CURVE('',#3851,#3853,#3855,.T.);
#3851 = VERTEX_POINT('',#3852);
#3852 = CARTESIAN_POINT('',(86.,-21.,-3.));
#3853 = VERTEX_POINT('',#3854);
#3854 = CARTESIAN_POINT('',(86.,-1.,-3.));
#3855 = SURFACE_CURVE('',#3856,(#3860,#3867),.PCURVE_S1.);
#3856 = LINE('',#3857,#3858);
#3857 = CARTESIAN_POINT('',(86.,-86.,-3.));
#3858 = VECTOR('',#3859,1.);
#3859 = DIRECTION('',(0.,1.,0.));
#3860 = PCURVE('',#126,#3861);
#3861 = DEFINITIONAL_REPRESENTATION('',(#3862),#3866);
#3862 = LINE('',#3863,#3864);
#3863 = CARTESIAN_POINT('',(86.,-86.));
#3864 = VECTOR('',#3865,1.);
#3865 = DIRECTION('',(0.,1.));
#3866 = ( GEOMETRIC_REPRESENTATION_CONTEXT(2) 
PARAMETRIC_REPRESENTATION_CONTEXT() REPRESENTATION_CONTEXT('2D SPACE',''
  ) );
#3867 = PCURVE('',#2820,#3868);
#3868 = DEFINITIONAL_REPRESENTATION('',(#3869),#3873);
#3869 = LINE('',#3870,#3871);
#3870 = CARTESIAN_POINT('',(0.,0.));
#3871 = VECTOR('',#3872,1.);
#3872 = DIRECTION('',(1.,0.));
#3873 = ( GEOMETRIC_REPRESENTATION_CONTEXT(2) 
PARAMETRIC_REPRESENTATION_CONTEXT() REPRESENTATION_CONTEXT('2D SPACE',''
  ) );
#3874 = ORIENTED_EDGE('',*,*,#3875,.T.);
#3875 = EDGE_CURVE('',#3851,#3876,#3878,.T.);
#3876 = VERTEX_POINT('',#3877);
#3877 = CARTESIAN_POINT('',(67.,-21.,-3.));
#3878 = SURFACE_CURVE('',#3879,(#3883,#3890),.PCURVE_S1.);
#3879 = LINE('',#3880,#3881);
#3880 = CARTESIAN_POINT('',(86.,-21.,-3.));
#3881 = VECTOR('',#3882,1.);
#3882 = DIRECTION('',(-1.,0.,0.));
#3883 = PCURVE('',#126,#3884);
#3884 = DEFINITIONAL_REPRESENTATION('',(#3885),#3889);
#3885 = LINE('',#3886,#3887);
#3886 = CARTESIAN_POINT('',(86.,-21.));
#3887 = VECTOR('',#3888,1.);
#3888 = DIRECTION('',(-1.,0.));
#3889 = ( GEOMETRIC_REPRESENTATION_CONTEXT(2) 
PARAMETRIC_REPRESENTATION_CONTEXT() REPRESENTATION_CONTEXT('2D SPACE',''
  ) );
#3890 = PCURVE('',#3891,#3896);
#3891 = PLANE('',#3892);
#3892 = AXIS2_PLACEMENT_3D('',#3893,#3894,#3895);
#3893 = CARTESIAN_POINT('',(86.,-21.,-3.));
#3894 = DIRECTION('',(0.,-1.,0.));
#3895 = DIRECTION('',(-1.,0.,0.));
#3896 = DEFINITIONAL_REPRESENTATION('',(#3897),#3901);
#3897 = LINE('',#3898,#3899);
#3898 = CARTESIAN_POINT('',(0.,-0.));
#3899 = VECTOR('',#3900,1.);
#3900 = DIRECTION('',(1.,0.));
#3901 = ( GEOMETRIC_REPRESENTATION_CONTEXT(2) 
PARAMETRIC_REPRESENTATION_CONTEXT() REPRESENTATION_CONTEXT('2D SPACE',''
  ) );
#3902 = ORIENTED_EDGE('',*,*,#3903,.T.);
#3903 = EDGE_CURVE('',#3876,#3904,#3906,.T.);
#3904 = VERTEX_POINT('',#3905);
#3905 = CARTESIAN_POINT('',(67.,-1.,-3.));
#3906 = SURFACE_CURVE('',#3907,(#3911,#3918),.PCURVE_S1.);
#3907 = LINE('',#3908,#3909);
#3908 = CARTESIAN_POINT('',(67.,-86.,-3.));
#3909 = VECTOR('',#3910,1.);
#3910 = DIRECTION('',(0.,1.,0.));
#3911 = PCURVE('',#126,#3912);
#3912 = DEFINITIONAL_REPRESENTATION('',(#3913),#3917);
#3913 = LINE('',#3914,#3915);
#3914 = CARTESIAN_POINT('',(67.,-86.));
#3915 = VECTOR('',#3916,1.);
#3916 = DIRECTION('',(0.,1.));
#3917 = ( GEOMETRIC_REPRESENTATION_CONTEXT(2) 
PARAMETRIC_REPRESENTATION_CONTEXT() REPRESENTATION_CONTEXT('2D SPACE',''
  ) );
#3918 = PCURVE('',#3919,#3924);
#3919 = PLANE('',#3920);
#3920 = AXIS2_PLACEMENT_3D('',#3921,#3922,#3923);
#3921 = CARTESIAN_POINT('',(67.,-86.,-3.));
#3922 = DIRECTION('',(-1.,0.,0.));
#3923 = DIRECTION('',(0.,1.,0.));
#3924 = DEFINITIONAL_REPRESENTATION('',(#3925),#3929);
#3925 = LINE('',#3926,#3927);
#3926 = CARTESIAN_POINT('',(0.,0.));
#3927 = VECTOR('',#3928,1.);
#3928 = DIRECTION('',(1.,0.));
#3929 = ( GEOMETRIC_REPRESENTATION_CONTEXT(2) 
PARAMETRIC_REPRESENTATION_CONTEXT() REPRESENTATION_CONTEXT('2D SPACE',''
  ) );
#3930 = ORIENTED_EDGE('',*,*,#3931,.T.);
#3931 = EDGE_CURVE('',#3904,#3853,#3932,.T.);
#3932 = SURFACE_CURVE('',#3933,(#3937,#3944),.PCURVE_S1.);
#3933 = LINE('',#3934,#3935);
#3934 = CARTESIAN_POINT('',(-86.,-1.,-3.));
#3935 = VECTOR('',#3936,1.);
#3936 = DIRECTION('',(1.,0.,0.));
#3937 = PCURVE('',#126,#3938);
#3938 = DEFINITIONAL_REPRESENTATION('',(#3939),#3943);
#3939 = LINE('',#3940,#3941);
#3940 = CARTESIAN_POINT('',(-86.,-1.));
#3941 = VECTOR('',#3942,1.);
#3942 = DIRECTION('',(1.,0.));
#3943 = ( GEOMETRIC_REPRESENTATION_CONTEXT(2) 
PARAMETRIC_REPRESENTATION_CONTEXT() REPRESENTATION_CONTEXT('2D SPACE',''
  ) );
#3944 = PCURVE('',#3945,#3950);
#3945 = PLANE('',#3946);
#3946 = AXIS2_PLACEMENT_3D('',#3947,#3948,#3949);
#3947 = CARTESIAN_POINT('',(-86.,-1.,-3.));
#3948 = DIRECTION('',(0.,1.,0.));
#3949 = DIRECTION('',(1.,0.,0.));
#3950 = DEFINITIONAL_REPRESENTATION('',(#3951),#3955);
#3951 = LINE('',#3952,#3953);
#3952 = CARTESIAN_POINT('',(0.,0.));
#3953 = VECTOR('',#3954,1.);
#3954 = DIRECTION('',(1.,0.));
#3955 = ( GEOMETRIC_REPRESENTATION_CONTEXT(2) 
PARAMETRIC_REPRESENTATION_CONTEXT() REPRESENTATION_CONTEXT('2D SPACE',''
  ) );
#3956 = FACE_BOUND('',#3957,.F.);
#3957 = EDGE_LOOP('',(#3958,#3983,#4011,#4039));
#3958 = ORIENTED_EDGE('',*,*,#3959,.F.);
#3959 = EDGE_CURVE('',#3960,#3962,#3964,.T.);
#3960 = VERTEX_POINT('',#3961);
#3961 = CARTESIAN_POINT('',(-86.,21.,-3.));
#3962 = VERTEX_POINT('',#3963);
#3963 = CARTESIAN_POINT('',(-86.,1.,-3.));
#3964 = SURFACE_CURVE('',#3965,(#3969,#3976),.PCURVE_S1.);
#3965 = LINE('',#3966,#3967);
#3966 = CARTESIAN_POINT('',(-86.,86.,-3.));
#3967 = VECTOR('',#3968,1.);
#3968 = DIRECTION('',(0.,-1.,0.));
#3969 = PCURVE('',#126,#3970);
#3970 = DEFINITIONAL_REPRESENTATION('',(#3971),#3975);
#3971 = LINE('',#3972,#3973);
#3972 = CARTESIAN_POINT('',(-86.,86.));
#3973 = VECTOR('',#3974,1.);
#3974 = DIRECTION('',(0.,-1.));
#3975 = ( GEOMETRIC_REPRESENTATION_CONTEXT(2) 
PARAMETRIC_REPRESENTATION_CONTEXT() REPRESENTATION_CONTEXT('2D SPACE',''
  ) );
#3976 = PCURVE('',#391,#3977);
#3977 = DEFINITIONAL_REPRESENTATION('',(#3978),#3982);
#3978 = LINE('',#3979,#3980);
#3979 = CARTESIAN_POINT('',(0.,0.));
#3980 = VECTOR('',#3981,1.);
#3981 = DIRECTION('',(1.,0.));
#3982 = ( GEOMETRIC_REPRESENTATION_CONTEXT(2) 
PARAMETRIC_REPRESENTATION_CONTEXT() REPRESENTATION_CONTEXT('2D SPACE',''
  ) );
#3983 = ORIENTED_EDGE('',*,*,#3984,.T.);
#3984 = EDGE_CURVE('',#3960,#3985,#3987,.T.);
#3985 = VERTEX_POINT('',#3986);
#3986 = CARTESIAN_POINT('',(-67.,21.,-3.));
#3987 = SURFACE_CURVE('',#3988,(#3992,#3999),.PCURVE_S1.);
#3988 = LINE('',#3989,#3990);
#3989 = CARTESIAN_POINT('',(-86.,21.,-3.));
#3990 = VECTOR('',#3991,1.);
#3991 = DIRECTION('',(1.,0.,0.));
#3992 = PCURVE('',#126,#3993);
#3993 = DEFINITIONAL_REPRESENTATION('',(#3994),#3998);
#3994 = LINE('',#3995,#3996);
#3995 = CARTESIAN_POINT('',(-86.,21.));
#3996 = VECTOR('',#3997,1.);
#3997 = DIRECTION('',(1.,0.));
#3998 = ( GEOMETRIC_REPRESENTATION_CONTEXT(2) 
PARAMETRIC_REPRESENTATION_CONTEXT() REPRESENTATION_CONTEXT('2D SPACE',''
  ) );
#3999 = PCURVE('',#4000,#4005);
#4000 = PLANE('',#4001);
#4001 = AXIS2_PLACEMENT_3D('',#4002,#4003,#4004);
#4002 = CARTESIAN_POINT('',(-86.,21.,-3.));
#4003 = DIRECTION('',(0.,1.,0.));
#4004 = DIRECTION('',(1.,0.,0.));
#4005 = DEFINITIONAL_REPRESENTATION('',(#4006),#4010);
#4006 = LINE('',#4007,#4008);
#4007 = CARTESIAN_POINT('',(0.,0.));
#4008 = VECTOR('',#4009,1.);
#4009 = DIRECTION('',(1.,0.));
#4010 = ( GEOMETRIC_REPRESENTATION_CONTEXT(2) 
PARAMETRIC_REPRESENTATION_CONTEXT() REPRESENTATION_CONTEXT('2D SPACE',''
  ) );
#4011 = ORIENTED_EDGE('',*,*,#4012,.T.);
#4012 = EDGE_CURVE('',#3985,#4013,#4015,.T.);
#4013 = VERTEX_POINT('',#4014);
#4014 = CARTESIAN_POINT('',(-67.,1.,-3.));
#4015 = SURFACE_CURVE('',#4016,(#4020,#4027),.PCURVE_S1.);
#4016 = LINE('',#4017,#4018);
#4017 = CARTESIAN_POINT('',(-67.,86.,-3.));
#4018 = VECTOR('',#4019,1.);
#4019 = DIRECTION('',(0.,-1.,0.));
#4020 = PCURVE('',#126,#4021);
#4021 = DEFINITIONAL_REPRESENTATION('',(#4022),#4026);
#4022 = LINE('',#4023,#4024);
#4023 = CARTESIAN_POINT('',(-67.,86.));
#4024 = VECTOR('',#4025,1.);
#4025 = DIRECTION('',(0.,-1.));
#4026 = ( GEOMETRIC_REPRESENTATION_CONTEXT(2) 
PARAMETRIC_REPRESENTATION_CONTEXT() REPRESENTATION_CONTEXT('2D SPACE',''
  ) );
#4027 = PCURVE('',#4028,#4033);
#4028 = PLANE('',#4029);
#4029 = AXIS2_PLACEMENT_3D('',#4030,#4031,#4032);
#4030 = CARTESIAN_POINT('',(-67.,86.,-3.));
#4031 = DIRECTION('',(1.,0.,-0.));
#4032 = DIRECTION('',(0.,-1.,0.));
#4033 = DEFINITIONAL_REPRESENTATION('',(#4034),#4038);
#4034 = LINE('',#4035,#4036);
#4035 = CARTESIAN_POINT('',(0.,0.));
#4036 = VECTOR('',#4037,1.);
#4037 = DIRECTION('',(1.,0.));
#4038 = ( GEOMETRIC_REPRESENTATION_CONTEXT(2) 
PARAMETRIC_REPRESENTATION_CONTEXT() REPRESENTATION_CONTEXT('2D SPACE',''
  ) );
#4039 = ORIENTED_EDGE('',*,*,#4040,.T.);
#4040 = EDGE_CURVE('',#4013,#3962,#4041,.T.);
#4041 = SURFACE_CURVE('',#4042,(#4046,#4053),.PCURVE_S1.);
#4042 = LINE('',#4043,#4044);
#4043 = CARTESIAN_POINT('',(86.,1.,-3.));
#4044 = VECTOR('',#4045,1.);
#4045 = DIRECTION('',(-1.,0.,0.));
#4046 = PCURVE('',#126,#4047);
#4047 = DEFINITIONAL_REPRESENTATION('',(#4048),#4052);
#4048 = LINE('',#4049,#4050);
#4049 = CARTESIAN_POINT('',(86.,1.));
#4050 = VECTOR('',#4051,1.);
#4051 = DIRECTION('',(-1.,0.));
#4052 = ( GEOMETRIC_REPRESENTATION_CONTEXT(2) 
PARAMETRIC_REPRESENTATION_CONTEXT() REPRESENTATION_CONTEXT('2D SPACE',''
  ) );
#4053 = PCURVE('',#4054,#4059);
#4054 = PLANE('',#4055);
#4055 = AXIS2_PLACEMENT_3D('',#4056,#4057,#4058);
#4056 = CARTESIAN_POINT('',(86.,1.,-3.));
#4057 = DIRECTION('',(0.,-1.,0.));
#4058 = DIRECTION('',(-1.,0.,0.));
#4059 = DEFINITIONAL_REPRESENTATION('',(#4060),#4064);
#4060 = LINE('',#4061,#4062);
#4061 = CARTESIAN_POINT('',(0.,-0.));
#4062 = VECTOR('',#4063,1.);
#4063 = DIRECTION('',(1.,0.));
#4064 = ( GEOMETRIC_REPRESENTATION_CONTEXT(2) 
PARAMETRIC_REPRESENTATION_CONTEXT() REPRESENTATION_CONTEXT('2D SPACE',''
  ) );
#4065 = FACE_BOUND('',#4066,.F.);
#4066 = EDGE_LOOP('',(#4067,#4097,#4125,#4153));
#4067 = ORIENTED_EDGE('',*,*,#4068,.T.);
#4068 = EDGE_CURVE('',#4069,#4071,#4073,.T.);
#4069 = VERTEX_POINT('',#4070);
#4070 = CARTESIAN_POINT('',(-65.,1.,-3.));
#4071 = VERTEX_POINT('',#4072);
#4072 = CARTESIAN_POINT('',(-65.,21.,-3.));
#4073 = SURFACE_CURVE('',#4074,(#4078,#4085),.PCURVE_S1.);
#4074 = LINE('',#4075,#4076);
#4075 = CARTESIAN_POINT('',(-65.,-86.,-3.));
#4076 = VECTOR('',#4077,1.);
#4077 = DIRECTION('',(0.,1.,0.));
#4078 = PCURVE('',#126,#4079);
#4079 = DEFINITIONAL_REPRESENTATION('',(#4080),#4084);
#4080 = LINE('',#4081,#4082);
#4081 = CARTESIAN_POINT('',(-65.,-86.));
#4082 = VECTOR('',#4083,1.);
#4083 = DIRECTION('',(0.,1.));
#4084 = ( GEOMETRIC_REPRESENTATION_CONTEXT(2) 
PARAMETRIC_REPRESENTATION_CONTEXT() REPRESENTATION_CONTEXT('2D SPACE',''
  ) );
#4085 = PCURVE('',#4086,#4091);
#4086 = PLANE('',#4087);
#4087 = AXIS2_PLACEMENT_3D('',#4088,#4089,#4090);
#4088 = CARTESIAN_POINT('',(-65.,-86.,-3.));
#4089 = DIRECTION('',(-1.,0.,0.));
#4090 = DIRECTION('',(0.,1.,0.));
#4091 = DEFINITIONAL_REPRESENTATION('',(#4092),#4096);
#4092 = LINE('',#4093,#4094);
#4093 = CARTESIAN_POINT('',(0.,0.));
#4094 = VECTOR('',#4095,1.);
#4095 = DIRECTION('',(1.,0.));
#4096 = ( GEOMETRIC_REPRESENTATION_CONTEXT(2) 
PARAMETRIC_REPRESENTATION_CONTEXT() REPRESENTATION_CONTEXT('2D SPACE',''
  ) );
#4097 = ORIENTED_EDGE('',*,*,#4098,.T.);
#4098 = EDGE_CURVE('',#4071,#4099,#4101,.T.);
#4099 = VERTEX_POINT('',#4100);
#4100 = CARTESIAN_POINT('',(-45.,21.,-3.));
#4101 = SURFACE_CURVE('',#4102,(#4106,#4113),.PCURVE_S1.);
#4102 = LINE('',#4103,#4104);
#4103 = CARTESIAN_POINT('',(-86.,21.,-3.));
#4104 = VECTOR('',#4105,1.);
#4105 = DIRECTION('',(1.,0.,0.));
#4106 = PCURVE('',#126,#4107);
#4107 = DEFINITIONAL_REPRESENTATION('',(#4108),#4112);
#4108 = LINE('',#4109,#4110);
#4109 = CARTESIAN_POINT('',(-86.,21.));
#4110 = VECTOR('',#4111,1.);
#4111 = DIRECTION('',(1.,0.));
#4112 = ( GEOMETRIC_REPRESENTATION_CONTEXT(2) 
PARAMETRIC_REPRESENTATION_CONTEXT() REPRESENTATION_CONTEXT('2D SPACE',''
  ) );
#4113 = PCURVE('',#4114,#4119);
#4114 = PLANE('',#4115);
#4115 = AXIS2_PLACEMENT_3D('',#4116,#4117,#4118);
#4116 = CARTESIAN_POINT('',(-86.,21.,-3.));
#4117 = DIRECTION('',(0.,1.,0.));
#4118 = DIRECTION('',(1.,0.,0.));
#4119 = DEFINITIONAL_REPRESENTATION('',(#4120),#4124);
#4120 = LINE('',#4121,#4122);
#4121 = CARTESIAN_POINT('',(0.,0.));
#4122 = VECTOR('',#4123,1.);
#4123 = DIRECTION('',(1.,0.));
#4124 = ( GEOMETRIC_REPRESENTATION_CONTEXT(2) 
PARAMETRIC_REPRESENTATION_CONTEXT() REPRESENTATION_CONTEXT('2D SPACE',''
  ) );
#4125 = ORIENTED_EDGE('',*,*,#4126,.T.);
#4126 = EDGE_CURVE('',#4099,#4127,#4129,.T.);
#4127 = VERTEX_POINT('',#4128);
#4128 = CARTESIAN_POINT('',(-45.,1.,-3.));
#4129 = SURFACE_CURVE('',#4130,(#4134,#4141),.PCURVE_S1.);
#4130 = LINE('',#4131,#4132);
#4131 = CARTESIAN_POINT('',(-45.,86.,-3.));
#4132 = VECTOR('',#4133,1.);
#4133 = DIRECTION('',(0.,-1.,0.));
#4134 = PCURVE('',#126,#4135);
#4135 = DEFINITIONAL_REPRESENTATION('',(#4136),#4140);
#4136 = LINE('',#4137,#4138);
#4137 = CARTESIAN_POINT('',(-45.,86.));
#4138 = VECTOR('',#4139,1.);
#4139 = DIRECTION('',(0.,-1.));
#4140 = ( GEOMETRIC_REPRESENTATION_CONTEXT(2) 
PARAMETRIC_REPRESENTATION_CONTEXT() REPRESENTATION_CONTEXT('2D SPACE',''
  ) );
#4141 = PCURVE('',#4142,#4147);
#4142 = PLANE('',#4143);
#4143 = AXIS2_PLACEMENT_3D('',#4144,#4145,#4146);
#4144 = CARTESIAN_POINT('',(-45.,86.,-3.));
#4145 = DIRECTION('',(1.,0.,-0.));
#4146 = DIRECTION('',(0.,-1.,0.));
#4147 = DEFINITIONAL_REPRESENTATION('',(#4148),#4152);
#4148 = LINE('',#4149,#4150);
#4149 = CARTESIAN_POINT('',(0.,0.));
#4150 = VECTOR('',#4151,1.);
#4151 = DIRECTION('',(1.,0.));
#4152 = ( GEOMETRIC_REPRESENTATION_CONTEXT(2) 
PARAMETRIC_REPRESENTATION_CONTEXT() REPRESENTATION_CONTEXT('2D SPACE',''
  ) );
#4153 = ORIENTED_EDGE('',*,*,#4154,.T.);
#4154 = EDGE_CURVE('',#4127,#4069,#4155,.T.);
#4155 = SURFACE_CURVE('',#4156,(#4160,#4167),.PCURVE_S1.);
#4156 = LINE('',#4157,#4158);
#4157 = CARTESIAN_POINT('',(86.,1.,-3.));
#4158 = VECTOR('',#4159,1.);
#4159 = DIRECTION('',(-1.,0.,0.));
#4160 = PCURVE('',#126,#4161);
#4161 = DEFINITIONAL_REPRESENTATION('',(#4162),#4166);
#4162 = LINE('',#4163,#4164);
#4163 = CARTESIAN_POINT('',(86.,1.));
#4164 = VECTOR('',#4165,1.);
#4165 = DIRECTION('',(-1.,0.));
#4166 = ( GEOMETRIC_REPRESENTATION_CONTEXT(2) 
PARAMETRIC_REPRESENTATION_CONTEXT() REPRESENTATION_CONTEXT('2D SPACE',''
  ) );
#4167 = PCURVE('',#4168,#4173);
#4168 = PLANE('',#4169);
#4169 = AXIS2_PLACEMENT_3D('',#4170,#4171,#4172);
#4170 = CARTESIAN_POINT('',(86.,1.,-3.));
#4171 = DIRECTION('',(0.,-1.,0.));
#4172 = DIRECTION('',(-1.,0.,0.));
#4173 = DEFINITIONAL_REPRESENTATION('',(#4174),#4178);
#4174 = LINE('',#4175,#4176);
#4175 = CARTESIAN_POINT('',(0.,-0.));
#4176 = VECTOR('',#4177,1.);
#4177 = DIRECTION('',(1.,0.));
#4178 = ( GEOMETRIC_REPRESENTATION_CONTEXT(2) 
PARAMETRIC_REPRESENTATION_CONTEXT() REPRESENTATION_CONTEXT('2D SPACE',''
  ) );
#4179 = FACE_BOUND('',#4180,.F.);
#4180 = EDGE_LOOP('',(#4181,#4206,#4234,#4262));
#4181 = ORIENTED_EDGE('',*,*,#4182,.F.);
#4182 = EDGE_CURVE('',#4183,#4185,#4187,.T.);
#4183 = VERTEX_POINT('',#4184);
#4184 = CARTESIAN_POINT('',(-86.,43.,-3.));
#4185 = VERTEX_POINT('',#4186);
#4186 = CARTESIAN_POINT('',(-86.,23.,-3.));
#4187 = SURFACE_CURVE('',#4188,(#4192,#4199),.PCURVE_S1.);
#4188 = LINE('',#4189,#4190);
#4189 = CARTESIAN_POINT('',(-86.,86.,-3.));
#4190 = VECTOR('',#4191,1.);
#4191 = DIRECTION('',(0.,-1.,0.));
#4192 = PCURVE('',#126,#4193);
#4193 = DEFINITIONAL_REPRESENTATION('',(#4194),#4198);
#4194 = LINE('',#4195,#4196);
#4195 = CARTESIAN_POINT('',(-86.,86.));
#4196 = VECTOR('',#4197,1.);
#4197 = DIRECTION('',(0.,-1.));
#4198 = ( GEOMETRIC_REPRESENTATION_CONTEXT(2) 
PARAMETRIC_REPRESENTATION_CONTEXT() REPRESENTATION_CONTEXT('2D SPACE',''
  ) );
#4199 = PCURVE('',#391,#4200);
#4200 = DEFINITIONAL_REPRESENTATION('',(#4201),#4205);
#4201 = LINE('',#4202,#4203);
#4202 = CARTESIAN_POINT('',(0.,0.));
#4203 = VECTOR('',#4204,1.);
#4204 = DIRECTION('',(1.,0.));
#4205 = ( GEOMETRIC_REPRESENTATION_CONTEXT(2) 
PARAMETRIC_REPRESENTATION_CONTEXT() REPRESENTATION_CONTEXT('2D SPACE',''
  ) );
#4206 = ORIENTED_EDGE('',*,*,#4207,.T.);
#4207 = EDGE_CURVE('',#4183,#4208,#4210,.T.);
#4208 = VERTEX_POINT('',#4209);
#4209 = CARTESIAN_POINT('',(-67.,43.,-3.));
#4210 = SURFACE_CURVE('',#4211,(#4215,#4222),.PCURVE_S1.);
#4211 = LINE('',#4212,#4213);
#4212 = CARTESIAN_POINT('',(-86.,43.,-3.));
#4213 = VECTOR('',#4214,1.);
#4214 = DIRECTION('',(1.,0.,0.));
#4215 = PCURVE('',#126,#4216);
#4216 = DEFINITIONAL_REPRESENTATION('',(#4217),#4221);
#4217 = LINE('',#4218,#4219);
#4218 = CARTESIAN_POINT('',(-86.,43.));
#4219 = VECTOR('',#4220,1.);
#4220 = DIRECTION('',(1.,0.));
#4221 = ( GEOMETRIC_REPRESENTATION_CONTEXT(2) 
PARAMETRIC_REPRESENTATION_CONTEXT() REPRESENTATION_CONTEXT('2D SPACE',''
  ) );
#4222 = PCURVE('',#4223,#4228);
#4223 = PLANE('',#4224);
#4224 = AXIS2_PLACEMENT_3D('',#4225,#4226,#4227);
#4225 = CARTESIAN_POINT('',(-86.,43.,-3.));
#4226 = DIRECTION('',(0.,1.,0.));
#4227 = DIRECTION('',(1.,0.,0.));
#4228 = DEFINITIONAL_REPRESENTATION('',(#4229),#4233);
#4229 = LINE('',#4230,#4231);
#4230 = CARTESIAN_POINT('',(0.,0.));
#4231 = VECTOR('',#4232,1.);
#4232 = DIRECTION('',(1.,0.));
#4233 = ( GEOMETRIC_REPRESENTATION_CONTEXT(2) 
PARAMETRIC_REPRESENTATION_CONTEXT() REPRESENTATION_CONTEXT('2D SPACE',''
  ) );
#4234 = ORIENTED_EDGE('',*,*,#4235,.T.);
#4235 = EDGE_CURVE('',#4208,#4236,#4238,.T.);
#4236 = VERTEX_POINT('',#4237);
#4237 = CARTESIAN_POINT('',(-67.,23.,-3.));
#4238 = SURFACE_CURVE('',#4239,(#4243,#4250),.PCURVE_S1.);
#4239 = LINE('',#4240,#4241);
#4240 = CARTESIAN_POINT('',(-67.,86.,-3.));
#4241 = VECTOR('',#4242,1.);
#4242 = DIRECTION('',(0.,-1.,0.));
#4243 = PCURVE('',#126,#4244);
#4244 = DEFINITIONAL_REPRESENTATION('',(#4245),#4249);
#4245 = LINE('',#4246,#4247);
#4246 = CARTESIAN_POINT('',(-67.,86.));
#4247 = VECTOR('',#4248,1.);
#4248 = DIRECTION('',(0.,-1.));
#4249 = ( GEOMETRIC_REPRESENTATION_CONTEXT(2) 
PARAMETRIC_REPRESENTATION_CONTEXT() REPRESENTATION_CONTEXT('2D SPACE',''
  ) );
#4250 = PCURVE('',#4251,#4256);
#4251 = PLANE('',#4252);
#4252 = AXIS2_PLACEMENT_3D('',#4253,#4254,#4255);
#4253 = CARTESIAN_POINT('',(-67.,86.,-3.));
#4254 = DIRECTION('',(1.,0.,-0.));
#4255 = DIRECTION('',(0.,-1.,0.));
#4256 = DEFINITIONAL_REPRESENTATION('',(#4257),#4261);
#4257 = LINE('',#4258,#4259);
#4258 = CARTESIAN_POINT('',(0.,0.));
#4259 = VECTOR('',#4260,1.);
#4260 = DIRECTION('',(1.,0.));
#4261 = ( GEOMETRIC_REPRESENTATION_CONTEXT(2) 
PARAMETRIC_REPRESENTATION_CONTEXT() REPRESENTATION_CONTEXT('2D SPACE',''
  ) );
#4262 = ORIENTED_EDGE('',*,*,#4263,.T.);
#4263 = EDGE_CURVE('',#4236,#4185,#4264,.T.);
#4264 = SURFACE_CURVE('',#4265,(#4269,#4276),.PCURVE_S1.);
#4265 = LINE('',#4266,#4267);
#4266 = CARTESIAN_POINT('',(86.,23.,-3.));
#4267 = VECTOR('',#4268,1.);
#4268 = DIRECTION('',(-1.,0.,0.));
#4269 = PCURVE('',#126,#4270);
#4270 = DEFINITIONAL_REPRESENTATION('',(#4271),#4275);
#4271 = LINE('',#4272,#4273);
#4272 = CARTESIAN_POINT('',(86.,23.));
#4273 = VECTOR('',#4274,1.);
#4274 = DIRECTION('',(-1.,0.));
#4275 = ( GEOMETRIC_REPRESENTATION_CONTEXT(2) 
PARAMETRIC_REPRESENTATION_CONTEXT() REPRESENTATION_CONTEXT('2D SPACE',''
  ) );
#4276 = PCURVE('',#4277,#4282);
#4277 = PLANE('',#4278);
#4278 = AXIS2_PLACEMENT_3D('',#4279,#4280,#4281);
#4279 = CARTESIAN_POINT('',(86.,23.,-3.));
#4280 = DIRECTION('',(0.,-1.,0.));
#4281 = DIRECTION('',(-1.,0.,0.));
#4282 = DEFINITIONAL_REPRESENTATION('',(#4283),#4287);
#4283 = LINE('',#4284,#4285);
#4284 = CARTESIAN_POINT('',(0.,-0.));
#4285 = VECTOR('',#4286,1.);
#4286 = DIRECTION('',(1.,0.));
#4287 = ( GEOMETRIC_REPRESENTATION_CONTEXT(2) 
PARAMETRIC_REPRESENTATION_CONTEXT() REPRESENTATION_CONTEXT('2D SPACE',''
  ) );
#4288 = FACE_BOUND('',#4289,.F.);
#4289 = EDGE_LOOP('',(#4290,#4320,#4348,#4376));
#4290 = ORIENTED_EDGE('',*,*,#4291,.T.);
#4291 = EDGE_CURVE('',#4292,#4294,#4296,.T.);
#4292 = VERTEX_POINT('',#4293);
#4293 = CARTESIAN_POINT('',(-65.,23.,-3.));
#4294 = VERTEX_POINT('',#4295);
#4295 = CARTESIAN_POINT('',(-65.,43.,-3.));
#4296 = SURFACE_CURVE('',#4297,(#4301,#4308),.PCURVE_S1.);
#4297 = LINE('',#4298,#4299);
#4298 = CARTESIAN_POINT('',(-65.,-86.,-3.));
#4299 = VECTOR('',#4300,1.);
#4300 = DIRECTION('',(0.,1.,0.));
#4301 = PCURVE('',#126,#4302);
#4302 = DEFINITIONAL_REPRESENTATION('',(#4303),#4307);
#4303 = LINE('',#4304,#4305);
#4304 = CARTESIAN_POINT('',(-65.,-86.));
#4305 = VECTOR('',#4306,1.);
#4306 = DIRECTION('',(0.,1.));
#4307 = ( GEOMETRIC_REPRESENTATION_CONTEXT(2) 
PARAMETRIC_REPRESENTATION_CONTEXT() REPRESENTATION_CONTEXT('2D SPACE',''
  ) );
#4308 = PCURVE('',#4309,#4314);
#4309 = PLANE('',#4310);
#4310 = AXIS2_PLACEMENT_3D('',#4311,#4312,#4313);
#4311 = CARTESIAN_POINT('',(-65.,-86.,-3.));
#4312 = DIRECTION('',(-1.,0.,0.));
#4313 = DIRECTION('',(0.,1.,0.));
#4314 = DEFINITIONAL_REPRESENTATION('',(#4315),#4319);
#4315 = LINE('',#4316,#4317);
#4316 = CARTESIAN_POINT('',(0.,0.));
#4317 = VECTOR('',#4318,1.);
#4318 = DIRECTION('',(1.,0.));
#4319 = ( GEOMETRIC_REPRESENTATION_CONTEXT(2) 
PARAMETRIC_REPRESENTATION_CONTEXT() REPRESENTATION_CONTEXT('2D SPACE',''
  ) );
#4320 = ORIENTED_EDGE('',*,*,#4321,.T.);
#4321 = EDGE_CURVE('',#4294,#4322,#4324,.T.);
#4322 = VERTEX_POINT('',#4323);
#4323 = CARTESIAN_POINT('',(-45.,43.,-3.));
#4324 = SURFACE_CURVE('',#4325,(#4329,#4336),.PCURVE_S1.);
#4325 = LINE('',#4326,#4327);
#4326 = CARTESIAN_POINT('',(-86.,43.,-3.));
#4327 = VECTOR('',#4328,1.);
#4328 = DIRECTION('',(1.,0.,0.));
#4329 = PCURVE('',#126,#4330);
#4330 = DEFINITIONAL_REPRESENTATION('',(#4331),#4335);
#4331 = LINE('',#4332,#4333);
#4332 = CARTESIAN_POINT('',(-86.,43.));
#4333 = VECTOR('',#4334,1.);
#4334 = DIRECTION('',(1.,0.));
#4335 = ( GEOMETRIC_REPRESENTATION_CONTEXT(2) 
PARAMETRIC_REPRESENTATION_CONTEXT() REPRESENTATION_CONTEXT('2D SPACE',''
  ) );
#4336 = PCURVE('',#4337,#4342);
#4337 = PLANE('',#4338);
#4338 = AXIS2_PLACEMENT_3D('',#4339,#4340,#4341);
#4339 = CARTESIAN_POINT('',(-86.,43.,-3.));
#4340 = DIRECTION('',(0.,1.,0.));
#4341 = DIRECTION('',(1.,0.,0.));
#4342 = DEFINITIONAL_REPRESENTATION('',(#4343),#4347);
#4343 = LINE('',#4344,#4345);
#4344 = CARTESIAN_POINT('',(0.,0.));
#4345 = VECTOR('',#4346,1.);
#4346 = DIRECTION('',(1.,0.));
#4347 = ( GEOMETRIC_REPRESENTATION_CONTEXT(2) 
PARAMETRIC_REPRESENTATION_CONTEXT() REPRESENTATION_CONTEXT('2D SPACE',''
  ) );
#4348 = ORIENTED_EDGE('',*,*,#4349,.T.);
#4349 = EDGE_CURVE('',#4322,#4350,#4352,.T.);
#4350 = VERTEX_POINT('',#4351);
#4351 = CARTESIAN_POINT('',(-45.,23.,-3.));
#4352 = SURFACE_CURVE('',#4353,(#4357,#4364),.PCURVE_S1.);
#4353 = LINE('',#4354,#4355);
#4354 = CARTESIAN_POINT('',(-45.,86.,-3.));
#4355 = VECTOR('',#4356,1.);
#4356 = DIRECTION('',(0.,-1.,0.));
#4357 = PCURVE('',#126,#4358);
#4358 = DEFINITIONAL_REPRESENTATION('',(#4359),#4363);
#4359 = LINE('',#4360,#4361);
#4360 = CARTESIAN_POINT('',(-45.,86.));
#4361 = VECTOR('',#4362,1.);
#4362 = DIRECTION('',(0.,-1.));
#4363 = ( GEOMETRIC_REPRESENTATION_CONTEXT(2) 
PARAMETRIC_REPRESENTATION_CONTEXT() REPRESENTATION_CONTEXT('2D SPACE',''
  ) );
#4364 = PCURVE('',#4365,#4370);
#4365 = PLANE('',#4366);
#4366 = AXIS2_PLACEMENT_3D('',#4367,#4368,#4369);
#4367 = CARTESIAN_POINT('',(-45.,86.,-3.));
#4368 = DIRECTION('',(1.,0.,-0.));
#4369 = DIRECTION('',(0.,-1.,0.));
#4370 = DEFINITIONAL_REPRESENTATION('',(#4371),#4375);
#4371 = LINE('',#4372,#4373);
#4372 = CARTESIAN_POINT('',(0.,0.));
#4373 = VECTOR('',#4374,1.);
#4374 = DIRECTION('',(1.,0.));
#4375 = ( GEOMETRIC_REPRESENTATION_CONTEXT(2) 
PARAMETRIC_REPRESENTATION_CONTEXT() REPRESENTATION_CONTEXT('2D SPACE',''
  ) );
#4376 = ORIENTED_EDGE('',*,*,#4377,.T.);
#4377 = EDGE_CURVE('',#4350,#4292,#4378,.T.);
#4378 = SURFACE_CURVE('',#4379,(#4383,#4390),.PCURVE_S1.);
#4379 = LINE('',#4380,#4381);
#4380 = CARTESIAN_POINT('',(86.,23.,-3.));
#4381 = VECTOR('',#4382,1.);
#4382 = DIRECTION('',(-1.,0.,0.));
#4383 = PCURVE('',#126,#4384);
#4384 = DEFINITIONAL_REPRESENTATION('',(#4385),#4389);
#4385 = LINE('',#4386,#4387);
#4386 = CARTESIAN_POINT('',(86.,23.));
#4387 = VECTOR('',#4388,1.);
#4388 = DIRECTION('',(-1.,0.));
#4389 = ( GEOMETRIC_REPRESENTATION_CONTEXT(2) 
PARAMETRIC_REPRESENTATION_CONTEXT() REPRESENTATION_CONTEXT('2D SPACE',''
  ) );
#4390 = PCURVE('',#4391,#4396);
#4391 = PLANE('',#4392);
#4392 = AXIS2_PLACEMENT_3D('',#4393,#4394,#4395);
#4393 = CARTESIAN_POINT('',(86.,23.,-3.));
#4394 = DIRECTION('',(0.,-1.,0.));
#4395 = DIRECTION('',(-1.,0.,0.));
#4396 = DEFINITIONAL_REPRESENTATION('',(#4397),#4401);
#4397 = LINE('',#4398,#4399);
#4398 = CARTESIAN_POINT('',(0.,-0.));
#4399 = VECTOR('',#4400,1.);
#4400 = DIRECTION('',(1.,0.));
#4401 = ( GEOMETRIC_REPRESENTATION_CONTEXT(2) 
PARAMETRIC_REPRESENTATION_CONTEXT() REPRESENTATION_CONTEXT('2D SPACE',''
  ) );
#4402 = FACE_BOUND('',#4403,.F.);
#4403 = EDGE_LOOP('',(#4404,#4434,#4462,#4490));
#4404 = ORIENTED_EDGE('',*,*,#4405,.T.);
#4405 = EDGE_CURVE('',#4406,#4408,#4410,.T.);
#4406 = VERTEX_POINT('',#4407);
#4407 = CARTESIAN_POINT('',(-43.,1.,-3.));
#4408 = VERTEX_POINT('',#4409);
#4409 = CARTESIAN_POINT('',(-43.,21.,-3.));
#4410 = SURFACE_CURVE('',#4411,(#4415,#4422),.PCURVE_S1.);
#4411 = LINE('',#4412,#4413);
#4412 = CARTESIAN_POINT('',(-43.,-86.,-3.));
#4413 = VECTOR('',#4414,1.);
#4414 = DIRECTION('',(0.,1.,0.));
#4415 = PCURVE('',#126,#4416);
#4416 = DEFINITIONAL_REPRESENTATION('',(#4417),#4421);
#4417 = LINE('',#4418,#4419);
#4418 = CARTESIAN_POINT('',(-43.,-86.));
#4419 = VECTOR('',#4420,1.);
#4420 = DIRECTION('',(0.,1.));
#4421 = ( GEOMETRIC_REPRESENTATION_CONTEXT(2) 
PARAMETRIC_REPRESENTATION_CONTEXT() REPRESENTATION_CONTEXT('2D SPACE',''
  ) );
#4422 = PCURVE('',#4423,#4428);
#4423 = PLANE('',#4424);
#4424 = AXIS2_PLACEMENT_3D('',#4425,#4426,#4427);
#4425 = CARTESIAN_POINT('',(-43.,-86.,-3.));
#4426 = DIRECTION('',(-1.,0.,0.));
#4427 = DIRECTION('',(0.,1.,0.));
#4428 = DEFINITIONAL_REPRESENTATION('',(#4429),#4433);
#4429 = LINE('',#4430,#4431);
#4430 = CARTESIAN_POINT('',(0.,0.));
#4431 = VECTOR('',#4432,1.);
#4432 = DIRECTION('',(1.,0.));
#4433 = ( GEOMETRIC_REPRESENTATION_CONTEXT(2) 
PARAMETRIC_REPRESENTATION_CONTEXT() REPRESENTATION_CONTEXT('2D SPACE',''
  ) );
#4434 = ORIENTED_EDGE('',*,*,#4435,.T.);
#4435 = EDGE_CURVE('',#4408,#4436,#4438,.T.);
#4436 = VERTEX_POINT('',#4437);
#4437 = CARTESIAN_POINT('',(-23.,21.,-3.));
#4438 = SURFACE_CURVE('',#4439,(#4443,#4450),.PCURVE_S1.);
#4439 = LINE('',#4440,#4441);
#4440 = CARTESIAN_POINT('',(-86.,21.,-3.));
#4441 = VECTOR('',#4442,1.);
#4442 = DIRECTION('',(1.,0.,0.));
#4443 = PCURVE('',#126,#4444);
#4444 = DEFINITIONAL_REPRESENTATION('',(#4445),#4449);
#4445 = LINE('',#4446,#4447);
#4446 = CARTESIAN_POINT('',(-86.,21.));
#4447 = VECTOR('',#4448,1.);
#4448 = DIRECTION('',(1.,0.));
#4449 = ( GEOMETRIC_REPRESENTATION_CONTEXT(2) 
PARAMETRIC_REPRESENTATION_CONTEXT() REPRESENTATION_CONTEXT('2D SPACE',''
  ) );
#4450 = PCURVE('',#4451,#4456);
#4451 = PLANE('',#4452);
#4452 = AXIS2_PLACEMENT_3D('',#4453,#4454,#4455);
#4453 = CARTESIAN_POINT('',(-86.,21.,-3.));
#4454 = DIRECTION('',(0.,1.,0.));
#4455 = DIRECTION('',(1.,0.,0.));
#4456 = DEFINITIONAL_REPRESENTATION('',(#4457),#4461);
#4457 = LINE('',#4458,#4459);
#4458 = CARTESIAN_POINT('',(0.,0.));
#4459 = VECTOR('',#4460,1.);
#4460 = DIRECTION('',(1.,0.));
#4461 = ( GEOMETRIC_REPRESENTATION_CONTEXT(2) 
PARAMETRIC_REPRESENTATION_CONTEXT() REPRESENTATION_CONTEXT('2D SPACE',''
  ) );
#4462 = ORIENTED_EDGE('',*,*,#4463,.T.);
#4463 = EDGE_CURVE('',#4436,#4464,#4466,.T.);
#4464 = VERTEX_POINT('',#4465);
#4465 = CARTESIAN_POINT('',(-23.,1.,-3.));
#4466 = SURFACE_CURVE('',#4467,(#4471,#4478),.PCURVE_S1.);
#4467 = LINE('',#4468,#4469);
#4468 = CARTESIAN_POINT('',(-23.,86.,-3.));
#4469 = VECTOR('',#4470,1.);
#4470 = DIRECTION('',(0.,-1.,0.));
#4471 = PCURVE('',#126,#4472);
#4472 = DEFINITIONAL_REPRESENTATION('',(#4473),#4477);
#4473 = LINE('',#4474,#4475);
#4474 = CARTESIAN_POINT('',(-23.,86.));
#4475 = VECTOR('',#4476,1.);
#4476 = DIRECTION('',(0.,-1.));
#4477 = ( GEOMETRIC_REPRESENTATION_CONTEXT(2) 
PARAMETRIC_REPRESENTATION_CONTEXT() REPRESENTATION_CONTEXT('2D SPACE',''
  ) );
#4478 = PCURVE('',#4479,#4484);
#4479 = PLANE('',#4480);
#4480 = AXIS2_PLACEMENT_3D('',#4481,#4482,#4483);
#4481 = CARTESIAN_POINT('',(-23.,86.,-3.));
#4482 = DIRECTION('',(1.,0.,-0.));
#4483 = DIRECTION('',(0.,-1.,0.));
#4484 = DEFINITIONAL_REPRESENTATION('',(#4485),#4489);
#4485 = LINE('',#4486,#4487);
#4486 = CARTESIAN_POINT('',(0.,0.));
#4487 = VECTOR('',#4488,1.);
#4488 = DIRECTION('',(1.,0.));
#4489 = ( GEOMETRIC_REPRESENTATION_CONTEXT(2) 
PARAMETRIC_REPRESENTATION_CONTEXT() REPRESENTATION_CONTEXT('2D SPACE',''
  ) );
#4490 = ORIENTED_EDGE('',*,*,#4491,.T.);
#4491 = EDGE_CURVE('',#4464,#4406,#4492,.T.);
#4492 = SURFACE_CURVE('',#4493,(#4497,#4504),.PCURVE_S1.);
#4493 = LINE('',#4494,#4495);
#4494 = CARTESIAN_POINT('',(86.,1.,-3.));
#4495 = VECTOR('',#4496,1.);
#4496 = DIRECTION('',(-1.,0.,0.));
#4497 = PCURVE('',#126,#4498);
#4498 = DEFINITIONAL_REPRESENTATION('',(#4499),#4503);
#4499 = LINE('',#4500,#4501);
#4500 = CARTESIAN_POINT('',(86.,1.));
#4501 = VECTOR('',#4502,1.);
#4502 = DIRECTION('',(-1.,0.));
#4503 = ( GEOMETRIC_REPRESENTATION_CONTEXT(2) 
PARAMETRIC_REPRESENTATION_CONTEXT() REPRESENTATION_CONTEXT('2D SPACE',''
  ) );
#4504 = PCURVE('',#4505,#4510);
#4505 = PLANE('',#4506);
#4506 = AXIS2_PLACEMENT_3D('',#4507,#4508,#4509);
#4507 = CARTESIAN_POINT('',(86.,1.,-3.));
#4508 = DIRECTION('',(0.,-1.,0.));
#4509 = DIRECTION('',(-1.,0.,0.));
#4510 = DEFINITIONAL_REPRESENTATION('',(#4511),#4515);
#4511 = LINE('',#4512,#4513);
#4512 = CARTESIAN_POINT('',(0.,-0.));
#4513 = VECTOR('',#4514,1.);
#4514 = DIRECTION('',(1.,0.));
#4515 = ( GEOMETRIC_REPRESENTATION_CONTEXT(2) 
PARAMETRIC_REPRESENTATION_CONTEXT() REPRESENTATION_CONTEXT('2D SPACE',''
  ) );
#4516 = FACE_BOUND('',#4517,.F.);
#4517 = EDGE_LOOP('',(#4518,#4548,#4576,#4604));
#4518 = ORIENTED_EDGE('',*,*,#4519,.T.);
#4519 = EDGE_CURVE('',#4520,#4522,#4524,.T.);
#4520 = VERTEX_POINT('',#4521);
#4521 = CARTESIAN_POINT('',(-21.,1.,-3.));
#4522 = VERTEX_POINT('',#4523);
#4523 = CARTESIAN_POINT('',(-21.,21.,-3.));
#4524 = SURFACE_CURVE('',#4525,(#4529,#4536),.PCURVE_S1.);
#4525 = LINE('',#4526,#4527);
#4526 = CARTESIAN_POINT('',(-21.,-86.,-3.));
#4527 = VECTOR('',#4528,1.);
#4528 = DIRECTION('',(0.,1.,0.));
#4529 = PCURVE('',#126,#4530);
#4530 = DEFINITIONAL_REPRESENTATION('',(#4531),#4535);
#4531 = LINE('',#4532,#4533);
#4532 = CARTESIAN_POINT('',(-21.,-86.));
#4533 = VECTOR('',#4534,1.);
#4534 = DIRECTION('',(0.,1.));
#4535 = ( GEOMETRIC_REPRESENTATION_CONTEXT(2) 
PARAMETRIC_REPRESENTATION_CONTEXT() REPRESENTATION_CONTEXT('2D SPACE',''
  ) );
#4536 = PCURVE('',#4537,#4542);
#4537 = PLANE('',#4538);
#4538 = AXIS2_PLACEMENT_3D('',#4539,#4540,#4541);
#4539 = CARTESIAN_POINT('',(-21.,-86.,-3.));
#4540 = DIRECTION('',(-1.,0.,0.));
#4541 = DIRECTION('',(0.,1.,0.));
#4542 = DEFINITIONAL_REPRESENTATION('',(#4543),#4547);
#4543 = LINE('',#4544,#4545);
#4544 = CARTESIAN_POINT('',(0.,0.));
#4545 = VECTOR('',#4546,1.);
#4546 = DIRECTION('',(1.,0.));
#4547 = ( GEOMETRIC_REPRESENTATION_CONTEXT(2) 
PARAMETRIC_REPRESENTATION_CONTEXT() REPRESENTATION_CONTEXT('2D SPACE',''
  ) );
#4548 = ORIENTED_EDGE('',*,*,#4549,.T.);
#4549 = EDGE_CURVE('',#4522,#4550,#4552,.T.);
#4550 = VERTEX_POINT('',#4551);
#4551 = CARTESIAN_POINT('',(-1.,21.,-3.));
#4552 = SURFACE_CURVE('',#4553,(#4557,#4564),.PCURVE_S1.);
#4553 = LINE('',#4554,#4555);
#4554 = CARTESIAN_POINT('',(-86.,21.,-3.));
#4555 = VECTOR('',#4556,1.);
#4556 = DIRECTION('',(1.,0.,0.));
#4557 = PCURVE('',#126,#4558);
#4558 = DEFINITIONAL_REPRESENTATION('',(#4559),#4563);
#4559 = LINE('',#4560,#4561);
#4560 = CARTESIAN_POINT('',(-86.,21.));
#4561 = VECTOR('',#4562,1.);
#4562 = DIRECTION('',(1.,0.));
#4563 = ( GEOMETRIC_REPRESENTATION_CONTEXT(2) 
PARAMETRIC_REPRESENTATION_CONTEXT() REPRESENTATION_CONTEXT('2D SPACE',''
  ) );
#4564 = PCURVE('',#4565,#4570);
#4565 = PLANE('',#4566);
#4566 = AXIS2_PLACEMENT_3D('',#4567,#4568,#4569);
#4567 = CARTESIAN_POINT('',(-86.,21.,-3.));
#4568 = DIRECTION('',(0.,1.,0.));
#4569 = DIRECTION('',(1.,0.,0.));
#4570 = DEFINITIONAL_REPRESENTATION('',(#4571),#4575);
#4571 = LINE('',#4572,#4573);
#4572 = CARTESIAN_POINT('',(0.,0.));
#4573 = VECTOR('',#4574,1.);
#4574 = DIRECTION('',(1.,0.));
#4575 = ( GEOMETRIC_REPRESENTATION_CONTEXT(2) 
PARAMETRIC_REPRESENTATION_CONTEXT() REPRESENTATION_CONTEXT('2D SPACE',''
  ) );
#4576 = ORIENTED_EDGE('',*,*,#4577,.T.);
#4577 = EDGE_CURVE('',#4550,#4578,#4580,.T.);
#4578 = VERTEX_POINT('',#4579);
#4579 = CARTESIAN_POINT('',(-1.,1.,-3.));
#4580 = SURFACE_CURVE('',#4581,(#4585,#4592),.PCURVE_S1.);
#4581 = LINE('',#4582,#4583);
#4582 = CARTESIAN_POINT('',(-1.,86.,-3.));
#4583 = VECTOR('',#4584,1.);
#4584 = DIRECTION('',(0.,-1.,0.));
#4585 = PCURVE('',#126,#4586);
#4586 = DEFINITIONAL_REPRESENTATION('',(#4587),#4591);
#4587 = LINE('',#4588,#4589);
#4588 = CARTESIAN_POINT('',(-1.,86.));
#4589 = VECTOR('',#4590,1.);
#4590 = DIRECTION('',(0.,-1.));
#4591 = ( GEOMETRIC_REPRESENTATION_CONTEXT(2) 
PARAMETRIC_REPRESENTATION_CONTEXT() REPRESENTATION_CONTEXT('2D SPACE',''
  ) );
#4592 = PCURVE('',#4593,#4598);
#4593 = PLANE('',#4594);
#4594 = AXIS2_PLACEMENT_3D('',#4595,#4596,#4597);
#4595 = CARTESIAN_POINT('',(-1.,86.,-3.));
#4596 = DIRECTION('',(1.,0.,-0.));
#4597 = DIRECTION('',(0.,-1.,0.));
#4598 = DEFINITIONAL_REPRESENTATION('',(#4599),#4603);
#4599 = LINE('',#4600,#4601);
#4600 = CARTESIAN_POINT('',(0.,0.));
#4601 = VECTOR('',#4602,1.);
#4602 = DIRECTION('',(1.,0.));
#4603 = ( GEOMETRIC_REPRESENTATION_CONTEXT(2) 
PARAMETRIC_REPRESENTATION_CONTEXT() REPRESENTATION_CONTEXT('2D SPACE',''
  ) );
#4604 = ORIENTED_EDGE('',*,*,#4605,.T.);
#4605 = EDGE_CURVE('',#4578,#4520,#4606,.T.);
#4606 = SURFACE_CURVE('',#4607,(#4611,#4618),.PCURVE_S1.);
#4607 = LINE('',#4608,#4609);
#4608 = CARTESIAN_POINT('',(86.,1.,-3.));
#4609 = VECTOR('',#4610,1.);
#4610 = DIRECTION('',(-1.,0.,0.));
#4611 = PCURVE('',#126,#4612);
#4612 = DEFINITIONAL_REPRESENTATION('',(#4613),#4617);
#4613 = LINE('',#4614,#4615);
#4614 = CARTESIAN_POINT('',(86.,1.));
#4615 = VECTOR('',#4616,1.);
#4616 = DIRECTION('',(-1.,0.));
#4617 = ( GEOMETRIC_REPRESENTATION_CONTEXT(2) 
PARAMETRIC_REPRESENTATION_CONTEXT() REPRESENTATION_CONTEXT('2D SPACE',''
  ) );
#4618 = PCURVE('',#4619,#4624);
#4619 = PLANE('',#4620);
#4620 = AXIS2_PLACEMENT_3D('',#4621,#4622,#4623);
#4621 = CARTESIAN_POINT('',(86.,1.,-3.));
#4622 = DIRECTION('',(0.,-1.,0.));
#4623 = DIRECTION('',(-1.,0.,0.));
#4624 = DEFINITIONAL_REPRESENTATION('',(#4625),#4629);
#4625 = LINE('',#4626,#4627);
#4626 = CARTESIAN_POINT('',(0.,-0.));
#4627 = VECTOR('',#4628,1.);
#4628 = DIRECTION('',(1.,0.));
#4629 = ( GEOMETRIC_REPRESENTATION_CONTEXT(2) 
PARAMETRIC_REPRESENTATION_CONTEXT() REPRESENTATION_CONTEXT('2D SPACE',''
  ) );
#4630 = FACE_BOUND('',#4631,.F.);
#4631 = EDGE_LOOP('',(#4632,#4662,#4690,#4718));
#4632 = ORIENTED_EDGE('',*,*,#4633,.T.);
#4633 = EDGE_CURVE('',#4634,#4636,#4638,.T.);
#4634 = VERTEX_POINT('',#4635);
#4635 = CARTESIAN_POINT('',(-43.,23.,-3.));
#4636 = VERTEX_POINT('',#4637);
#4637 = CARTESIAN_POINT('',(-43.,43.,-3.));
#4638 = SURFACE_CURVE('',#4639,(#4643,#4650),.PCURVE_S1.);
#4639 = LINE('',#4640,#4641);
#4640 = CARTESIAN_POINT('',(-43.,-86.,-3.));
#4641 = VECTOR('',#4642,1.);
#4642 = DIRECTION('',(0.,1.,0.));
#4643 = PCURVE('',#126,#4644);
#4644 = DEFINITIONAL_REPRESENTATION('',(#4645),#4649);
#4645 = LINE('',#4646,#4647);
#4646 = CARTESIAN_POINT('',(-43.,-86.));
#4647 = VECTOR('',#4648,1.);
#4648 = DIRECTION('',(0.,1.));
#4649 = ( GEOMETRIC_REPRESENTATION_CONTEXT(2) 
PARAMETRIC_REPRESENTATION_CONTEXT() REPRESENTATION_CONTEXT('2D SPACE',''
  ) );
#4650 = PCURVE('',#4651,#4656);
#4651 = PLANE('',#4652);
#4652 = AXIS2_PLACEMENT_3D('',#4653,#4654,#4655);
#4653 = CARTESIAN_POINT('',(-43.,-86.,-3.));
#4654 = DIRECTION('',(-1.,0.,0.));
#4655 = DIRECTION('',(0.,1.,0.));
#4656 = DEFINITIONAL_REPRESENTATION('',(#4657),#4661);
#4657 = LINE('',#4658,#4659);
#4658 = CARTESIAN_POINT('',(0.,0.));
#4659 = VECTOR('',#4660,1.);
#4660 = DIRECTION('',(1.,0.));
#4661 = ( GEOMETRIC_REPRESENTATION_CONTEXT(2) 
PARAMETRIC_REPRESENTATION_CONTEXT() REPRESENTATION_CONTEXT('2D SPACE',''
  ) );
#4662 = ORIENTED_EDGE('',*,*,#4663,.T.);
#4663 = EDGE_CURVE('',#4636,#4664,#4666,.T.);
#4664 = VERTEX_POINT('',#4665);
#4665 = CARTESIAN_POINT('',(-23.,43.,-3.));
#4666 = SURFACE_CURVE('',#4667,(#4671,#4678),.PCURVE_S1.);
#4667 = LINE('',#4668,#4669);
#4668 = CARTESIAN_POINT('',(-86.,43.,-3.));
#4669 = VECTOR('',#4670,1.);
#4670 = DIRECTION('',(1.,0.,0.));
#4671 = PCURVE('',#126,#4672);
#4672 = DEFINITIONAL_REPRESENTATION('',(#4673),#4677);
#4673 = LINE('',#4674,#4675);
#4674 = CARTESIAN_POINT('',(-86.,43.));
#4675 = VECTOR('',#4676,1.);
#4676 = DIRECTION('',(1.,0.));
#4677 = ( GEOMETRIC_REPRESENTATION_CONTEXT(2) 
PARAMETRIC_REPRESENTATION_CONTEXT() REPRESENTATION_CONTEXT('2D SPACE',''
  ) );
#4678 = PCURVE('',#4679,#4684);
#4679 = PLANE('',#4680);
#4680 = AXIS2_PLACEMENT_3D('',#4681,#4682,#4683);
#4681 = CARTESIAN_POINT('',(-86.,43.,-3.));
#4682 = DIRECTION('',(0.,1.,0.));
#4683 = DIRECTION('',(1.,0.,0.));
#4684 = DEFINITIONAL_REPRESENTATION('',(#4685),#4689);
#4685 = LINE('',#4686,#4687);
#4686 = CARTESIAN_POINT('',(0.,0.));
#4687 = VECTOR('',#4688,1.);
#4688 = DIRECTION('',(1.,0.));
#4689 = ( GEOMETRIC_REPRESENTATION_CONTEXT(2) 
PARAMETRIC_REPRESENTATION_CONTEXT() REPRESENTATION_CONTEXT('2D SPACE',''
  ) );
#4690 = ORIENTED_EDGE('',*,*,#4691,.T.);
#4691 = EDGE_CURVE('',#4664,#4692,#4694,.T.);
#4692 = VERTEX_POINT('',#4693);
#4693 = CARTESIAN_POINT('',(-23.,23.,-3.));
#4694 = SURFACE_CURVE('',#4695,(#4699,#4706),.PCURVE_S1.);
#4695 = LINE('',#4696,#4697);
#4696 = CARTESIAN_POINT('',(-23.,86.,-3.));
#4697 = VECTOR('',#4698,1.);
#4698 = DIRECTION('',(0.,-1.,0.));
#4699 = PCURVE('',#126,#4700);
#4700 = DEFINITIONAL_REPRESENTATION('',(#4701),#4705);
#4701 = LINE('',#4702,#4703);
#4702 = CARTESIAN_POINT('',(-23.,86.));
#4703 = VECTOR('',#4704,1.);
#4704 = DIRECTION('',(0.,-1.));
#4705 = ( GEOMETRIC_REPRESENTATION_CONTEXT(2) 
PARAMETRIC_REPRESENTATION_CONTEXT() REPRESENTATION_CONTEXT('2D SPACE',''
  ) );
#4706 = PCURVE('',#4707,#4712);
#4707 = PLANE('',#4708);
#4708 = AXIS2_PLACEMENT_3D('',#4709,#4710,#4711);
#4709 = CARTESIAN_POINT('',(-23.,86.,-3.));
#4710 = DIRECTION('',(1.,0.,-0.));
#4711 = DIRECTION('',(0.,-1.,0.));
#4712 = DEFINITIONAL_REPRESENTATION('',(#4713),#4717);
#4713 = LINE('',#4714,#4715);
#4714 = CARTESIAN_POINT('',(0.,0.));
#4715 = VECTOR('',#4716,1.);
#4716 = DIRECTION('',(1.,0.));
#4717 = ( GEOMETRIC_REPRESENTATION_CONTEXT(2) 
PARAMETRIC_REPRESENTATION_CONTEXT() REPRESENTATION_CONTEXT('2D SPACE',''
  ) );
#4718 = ORIENTED_EDGE('',*,*,#4719,.T.);
#4719 = EDGE_CURVE('',#4692,#4634,#4720,.T.);
#4720 = SURFACE_CURVE('',#4721,(#4725,#4732),.PCURVE_S1.);
#4721 = LINE('',#4722,#4723);
#4722 = CARTESIAN_POINT('',(86.,23.,-3.));
#4723 = VECTOR('',#4724,1.);
#4724 = DIRECTION('',(-1.,0.,0.));
#4725 = PCURVE('',#126,#4726);
#4726 = DEFINITIONAL_REPRESENTATION('',(#4727),#4731);
#4727 = LINE('',#4728,#4729);
#4728 = CARTESIAN_POINT('',(86.,23.));
#4729 = VECTOR('',#4730,1.);
#4730 = DIRECTION('',(-1.,0.));
#4731 = ( GEOMETRIC_REPRESENTATION_CONTEXT(2) 
PARAMETRIC_REPRESENTATION_CONTEXT() REPRESENTATION_CONTEXT('2D SPACE',''
  ) );
#4732 = PCURVE('',#4733,#4738);
#4733 = PLANE('',#4734);
#4734 = AXIS2_PLACEMENT_3D('',#4735,#4736,#4737);
#4735 = CARTESIAN_POINT('',(86.,23.,-3.));
#4736 = DIRECTION('',(0.,-1.,0.));
#4737 = DIRECTION('',(-1.,0.,0.));
#4738 = DEFINITIONAL_REPRESENTATION('',(#4739),#4743);
#4739 = LINE('',#4740,#4741);
#4740 = CARTESIAN_POINT('',(0.,-0.));
#4741 = VECTOR('',#4742,1.);
#4742 = DIRECTION('',(1.,0.));
#4743 = ( GEOMETRIC_REPRESENTATION_CONTEXT(2) 
PARAMETRIC_REPRESENTATION_CONTEXT() REPRESENTATION_CONTEXT('2D SPACE',''
  ) );
#4744 = FACE_BOUND('',#4745,.F.);
#4745 = EDGE_LOOP('',(#4746,#4776,#4804,#4832));
#4746 = ORIENTED_EDGE('',*,*,#4747,.T.);
#4747 = EDGE_CURVE('',#4748,#4750,#4752,.T.);
#4748 = VERTEX_POINT('',#4749);
#4749 = CARTESIAN_POINT('',(-21.,23.,-3.));
#4750 = VERTEX_POINT('',#4751);
#4751 = CARTESIAN_POINT('',(-21.,43.,-3.));
#4752 = SURFACE_CURVE('',#4753,(#4757,#4764),.PCURVE_S1.);
#4753 = LINE('',#4754,#4755);
#4754 = CARTESIAN_POINT('',(-21.,-86.,-3.));
#4755 = VECTOR('',#4756,1.);
#4756 = DIRECTION('',(0.,1.,0.));
#4757 = PCURVE('',#126,#4758);
#4758 = DEFINITIONAL_REPRESENTATION('',(#4759),#4763);
#4759 = LINE('',#4760,#4761);
#4760 = CARTESIAN_POINT('',(-21.,-86.));
#4761 = VECTOR('',#4762,1.);
#4762 = DIRECTION('',(0.,1.));
#4763 = ( GEOMETRIC_REPRESENTATION_CONTEXT(2) 
PARAMETRIC_REPRESENTATION_CONTEXT() REPRESENTATION_CONTEXT('2D SPACE',''
  ) );
#4764 = PCURVE('',#4765,#4770);
#4765 = PLANE('',#4766);
#4766 = AXIS2_PLACEMENT_3D('',#4767,#4768,#4769);
#4767 = CARTESIAN_POINT('',(-21.,-86.,-3.));
#4768 = DIRECTION('',(-1.,0.,0.));
#4769 = DIRECTION('',(0.,1.,0.));
#4770 = DEFINITIONAL_REPRESENTATION('',(#4771),#4775);
#4771 = LINE('',#4772,#4773);
#4772 = CARTESIAN_POINT('',(0.,0.));
#4773 = VECTOR('',#4774,1.);
#4774 = DIRECTION('',(1.,0.));
#4775 = ( GEOMETRIC_REPRESENTATION_CONTEXT(2) 
PARAMETRIC_REPRESENTATION_CONTEXT() REPRESENTATION_CONTEXT('2D SPACE',''
  ) );
#4776 = ORIENTED_EDGE('',*,*,#4777,.T.);
#4777 = EDGE_CURVE('',#4750,#4778,#4780,.T.);
#4778 = VERTEX_POINT('',#4779);
#4779 = CARTESIAN_POINT('',(-1.,43.,-3.));
#4780 = SURFACE_CURVE('',#4781,(#4785,#4792),.PCURVE_S1.);
#4781 = LINE('',#4782,#4783);
#4782 = CARTESIAN_POINT('',(-86.,43.,-3.));
#4783 = VECTOR('',#4784,1.);
#4784 = DIRECTION('',(1.,0.,0.));
#4785 = PCURVE('',#126,#4786);
#4786 = DEFINITIONAL_REPRESENTATION('',(#4787),#4791);
#4787 = LINE('',#4788,#4789);
#4788 = CARTESIAN_POINT('',(-86.,43.));
#4789 = VECTOR('',#4790,1.);
#4790 = DIRECTION('',(1.,0.));
#4791 = ( GEOMETRIC_REPRESENTATION_CONTEXT(2) 
PARAMETRIC_REPRESENTATION_CONTEXT() REPRESENTATION_CONTEXT('2D SPACE',''
  ) );
#4792 = PCURVE('',#4793,#4798);
#4793 = PLANE('',#4794);
#4794 = AXIS2_PLACEMENT_3D('',#4795,#4796,#4797);
#4795 = CARTESIAN_POINT('',(-86.,43.,-3.));
#4796 = DIRECTION('',(0.,1.,0.));
#4797 = DIRECTION('',(1.,0.,0.));
#4798 = DEFINITIONAL_REPRESENTATION('',(#4799),#4803);
#4799 = LINE('',#4800,#4801);
#4800 = CARTESIAN_POINT('',(0.,0.));
#4801 = VECTOR('',#4802,1.);
#4802 = DIRECTION('',(1.,0.));
#4803 = ( GEOMETRIC_REPRESENTATION_CONTEXT(2) 
PARAMETRIC_REPRESENTATION_CONTEXT() REPRESENTATION_CONTEXT('2D SPACE',''
  ) );
#4804 = ORIENTED_EDGE('',*,*,#4805,.T.);
#4805 = EDGE_CURVE('',#4778,#4806,#4808,.T.);
#4806 = VERTEX_POINT('',#4807);
#4807 = CARTESIAN_POINT('',(-1.,23.,-3.));
#4808 = SURFACE_CURVE('',#4809,(#4813,#4820),.PCURVE_S1.);
#4809 = LINE('',#4810,#4811);
#4810 = CARTESIAN_POINT('',(-1.,86.,-3.));
#4811 = VECTOR('',#4812,1.);
#4812 = DIRECTION('',(0.,-1.,0.));
#4813 = PCURVE('',#126,#4814);
#4814 = DEFINITIONAL_REPRESENTATION('',(#4815),#4819);
#4815 = LINE('',#4816,#4817);
#4816 = CARTESIAN_POINT('',(-1.,86.));
#4817 = VECTOR('',#4818,1.);
#4818 = DIRECTION('',(0.,-1.));
#4819 = ( GEOMETRIC_REPRESENTATION_CONTEXT(2) 
PARAMETRIC_REPRESENTATION_CONTEXT() REPRESENTATION_CONTEXT('2D SPACE',''
  ) );
#4820 = PCURVE('',#4821,#4826);
#4821 = PLANE('',#4822);
#4822 = AXIS2_PLACEMENT_3D('',#4823,#4824,#4825);
#4823 = CARTESIAN_POINT('',(-1.,86.,-3.));
#4824 = DIRECTION('',(1.,0.,-0.));
#4825 = DIRECTION('',(0.,-1.,0.));
#4826 = DEFINITIONAL_REPRESENTATION('',(#4827),#4831);
#4827 = LINE('',#4828,#4829);
#4828 = CARTESIAN_POINT('',(0.,0.));
#4829 = VECTOR('',#4830,1.);
#4830 = DIRECTION('',(1.,0.));
#4831 = ( GEOMETRIC_REPRESENTATION_CONTEXT(2) 
PARAMETRIC_REPRESENTATION_CONTEXT() REPRESENTATION_CONTEXT('2D SPACE',''
  ) );
#4832 = ORIENTED_EDGE('',*,*,#4833,.T.);
#4833 = EDGE_CURVE('',#4806,#4748,#4834,.T.);
#4834 = SURFACE_CURVE('',#4835,(#4839,#4846),.PCURVE_S1.);
#4835 = LINE('',#4836,#4837);
#4836 = CARTESIAN_POINT('',(86.,23.,-3.));
#4837 = VECTOR('',#4838,1.);
#4838 = DIRECTION('',(-1.,0.,0.));
#4839 = PCURVE('',#126,#4840);
#4840 = DEFINITIONAL_REPRESENTATION('',(#4841),#4845);
#4841 = LINE('',#4842,#4843);
#4842 = CARTESIAN_POINT('',(86.,23.));
#4843 = VECTOR('',#4844,1.);
#4844 = DIRECTION('',(-1.,0.));
#4845 = ( GEOMETRIC_REPRESENTATION_CONTEXT(2) 
PARAMETRIC_REPRESENTATION_CONTEXT() REPRESENTATION_CONTEXT('2D SPACE',''
  ) );
#4846 = PCURVE('',#4847,#4852);
#4847 = PLANE('',#4848);
#4848 = AXIS2_PLACEMENT_3D('',#4849,#4850,#4851);
#4849 = CARTESIAN_POINT('',(86.,23.,-3.));
#4850 = DIRECTION('',(0.,-1.,0.));
#4851 = DIRECTION('',(-1.,0.,0.));
#4852 = DEFINITIONAL_REPRESENTATION('',(#4853),#4857);
#4853 = LINE('',#4854,#4855);
#4854 = CARTESIAN_POINT('',(0.,-0.));
#4855 = VECTOR('',#4856,1.);
#4856 = DIRECTION('',(1.,0.));
#4857 = ( GEOMETRIC_REPRESENTATION_CONTEXT(2) 
PARAMETRIC_REPRESENTATION_CONTEXT() REPRESENTATION_CONTEXT('2D SPACE',''
  ) );
#4858 = FACE_BOUND('',#4859,.F.);
#4859 = EDGE_LOOP('',(#4860,#4885,#4913,#4941));
#4860 = ORIENTED_EDGE('',*,*,#4861,.F.);
#4861 = EDGE_CURVE('',#4862,#4864,#4866,.T.);
#4862 = VERTEX_POINT('',#4863);
#4863 = CARTESIAN_POINT('',(-86.,65.,-3.));
#4864 = VERTEX_POINT('',#4865);
#4865 = CARTESIAN_POINT('',(-86.,45.,-3.));
#4866 = SURFACE_CURVE('',#4867,(#4871,#4878),.PCURVE_S1.);
#4867 = LINE('',#4868,#4869);
#4868 = CARTESIAN_POINT('',(-86.,86.,-3.));
#4869 = VECTOR('',#4870,1.);
#4870 = DIRECTION('',(0.,-1.,0.));
#4871 = PCURVE('',#126,#4872);
#4872 = DEFINITIONAL_REPRESENTATION('',(#4873),#4877);
#4873 = LINE('',#4874,#4875);
#4874 = CARTESIAN_POINT('',(-86.,86.));
#4875 = VECTOR('',#4876,1.);
#4876 = DIRECTION('',(0.,-1.));
#4877 = ( GEOMETRIC_REPRESENTATION_CONTEXT(2) 
PARAMETRIC_REPRESENTATION_CONTEXT() REPRESENTATION_CONTEXT('2D SPACE',''
  ) );
#4878 = PCURVE('',#391,#4879);
#4879 = DEFINITIONAL_REPRESENTATION('',(#4880),#4884);
#4880 = LINE('',#4881,#4882);
#4881 = CARTESIAN_POINT('',(0.,0.));
#4882 = VECTOR('',#4883,1.);
#4883 = DIRECTION('',(1.,0.));
#4884 = ( GEOMETRIC_REPRESENTATION_CONTEXT(2) 
PARAMETRIC_REPRESENTATION_CONTEXT() REPRESENTATION_CONTEXT('2D SPACE',''
  ) );
#4885 = ORIENTED_EDGE('',*,*,#4886,.T.);
#4886 = EDGE_CURVE('',#4862,#4887,#4889,.T.);
#4887 = VERTEX_POINT('',#4888);
#4888 = CARTESIAN_POINT('',(-67.,65.,-3.));
#4889 = SURFACE_CURVE('',#4890,(#4894,#4901),.PCURVE_S1.);
#4890 = LINE('',#4891,#4892);
#4891 = CARTESIAN_POINT('',(-86.,65.,-3.));
#4892 = VECTOR('',#4893,1.);
#4893 = DIRECTION('',(1.,0.,0.));
#4894 = PCURVE('',#126,#4895);
#4895 = DEFINITIONAL_REPRESENTATION('',(#4896),#4900);
#4896 = LINE('',#4897,#4898);
#4897 = CARTESIAN_POINT('',(-86.,65.));
#4898 = VECTOR('',#4899,1.);
#4899 = DIRECTION('',(1.,0.));
#4900 = ( GEOMETRIC_REPRESENTATION_CONTEXT(2) 
PARAMETRIC_REPRESENTATION_CONTEXT() REPRESENTATION_CONTEXT('2D SPACE',''
  ) );
#4901 = PCURVE('',#4902,#4907);
#4902 = PLANE('',#4903);
#4903 = AXIS2_PLACEMENT_3D('',#4904,#4905,#4906);
#4904 = CARTESIAN_POINT('',(-86.,65.,-3.));
#4905 = DIRECTION('',(0.,1.,0.));
#4906 = DIRECTION('',(1.,0.,0.));
#4907 = DEFINITIONAL_REPRESENTATION('',(#4908),#4912);
#4908 = LINE('',#4909,#4910);
#4909 = CARTESIAN_POINT('',(0.,0.));
#4910 = VECTOR('',#4911,1.);
#4911 = DIRECTION('',(1.,0.));
#4912 = ( GEOMETRIC_REPRESENTATION_CONTEXT(2) 
PARAMETRIC_REPRESENTATION_CONTEXT() REPRESENTATION_CONTEXT('2D SPACE',''
  ) );
#4913 = ORIENTED_EDGE('',*,*,#4914,.T.);
#4914 = EDGE_CURVE('',#4887,#4915,#4917,.T.);
#4915 = VERTEX_POINT('',#4916);
#4916 = CARTESIAN_POINT('',(-67.,45.,-3.));
#4917 = SURFACE_CURVE('',#4918,(#4922,#4929),.PCURVE_S1.);
#4918 = LINE('',#4919,#4920);
#4919 = CARTESIAN_POINT('',(-67.,86.,-3.));
#4920 = VECTOR('',#4921,1.);
#4921 = DIRECTION('',(0.,-1.,0.));
#4922 = PCURVE('',#126,#4923);
#4923 = DEFINITIONAL_REPRESENTATION('',(#4924),#4928);
#4924 = LINE('',#4925,#4926);
#4925 = CARTESIAN_POINT('',(-67.,86.));
#4926 = VECTOR('',#4927,1.);
#4927 = DIRECTION('',(0.,-1.));
#4928 = ( GEOMETRIC_REPRESENTATION_CONTEXT(2) 
PARAMETRIC_REPRESENTATION_CONTEXT() REPRESENTATION_CONTEXT('2D SPACE',''
  ) );
#4929 = PCURVE('',#4930,#4935);
#4930 = PLANE('',#4931);
#4931 = AXIS2_PLACEMENT_3D('',#4932,#4933,#4934);
#4932 = CARTESIAN_POINT('',(-67.,86.,-3.));
#4933 = DIRECTION('',(1.,0.,-0.));
#4934 = DIRECTION('',(0.,-1.,0.));
#4935 = DEFINITIONAL_REPRESENTATION('',(#4936),#4940);
#4936 = LINE('',#4937,#4938);
#4937 = CARTESIAN_POINT('',(0.,0.));
#4938 = VECTOR('',#4939,1.);
#4939 = DIRECTION('',(1.,0.));
#4940 = ( GEOMETRIC_REPRESENTATION_CONTEXT(2) 
PARAMETRIC_REPRESENTATION_CONTEXT() REPRESENTATION_CONTEXT('2D SPACE',''
  ) );
#4941 = ORIENTED_EDGE('',*,*,#4942,.T.);
#4942 = EDGE_CURVE('',#4915,#4864,#4943,.T.);
#4943 = SURFACE_CURVE('',#4944,(#4948,#4955),.PCURVE_S1.);
#4944 = LINE('',#4945,#4946);
#4945 = CARTESIAN_POINT('',(86.,45.,-3.));
#4946 = VECTOR('',#4947,1.);
#4947 = DIRECTION('',(-1.,0.,0.));
#4948 = PCURVE('',#126,#4949);
#4949 = DEFINITIONAL_REPRESENTATION('',(#4950),#4954);
#4950 = LINE('',#4951,#4952);
#4951 = CARTESIAN_POINT('',(86.,45.));
#4952 = VECTOR('',#4953,1.);
#4953 = DIRECTION('',(-1.,0.));
#4954 = ( GEOMETRIC_REPRESENTATION_CONTEXT(2) 
PARAMETRIC_REPRESENTATION_CONTEXT() REPRESENTATION_CONTEXT('2D SPACE',''
  ) );
#4955 = PCURVE('',#4956,#4961);
#4956 = PLANE('',#4957);
#4957 = AXIS2_PLACEMENT_3D('',#4958,#4959,#4960);
#4958 = CARTESIAN_POINT('',(86.,45.,-3.));
#4959 = DIRECTION('',(0.,-1.,0.));
#4960 = DIRECTION('',(-1.,0.,0.));
#4961 = DEFINITIONAL_REPRESENTATION('',(#4962),#4966);
#4962 = LINE('',#4963,#4964);
#4963 = CARTESIAN_POINT('',(0.,-0.));
#4964 = VECTOR('',#4965,1.);
#4965 = DIRECTION('',(1.,0.));
#4966 = ( GEOMETRIC_REPRESENTATION_CONTEXT(2) 
PARAMETRIC_REPRESENTATION_CONTEXT() REPRESENTATION_CONTEXT('2D SPACE',''
  ) );
#4967 = FACE_BOUND('',#4968,.F.);
#4968 = EDGE_LOOP('',(#4969,#4999,#5027,#5055));
#4969 = ORIENTED_EDGE('',*,*,#4970,.T.);
#4970 = EDGE_CURVE('',#4971,#4973,#4975,.T.);
#4971 = VERTEX_POINT('',#4972);
#4972 = CARTESIAN_POINT('',(-65.,45.,-3.));
#4973 = VERTEX_POINT('',#4974);
#4974 = CARTESIAN_POINT('',(-65.,65.,-3.));
#4975 = SURFACE_CURVE('',#4976,(#4980,#4987),.PCURVE_S1.);
#4976 = LINE('',#4977,#4978);
#4977 = CARTESIAN_POINT('',(-65.,-86.,-3.));
#4978 = VECTOR('',#4979,1.);
#4979 = DIRECTION('',(0.,1.,0.));
#4980 = PCURVE('',#126,#4981);
#4981 = DEFINITIONAL_REPRESENTATION('',(#4982),#4986);
#4982 = LINE('',#4983,#4984);
#4983 = CARTESIAN_POINT('',(-65.,-86.));
#4984 = VECTOR('',#4985,1.);
#4985 = DIRECTION('',(0.,1.));
#4986 = ( GEOMETRIC_REPRESENTATION_CONTEXT(2) 
PARAMETRIC_REPRESENTATION_CONTEXT() REPRESENTATION_CONTEXT('2D SPACE',''
  ) );
#4987 = PCURVE('',#4988,#4993);
#4988 = PLANE('',#4989);
#4989 = AXIS2_PLACEMENT_3D('',#4990,#4991,#4992);
#4990 = CARTESIAN_POINT('',(-65.,-86.,-3.));
#4991 = DIRECTION('',(-1.,0.,0.));
#4992 = DIRECTION('',(0.,1.,0.));
#4993 = DEFINITIONAL_REPRESENTATION('',(#4994),#4998);
#4994 = LINE('',#4995,#4996);
#4995 = CARTESIAN_POINT('',(0.,0.));
#4996 = VECTOR('',#4997,1.);
#4997 = DIRECTION('',(1.,0.));
#4998 = ( GEOMETRIC_REPRESENTATION_CONTEXT(2) 
PARAMETRIC_REPRESENTATION_CONTEXT() REPRESENTATION_CONTEXT('2D SPACE',''
  ) );
#4999 = ORIENTED_EDGE('',*,*,#5000,.T.);
#5000 = EDGE_CURVE('',#4973,#5001,#5003,.T.);
#5001 = VERTEX_POINT('',#5002);
#5002 = CARTESIAN_POINT('',(-45.,65.,-3.));
#5003 = SURFACE_CURVE('',#5004,(#5008,#5015),.PCURVE_S1.);
#5004 = LINE('',#5005,#5006);
#5005 = CARTESIAN_POINT('',(-86.,65.,-3.));
#5006 = VECTOR('',#5007,1.);
#5007 = DIRECTION('',(1.,0.,0.));
#5008 = PCURVE('',#126,#5009);
#5009 = DEFINITIONAL_REPRESENTATION('',(#5010),#5014);
#5010 = LINE('',#5011,#5012);
#5011 = CARTESIAN_POINT('',(-86.,65.));
#5012 = VECTOR('',#5013,1.);
#5013 = DIRECTION('',(1.,0.));
#5014 = ( GEOMETRIC_REPRESENTATION_CONTEXT(2) 
PARAMETRIC_REPRESENTATION_CONTEXT() REPRESENTATION_CONTEXT('2D SPACE',''
  ) );
#5015 = PCURVE('',#5016,#5021);
#5016 = PLANE('',#5017);
#5017 = AXIS2_PLACEMENT_3D('',#5018,#5019,#5020);
#5018 = CARTESIAN_POINT('',(-86.,65.,-3.));
#5019 = DIRECTION('',(0.,1.,0.));
#5020 = DIRECTION('',(1.,0.,0.));
#5021 = DEFINITIONAL_REPRESENTATION('',(#5022),#5026);
#5022 = LINE('',#5023,#5024);
#5023 = CARTESIAN_POINT('',(0.,0.));
#5024 = VECTOR('',#5025,1.);
#5025 = DIRECTION('',(1.,0.));
#5026 = ( GEOMETRIC_REPRESENTATION_CONTEXT(2) 
PARAMETRIC_REPRESENTATION_CONTEXT() REPRESENTATION_CONTEXT('2D SPACE',''
  ) );
#5027 = ORIENTED_EDGE('',*,*,#5028,.T.);
#5028 = EDGE_CURVE('',#5001,#5029,#5031,.T.);
#5029 = VERTEX_POINT('',#5030);
#5030 = CARTESIAN_POINT('',(-45.,45.,-3.));
#5031 = SURFACE_CURVE('',#5032,(#5036,#5043),.PCURVE_S1.);
#5032 = LINE('',#5033,#5034);
#5033 = CARTESIAN_POINT('',(-45.,86.,-3.));
#5034 = VECTOR('',#5035,1.);
#5035 = DIRECTION('',(0.,-1.,0.));
#5036 = PCURVE('',#126,#5037);
#5037 = DEFINITIONAL_REPRESENTATION('',(#5038),#5042);
#5038 = LINE('',#5039,#5040);
#5039 = CARTESIAN_POINT('',(-45.,86.));
#5040 = VECTOR('',#5041,1.);
#5041 = DIRECTION('',(0.,-1.));
#5042 = ( GEOMETRIC_REPRESENTATION_CONTEXT(2) 
PARAMETRIC_REPRESENTATION_CONTEXT() REPRESENTATION_CONTEXT('2D SPACE',''
  ) );
#5043 = PCURVE('',#5044,#5049);
#5044 = PLANE('',#5045);
#5045 = AXIS2_PLACEMENT_3D('',#5046,#5047,#5048);
#5046 = CARTESIAN_POINT('',(-45.,86.,-3.));
#5047 = DIRECTION('',(1.,0.,-0.));
#5048 = DIRECTION('',(0.,-1.,0.));
#5049 = DEFINITIONAL_REPRESENTATION('',(#5050),#5054);
#5050 = LINE('',#5051,#5052);
#5051 = CARTESIAN_POINT('',(0.,0.));
#5052 = VECTOR('',#5053,1.);
#5053 = DIRECTION('',(1.,0.));
#5054 = ( GEOMETRIC_REPRESENTATION_CONTEXT(2) 
PARAMETRIC_REPRESENTATION_CONTEXT() REPRESENTATION_CONTEXT('2D SPACE',''
  ) );
#5055 = ORIENTED_EDGE('',*,*,#5056,.T.);
#5056 = EDGE_CURVE('',#5029,#4971,#5057,.T.);
#5057 = SURFACE_CURVE('',#5058,(#5062,#5069),.PCURVE_S1.);
#5058 = LINE('',#5059,#5060);
#5059 = CARTESIAN_POINT('',(86.,45.,-3.));
#5060 = VECTOR('',#5061,1.);
#5061 = DIRECTION('',(-1.,0.,0.));
#5062 = PCURVE('',#126,#5063);
#5063 = DEFINITIONAL_REPRESENTATION('',(#5064),#5068);
#5064 = LINE('',#5065,#5066);
#5065 = CARTESIAN_POINT('',(86.,45.));
#5066 = VECTOR('',#5067,1.);
#5067 = DIRECTION('',(-1.,0.));
#5068 = ( GEOMETRIC_REPRESENTATION_CONTEXT(2) 
PARAMETRIC_REPRESENTATION_CONTEXT() REPRESENTATION_CONTEXT('2D SPACE',''
  ) );
#5069 = PCURVE('',#5070,#5075);
#5070 = PLANE('',#5071);
#5071 = AXIS2_PLACEMENT_3D('',#5072,#5073,#5074);
#5072 = CARTESIAN_POINT('',(86.,45.,-3.));
#5073 = DIRECTION('',(0.,-1.,0.));
#5074 = DIRECTION('',(-1.,0.,0.));
#5075 = DEFINITIONAL_REPRESENTATION('',(#5076),#5080);
#5076 = LINE('',#5077,#5078);
#5077 = CARTESIAN_POINT('',(0.,-0.));
#5078 = VECTOR('',#5079,1.);
#5079 = DIRECTION('',(1.,0.));
#5080 = ( GEOMETRIC_REPRESENTATION_CONTEXT(2) 
PARAMETRIC_REPRESENTATION_CONTEXT() REPRESENTATION_CONTEXT('2D SPACE',''
  ) );
#5081 = FACE_BOUND('',#5082,.F.);
#5082 = EDGE_LOOP('',(#5083,#5108,#5136,#5164));
#5083 = ORIENTED_EDGE('',*,*,#5084,.F.);
#5084 = EDGE_CURVE('',#5085,#5087,#5089,.T.);
#5085 = VERTEX_POINT('',#5086);
#5086 = CARTESIAN_POINT('',(-86.,86.,-3.));
#5087 = VERTEX_POINT('',#5088);
#5088 = CARTESIAN_POINT('',(-86.,67.,-3.));
#5089 = SURFACE_CURVE('',#5090,(#5094,#5101),.PCURVE_S1.);
#5090 = LINE('',#5091,#5092);
#5091 = CARTESIAN_POINT('',(-86.,86.,-3.));
#5092 = VECTOR('',#5093,1.);
#5093 = DIRECTION('',(0.,-1.,0.));
#5094 = PCURVE('',#126,#5095);
#5095 = DEFINITIONAL_REPRESENTATION('',(#5096),#5100);
#5096 = LINE('',#5097,#5098);
#5097 = CARTESIAN_POINT('',(-86.,86.));
#5098 = VECTOR('',#5099,1.);
#5099 = DIRECTION('',(0.,-1.));
#5100 = ( GEOMETRIC_REPRESENTATION_CONTEXT(2) 
PARAMETRIC_REPRESENTATION_CONTEXT() REPRESENTATION_CONTEXT('2D SPACE',''
  ) );
#5101 = PCURVE('',#391,#5102);
#5102 = DEFINITIONAL_REPRESENTATION('',(#5103),#5107);
#5103 = LINE('',#5104,#5105);
#5104 = CARTESIAN_POINT('',(0.,0.));
#5105 = VECTOR('',#5106,1.);
#5106 = DIRECTION('',(1.,0.));
#5107 = ( GEOMETRIC_REPRESENTATION_CONTEXT(2) 
PARAMETRIC_REPRESENTATION_CONTEXT() REPRESENTATION_CONTEXT('2D SPACE',''
  ) );
#5108 = ORIENTED_EDGE('',*,*,#5109,.F.);
#5109 = EDGE_CURVE('',#5110,#5085,#5112,.T.);
#5110 = VERTEX_POINT('',#5111);
#5111 = CARTESIAN_POINT('',(-67.,86.,-3.));
#5112 = SURFACE_CURVE('',#5113,(#5117,#5124),.PCURVE_S1.);
#5113 = LINE('',#5114,#5115);
#5114 = CARTESIAN_POINT('',(86.,86.,-3.));
#5115 = VECTOR('',#5116,1.);
#5116 = DIRECTION('',(-1.,0.,0.));
#5117 = PCURVE('',#126,#5118);
#5118 = DEFINITIONAL_REPRESENTATION('',(#5119),#5123);
#5119 = LINE('',#5120,#5121);
#5120 = CARTESIAN_POINT('',(86.,86.));
#5121 = VECTOR('',#5122,1.);
#5122 = DIRECTION('',(-1.,0.));
#5123 = ( GEOMETRIC_REPRESENTATION_CONTEXT(2) 
PARAMETRIC_REPRESENTATION_CONTEXT() REPRESENTATION_CONTEXT('2D SPACE',''
  ) );
#5124 = PCURVE('',#5125,#5130);
#5125 = PLANE('',#5126);
#5126 = AXIS2_PLACEMENT_3D('',#5127,#5128,#5129);
#5127 = CARTESIAN_POINT('',(86.,86.,-3.));
#5128 = DIRECTION('',(0.,-1.,0.));
#5129 = DIRECTION('',(-1.,0.,0.));
#5130 = DEFINITIONAL_REPRESENTATION('',(#5131),#5135);
#5131 = LINE('',#5132,#5133);
#5132 = CARTESIAN_POINT('',(0.,-0.));
#5133 = VECTOR('',#5134,1.);
#5134 = DIRECTION('',(1.,0.));
#5135 = ( GEOMETRIC_REPRESENTATION_CONTEXT(2) 
PARAMETRIC_REPRESENTATION_CONTEXT() REPRESENTATION_CONTEXT('2D SPACE',''
  ) );
#5136 = ORIENTED_EDGE('',*,*,#5137,.T.);
#5137 = EDGE_CURVE('',#5110,#5138,#5140,.T.);
#5138 = VERTEX_POINT('',#5139);
#5139 = CARTESIAN_POINT('',(-67.,67.,-3.));
#5140 = SURFACE_CURVE('',#5141,(#5145,#5152),.PCURVE_S1.);
#5141 = LINE('',#5142,#5143);
#5142 = CARTESIAN_POINT('',(-67.,86.,-3.));
#5143 = VECTOR('',#5144,1.);
#5144 = DIRECTION('',(0.,-1.,0.));
#5145 = PCURVE('',#126,#5146);
#5146 = DEFINITIONAL_REPRESENTATION('',(#5147),#5151);
#5147 = LINE('',#5148,#5149);
#5148 = CARTESIAN_POINT('',(-67.,86.));
#5149 = VECTOR('',#5150,1.);
#5150 = DIRECTION('',(0.,-1.));
#5151 = ( GEOMETRIC_REPRESENTATION_CONTEXT(2) 
PARAMETRIC_REPRESENTATION_CONTEXT() REPRESENTATION_CONTEXT('2D SPACE',''
  ) );
#5152 = PCURVE('',#5153,#5158);
#5153 = PLANE('',#5154);
#5154 = AXIS2_PLACEMENT_3D('',#5155,#5156,#5157);
#5155 = CARTESIAN_POINT('',(-67.,86.,-3.));
#5156 = DIRECTION('',(1.,0.,-0.));
#5157 = DIRECTION('',(0.,-1.,0.));
#5158 = DEFINITIONAL_REPRESENTATION('',(#5159),#5163);
#5159 = LINE('',#5160,#5161);
#5160 = CARTESIAN_POINT('',(0.,0.));
#5161 = VECTOR('',#5162,1.);
#5162 = DIRECTION('',(1.,0.));
#5163 = ( GEOMETRIC_REPRESENTATION_CONTEXT(2) 
PARAMETRIC_REPRESENTATION_CONTEXT() REPRESENTATION_CONTEXT('2D SPACE',''
  ) );
#5164 = ORIENTED_EDGE('',*,*,#5165,.T.);
#5165 = EDGE_CURVE('',#5138,#5087,#5166,.T.);
#5166 = SURFACE_CURVE('',#5167,(#5171,#5178),.PCURVE_S1.);
#5167 = LINE('',#5168,#5169);
#5168 = CARTESIAN_POINT('',(86.,67.,-3.));
#5169 = VECTOR('',#5170,1.);
#5170 = DIRECTION('',(-1.,0.,0.));
#5171 = PCURVE('',#126,#5172);
#5172 = DEFINITIONAL_REPRESENTATION('',(#5173),#5177);
#5173 = LINE('',#5174,#5175);
#5174 = CARTESIAN_POINT('',(86.,67.));
#5175 = VECTOR('',#5176,1.);
#5176 = DIRECTION('',(-1.,0.));
#5177 = ( GEOMETRIC_REPRESENTATION_CONTEXT(2) 
PARAMETRIC_REPRESENTATION_CONTEXT() REPRESENTATION_CONTEXT('2D SPACE',''
  ) );
#5178 = PCURVE('',#5179,#5184);
#5179 = PLANE('',#5180);
#5180 = AXIS2_PLACEMENT_3D('',#5181,#5182,#5183);
#5181 = CARTESIAN_POINT('',(86.,67.,-3.));
#5182 = DIRECTION('',(0.,-1.,0.));
#5183 = DIRECTION('',(-1.,0.,0.));
#5184 = DEFINITIONAL_REPRESENTATION('',(#5185),#5189);
#5185 = LINE('',#5186,#5187);
#5186 = CARTESIAN_POINT('',(0.,-0.));
#5187 = VECTOR('',#5188,1.);
#5188 = DIRECTION('',(1.,0.));
#5189 = ( GEOMETRIC_REPRESENTATION_CONTEXT(2) 
PARAMETRIC_REPRESENTATION_CONTEXT() REPRESENTATION_CONTEXT('2D SPACE',''
  ) );
#5190 = FACE_BOUND('',#5191,.F.);
#5191 = EDGE_LOOP('',(#5192));
#5192 = ORIENTED_EDGE('',*,*,#5193,.F.);
#5193 = EDGE_CURVE('',#5194,#5194,#5196,.T.);
#5194 = VERTEX_POINT('',#5195);
#5195 = CARTESIAN_POINT('',(-90.9,93.,-3.));
#5196 = SURFACE_CURVE('',#5197,(#5202,#5209),.PCURVE_S1.);
#5197 = CIRCLE('',#5198,2.1);
#5198 = AXIS2_PLACEMENT_3D('',#5199,#5200,#5201);
#5199 = CARTESIAN_POINT('',(-93.,93.,-3.));
#5200 = DIRECTION('',(0.,0.,1.));
#5201 = DIRECTION('',(1.,0.,0.));
#5202 = PCURVE('',#126,#5203);
#5203 = DEFINITIONAL_REPRESENTATION('',(#5204),#5208);
#5204 = CIRCLE('',#5205,2.1);
#5205 = AXIS2_PLACEMENT_2D('',#5206,#5207);
#5206 = CARTESIAN_POINT('',(-93.,93.));
#5207 = DIRECTION('',(1.,0.));
#5208 = ( GEOMETRIC_REPRESENTATION_CONTEXT(2) 
PARAMETRIC_REPRESENTATION_CONTEXT() REPRESENTATION_CONTEXT('2D SPACE',''
  ) );
#5209 = PCURVE('',#5210,#5215);
#5210 = CYLINDRICAL_SURFACE('',#5211,2.1);
#5211 = AXIS2_PLACEMENT_3D('',#5212,#5213,#5214);
#5212 = CARTESIAN_POINT('',(-93.,93.,-3.));
#5213 = DIRECTION('',(-0.,-0.,-1.));
#5214 = DIRECTION('',(1.,0.,0.));
#5215 = DEFINITIONAL_REPRESENTATION('',(#5216),#5220);
#5216 = LINE('',#5217,#5218);
#5217 = CARTESIAN_POINT('',(-0.,0.));
#5218 = VECTOR('',#5219,1.);
#5219 = DIRECTION('',(-1.,0.));
#5220 = ( GEOMETRIC_REPRESENTATION_CONTEXT(2) 
PARAMETRIC_REPRESENTATION_CONTEXT() REPRESENTATION_CONTEXT('2D SPACE',''
  ) );
#5221 = FACE_BOUND('',#5222,.F.);
#5222 = EDGE_LOOP('',(#5223,#5248,#5276,#5304));
#5223 = ORIENTED_EDGE('',*,*,#5224,.F.);
#5224 = EDGE_CURVE('',#5225,#5227,#5229,.T.);
#5225 = VERTEX_POINT('',#5226);
#5226 = CARTESIAN_POINT('',(-45.,86.,-3.));
#5227 = VERTEX_POINT('',#5228);
#5228 = CARTESIAN_POINT('',(-65.,86.,-3.));
#5229 = SURFACE_CURVE('',#5230,(#5234,#5241),.PCURVE_S1.);
#5230 = LINE('',#5231,#5232);
#5231 = CARTESIAN_POINT('',(86.,86.,-3.));
#5232 = VECTOR('',#5233,1.);
#5233 = DIRECTION('',(-1.,0.,0.));
#5234 = PCURVE('',#126,#5235);
#5235 = DEFINITIONAL_REPRESENTATION('',(#5236),#5240);
#5236 = LINE('',#5237,#5238);
#5237 = CARTESIAN_POINT('',(86.,86.));
#5238 = VECTOR('',#5239,1.);
#5239 = DIRECTION('',(-1.,0.));
#5240 = ( GEOMETRIC_REPRESENTATION_CONTEXT(2) 
PARAMETRIC_REPRESENTATION_CONTEXT() REPRESENTATION_CONTEXT('2D SPACE',''
  ) );
#5241 = PCURVE('',#5125,#5242);
#5242 = DEFINITIONAL_REPRESENTATION('',(#5243),#5247);
#5243 = LINE('',#5244,#5245);
#5244 = CARTESIAN_POINT('',(0.,-0.));
#5245 = VECTOR('',#5246,1.);
#5246 = DIRECTION('',(1.,0.));
#5247 = ( GEOMETRIC_REPRESENTATION_CONTEXT(2) 
PARAMETRIC_REPRESENTATION_CONTEXT() REPRESENTATION_CONTEXT('2D SPACE',''
  ) );
#5248 = ORIENTED_EDGE('',*,*,#5249,.T.);
#5249 = EDGE_CURVE('',#5225,#5250,#5252,.T.);
#5250 = VERTEX_POINT('',#5251);
#5251 = CARTESIAN_POINT('',(-45.,67.,-3.));
#5252 = SURFACE_CURVE('',#5253,(#5257,#5264),.PCURVE_S1.);
#5253 = LINE('',#5254,#5255);
#5254 = CARTESIAN_POINT('',(-45.,86.,-3.));
#5255 = VECTOR('',#5256,1.);
#5256 = DIRECTION('',(0.,-1.,0.));
#5257 = PCURVE('',#126,#5258);
#5258 = DEFINITIONAL_REPRESENTATION('',(#5259),#5263);
#5259 = LINE('',#5260,#5261);
#5260 = CARTESIAN_POINT('',(-45.,86.));
#5261 = VECTOR('',#5262,1.);
#5262 = DIRECTION('',(0.,-1.));
#5263 = ( GEOMETRIC_REPRESENTATION_CONTEXT(2) 
PARAMETRIC_REPRESENTATION_CONTEXT() REPRESENTATION_CONTEXT('2D SPACE',''
  ) );
#5264 = PCURVE('',#5265,#5270);
#5265 = PLANE('',#5266);
#5266 = AXIS2_PLACEMENT_3D('',#5267,#5268,#5269);
#5267 = CARTESIAN_POINT('',(-45.,86.,-3.));
#5268 = DIRECTION('',(1.,0.,-0.));
#5269 = DIRECTION('',(0.,-1.,0.));
#5270 = DEFINITIONAL_REPRESENTATION('',(#5271),#5275);
#5271 = LINE('',#5272,#5273);
#5272 = CARTESIAN_POINT('',(0.,0.));
#5273 = VECTOR('',#5274,1.);
#5274 = DIRECTION('',(1.,0.));
#5275 = ( GEOMETRIC_REPRESENTATION_CONTEXT(2) 
PARAMETRIC_REPRESENTATION_CONTEXT() REPRESENTATION_CONTEXT('2D SPACE',''
  ) );
#5276 = ORIENTED_EDGE('',*,*,#5277,.T.);
#5277 = EDGE_CURVE('',#5250,#5278,#5280,.T.);
#5278 = VERTEX_POINT('',#5279);
#5279 = CARTESIAN_POINT('',(-65.,67.,-3.));
#5280 = SURFACE_CURVE('',#5281,(#5285,#5292),.PCURVE_S1.);
#5281 = LINE('',#5282,#5283);
#5282 = CARTESIAN_POINT('',(86.,67.,-3.));
#5283 = VECTOR('',#5284,1.);
#5284 = DIRECTION('',(-1.,0.,0.));
#5285 = PCURVE('',#126,#5286);
#5286 = DEFINITIONAL_REPRESENTATION('',(#5287),#5291);
#5287 = LINE('',#5288,#5289);
#5288 = CARTESIAN_POINT('',(86.,67.));
#5289 = VECTOR('',#5290,1.);
#5290 = DIRECTION('',(-1.,0.));
#5291 = ( GEOMETRIC_REPRESENTATION_CONTEXT(2) 
PARAMETRIC_REPRESENTATION_CONTEXT() REPRESENTATION_CONTEXT('2D SPACE',''
  ) );
#5292 = PCURVE('',#5293,#5298);
#5293 = PLANE('',#5294);
#5294 = AXIS2_PLACEMENT_3D('',#5295,#5296,#5297);
#5295 = CARTESIAN_POINT('',(86.,67.,-3.));
#5296 = DIRECTION('',(0.,-1.,0.));
#5297 = DIRECTION('',(-1.,0.,0.));
#5298 = DEFINITIONAL_REPRESENTATION('',(#5299),#5303);
#5299 = LINE('',#5300,#5301);
#5300 = CARTESIAN_POINT('',(0.,-0.));
#5301 = VECTOR('',#5302,1.);
#5302 = DIRECTION('',(1.,0.));
#5303 = ( GEOMETRIC_REPRESENTATION_CONTEXT(2) 
PARAMETRIC_REPRESENTATION_CONTEXT() REPRESENTATION_CONTEXT('2D SPACE',''
  ) );
#5304 = ORIENTED_EDGE('',*,*,#5305,.T.);
#5305 = EDGE_CURVE('',#5278,#5227,#5306,.T.);
#5306 = SURFACE_CURVE('',#5307,(#5311,#5318),.PCURVE_S1.);
#5307 = LINE('',#5308,#5309);
#5308 = CARTESIAN_POINT('',(-65.,-86.,-3.));
#5309 = VECTOR('',#5310,1.);
#5310 = DIRECTION('',(0.,1.,0.));
#5311 = PCURVE('',#126,#5312);
#5312 = DEFINITIONAL_REPRESENTATION('',(#5313),#5317);
#5313 = LINE('',#5314,#5315);
#5314 = CARTESIAN_POINT('',(-65.,-86.));
#5315 = VECTOR('',#5316,1.);
#5316 = DIRECTION('',(0.,1.));
#5317 = ( GEOMETRIC_REPRESENTATION_CONTEXT(2) 
PARAMETRIC_REPRESENTATION_CONTEXT() REPRESENTATION_CONTEXT('2D SPACE',''
  ) );
#5318 = PCURVE('',#5319,#5324);
#5319 = PLANE('',#5320);
#5320 = AXIS2_PLACEMENT_3D('',#5321,#5322,#5323);
#5321 = CARTESIAN_POINT('',(-65.,-86.,-3.));
#5322 = DIRECTION('',(-1.,0.,0.));
#5323 = DIRECTION('',(0.,1.,0.));
#5324 = DEFINITIONAL_REPRESENTATION('',(#5325),#5329);
#5325 = LINE('',#5326,#5327);
#5326 = CARTESIAN_POINT('',(0.,0.));
#5327 = VECTOR('',#5328,1.);
#5328 = DIRECTION('',(1.,0.));
#5329 = ( GEOMETRIC_REPRESENTATION_CONTEXT(2) 
PARAMETRIC_REPRESENTATION_CONTEXT() REPRESENTATION_CONTEXT('2D SPACE',''
  ) );
#5330 = FACE_BOUND('',#5331,.F.);
#5331 = EDGE_LOOP('',(#5332,#5362,#5390,#5418));
#5332 = ORIENTED_EDGE('',*,*,#5333,.T.);
#5333 = EDGE_CURVE('',#5334,#5336,#5338,.T.);
#5334 = VERTEX_POINT('',#5335);
#5335 = CARTESIAN_POINT('',(-43.,45.,-3.));
#5336 = VERTEX_POINT('',#5337);
#5337 = CARTESIAN_POINT('',(-43.,65.,-3.));
#5338 = SURFACE_CURVE('',#5339,(#5343,#5350),.PCURVE_S1.);
#5339 = LINE('',#5340,#5341);
#5340 = CARTESIAN_POINT('',(-43.,-86.,-3.));
#5341 = VECTOR('',#5342,1.);
#5342 = DIRECTION('',(0.,1.,0.));
#5343 = PCURVE('',#126,#5344);
#5344 = DEFINITIONAL_REPRESENTATION('',(#5345),#5349);
#5345 = LINE('',#5346,#5347);
#5346 = CARTESIAN_POINT('',(-43.,-86.));
#5347 = VECTOR('',#5348,1.);
#5348 = DIRECTION('',(0.,1.));
#5349 = ( GEOMETRIC_REPRESENTATION_CONTEXT(2) 
PARAMETRIC_REPRESENTATION_CONTEXT() REPRESENTATION_CONTEXT('2D SPACE',''
  ) );
#5350 = PCURVE('',#5351,#5356);
#5351 = PLANE('',#5352);
#5352 = AXIS2_PLACEMENT_3D('',#5353,#5354,#5355);
#5353 = CARTESIAN_POINT('',(-43.,-86.,-3.));
#5354 = DIRECTION('',(-1.,0.,0.));
#5355 = DIRECTION('',(0.,1.,0.));
#5356 = DEFINITIONAL_REPRESENTATION('',(#5357),#5361);
#5357 = LINE('',#5358,#5359);
#5358 = CARTESIAN_POINT('',(0.,0.));
#5359 = VECTOR('',#5360,1.);
#5360 = DIRECTION('',(1.,0.));
#5361 = ( GEOMETRIC_REPRESENTATION_CONTEXT(2) 
PARAMETRIC_REPRESENTATION_CONTEXT() REPRESENTATION_CONTEXT('2D SPACE',''
  ) );
#5362 = ORIENTED_EDGE('',*,*,#5363,.T.);
#5363 = EDGE_CURVE('',#5336,#5364,#5366,.T.);
#5364 = VERTEX_POINT('',#5365);
#5365 = CARTESIAN_POINT('',(-23.,65.,-3.));
#5366 = SURFACE_CURVE('',#5367,(#5371,#5378),.PCURVE_S1.);
#5367 = LINE('',#5368,#5369);
#5368 = CARTESIAN_POINT('',(-86.,65.,-3.));
#5369 = VECTOR('',#5370,1.);
#5370 = DIRECTION('',(1.,0.,0.));
#5371 = PCURVE('',#126,#5372);
#5372 = DEFINITIONAL_REPRESENTATION('',(#5373),#5377);
#5373 = LINE('',#5374,#5375);
#5374 = CARTESIAN_POINT('',(-86.,65.));
#5375 = VECTOR('',#5376,1.);
#5376 = DIRECTION('',(1.,0.));
#5377 = ( GEOMETRIC_REPRESENTATION_CONTEXT(2) 
PARAMETRIC_REPRESENTATION_CONTEXT() REPRESENTATION_CONTEXT('2D SPACE',''
  ) );
#5378 = PCURVE('',#5379,#5384);
#5379 = PLANE('',#5380);
#5380 = AXIS2_PLACEMENT_3D('',#5381,#5382,#5383);
#5381 = CARTESIAN_POINT('',(-86.,65.,-3.));
#5382 = DIRECTION('',(0.,1.,0.));
#5383 = DIRECTION('',(1.,0.,0.));
#5384 = DEFINITIONAL_REPRESENTATION('',(#5385),#5389);
#5385 = LINE('',#5386,#5387);
#5386 = CARTESIAN_POINT('',(0.,0.));
#5387 = VECTOR('',#5388,1.);
#5388 = DIRECTION('',(1.,0.));
#5389 = ( GEOMETRIC_REPRESENTATION_CONTEXT(2) 
PARAMETRIC_REPRESENTATION_CONTEXT() REPRESENTATION_CONTEXT('2D SPACE',''
  ) );
#5390 = ORIENTED_EDGE('',*,*,#5391,.T.);
#5391 = EDGE_CURVE('',#5364,#5392,#5394,.T.);
#5392 = VERTEX_POINT('',#5393);
#5393 = CARTESIAN_POINT('',(-23.,45.,-3.));
#5394 = SURFACE_CURVE('',#5395,(#5399,#5406),.PCURVE_S1.);
#5395 = LINE('',#5396,#5397);
#5396 = CARTESIAN_POINT('',(-23.,86.,-3.));
#5397 = VECTOR('',#5398,1.);
#5398 = DIRECTION('',(0.,-1.,0.));
#5399 = PCURVE('',#126,#5400);
#5400 = DEFINITIONAL_REPRESENTATION('',(#5401),#5405);
#5401 = LINE('',#5402,#5403);
#5402 = CARTESIAN_POINT('',(-23.,86.));
#5403 = VECTOR('',#5404,1.);
#5404 = DIRECTION('',(0.,-1.));
#5405 = ( GEOMETRIC_REPRESENTATION_CONTEXT(2) 
PARAMETRIC_REPRESENTATION_CONTEXT() REPRESENTATION_CONTEXT('2D SPACE',''
  ) );
#5406 = PCURVE('',#5407,#5412);
#5407 = PLANE('',#5408);
#5408 = AXIS2_PLACEMENT_3D('',#5409,#5410,#5411);
#5409 = CARTESIAN_POINT('',(-23.,86.,-3.));
#5410 = DIRECTION('',(1.,0.,-0.));
#5411 = DIRECTION('',(0.,-1.,0.));
#5412 = DEFINITIONAL_REPRESENTATION('',(#5413),#5417);
#5413 = LINE('',#5414,#5415);
#5414 = CARTESIAN_POINT('',(0.,0.));
#5415 = VECTOR('',#5416,1.);
#5416 = DIRECTION('',(1.,0.));
#5417 = ( GEOMETRIC_REPRESENTATION_CONTEXT(2) 
PARAMETRIC_REPRESENTATION_CONTEXT() REPRESENTATION_CONTEXT('2D SPACE',''
  ) );
#5418 = ORIENTED_EDGE('',*,*,#5419,.T.);
#5419 = EDGE_CURVE('',#5392,#5334,#5420,.T.);
#5420 = SURFACE_CURVE('',#5421,(#5425,#5432),.PCURVE_S1.);
#5421 = LINE('',#5422,#5423);
#5422 = CARTESIAN_POINT('',(86.,45.,-3.));
#5423 = VECTOR('',#5424,1.);
#5424 = DIRECTION('',(-1.,0.,0.));
#5425 = PCURVE('',#126,#5426);
#5426 = DEFINITIONAL_REPRESENTATION('',(#5427),#5431);
#5427 = LINE('',#5428,#5429);
#5428 = CARTESIAN_POINT('',(86.,45.));
#5429 = VECTOR('',#5430,1.);
#5430 = DIRECTION('',(-1.,0.));
#5431 = ( GEOMETRIC_REPRESENTATION_CONTEXT(2) 
PARAMETRIC_REPRESENTATION_CONTEXT() REPRESENTATION_CONTEXT('2D SPACE',''
  ) );
#5432 = PCURVE('',#5433,#5438);
#5433 = PLANE('',#5434);
#5434 = AXIS2_PLACEMENT_3D('',#5435,#5436,#5437);
#5435 = CARTESIAN_POINT('',(86.,45.,-3.));
#5436 = DIRECTION('',(0.,-1.,0.));
#5437 = DIRECTION('',(-1.,0.,0.));
#5438 = DEFINITIONAL_REPRESENTATION('',(#5439),#5443);
#5439 = LINE('',#5440,#5441);
#5440 = CARTESIAN_POINT('',(0.,-0.));
#5441 = VECTOR('',#5442,1.);
#5442 = DIRECTION('',(1.,0.));
#5443 = ( GEOMETRIC_REPRESENTATION_CONTEXT(2) 
PARAMETRIC_REPRESENTATION_CONTEXT() REPRESENTATION_CONTEXT('2D SPACE',''
  ) );
#5444 = FACE_BOUND('',#5445,.F.);
#5445 = EDGE_LOOP('',(#5446,#5476,#5504,#5532));
#5446 = ORIENTED_EDGE('',*,*,#5447,.T.);
#5447 = EDGE_CURVE('',#5448,#5450,#5452,.T.);
#5448 = VERTEX_POINT('',#5449);
#5449 = CARTESIAN_POINT('',(-21.,45.,-3.));
#5450 = VERTEX_POINT('',#5451);
#5451 = CARTESIAN_POINT('',(-21.,65.,-3.));
#5452 = SURFACE_CURVE('',#5453,(#5457,#5464),.PCURVE_S1.);
#5453 = LINE('',#5454,#5455);
#5454 = CARTESIAN_POINT('',(-21.,-86.,-3.));
#5455 = VECTOR('',#5456,1.);
#5456 = DIRECTION('',(0.,1.,0.));
#5457 = PCURVE('',#126,#5458);
#5458 = DEFINITIONAL_REPRESENTATION('',(#5459),#5463);
#5459 = LINE('',#5460,#5461);
#5460 = CARTESIAN_POINT('',(-21.,-86.));
#5461 = VECTOR('',#5462,1.);
#5462 = DIRECTION('',(0.,1.));
#5463 = ( GEOMETRIC_REPRESENTATION_CONTEXT(2) 
PARAMETRIC_REPRESENTATION_CONTEXT() REPRESENTATION_CONTEXT('2D SPACE',''
  ) );
#5464 = PCURVE('',#5465,#5470);
#5465 = PLANE('',#5466);
#5466 = AXIS2_PLACEMENT_3D('',#5467,#5468,#5469);
#5467 = CARTESIAN_POINT('',(-21.,-86.,-3.));
#5468 = DIRECTION('',(-1.,0.,0.));
#5469 = DIRECTION('',(0.,1.,0.));
#5470 = DEFINITIONAL_REPRESENTATION('',(#5471),#5475);
#5471 = LINE('',#5472,#5473);
#5472 = CARTESIAN_POINT('',(0.,0.));
#5473 = VECTOR('',#5474,1.);
#5474 = DIRECTION('',(1.,0.));
#5475 = ( GEOMETRIC_REPRESENTATION_CONTEXT(2) 
PARAMETRIC_REPRESENTATION_CONTEXT() REPRESENTATION_CONTEXT('2D SPACE',''
  ) );
#5476 = ORIENTED_EDGE('',*,*,#5477,.T.);
#5477 = EDGE_CURVE('',#5450,#5478,#5480,.T.);
#5478 = VERTEX_POINT('',#5479);
#5479 = CARTESIAN_POINT('',(-1.,65.,-3.));
#5480 = SURFACE_CURVE('',#5481,(#5485,#5492),.PCURVE_S1.);
#5481 = LINE('',#5482,#5483);
#5482 = CARTESIAN_POINT('',(-86.,65.,-3.));
#5483 = VECTOR('',#5484,1.);
#5484 = DIRECTION('',(1.,0.,0.));
#5485 = PCURVE('',#126,#5486);
#5486 = DEFINITIONAL_REPRESENTATION('',(#5487),#5491);
#5487 = LINE('',#5488,#5489);
#5488 = CARTESIAN_POINT('',(-86.,65.));
#5489 = VECTOR('',#5490,1.);
#5490 = DIRECTION('',(1.,0.));
#5491 = ( GEOMETRIC_REPRESENTATION_CONTEXT(2) 
PARAMETRIC_REPRESENTATION_CONTEXT() REPRESENTATION_CONTEXT('2D SPACE',''
  ) );
#5492 = PCURVE('',#5493,#5498);
#5493 = PLANE('',#5494);
#5494 = AXIS2_PLACEMENT_3D('',#5495,#5496,#5497);
#5495 = CARTESIAN_POINT('',(-86.,65.,-3.));
#5496 = DIRECTION('',(0.,1.,0.));
#5497 = DIRECTION('',(1.,0.,0.));
#5498 = DEFINITIONAL_REPRESENTATION('',(#5499),#5503);
#5499 = LINE('',#5500,#5501);
#5500 = CARTESIAN_POINT('',(0.,0.));
#5501 = VECTOR('',#5502,1.);
#5502 = DIRECTION('',(1.,0.));
#5503 = ( GEOMETRIC_REPRESENTATION_CONTEXT(2) 
PARAMETRIC_REPRESENTATION_CONTEXT() REPRESENTATION_CONTEXT('2D SPACE',''
  ) );
#5504 = ORIENTED_EDGE('',*,*,#5505,.T.);
#5505 = EDGE_CURVE('',#5478,#5506,#5508,.T.);
#5506 = VERTEX_POINT('',#5507);
#5507 = CARTESIAN_POINT('',(-1.,45.,-3.));
#5508 = SURFACE_CURVE('',#5509,(#5513,#5520),.PCURVE_S1.);
#5509 = LINE('',#5510,#5511);
#5510 = CARTESIAN_POINT('',(-1.,86.,-3.));
#5511 = VECTOR('',#5512,1.);
#5512 = DIRECTION('',(0.,-1.,0.));
#5513 = PCURVE('',#126,#5514);
#5514 = DEFINITIONAL_REPRESENTATION('',(#5515),#5519);
#5515 = LINE('',#5516,#5517);
#5516 = CARTESIAN_POINT('',(-1.,86.));
#5517 = VECTOR('',#5518,1.);
#5518 = DIRECTION('',(0.,-1.));
#5519 = ( GEOMETRIC_REPRESENTATION_CONTEXT(2) 
PARAMETRIC_REPRESENTATION_CONTEXT() REPRESENTATION_CONTEXT('2D SPACE',''
  ) );
#5520 = PCURVE('',#5521,#5526);
#5521 = PLANE('',#5522);
#5522 = AXIS2_PLACEMENT_3D('',#5523,#5524,#5525);
#5523 = CARTESIAN_POINT('',(-1.,86.,-3.));
#5524 = DIRECTION('',(1.,0.,-0.));
#5525 = DIRECTION('',(0.,-1.,0.));
#5526 = DEFINITIONAL_REPRESENTATION('',(#5527),#5531);
#5527 = LINE('',#5528,#5529);
#5528 = CARTESIAN_POINT('',(0.,0.));
#5529 = VECTOR('',#5530,1.);
#5530 = DIRECTION('',(1.,0.));
#5531 = ( GEOMETRIC_REPRESENTATION_CONTEXT(2) 
PARAMETRIC_REPRESENTATION_CONTEXT() REPRESENTATION_CONTEXT('2D SPACE',''
  ) );
#5532 = ORIENTED_EDGE('',*,*,#5533,.T.);
#5533 = EDGE_CURVE('',#5506,#5448,#5534,.T.);
#5534 = SURFACE_CURVE('',#5535,(#5539,#5546),.PCURVE_S1.);
#5535 = LINE('',#5536,#5537);
#5536 = CARTESIAN_POINT('',(86.,45.,-3.));
#5537 = VECTOR('',#5538,1.);
#5538 = DIRECTION('',(-1.,0.,0.));
#5539 = PCURVE('',#126,#5540);
#5540 = DEFINITIONAL_REPRESENTATION('',(#5541),#5545);
#5541 = LINE('',#5542,#5543);
#5542 = CARTESIAN_POINT('',(86.,45.));
#5543 = VECTOR('',#5544,1.);
#5544 = DIRECTION('',(-1.,0.));
#5545 = ( GEOMETRIC_REPRESENTATION_CONTEXT(2) 
PARAMETRIC_REPRESENTATION_CONTEXT() REPRESENTATION_CONTEXT('2D SPACE',''
  ) );
#5546 = PCURVE('',#5547,#5552);
#5547 = PLANE('',#5548);
#5548 = AXIS2_PLACEMENT_3D('',#5549,#5550,#5551);
#5549 = CARTESIAN_POINT('',(86.,45.,-3.));
#5550 = DIRECTION('',(0.,-1.,0.));
#5551 = DIRECTION('',(-1.,0.,0.));
#5552 = DEFINITIONAL_REPRESENTATION('',(#5553),#5557);
#5553 = LINE('',#5554,#5555);
#5554 = CARTESIAN_POINT('',(0.,-0.));
#5555 = VECTOR('',#5556,1.);
#5556 = DIRECTION('',(1.,0.));
#5557 = ( GEOMETRIC_REPRESENTATION_CONTEXT(2) 
PARAMETRIC_REPRESENTATION_CONTEXT() REPRESENTATION_CONTEXT('2D SPACE',''
  ) );
#5558 = FACE_BOUND('',#5559,.F.);
#5559 = EDGE_LOOP('',(#5560,#5585,#5613,#5641));
#5560 = ORIENTED_EDGE('',*,*,#5561,.F.);
#5561 = EDGE_CURVE('',#5562,#5564,#5566,.T.);
#5562 = VERTEX_POINT('',#5563);
#5563 = CARTESIAN_POINT('',(-23.,86.,-3.));
#5564 = VERTEX_POINT('',#5565);
#5565 = CARTESIAN_POINT('',(-43.,86.,-3.));
#5566 = SURFACE_CURVE('',#5567,(#5571,#5578),.PCURVE_S1.);
#5567 = LINE('',#5568,#5569);
#5568 = CARTESIAN_POINT('',(86.,86.,-3.));
#5569 = VECTOR('',#5570,1.);
#5570 = DIRECTION('',(-1.,0.,0.));
#5571 = PCURVE('',#126,#5572);
#5572 = DEFINITIONAL_REPRESENTATION('',(#5573),#5577);
#5573 = LINE('',#5574,#5575);
#5574 = CARTESIAN_POINT('',(86.,86.));
#5575 = VECTOR('',#5576,1.);
#5576 = DIRECTION('',(-1.,0.));
#5577 = ( GEOMETRIC_REPRESENTATION_CONTEXT(2) 
PARAMETRIC_REPRESENTATION_CONTEXT() REPRESENTATION_CONTEXT('2D SPACE',''
  ) );
#5578 = PCURVE('',#5125,#5579);
#5579 = DEFINITIONAL_REPRESENTATION('',(#5580),#5584);
#5580 = LINE('',#5581,#5582);
#5581 = CARTESIAN_POINT('',(0.,-0.));
#5582 = VECTOR('',#5583,1.);
#5583 = DIRECTION('',(1.,0.));
#5584 = ( GEOMETRIC_REPRESENTATION_CONTEXT(2) 
PARAMETRIC_REPRESENTATION_CONTEXT() REPRESENTATION_CONTEXT('2D SPACE',''
  ) );
#5585 = ORIENTED_EDGE('',*,*,#5586,.T.);
#5586 = EDGE_CURVE('',#5562,#5587,#5589,.T.);
#5587 = VERTEX_POINT('',#5588);
#5588 = CARTESIAN_POINT('',(-23.,67.,-3.));
#5589 = SURFACE_CURVE('',#5590,(#5594,#5601),.PCURVE_S1.);
#5590 = LINE('',#5591,#5592);
#5591 = CARTESIAN_POINT('',(-23.,86.,-3.));
#5592 = VECTOR('',#5593,1.);
#5593 = DIRECTION('',(0.,-1.,0.));
#5594 = PCURVE('',#126,#5595);
#5595 = DEFINITIONAL_REPRESENTATION('',(#5596),#5600);
#5596 = LINE('',#5597,#5598);
#5597 = CARTESIAN_POINT('',(-23.,86.));
#5598 = VECTOR('',#5599,1.);
#5599 = DIRECTION('',(0.,-1.));
#5600 = ( GEOMETRIC_REPRESENTATION_CONTEXT(2) 
PARAMETRIC_REPRESENTATION_CONTEXT() REPRESENTATION_CONTEXT('2D SPACE',''
  ) );
#5601 = PCURVE('',#5602,#5607);
#5602 = PLANE('',#5603);
#5603 = AXIS2_PLACEMENT_3D('',#5604,#5605,#5606);
#5604 = CARTESIAN_POINT('',(-23.,86.,-3.));
#5605 = DIRECTION('',(1.,0.,-0.));
#5606 = DIRECTION('',(0.,-1.,0.));
#5607 = DEFINITIONAL_REPRESENTATION('',(#5608),#5612);
#5608 = LINE('',#5609,#5610);
#5609 = CARTESIAN_POINT('',(0.,0.));
#5610 = VECTOR('',#5611,1.);
#5611 = DIRECTION('',(1.,0.));
#5612 = ( GEOMETRIC_REPRESENTATION_CONTEXT(2) 
PARAMETRIC_REPRESENTATION_CONTEXT() REPRESENTATION_CONTEXT('2D SPACE',''
  ) );
#5613 = ORIENTED_EDGE('',*,*,#5614,.T.);
#5614 = EDGE_CURVE('',#5587,#5615,#5617,.T.);
#5615 = VERTEX_POINT('',#5616);
#5616 = CARTESIAN_POINT('',(-43.,67.,-3.));
#5617 = SURFACE_CURVE('',#5618,(#5622,#5629),.PCURVE_S1.);
#5618 = LINE('',#5619,#5620);
#5619 = CARTESIAN_POINT('',(86.,67.,-3.));
#5620 = VECTOR('',#5621,1.);
#5621 = DIRECTION('',(-1.,0.,0.));
#5622 = PCURVE('',#126,#5623);
#5623 = DEFINITIONAL_REPRESENTATION('',(#5624),#5628);
#5624 = LINE('',#5625,#5626);
#5625 = CARTESIAN_POINT('',(86.,67.));
#5626 = VECTOR('',#5627,1.);
#5627 = DIRECTION('',(-1.,0.));
#5628 = ( GEOMETRIC_REPRESENTATION_CONTEXT(2) 
PARAMETRIC_REPRESENTATION_CONTEXT() REPRESENTATION_CONTEXT('2D SPACE',''
  ) );
#5629 = PCURVE('',#5630,#5635);
#5630 = PLANE('',#5631);
#5631 = AXIS2_PLACEMENT_3D('',#5632,#5633,#5634);
#5632 = CARTESIAN_POINT('',(86.,67.,-3.));
#5633 = DIRECTION('',(0.,-1.,0.));
#5634 = DIRECTION('',(-1.,0.,0.));
#5635 = DEFINITIONAL_REPRESENTATION('',(#5636),#5640);
#5636 = LINE('',#5637,#5638);
#5637 = CARTESIAN_POINT('',(0.,-0.));
#5638 = VECTOR('',#5639,1.);
#5639 = DIRECTION('',(1.,0.));
#5640 = ( GEOMETRIC_REPRESENTATION_CONTEXT(2) 
PARAMETRIC_REPRESENTATION_CONTEXT() REPRESENTATION_CONTEXT('2D SPACE',''
  ) );
#5641 = ORIENTED_EDGE('',*,*,#5642,.T.);
#5642 = EDGE_CURVE('',#5615,#5564,#5643,.T.);
#5643 = SURFACE_CURVE('',#5644,(#5648,#5655),.PCURVE_S1.);
#5644 = LINE('',#5645,#5646);
#5645 = CARTESIAN_POINT('',(-43.,-86.,-3.));
#5646 = VECTOR('',#5647,1.);
#5647 = DIRECTION('',(0.,1.,0.));
#5648 = PCURVE('',#126,#5649);
#5649 = DEFINITIONAL_REPRESENTATION('',(#5650),#5654);
#5650 = LINE('',#5651,#5652);
#5651 = CARTESIAN_POINT('',(-43.,-86.));
#5652 = VECTOR('',#5653,1.);
#5653 = DIRECTION('',(0.,1.));
#5654 = ( GEOMETRIC_REPRESENTATION_CONTEXT(2) 
PARAMETRIC_REPRESENTATION_CONTEXT() REPRESENTATION_CONTEXT('2D SPACE',''
  ) );
#5655 = PCURVE('',#5656,#5661);
#5656 = PLANE('',#5657);
#5657 = AXIS2_PLACEMENT_3D('',#5658,#5659,#5660);
#5658 = CARTESIAN_POINT('',(-43.,-86.,-3.));
#5659 = DIRECTION('',(-1.,0.,0.));
#5660 = DIRECTION('',(0.,1.,0.));
#5661 = DEFINITIONAL_REPRESENTATION('',(#5662),#5666);
#5662 = LINE('',#5663,#5664);
#5663 = CARTESIAN_POINT('',(0.,0.));
#5664 = VECTOR('',#5665,1.);
#5665 = DIRECTION('',(1.,0.));
#5666 = ( GEOMETRIC_REPRESENTATION_CONTEXT(2) 
PARAMETRIC_REPRESENTATION_CONTEXT() REPRESENTATION_CONTEXT('2D SPACE',''
  ) );
#5667 = FACE_BOUND('',#5668,.F.);
#5668 = EDGE_LOOP('',(#5669,#5694,#5722,#5750));
#5669 = ORIENTED_EDGE('',*,*,#5670,.F.);
#5670 = EDGE_CURVE('',#5671,#5673,#5675,.T.);
#5671 = VERTEX_POINT('',#5672);
#5672 = CARTESIAN_POINT('',(-1.,86.,-3.));
#5673 = VERTEX_POINT('',#5674);
#5674 = CARTESIAN_POINT('',(-21.,86.,-3.));
#5675 = SURFACE_CURVE('',#5676,(#5680,#5687),.PCURVE_S1.);
#5676 = LINE('',#5677,#5678);
#5677 = CARTESIAN_POINT('',(86.,86.,-3.));
#5678 = VECTOR('',#5679,1.);
#5679 = DIRECTION('',(-1.,0.,0.));
#5680 = PCURVE('',#126,#5681);
#5681 = DEFINITIONAL_REPRESENTATION('',(#5682),#5686);
#5682 = LINE('',#5683,#5684);
#5683 = CARTESIAN_POINT('',(86.,86.));
#5684 = VECTOR('',#5685,1.);
#5685 = DIRECTION('',(-1.,0.));
#5686 = ( GEOMETRIC_REPRESENTATION_CONTEXT(2) 
PARAMETRIC_REPRESENTATION_CONTEXT() REPRESENTATION_CONTEXT('2D SPACE',''
  ) );
#5687 = PCURVE('',#5125,#5688);
#5688 = DEFINITIONAL_REPRESENTATION('',(#5689),#5693);
#5689 = LINE('',#5690,#5691);
#5690 = CARTESIAN_POINT('',(0.,-0.));
#5691 = VECTOR('',#5692,1.);
#5692 = DIRECTION('',(1.,0.));
#5693 = ( GEOMETRIC_REPRESENTATION_CONTEXT(2) 
PARAMETRIC_REPRESENTATION_CONTEXT() REPRESENTATION_CONTEXT('2D SPACE',''
  ) );
#5694 = ORIENTED_EDGE('',*,*,#5695,.T.);
#5695 = EDGE_CURVE('',#5671,#5696,#5698,.T.);
#5696 = VERTEX_POINT('',#5697);
#5697 = CARTESIAN_POINT('',(-1.,67.,-3.));
#5698 = SURFACE_CURVE('',#5699,(#5703,#5710),.PCURVE_S1.);
#5699 = LINE('',#5700,#5701);
#5700 = CARTESIAN_POINT('',(-1.,86.,-3.));
#5701 = VECTOR('',#5702,1.);
#5702 = DIRECTION('',(0.,-1.,0.));
#5703 = PCURVE('',#126,#5704);
#5704 = DEFINITIONAL_REPRESENTATION('',(#5705),#5709);
#5705 = LINE('',#5706,#5707);
#5706 = CARTESIAN_POINT('',(-1.,86.));
#5707 = VECTOR('',#5708,1.);
#5708 = DIRECTION('',(0.,-1.));
#5709 = ( GEOMETRIC_REPRESENTATION_CONTEXT(2) 
PARAMETRIC_REPRESENTATION_CONTEXT() REPRESENTATION_CONTEXT('2D SPACE',''
  ) );
#5710 = PCURVE('',#5711,#5716);
#5711 = PLANE('',#5712);
#5712 = AXIS2_PLACEMENT_3D('',#5713,#5714,#5715);
#5713 = CARTESIAN_POINT('',(-1.,86.,-3.));
#5714 = DIRECTION('',(1.,0.,-0.));
#5715 = DIRECTION('',(0.,-1.,0.));
#5716 = DEFINITIONAL_REPRESENTATION('',(#5717),#5721);
#5717 = LINE('',#5718,#5719);
#5718 = CARTESIAN_POINT('',(0.,0.));
#5719 = VECTOR('',#5720,1.);
#5720 = DIRECTION('',(1.,0.));
#5721 = ( GEOMETRIC_REPRESENTATION_CONTEXT(2) 
PARAMETRIC_REPRESENTATION_CONTEXT() REPRESENTATION_CONTEXT('2D SPACE',''
  ) );
#5722 = ORIENTED_EDGE('',*,*,#5723,.T.);
#5723 = EDGE_CURVE('',#5696,#5724,#5726,.T.);
#5724 = VERTEX_POINT('',#5725);
#5725 = CARTESIAN_POINT('',(-21.,67.,-3.));
#5726 = SURFACE_CURVE('',#5727,(#5731,#5738),.PCURVE_S1.);
#5727 = LINE('',#5728,#5729);
#5728 = CARTESIAN_POINT('',(86.,67.,-3.));
#5729 = VECTOR('',#5730,1.);
#5730 = DIRECTION('',(-1.,0.,0.));
#5731 = PCURVE('',#126,#5732);
#5732 = DEFINITIONAL_REPRESENTATION('',(#5733),#5737);
#5733 = LINE('',#5734,#5735);
#5734 = CARTESIAN_POINT('',(86.,67.));
#5735 = VECTOR('',#5736,1.);
#5736 = DIRECTION('',(-1.,0.));
#5737 = ( GEOMETRIC_REPRESENTATION_CONTEXT(2) 
PARAMETRIC_REPRESENTATION_CONTEXT() REPRESENTATION_CONTEXT('2D SPACE',''
  ) );
#5738 = PCURVE('',#5739,#5744);
#5739 = PLANE('',#5740);
#5740 = AXIS2_PLACEMENT_3D('',#5741,#5742,#5743);
#5741 = CARTESIAN_POINT('',(86.,67.,-3.));
#5742 = DIRECTION('',(0.,-1.,0.));
#5743 = DIRECTION('',(-1.,0.,0.));
#5744 = DEFINITIONAL_REPRESENTATION('',(#5745),#5749);
#5745 = LINE('',#5746,#5747);
#5746 = CARTESIAN_POINT('',(0.,-0.));
#5747 = VECTOR('',#5748,1.);
#5748 = DIRECTION('',(1.,0.));
#5749 = ( GEOMETRIC_REPRESENTATION_CONTEXT(2) 
PARAMETRIC_REPRESENTATION_CONTEXT() REPRESENTATION_CONTEXT('2D SPACE',''
  ) );
#5750 = ORIENTED_EDGE('',*,*,#5751,.T.);
#5751 = EDGE_CURVE('',#5724,#5673,#5752,.T.);
#5752 = SURFACE_CURVE('',#5753,(#5757,#5764),.PCURVE_S1.);
#5753 = LINE('',#5754,#5755);
#5754 = CARTESIAN_POINT('',(-21.,-86.,-3.));
#5755 = VECTOR('',#5756,1.);
#5756 = DIRECTION('',(0.,1.,0.));
#5757 = PCURVE('',#126,#5758);
#5758 = DEFINITIONAL_REPRESENTATION('',(#5759),#5763);
#5759 = LINE('',#5760,#5761);
#5760 = CARTESIAN_POINT('',(-21.,-86.));
#5761 = VECTOR('',#5762,1.);
#5762 = DIRECTION('',(0.,1.));
#5763 = ( GEOMETRIC_REPRESENTATION_CONTEXT(2) 
PARAMETRIC_REPRESENTATION_CONTEXT() REPRESENTATION_CONTEXT('2D SPACE',''
  ) );
#5764 = PCURVE('',#5765,#5770);
#5765 = PLANE('',#5766);
#5766 = AXIS2_PLACEMENT_3D('',#5767,#5768,#5769);
#5767 = CARTESIAN_POINT('',(-21.,-86.,-3.));
#5768 = DIRECTION('',(-1.,0.,0.));
#5769 = DIRECTION('',(0.,1.,0.));
#5770 = DEFINITIONAL_REPRESENTATION('',(#5771),#5775);
#5771 = LINE('',#5772,#5773);
#5772 = CARTESIAN_POINT('',(0.,0.));
#5773 = VECTOR('',#5774,1.);
#5774 = DIRECTION('',(1.,0.));
#5775 = ( GEOMETRIC_REPRESENTATION_CONTEXT(2) 
PARAMETRIC_REPRESENTATION_CONTEXT() REPRESENTATION_CONTEXT('2D SPACE',''
  ) );
#5776 = FACE_BOUND('',#5777,.F.);
#5777 = EDGE_LOOP('',(#5778,#5808,#5836,#5864));
#5778 = ORIENTED_EDGE('',*,*,#5779,.T.);
#5779 = EDGE_CURVE('',#5780,#5782,#5784,.T.);
#5780 = VERTEX_POINT('',#5781);
#5781 = CARTESIAN_POINT('',(1.,1.,-3.));
#5782 = VERTEX_POINT('',#5783);
#5783 = CARTESIAN_POINT('',(1.,21.,-3.));
#5784 = SURFACE_CURVE('',#5785,(#5789,#5796),.PCURVE_S1.);
#5785 = LINE('',#5786,#5787);
#5786 = CARTESIAN_POINT('',(1.,-86.,-3.));
#5787 = VECTOR('',#5788,1.);
#5788 = DIRECTION('',(0.,1.,0.));
#5789 = PCURVE('',#126,#5790);
#5790 = DEFINITIONAL_REPRESENTATION('',(#5791),#5795);
#5791 = LINE('',#5792,#5793);
#5792 = CARTESIAN_POINT('',(1.,-86.));
#5793 = VECTOR('',#5794,1.);
#5794 = DIRECTION('',(0.,1.));
#5795 = ( GEOMETRIC_REPRESENTATION_CONTEXT(2) 
PARAMETRIC_REPRESENTATION_CONTEXT() REPRESENTATION_CONTEXT('2D SPACE',''
  ) );
#5796 = PCURVE('',#5797,#5802);
#5797 = PLANE('',#5798);
#5798 = AXIS2_PLACEMENT_3D('',#5799,#5800,#5801);
#5799 = CARTESIAN_POINT('',(1.,-86.,-3.));
#5800 = DIRECTION('',(-1.,0.,0.));
#5801 = DIRECTION('',(0.,1.,0.));
#5802 = DEFINITIONAL_REPRESENTATION('',(#5803),#5807);
#5803 = LINE('',#5804,#5805);
#5804 = CARTESIAN_POINT('',(0.,0.));
#5805 = VECTOR('',#5806,1.);
#5806 = DIRECTION('',(1.,0.));
#5807 = ( GEOMETRIC_REPRESENTATION_CONTEXT(2) 
PARAMETRIC_REPRESENTATION_CONTEXT() REPRESENTATION_CONTEXT('2D SPACE',''
  ) );
#5808 = ORIENTED_EDGE('',*,*,#5809,.T.);
#5809 = EDGE_CURVE('',#5782,#5810,#5812,.T.);
#5810 = VERTEX_POINT('',#5811);
#5811 = CARTESIAN_POINT('',(21.,21.,-3.));
#5812 = SURFACE_CURVE('',#5813,(#5817,#5824),.PCURVE_S1.);
#5813 = LINE('',#5814,#5815);
#5814 = CARTESIAN_POINT('',(-86.,21.,-3.));
#5815 = VECTOR('',#5816,1.);
#5816 = DIRECTION('',(1.,0.,0.));
#5817 = PCURVE('',#126,#5818);
#5818 = DEFINITIONAL_REPRESENTATION('',(#5819),#5823);
#5819 = LINE('',#5820,#5821);
#5820 = CARTESIAN_POINT('',(-86.,21.));
#5821 = VECTOR('',#5822,1.);
#5822 = DIRECTION('',(1.,0.));
#5823 = ( GEOMETRIC_REPRESENTATION_CONTEXT(2) 
PARAMETRIC_REPRESENTATION_CONTEXT() REPRESENTATION_CONTEXT('2D SPACE',''
  ) );
#5824 = PCURVE('',#5825,#5830);
#5825 = PLANE('',#5826);
#5826 = AXIS2_PLACEMENT_3D('',#5827,#5828,#5829);
#5827 = CARTESIAN_POINT('',(-86.,21.,-3.));
#5828 = DIRECTION('',(0.,1.,0.));
#5829 = DIRECTION('',(1.,0.,0.));
#5830 = DEFINITIONAL_REPRESENTATION('',(#5831),#5835);
#5831 = LINE('',#5832,#5833);
#5832 = CARTESIAN_POINT('',(0.,0.));
#5833 = VECTOR('',#5834,1.);
#5834 = DIRECTION('',(1.,0.));
#5835 = ( GEOMETRIC_REPRESENTATION_CONTEXT(2) 
PARAMETRIC_REPRESENTATION_CONTEXT() REPRESENTATION_CONTEXT('2D SPACE',''
  ) );
#5836 = ORIENTED_EDGE('',*,*,#5837,.T.);
#5837 = EDGE_CURVE('',#5810,#5838,#5840,.T.);
#5838 = VERTEX_POINT('',#5839);
#5839 = CARTESIAN_POINT('',(21.,1.,-3.));
#5840 = SURFACE_CURVE('',#5841,(#5845,#5852),.PCURVE_S1.);
#5841 = LINE('',#5842,#5843);
#5842 = CARTESIAN_POINT('',(21.,86.,-3.));
#5843 = VECTOR('',#5844,1.);
#5844 = DIRECTION('',(0.,-1.,0.));
#5845 = PCURVE('',#126,#5846);
#5846 = DEFINITIONAL_REPRESENTATION('',(#5847),#5851);
#5847 = LINE('',#5848,#5849);
#5848 = CARTESIAN_POINT('',(21.,86.));
#5849 = VECTOR('',#5850,1.);
#5850 = DIRECTION('',(0.,-1.));
#5851 = ( GEOMETRIC_REPRESENTATION_CONTEXT(2) 
PARAMETRIC_REPRESENTATION_CONTEXT() REPRESENTATION_CONTEXT('2D SPACE',''
  ) );
#5852 = PCURVE('',#5853,#5858);
#5853 = PLANE('',#5854);
#5854 = AXIS2_PLACEMENT_3D('',#5855,#5856,#5857);
#5855 = CARTESIAN_POINT('',(21.,86.,-3.));
#5856 = DIRECTION('',(1.,0.,-0.));
#5857 = DIRECTION('',(0.,-1.,0.));
#5858 = DEFINITIONAL_REPRESENTATION('',(#5859),#5863);
#5859 = LINE('',#5860,#5861);
#5860 = CARTESIAN_POINT('',(0.,0.));
#5861 = VECTOR('',#5862,1.);
#5862 = DIRECTION('',(1.,0.));
#5863 = ( GEOMETRIC_REPRESENTATION_CONTEXT(2) 
PARAMETRIC_REPRESENTATION_CONTEXT() REPRESENTATION_CONTEXT('2D SPACE',''
  ) );
#5864 = ORIENTED_EDGE('',*,*,#5865,.T.);
#5865 = EDGE_CURVE('',#5838,#5780,#5866,.T.);
#5866 = SURFACE_CURVE('',#5867,(#5871,#5878),.PCURVE_S1.);
#5867 = LINE('',#5868,#5869);
#5868 = CARTESIAN_POINT('',(86.,1.,-3.));
#5869 = VECTOR('',#5870,1.);
#5870 = DIRECTION('',(-1.,0.,0.));
#5871 = PCURVE('',#126,#5872);
#5872 = DEFINITIONAL_REPRESENTATION('',(#5873),#5877);
#5873 = LINE('',#5874,#5875);
#5874 = CARTESIAN_POINT('',(86.,1.));
#5875 = VECTOR('',#5876,1.);
#5876 = DIRECTION('',(-1.,0.));
#5877 = ( GEOMETRIC_REPRESENTATION_CONTEXT(2) 
PARAMETRIC_REPRESENTATION_CONTEXT() REPRESENTATION_CONTEXT('2D SPACE',''
  ) );
#5878 = PCURVE('',#5879,#5884);
#5879 = PLANE('',#5880);
#5880 = AXIS2_PLACEMENT_3D('',#5881,#5882,#5883);
#5881 = CARTESIAN_POINT('',(86.,1.,-3.));
#5882 = DIRECTION('',(0.,-1.,0.));
#5883 = DIRECTION('',(-1.,0.,0.));
#5884 = DEFINITIONAL_REPRESENTATION('',(#5885),#5889);
#5885 = LINE('',#5886,#5887);
#5886 = CARTESIAN_POINT('',(0.,-0.));
#5887 = VECTOR('',#5888,1.);
#5888 = DIRECTION('',(1.,0.));
#5889 = ( GEOMETRIC_REPRESENTATION_CONTEXT(2) 
PARAMETRIC_REPRESENTATION_CONTEXT() REPRESENTATION_CONTEXT('2D SPACE',''
  ) );
#5890 = FACE_BOUND('',#5891,.F.);
#5891 = EDGE_LOOP('',(#5892,#5922,#5950,#5978));
#5892 = ORIENTED_EDGE('',*,*,#5893,.T.);
#5893 = EDGE_CURVE('',#5894,#5896,#5898,.T.);
#5894 = VERTEX_POINT('',#5895);
#5895 = CARTESIAN_POINT('',(23.,1.,-3.));
#5896 = VERTEX_POINT('',#5897);
#5897 = CARTESIAN_POINT('',(23.,21.,-3.));
#5898 = SURFACE_CURVE('',#5899,(#5903,#5910),.PCURVE_S1.);
#5899 = LINE('',#5900,#5901);
#5900 = CARTESIAN_POINT('',(23.,-86.,-3.));
#5901 = VECTOR('',#5902,1.);
#5902 = DIRECTION('',(0.,1.,0.));
#5903 = PCURVE('',#126,#5904);
#5904 = DEFINITIONAL_REPRESENTATION('',(#5905),#5909);
#5905 = LINE('',#5906,#5907);
#5906 = CARTESIAN_POINT('',(23.,-86.));
#5907 = VECTOR('',#5908,1.);
#5908 = DIRECTION('',(0.,1.));
#5909 = ( GEOMETRIC_REPRESENTATION_CONTEXT(2) 
PARAMETRIC_REPRESENTATION_CONTEXT() REPRESENTATION_CONTEXT('2D SPACE',''
  ) );
#5910 = PCURVE('',#5911,#5916);
#5911 = PLANE('',#5912);
#5912 = AXIS2_PLACEMENT_3D('',#5913,#5914,#5915);
#5913 = CARTESIAN_POINT('',(23.,-86.,-3.));
#5914 = DIRECTION('',(-1.,0.,0.));
#5915 = DIRECTION('',(0.,1.,0.));
#5916 = DEFINITIONAL_REPRESENTATION('',(#5917),#5921);
#5917 = LINE('',#5918,#5919);
#5918 = CARTESIAN_POINT('',(0.,0.));
#5919 = VECTOR('',#5920,1.);
#5920 = DIRECTION('',(1.,0.));
#5921 = ( GEOMETRIC_REPRESENTATION_CONTEXT(2) 
PARAMETRIC_REPRESENTATION_CONTEXT() REPRESENTATION_CONTEXT('2D SPACE',''
  ) );
#5922 = ORIENTED_EDGE('',*,*,#5923,.T.);
#5923 = EDGE_CURVE('',#5896,#5924,#5926,.T.);
#5924 = VERTEX_POINT('',#5925);
#5925 = CARTESIAN_POINT('',(43.,21.,-3.));
#5926 = SURFACE_CURVE('',#5927,(#5931,#5938),.PCURVE_S1.);
#5927 = LINE('',#5928,#5929);
#5928 = CARTESIAN_POINT('',(-86.,21.,-3.));
#5929 = VECTOR('',#5930,1.);
#5930 = DIRECTION('',(1.,0.,0.));
#5931 = PCURVE('',#126,#5932);
#5932 = DEFINITIONAL_REPRESENTATION('',(#5933),#5937);
#5933 = LINE('',#5934,#5935);
#5934 = CARTESIAN_POINT('',(-86.,21.));
#5935 = VECTOR('',#5936,1.);
#5936 = DIRECTION('',(1.,0.));
#5937 = ( GEOMETRIC_REPRESENTATION_CONTEXT(2) 
PARAMETRIC_REPRESENTATION_CONTEXT() REPRESENTATION_CONTEXT('2D SPACE',''
  ) );
#5938 = PCURVE('',#5939,#5944);
#5939 = PLANE('',#5940);
#5940 = AXIS2_PLACEMENT_3D('',#5941,#5942,#5943);
#5941 = CARTESIAN_POINT('',(-86.,21.,-3.));
#5942 = DIRECTION('',(0.,1.,0.));
#5943 = DIRECTION('',(1.,0.,0.));
#5944 = DEFINITIONAL_REPRESENTATION('',(#5945),#5949);
#5945 = LINE('',#5946,#5947);
#5946 = CARTESIAN_POINT('',(0.,0.));
#5947 = VECTOR('',#5948,1.);
#5948 = DIRECTION('',(1.,0.));
#5949 = ( GEOMETRIC_REPRESENTATION_CONTEXT(2) 
PARAMETRIC_REPRESENTATION_CONTEXT() REPRESENTATION_CONTEXT('2D SPACE',''
  ) );
#5950 = ORIENTED_EDGE('',*,*,#5951,.T.);
#5951 = EDGE_CURVE('',#5924,#5952,#5954,.T.);
#5952 = VERTEX_POINT('',#5953);
#5953 = CARTESIAN_POINT('',(43.,1.,-3.));
#5954 = SURFACE_CURVE('',#5955,(#5959,#5966),.PCURVE_S1.);
#5955 = LINE('',#5956,#5957);
#5956 = CARTESIAN_POINT('',(43.,86.,-3.));
#5957 = VECTOR('',#5958,1.);
#5958 = DIRECTION('',(0.,-1.,0.));
#5959 = PCURVE('',#126,#5960);
#5960 = DEFINITIONAL_REPRESENTATION('',(#5961),#5965);
#5961 = LINE('',#5962,#5963);
#5962 = CARTESIAN_POINT('',(43.,86.));
#5963 = VECTOR('',#5964,1.);
#5964 = DIRECTION('',(0.,-1.));
#5965 = ( GEOMETRIC_REPRESENTATION_CONTEXT(2) 
PARAMETRIC_REPRESENTATION_CONTEXT() REPRESENTATION_CONTEXT('2D SPACE',''
  ) );
#5966 = PCURVE('',#5967,#5972);
#5967 = PLANE('',#5968);
#5968 = AXIS2_PLACEMENT_3D('',#5969,#5970,#5971);
#5969 = CARTESIAN_POINT('',(43.,86.,-3.));
#5970 = DIRECTION('',(1.,0.,-0.));
#5971 = DIRECTION('',(0.,-1.,0.));
#5972 = DEFINITIONAL_REPRESENTATION('',(#5973),#5977);
#5973 = LINE('',#5974,#5975);
#5974 = CARTESIAN_POINT('',(0.,0.));
#5975 = VECTOR('',#5976,1.);
#5976 = DIRECTION('',(1.,0.));
#5977 = ( GEOMETRIC_REPRESENTATION_CONTEXT(2) 
PARAMETRIC_REPRESENTATION_CONTEXT() REPRESENTATION_CONTEXT('2D SPACE',''
  ) );
#5978 = ORIENTED_EDGE('',*,*,#5979,.T.);
#5979 = EDGE_CURVE('',#5952,#5894,#5980,.T.);
#5980 = SURFACE_CURVE('',#5981,(#5985,#5992),.PCURVE_S1.);
#5981 = LINE('',#5982,#5983);
#5982 = CARTESIAN_POINT('',(86.,1.,-3.));
#5983 = VECTOR('',#5984,1.);
#5984 = DIRECTION('',(-1.,0.,0.));
#5985 = PCURVE('',#126,#5986);
#5986 = DEFINITIONAL_REPRESENTATION('',(#5987),#5991);
#5987 = LINE('',#5988,#5989);
#5988 = CARTESIAN_POINT('',(86.,1.));
#5989 = VECTOR('',#5990,1.);
#5990 = DIRECTION('',(-1.,0.));
#5991 = ( GEOMETRIC_REPRESENTATION_CONTEXT(2) 
PARAMETRIC_REPRESENTATION_CONTEXT() REPRESENTATION_CONTEXT('2D SPACE',''
  ) );
#5992 = PCURVE('',#5993,#5998);
#5993 = PLANE('',#5994);
#5994 = AXIS2_PLACEMENT_3D('',#5995,#5996,#5997);
#5995 = CARTESIAN_POINT('',(86.,1.,-3.));
#5996 = DIRECTION('',(0.,-1.,0.));
#5997 = DIRECTION('',(-1.,0.,0.));
#5998 = DEFINITIONAL_REPRESENTATION('',(#5999),#6003);
#5999 = LINE('',#6000,#6001);
#6000 = CARTESIAN_POINT('',(0.,-0.));
#6001 = VECTOR('',#6002,1.);
#6002 = DIRECTION('',(1.,0.));
#6003 = ( GEOMETRIC_REPRESENTATION_CONTEXT(2) 
PARAMETRIC_REPRESENTATION_CONTEXT() REPRESENTATION_CONTEXT('2D SPACE',''
  ) );
#6004 = FACE_BOUND('',#6005,.F.);
#6005 = EDGE_LOOP('',(#6006,#6036,#6064,#6092));
#6006 = ORIENTED_EDGE('',*,*,#6007,.T.);
#6007 = EDGE_CURVE('',#6008,#6010,#6012,.T.);
#6008 = VERTEX_POINT('',#6009);
#6009 = CARTESIAN_POINT('',(21.,23.,-3.));
#6010 = VERTEX_POINT('',#6011);
#6011 = CARTESIAN_POINT('',(1.,23.,-3.));
#6012 = SURFACE_CURVE('',#6013,(#6017,#6024),.PCURVE_S1.);
#6013 = LINE('',#6014,#6015);
#6014 = CARTESIAN_POINT('',(86.,23.,-3.));
#6015 = VECTOR('',#6016,1.);
#6016 = DIRECTION('',(-1.,0.,0.));
#6017 = PCURVE('',#126,#6018);
#6018 = DEFINITIONAL_REPRESENTATION('',(#6019),#6023);
#6019 = LINE('',#6020,#6021);
#6020 = CARTESIAN_POINT('',(86.,23.));
#6021 = VECTOR('',#6022,1.);
#6022 = DIRECTION('',(-1.,0.));
#6023 = ( GEOMETRIC_REPRESENTATION_CONTEXT(2) 
PARAMETRIC_REPRESENTATION_CONTEXT() REPRESENTATION_CONTEXT('2D SPACE',''
  ) );
#6024 = PCURVE('',#6025,#6030);
#6025 = PLANE('',#6026);
#6026 = AXIS2_PLACEMENT_3D('',#6027,#6028,#6029);
#6027 = CARTESIAN_POINT('',(86.,23.,-3.));
#6028 = DIRECTION('',(0.,-1.,0.));
#6029 = DIRECTION('',(-1.,0.,0.));
#6030 = DEFINITIONAL_REPRESENTATION('',(#6031),#6035);
#6031 = LINE('',#6032,#6033);
#6032 = CARTESIAN_POINT('',(0.,-0.));
#6033 = VECTOR('',#6034,1.);
#6034 = DIRECTION('',(1.,0.));
#6035 = ( GEOMETRIC_REPRESENTATION_CONTEXT(2) 
PARAMETRIC_REPRESENTATION_CONTEXT() REPRESENTATION_CONTEXT('2D SPACE',''
  ) );
#6036 = ORIENTED_EDGE('',*,*,#6037,.T.);
#6037 = EDGE_CURVE('',#6010,#6038,#6040,.T.);
#6038 = VERTEX_POINT('',#6039);
#6039 = CARTESIAN_POINT('',(1.,43.,-3.));
#6040 = SURFACE_CURVE('',#6041,(#6045,#6052),.PCURVE_S1.);
#6041 = LINE('',#6042,#6043);
#6042 = CARTESIAN_POINT('',(1.,-86.,-3.));
#6043 = VECTOR('',#6044,1.);
#6044 = DIRECTION('',(0.,1.,0.));
#6045 = PCURVE('',#126,#6046);
#6046 = DEFINITIONAL_REPRESENTATION('',(#6047),#6051);
#6047 = LINE('',#6048,#6049);
#6048 = CARTESIAN_POINT('',(1.,-86.));
#6049 = VECTOR('',#6050,1.);
#6050 = DIRECTION('',(0.,1.));
#6051 = ( GEOMETRIC_REPRESENTATION_CONTEXT(2) 
PARAMETRIC_REPRESENTATION_CONTEXT() REPRESENTATION_CONTEXT('2D SPACE',''
  ) );
#6052 = PCURVE('',#6053,#6058);
#6053 = PLANE('',#6054);
#6054 = AXIS2_PLACEMENT_3D('',#6055,#6056,#6057);
#6055 = CARTESIAN_POINT('',(1.,-86.,-3.));
#6056 = DIRECTION('',(-1.,0.,0.));
#6057 = DIRECTION('',(0.,1.,0.));
#6058 = DEFINITIONAL_REPRESENTATION('',(#6059),#6063);
#6059 = LINE('',#6060,#6061);
#6060 = CARTESIAN_POINT('',(0.,0.));
#6061 = VECTOR('',#6062,1.);
#6062 = DIRECTION('',(1.,0.));
#6063 = ( GEOMETRIC_REPRESENTATION_CONTEXT(2) 
PARAMETRIC_REPRESENTATION_CONTEXT() REPRESENTATION_CONTEXT('2D SPACE',''
  ) );
#6064 = ORIENTED_EDGE('',*,*,#6065,.T.);
#6065 = EDGE_CURVE('',#6038,#6066,#6068,.T.);
#6066 = VERTEX_POINT('',#6067);
#6067 = CARTESIAN_POINT('',(21.,43.,-3.));
#6068 = SURFACE_CURVE('',#6069,(#6073,#6080),.PCURVE_S1.);
#6069 = LINE('',#6070,#6071);
#6070 = CARTESIAN_POINT('',(-86.,43.,-3.));
#6071 = VECTOR('',#6072,1.);
#6072 = DIRECTION('',(1.,0.,0.));
#6073 = PCURVE('',#126,#6074);
#6074 = DEFINITIONAL_REPRESENTATION('',(#6075),#6079);
#6075 = LINE('',#6076,#6077);
#6076 = CARTESIAN_POINT('',(-86.,43.));
#6077 = VECTOR('',#6078,1.);
#6078 = DIRECTION('',(1.,0.));
#6079 = ( GEOMETRIC_REPRESENTATION_CONTEXT(2) 
PARAMETRIC_REPRESENTATION_CONTEXT() REPRESENTATION_CONTEXT('2D SPACE',''
  ) );
#6080 = PCURVE('',#6081,#6086);
#6081 = PLANE('',#6082);
#6082 = AXIS2_PLACEMENT_3D('',#6083,#6084,#6085);
#6083 = CARTESIAN_POINT('',(-86.,43.,-3.));
#6084 = DIRECTION('',(0.,1.,0.));
#6085 = DIRECTION('',(1.,0.,0.));
#6086 = DEFINITIONAL_REPRESENTATION('',(#6087),#6091);
#6087 = LINE('',#6088,#6089);
#6088 = CARTESIAN_POINT('',(0.,0.));
#6089 = VECTOR('',#6090,1.);
#6090 = DIRECTION('',(1.,0.));
#6091 = ( GEOMETRIC_REPRESENTATION_CONTEXT(2) 
PARAMETRIC_REPRESENTATION_CONTEXT() REPRESENTATION_CONTEXT('2D SPACE',''
  ) );
#6092 = ORIENTED_EDGE('',*,*,#6093,.T.);
#6093 = EDGE_CURVE('',#6066,#6008,#6094,.T.);
#6094 = SURFACE_CURVE('',#6095,(#6099,#6106),.PCURVE_S1.);
#6095 = LINE('',#6096,#6097);
#6096 = CARTESIAN_POINT('',(21.,86.,-3.));
#6097 = VECTOR('',#6098,1.);
#6098 = DIRECTION('',(0.,-1.,0.));
#6099 = PCURVE('',#126,#6100);
#6100 = DEFINITIONAL_REPRESENTATION('',(#6101),#6105);
#6101 = LINE('',#6102,#6103);
#6102 = CARTESIAN_POINT('',(21.,86.));
#6103 = VECTOR('',#6104,1.);
#6104 = DIRECTION('',(0.,-1.));
#6105 = ( GEOMETRIC_REPRESENTATION_CONTEXT(2) 
PARAMETRIC_REPRESENTATION_CONTEXT() REPRESENTATION_CONTEXT('2D SPACE',''
  ) );
#6106 = PCURVE('',#6107,#6112);
#6107 = PLANE('',#6108);
#6108 = AXIS2_PLACEMENT_3D('',#6109,#6110,#6111);
#6109 = CARTESIAN_POINT('',(21.,86.,-3.));
#6110 = DIRECTION('',(1.,0.,-0.));
#6111 = DIRECTION('',(0.,-1.,0.));
#6112 = DEFINITIONAL_REPRESENTATION('',(#6113),#6117);
#6113 = LINE('',#6114,#6115);
#6114 = CARTESIAN_POINT('',(0.,0.));
#6115 = VECTOR('',#6116,1.);
#6116 = DIRECTION('',(1.,0.));
#6117 = ( GEOMETRIC_REPRESENTATION_CONTEXT(2) 
PARAMETRIC_REPRESENTATION_CONTEXT() REPRESENTATION_CONTEXT('2D SPACE',''
  ) );
#6118 = FACE_BOUND('',#6119,.F.);
#6119 = EDGE_LOOP('',(#6120,#6150,#6178,#6206));
#6120 = ORIENTED_EDGE('',*,*,#6121,.T.);
#6121 = EDGE_CURVE('',#6122,#6124,#6126,.T.);
#6122 = VERTEX_POINT('',#6123);
#6123 = CARTESIAN_POINT('',(43.,43.,-3.));
#6124 = VERTEX_POINT('',#6125);
#6125 = CARTESIAN_POINT('',(43.,23.,-3.));
#6126 = SURFACE_CURVE('',#6127,(#6131,#6138),.PCURVE_S1.);
#6127 = LINE('',#6128,#6129);
#6128 = CARTESIAN_POINT('',(43.,86.,-3.));
#6129 = VECTOR('',#6130,1.);
#6130 = DIRECTION('',(0.,-1.,0.));
#6131 = PCURVE('',#126,#6132);
#6132 = DEFINITIONAL_REPRESENTATION('',(#6133),#6137);
#6133 = LINE('',#6134,#6135);
#6134 = CARTESIAN_POINT('',(43.,86.));
#6135 = VECTOR('',#6136,1.);
#6136 = DIRECTION('',(0.,-1.));
#6137 = ( GEOMETRIC_REPRESENTATION_CONTEXT(2) 
PARAMETRIC_REPRESENTATION_CONTEXT() REPRESENTATION_CONTEXT('2D SPACE',''
  ) );
#6138 = PCURVE('',#6139,#6144);
#6139 = PLANE('',#6140);
#6140 = AXIS2_PLACEMENT_3D('',#6141,#6142,#6143);
#6141 = CARTESIAN_POINT('',(43.,86.,-3.));
#6142 = DIRECTION('',(1.,0.,-0.));
#6143 = DIRECTION('',(0.,-1.,0.));
#6144 = DEFINITIONAL_REPRESENTATION('',(#6145),#6149);
#6145 = LINE('',#6146,#6147);
#6146 = CARTESIAN_POINT('',(0.,0.));
#6147 = VECTOR('',#6148,1.);
#6148 = DIRECTION('',(1.,0.));
#6149 = ( GEOMETRIC_REPRESENTATION_CONTEXT(2) 
PARAMETRIC_REPRESENTATION_CONTEXT() REPRESENTATION_CONTEXT('2D SPACE',''
  ) );
#6150 = ORIENTED_EDGE('',*,*,#6151,.T.);
#6151 = EDGE_CURVE('',#6124,#6152,#6154,.T.);
#6152 = VERTEX_POINT('',#6153);
#6153 = CARTESIAN_POINT('',(23.,23.,-3.));
#6154 = SURFACE_CURVE('',#6155,(#6159,#6166),.PCURVE_S1.);
#6155 = LINE('',#6156,#6157);
#6156 = CARTESIAN_POINT('',(86.,23.,-3.));
#6157 = VECTOR('',#6158,1.);
#6158 = DIRECTION('',(-1.,0.,0.));
#6159 = PCURVE('',#126,#6160);
#6160 = DEFINITIONAL_REPRESENTATION('',(#6161),#6165);
#6161 = LINE('',#6162,#6163);
#6162 = CARTESIAN_POINT('',(86.,23.));
#6163 = VECTOR('',#6164,1.);
#6164 = DIRECTION('',(-1.,0.));
#6165 = ( GEOMETRIC_REPRESENTATION_CONTEXT(2) 
PARAMETRIC_REPRESENTATION_CONTEXT() REPRESENTATION_CONTEXT('2D SPACE',''
  ) );
#6166 = PCURVE('',#6167,#6172);
#6167 = PLANE('',#6168);
#6168 = AXIS2_PLACEMENT_3D('',#6169,#6170,#6171);
#6169 = CARTESIAN_POINT('',(86.,23.,-3.));
#6170 = DIRECTION('',(0.,-1.,0.));
#6171 = DIRECTION('',(-1.,0.,0.));
#6172 = DEFINITIONAL_REPRESENTATION('',(#6173),#6177);
#6173 = LINE('',#6174,#6175);
#6174 = CARTESIAN_POINT('',(0.,-0.));
#6175 = VECTOR('',#6176,1.);
#6176 = DIRECTION('',(1.,0.));
#6177 = ( GEOMETRIC_REPRESENTATION_CONTEXT(2) 
PARAMETRIC_REPRESENTATION_CONTEXT() REPRESENTATION_CONTEXT('2D SPACE',''
  ) );
#6178 = ORIENTED_EDGE('',*,*,#6179,.T.);
#6179 = EDGE_CURVE('',#6152,#6180,#6182,.T.);
#6180 = VERTEX_POINT('',#6181);
#6181 = CARTESIAN_POINT('',(23.,43.,-3.));
#6182 = SURFACE_CURVE('',#6183,(#6187,#6194),.PCURVE_S1.);
#6183 = LINE('',#6184,#6185);
#6184 = CARTESIAN_POINT('',(23.,-86.,-3.));
#6185 = VECTOR('',#6186,1.);
#6186 = DIRECTION('',(0.,1.,0.));
#6187 = PCURVE('',#126,#6188);
#6188 = DEFINITIONAL_REPRESENTATION('',(#6189),#6193);
#6189 = LINE('',#6190,#6191);
#6190 = CARTESIAN_POINT('',(23.,-86.));
#6191 = VECTOR('',#6192,1.);
#6192 = DIRECTION('',(0.,1.));
#6193 = ( GEOMETRIC_REPRESENTATION_CONTEXT(2) 
PARAMETRIC_REPRESENTATION_CONTEXT() REPRESENTATION_CONTEXT('2D SPACE',''
  ) );
#6194 = PCURVE('',#6195,#6200);
#6195 = PLANE('',#6196);
#6196 = AXIS2_PLACEMENT_3D('',#6197,#6198,#6199);
#6197 = CARTESIAN_POINT('',(23.,-86.,-3.));
#6198 = DIRECTION('',(-1.,0.,0.));
#6199 = DIRECTION('',(0.,1.,0.));
#6200 = DEFINITIONAL_REPRESENTATION('',(#6201),#6205);
#6201 = LINE('',#6202,#6203);
#6202 = CARTESIAN_POINT('',(0.,0.));
#6203 = VECTOR('',#6204,1.);
#6204 = DIRECTION('',(1.,0.));
#6205 = ( GEOMETRIC_REPRESENTATION_CONTEXT(2) 
PARAMETRIC_REPRESENTATION_CONTEXT() REPRESENTATION_CONTEXT('2D SPACE',''
  ) );
#6206 = ORIENTED_EDGE('',*,*,#6207,.T.);
#6207 = EDGE_CURVE('',#6180,#6122,#6208,.T.);
#6208 = SURFACE_CURVE('',#6209,(#6213,#6220),.PCURVE_S1.);
#6209 = LINE('',#6210,#6211);
#6210 = CARTESIAN_POINT('',(-86.,43.,-3.));
#6211 = VECTOR('',#6212,1.);
#6212 = DIRECTION('',(1.,0.,0.));
#6213 = PCURVE('',#126,#6214);
#6214 = DEFINITIONAL_REPRESENTATION('',(#6215),#6219);
#6215 = LINE('',#6216,#6217);
#6216 = CARTESIAN_POINT('',(-86.,43.));
#6217 = VECTOR('',#6218,1.);
#6218 = DIRECTION('',(1.,0.));
#6219 = ( GEOMETRIC_REPRESENTATION_CONTEXT(2) 
PARAMETRIC_REPRESENTATION_CONTEXT() REPRESENTATION_CONTEXT('2D SPACE',''
  ) );
#6220 = PCURVE('',#6221,#6226);
#6221 = PLANE('',#6222);
#6222 = AXIS2_PLACEMENT_3D('',#6223,#6224,#6225);
#6223 = CARTESIAN_POINT('',(-86.,43.,-3.));
#6224 = DIRECTION('',(0.,1.,0.));
#6225 = DIRECTION('',(1.,0.,0.));
#6226 = DEFINITIONAL_REPRESENTATION('',(#6227),#6231);
#6227 = LINE('',#6228,#6229);
#6228 = CARTESIAN_POINT('',(0.,0.));
#6229 = VECTOR('',#6230,1.);
#6230 = DIRECTION('',(1.,0.));
#6231 = ( GEOMETRIC_REPRESENTATION_CONTEXT(2) 
PARAMETRIC_REPRESENTATION_CONTEXT() REPRESENTATION_CONTEXT('2D SPACE',''
  ) );
#6232 = FACE_BOUND('',#6233,.F.);
#6233 = EDGE_LOOP('',(#6234,#6264,#6292,#6320));
#6234 = ORIENTED_EDGE('',*,*,#6235,.T.);
#6235 = EDGE_CURVE('',#6236,#6238,#6240,.T.);
#6236 = VERTEX_POINT('',#6237);
#6237 = CARTESIAN_POINT('',(45.,1.,-3.));
#6238 = VERTEX_POINT('',#6239);
#6239 = CARTESIAN_POINT('',(45.,21.,-3.));
#6240 = SURFACE_CURVE('',#6241,(#6245,#6252),.PCURVE_S1.);
#6241 = LINE('',#6242,#6243);
#6242 = CARTESIAN_POINT('',(45.,-86.,-3.));
#6243 = VECTOR('',#6244,1.);
#6244 = DIRECTION('',(0.,1.,0.));
#6245 = PCURVE('',#126,#6246);
#6246 = DEFINITIONAL_REPRESENTATION('',(#6247),#6251);
#6247 = LINE('',#6248,#6249);
#6248 = CARTESIAN_POINT('',(45.,-86.));
#6249 = VECTOR('',#6250,1.);
#6250 = DIRECTION('',(0.,1.));
#6251 = ( GEOMETRIC_REPRESENTATION_CONTEXT(2) 
PARAMETRIC_REPRESENTATION_CONTEXT() REPRESENTATION_CONTEXT('2D SPACE',''
  ) );
#6252 = PCURVE('',#6253,#6258);
#6253 = PLANE('',#6254);
#6254 = AXIS2_PLACEMENT_3D('',#6255,#6256,#6257);
#6255 = CARTESIAN_POINT('',(45.,-86.,-3.));
#6256 = DIRECTION('',(-1.,0.,0.));
#6257 = DIRECTION('',(0.,1.,0.));
#6258 = DEFINITIONAL_REPRESENTATION('',(#6259),#6263);
#6259 = LINE('',#6260,#6261);
#6260 = CARTESIAN_POINT('',(0.,0.));
#6261 = VECTOR('',#6262,1.);
#6262 = DIRECTION('',(1.,0.));
#6263 = ( GEOMETRIC_REPRESENTATION_CONTEXT(2) 
PARAMETRIC_REPRESENTATION_CONTEXT() REPRESENTATION_CONTEXT('2D SPACE',''
  ) );
#6264 = ORIENTED_EDGE('',*,*,#6265,.T.);
#6265 = EDGE_CURVE('',#6238,#6266,#6268,.T.);
#6266 = VERTEX_POINT('',#6267);
#6267 = CARTESIAN_POINT('',(65.,21.,-3.));
#6268 = SURFACE_CURVE('',#6269,(#6273,#6280),.PCURVE_S1.);
#6269 = LINE('',#6270,#6271);
#6270 = CARTESIAN_POINT('',(-86.,21.,-3.));
#6271 = VECTOR('',#6272,1.);
#6272 = DIRECTION('',(1.,0.,0.));
#6273 = PCURVE('',#126,#6274);
#6274 = DEFINITIONAL_REPRESENTATION('',(#6275),#6279);
#6275 = LINE('',#6276,#6277);
#6276 = CARTESIAN_POINT('',(-86.,21.));
#6277 = VECTOR('',#6278,1.);
#6278 = DIRECTION('',(1.,0.));
#6279 = ( GEOMETRIC_REPRESENTATION_CONTEXT(2) 
PARAMETRIC_REPRESENTATION_CONTEXT() REPRESENTATION_CONTEXT('2D SPACE',''
  ) );
#6280 = PCURVE('',#6281,#6286);
#6281 = PLANE('',#6282);
#6282 = AXIS2_PLACEMENT_3D('',#6283,#6284,#6285);
#6283 = CARTESIAN_POINT('',(-86.,21.,-3.));
#6284 = DIRECTION('',(0.,1.,0.));
#6285 = DIRECTION('',(1.,0.,0.));
#6286 = DEFINITIONAL_REPRESENTATION('',(#6287),#6291);
#6287 = LINE('',#6288,#6289);
#6288 = CARTESIAN_POINT('',(0.,0.));
#6289 = VECTOR('',#6290,1.);
#6290 = DIRECTION('',(1.,0.));
#6291 = ( GEOMETRIC_REPRESENTATION_CONTEXT(2) 
PARAMETRIC_REPRESENTATION_CONTEXT() REPRESENTATION_CONTEXT('2D SPACE',''
  ) );
#6292 = ORIENTED_EDGE('',*,*,#6293,.T.);
#6293 = EDGE_CURVE('',#6266,#6294,#6296,.T.);
#6294 = VERTEX_POINT('',#6295);
#6295 = CARTESIAN_POINT('',(65.,1.,-3.));
#6296 = SURFACE_CURVE('',#6297,(#6301,#6308),.PCURVE_S1.);
#6297 = LINE('',#6298,#6299);
#6298 = CARTESIAN_POINT('',(65.,86.,-3.));
#6299 = VECTOR('',#6300,1.);
#6300 = DIRECTION('',(0.,-1.,0.));
#6301 = PCURVE('',#126,#6302);
#6302 = DEFINITIONAL_REPRESENTATION('',(#6303),#6307);
#6303 = LINE('',#6304,#6305);
#6304 = CARTESIAN_POINT('',(65.,86.));
#6305 = VECTOR('',#6306,1.);
#6306 = DIRECTION('',(0.,-1.));
#6307 = ( GEOMETRIC_REPRESENTATION_CONTEXT(2) 
PARAMETRIC_REPRESENTATION_CONTEXT() REPRESENTATION_CONTEXT('2D SPACE',''
  ) );
#6308 = PCURVE('',#6309,#6314);
#6309 = PLANE('',#6310);
#6310 = AXIS2_PLACEMENT_3D('',#6311,#6312,#6313);
#6311 = CARTESIAN_POINT('',(65.,86.,-3.));
#6312 = DIRECTION('',(1.,0.,-0.));
#6313 = DIRECTION('',(0.,-1.,0.));
#6314 = DEFINITIONAL_REPRESENTATION('',(#6315),#6319);
#6315 = LINE('',#6316,#6317);
#6316 = CARTESIAN_POINT('',(0.,0.));
#6317 = VECTOR('',#6318,1.);
#6318 = DIRECTION('',(1.,0.));
#6319 = ( GEOMETRIC_REPRESENTATION_CONTEXT(2) 
PARAMETRIC_REPRESENTATION_CONTEXT() REPRESENTATION_CONTEXT('2D SPACE',''
  ) );
#6320 = ORIENTED_EDGE('',*,*,#6321,.T.);
#6321 = EDGE_CURVE('',#6294,#6236,#6322,.T.);
#6322 = SURFACE_CURVE('',#6323,(#6327,#6334),.PCURVE_S1.);
#6323 = LINE('',#6324,#6325);
#6324 = CARTESIAN_POINT('',(86.,1.,-3.));
#6325 = VECTOR('',#6326,1.);
#6326 = DIRECTION('',(-1.,0.,0.));
#6327 = PCURVE('',#126,#6328);
#6328 = DEFINITIONAL_REPRESENTATION('',(#6329),#6333);
#6329 = LINE('',#6330,#6331);
#6330 = CARTESIAN_POINT('',(86.,1.));
#6331 = VECTOR('',#6332,1.);
#6332 = DIRECTION('',(-1.,0.));
#6333 = ( GEOMETRIC_REPRESENTATION_CONTEXT(2) 
PARAMETRIC_REPRESENTATION_CONTEXT() REPRESENTATION_CONTEXT('2D SPACE',''
  ) );
#6334 = PCURVE('',#6335,#6340);
#6335 = PLANE('',#6336);
#6336 = AXIS2_PLACEMENT_3D('',#6337,#6338,#6339);
#6337 = CARTESIAN_POINT('',(86.,1.,-3.));
#6338 = DIRECTION('',(0.,-1.,0.));
#6339 = DIRECTION('',(-1.,0.,0.));
#6340 = DEFINITIONAL_REPRESENTATION('',(#6341),#6345);
#6341 = LINE('',#6342,#6343);
#6342 = CARTESIAN_POINT('',(0.,-0.));
#6343 = VECTOR('',#6344,1.);
#6344 = DIRECTION('',(1.,0.));
#6345 = ( GEOMETRIC_REPRESENTATION_CONTEXT(2) 
PARAMETRIC_REPRESENTATION_CONTEXT() REPRESENTATION_CONTEXT('2D SPACE',''
  ) );
#6346 = FACE_BOUND('',#6347,.F.);
#6347 = EDGE_LOOP('',(#6348,#6373,#6401,#6429));
#6348 = ORIENTED_EDGE('',*,*,#6349,.F.);
#6349 = EDGE_CURVE('',#6350,#6352,#6354,.T.);
#6350 = VERTEX_POINT('',#6351);
#6351 = CARTESIAN_POINT('',(86.,1.,-3.));
#6352 = VERTEX_POINT('',#6353);
#6353 = CARTESIAN_POINT('',(86.,21.,-3.));
#6354 = SURFACE_CURVE('',#6355,(#6359,#6366),.PCURVE_S1.);
#6355 = LINE('',#6356,#6357);
#6356 = CARTESIAN_POINT('',(86.,-86.,-3.));
#6357 = VECTOR('',#6358,1.);
#6358 = DIRECTION('',(0.,1.,0.));
#6359 = PCURVE('',#126,#6360);
#6360 = DEFINITIONAL_REPRESENTATION('',(#6361),#6365);
#6361 = LINE('',#6362,#6363);
#6362 = CARTESIAN_POINT('',(86.,-86.));
#6363 = VECTOR('',#6364,1.);
#6364 = DIRECTION('',(0.,1.));
#6365 = ( GEOMETRIC_REPRESENTATION_CONTEXT(2) 
PARAMETRIC_REPRESENTATION_CONTEXT() REPRESENTATION_CONTEXT('2D SPACE',''
  ) );
#6366 = PCURVE('',#2820,#6367);
#6367 = DEFINITIONAL_REPRESENTATION('',(#6368),#6372);
#6368 = LINE('',#6369,#6370);
#6369 = CARTESIAN_POINT('',(0.,0.));
#6370 = VECTOR('',#6371,1.);
#6371 = DIRECTION('',(1.,0.));
#6372 = ( GEOMETRIC_REPRESENTATION_CONTEXT(2) 
PARAMETRIC_REPRESENTATION_CONTEXT() REPRESENTATION_CONTEXT('2D SPACE',''
  ) );
#6373 = ORIENTED_EDGE('',*,*,#6374,.T.);
#6374 = EDGE_CURVE('',#6350,#6375,#6377,.T.);
#6375 = VERTEX_POINT('',#6376);
#6376 = CARTESIAN_POINT('',(67.,1.,-3.));
#6377 = SURFACE_CURVE('',#6378,(#6382,#6389),.PCURVE_S1.);
#6378 = LINE('',#6379,#6380);
#6379 = CARTESIAN_POINT('',(86.,1.,-3.));
#6380 = VECTOR('',#6381,1.);
#6381 = DIRECTION('',(-1.,0.,0.));
#6382 = PCURVE('',#126,#6383);
#6383 = DEFINITIONAL_REPRESENTATION('',(#6384),#6388);
#6384 = LINE('',#6385,#6386);
#6385 = CARTESIAN_POINT('',(86.,1.));
#6386 = VECTOR('',#6387,1.);
#6387 = DIRECTION('',(-1.,0.));
#6388 = ( GEOMETRIC_REPRESENTATION_CONTEXT(2) 
PARAMETRIC_REPRESENTATION_CONTEXT() REPRESENTATION_CONTEXT('2D SPACE',''
  ) );
#6389 = PCURVE('',#6390,#6395);
#6390 = PLANE('',#6391);
#6391 = AXIS2_PLACEMENT_3D('',#6392,#6393,#6394);
#6392 = CARTESIAN_POINT('',(86.,1.,-3.));
#6393 = DIRECTION('',(0.,-1.,0.));
#6394 = DIRECTION('',(-1.,0.,0.));
#6395 = DEFINITIONAL_REPRESENTATION('',(#6396),#6400);
#6396 = LINE('',#6397,#6398);
#6397 = CARTESIAN_POINT('',(0.,-0.));
#6398 = VECTOR('',#6399,1.);
#6399 = DIRECTION('',(1.,0.));
#6400 = ( GEOMETRIC_REPRESENTATION_CONTEXT(2) 
PARAMETRIC_REPRESENTATION_CONTEXT() REPRESENTATION_CONTEXT('2D SPACE',''
  ) );
#6401 = ORIENTED_EDGE('',*,*,#6402,.T.);
#6402 = EDGE_CURVE('',#6375,#6403,#6405,.T.);
#6403 = VERTEX_POINT('',#6404);
#6404 = CARTESIAN_POINT('',(67.,21.,-3.));
#6405 = SURFACE_CURVE('',#6406,(#6410,#6417),.PCURVE_S1.);
#6406 = LINE('',#6407,#6408);
#6407 = CARTESIAN_POINT('',(67.,-86.,-3.));
#6408 = VECTOR('',#6409,1.);
#6409 = DIRECTION('',(0.,1.,0.));
#6410 = PCURVE('',#126,#6411);
#6411 = DEFINITIONAL_REPRESENTATION('',(#6412),#6416);
#6412 = LINE('',#6413,#6414);
#6413 = CARTESIAN_POINT('',(67.,-86.));
#6414 = VECTOR('',#6415,1.);
#6415 = DIRECTION('',(0.,1.));
#6416 = ( GEOMETRIC_REPRESENTATION_CONTEXT(2) 
PARAMETRIC_REPRESENTATION_CONTEXT() REPRESENTATION_CONTEXT('2D SPACE',''
  ) );
#6417 = PCURVE('',#6418,#6423);
#6418 = PLANE('',#6419);
#6419 = AXIS2_PLACEMENT_3D('',#6420,#6421,#6422);
#6420 = CARTESIAN_POINT('',(67.,-86.,-3.));
#6421 = DIRECTION('',(-1.,0.,0.));
#6422 = DIRECTION('',(0.,1.,0.));
#6423 = DEFINITIONAL_REPRESENTATION('',(#6424),#6428);
#6424 = LINE('',#6425,#6426);
#6425 = CARTESIAN_POINT('',(0.,0.));
#6426 = VECTOR('',#6427,1.);
#6427 = DIRECTION('',(1.,0.));
#6428 = ( GEOMETRIC_REPRESENTATION_CONTEXT(2) 
PARAMETRIC_REPRESENTATION_CONTEXT() REPRESENTATION_CONTEXT('2D SPACE',''
  ) );
#6429 = ORIENTED_EDGE('',*,*,#6430,.T.);
#6430 = EDGE_CURVE('',#6403,#6352,#6431,.T.);
#6431 = SURFACE_CURVE('',#6432,(#6436,#6443),.PCURVE_S1.);
#6432 = LINE('',#6433,#6434);
#6433 = CARTESIAN_POINT('',(-86.,21.,-3.));
#6434 = VECTOR('',#6435,1.);
#6435 = DIRECTION('',(1.,0.,0.));
#6436 = PCURVE('',#126,#6437);
#6437 = DEFINITIONAL_REPRESENTATION('',(#6438),#6442);
#6438 = LINE('',#6439,#6440);
#6439 = CARTESIAN_POINT('',(-86.,21.));
#6440 = VECTOR('',#6441,1.);
#6441 = DIRECTION('',(1.,0.));
#6442 = ( GEOMETRIC_REPRESENTATION_CONTEXT(2) 
PARAMETRIC_REPRESENTATION_CONTEXT() REPRESENTATION_CONTEXT('2D SPACE',''
  ) );
#6443 = PCURVE('',#6444,#6449);
#6444 = PLANE('',#6445);
#6445 = AXIS2_PLACEMENT_3D('',#6446,#6447,#6448);
#6446 = CARTESIAN_POINT('',(-86.,21.,-3.));
#6447 = DIRECTION('',(0.,1.,0.));
#6448 = DIRECTION('',(1.,0.,0.));
#6449 = DEFINITIONAL_REPRESENTATION('',(#6450),#6454);
#6450 = LINE('',#6451,#6452);
#6451 = CARTESIAN_POINT('',(0.,0.));
#6452 = VECTOR('',#6453,1.);
#6453 = DIRECTION('',(1.,0.));
#6454 = ( GEOMETRIC_REPRESENTATION_CONTEXT(2) 
PARAMETRIC_REPRESENTATION_CONTEXT() REPRESENTATION_CONTEXT('2D SPACE',''
  ) );
#6455 = FACE_BOUND('',#6456,.F.);
#6456 = EDGE_LOOP('',(#6457,#6487,#6515,#6543));
#6457 = ORIENTED_EDGE('',*,*,#6458,.T.);
#6458 = EDGE_CURVE('',#6459,#6461,#6463,.T.);
#6459 = VERTEX_POINT('',#6460);
#6460 = CARTESIAN_POINT('',(45.,43.,-3.));
#6461 = VERTEX_POINT('',#6462);
#6462 = CARTESIAN_POINT('',(65.,43.,-3.));
#6463 = SURFACE_CURVE('',#6464,(#6468,#6475),.PCURVE_S1.);
#6464 = LINE('',#6465,#6466);
#6465 = CARTESIAN_POINT('',(-86.,43.,-3.));
#6466 = VECTOR('',#6467,1.);
#6467 = DIRECTION('',(1.,0.,0.));
#6468 = PCURVE('',#126,#6469);
#6469 = DEFINITIONAL_REPRESENTATION('',(#6470),#6474);
#6470 = LINE('',#6471,#6472);
#6471 = CARTESIAN_POINT('',(-86.,43.));
#6472 = VECTOR('',#6473,1.);
#6473 = DIRECTION('',(1.,0.));
#6474 = ( GEOMETRIC_REPRESENTATION_CONTEXT(2) 
PARAMETRIC_REPRESENTATION_CONTEXT() REPRESENTATION_CONTEXT('2D SPACE',''
  ) );
#6475 = PCURVE('',#6476,#6481);
#6476 = PLANE('',#6477);
#6477 = AXIS2_PLACEMENT_3D('',#6478,#6479,#6480);
#6478 = CARTESIAN_POINT('',(-86.,43.,-3.));
#6479 = DIRECTION('',(0.,1.,0.));
#6480 = DIRECTION('',(1.,0.,0.));
#6481 = DEFINITIONAL_REPRESENTATION('',(#6482),#6486);
#6482 = LINE('',#6483,#6484);
#6483 = CARTESIAN_POINT('',(0.,0.));
#6484 = VECTOR('',#6485,1.);
#6485 = DIRECTION('',(1.,0.));
#6486 = ( GEOMETRIC_REPRESENTATION_CONTEXT(2) 
PARAMETRIC_REPRESENTATION_CONTEXT() REPRESENTATION_CONTEXT('2D SPACE',''
  ) );
#6487 = ORIENTED_EDGE('',*,*,#6488,.T.);
#6488 = EDGE_CURVE('',#6461,#6489,#6491,.T.);
#6489 = VERTEX_POINT('',#6490);
#6490 = CARTESIAN_POINT('',(65.,23.,-3.));
#6491 = SURFACE_CURVE('',#6492,(#6496,#6503),.PCURVE_S1.);
#6492 = LINE('',#6493,#6494);
#6493 = CARTESIAN_POINT('',(65.,86.,-3.));
#6494 = VECTOR('',#6495,1.);
#6495 = DIRECTION('',(0.,-1.,0.));
#6496 = PCURVE('',#126,#6497);
#6497 = DEFINITIONAL_REPRESENTATION('',(#6498),#6502);
#6498 = LINE('',#6499,#6500);
#6499 = CARTESIAN_POINT('',(65.,86.));
#6500 = VECTOR('',#6501,1.);
#6501 = DIRECTION('',(0.,-1.));
#6502 = ( GEOMETRIC_REPRESENTATION_CONTEXT(2) 
PARAMETRIC_REPRESENTATION_CONTEXT() REPRESENTATION_CONTEXT('2D SPACE',''
  ) );
#6503 = PCURVE('',#6504,#6509);
#6504 = PLANE('',#6505);
#6505 = AXIS2_PLACEMENT_3D('',#6506,#6507,#6508);
#6506 = CARTESIAN_POINT('',(65.,86.,-3.));
#6507 = DIRECTION('',(1.,0.,-0.));
#6508 = DIRECTION('',(0.,-1.,0.));
#6509 = DEFINITIONAL_REPRESENTATION('',(#6510),#6514);
#6510 = LINE('',#6511,#6512);
#6511 = CARTESIAN_POINT('',(0.,0.));
#6512 = VECTOR('',#6513,1.);
#6513 = DIRECTION('',(1.,0.));
#6514 = ( GEOMETRIC_REPRESENTATION_CONTEXT(2) 
PARAMETRIC_REPRESENTATION_CONTEXT() REPRESENTATION_CONTEXT('2D SPACE',''
  ) );
#6515 = ORIENTED_EDGE('',*,*,#6516,.T.);
#6516 = EDGE_CURVE('',#6489,#6517,#6519,.T.);
#6517 = VERTEX_POINT('',#6518);
#6518 = CARTESIAN_POINT('',(45.,23.,-3.));
#6519 = SURFACE_CURVE('',#6520,(#6524,#6531),.PCURVE_S1.);
#6520 = LINE('',#6521,#6522);
#6521 = CARTESIAN_POINT('',(86.,23.,-3.));
#6522 = VECTOR('',#6523,1.);
#6523 = DIRECTION('',(-1.,0.,0.));
#6524 = PCURVE('',#126,#6525);
#6525 = DEFINITIONAL_REPRESENTATION('',(#6526),#6530);
#6526 = LINE('',#6527,#6528);
#6527 = CARTESIAN_POINT('',(86.,23.));
#6528 = VECTOR('',#6529,1.);
#6529 = DIRECTION('',(-1.,0.));
#6530 = ( GEOMETRIC_REPRESENTATION_CONTEXT(2) 
PARAMETRIC_REPRESENTATION_CONTEXT() REPRESENTATION_CONTEXT('2D SPACE',''
  ) );
#6531 = PCURVE('',#6532,#6537);
#6532 = PLANE('',#6533);
#6533 = AXIS2_PLACEMENT_3D('',#6534,#6535,#6536);
#6534 = CARTESIAN_POINT('',(86.,23.,-3.));
#6535 = DIRECTION('',(0.,-1.,0.));
#6536 = DIRECTION('',(-1.,0.,0.));
#6537 = DEFINITIONAL_REPRESENTATION('',(#6538),#6542);
#6538 = LINE('',#6539,#6540);
#6539 = CARTESIAN_POINT('',(0.,-0.));
#6540 = VECTOR('',#6541,1.);
#6541 = DIRECTION('',(1.,0.));
#6542 = ( GEOMETRIC_REPRESENTATION_CONTEXT(2) 
PARAMETRIC_REPRESENTATION_CONTEXT() REPRESENTATION_CONTEXT('2D SPACE',''
  ) );
#6543 = ORIENTED_EDGE('',*,*,#6544,.T.);
#6544 = EDGE_CURVE('',#6517,#6459,#6545,.T.);
#6545 = SURFACE_CURVE('',#6546,(#6550,#6557),.PCURVE_S1.);
#6546 = LINE('',#6547,#6548);
#6547 = CARTESIAN_POINT('',(45.,-86.,-3.));
#6548 = VECTOR('',#6549,1.);
#6549 = DIRECTION('',(0.,1.,0.));
#6550 = PCURVE('',#126,#6551);
#6551 = DEFINITIONAL_REPRESENTATION('',(#6552),#6556);
#6552 = LINE('',#6553,#6554);
#6553 = CARTESIAN_POINT('',(45.,-86.));
#6554 = VECTOR('',#6555,1.);
#6555 = DIRECTION('',(0.,1.));
#6556 = ( GEOMETRIC_REPRESENTATION_CONTEXT(2) 
PARAMETRIC_REPRESENTATION_CONTEXT() REPRESENTATION_CONTEXT('2D SPACE',''
  ) );
#6557 = PCURVE('',#6558,#6563);
#6558 = PLANE('',#6559);
#6559 = AXIS2_PLACEMENT_3D('',#6560,#6561,#6562);
#6560 = CARTESIAN_POINT('',(45.,-86.,-3.));
#6561 = DIRECTION('',(-1.,0.,0.));
#6562 = DIRECTION('',(0.,1.,0.));
#6563 = DEFINITIONAL_REPRESENTATION('',(#6564),#6568);
#6564 = LINE('',#6565,#6566);
#6565 = CARTESIAN_POINT('',(0.,0.));
#6566 = VECTOR('',#6567,1.);
#6567 = DIRECTION('',(1.,0.));
#6568 = ( GEOMETRIC_REPRESENTATION_CONTEXT(2) 
PARAMETRIC_REPRESENTATION_CONTEXT() REPRESENTATION_CONTEXT('2D SPACE',''
  ) );
#6569 = FACE_BOUND('',#6570,.F.);
#6570 = EDGE_LOOP('',(#6571,#6596,#6624,#6652));
#6571 = ORIENTED_EDGE('',*,*,#6572,.F.);
#6572 = EDGE_CURVE('',#6573,#6575,#6577,.T.);
#6573 = VERTEX_POINT('',#6574);
#6574 = CARTESIAN_POINT('',(86.,23.,-3.));
#6575 = VERTEX_POINT('',#6576);
#6576 = CARTESIAN_POINT('',(86.,43.,-3.));
#6577 = SURFACE_CURVE('',#6578,(#6582,#6589),.PCURVE_S1.);
#6578 = LINE('',#6579,#6580);
#6579 = CARTESIAN_POINT('',(86.,-86.,-3.));
#6580 = VECTOR('',#6581,1.);
#6581 = DIRECTION('',(0.,1.,0.));
#6582 = PCURVE('',#126,#6583);
#6583 = DEFINITIONAL_REPRESENTATION('',(#6584),#6588);
#6584 = LINE('',#6585,#6586);
#6585 = CARTESIAN_POINT('',(86.,-86.));
#6586 = VECTOR('',#6587,1.);
#6587 = DIRECTION('',(0.,1.));
#6588 = ( GEOMETRIC_REPRESENTATION_CONTEXT(2) 
PARAMETRIC_REPRESENTATION_CONTEXT() REPRESENTATION_CONTEXT('2D SPACE',''
  ) );
#6589 = PCURVE('',#2820,#6590);
#6590 = DEFINITIONAL_REPRESENTATION('',(#6591),#6595);
#6591 = LINE('',#6592,#6593);
#6592 = CARTESIAN_POINT('',(0.,0.));
#6593 = VECTOR('',#6594,1.);
#6594 = DIRECTION('',(1.,0.));
#6595 = ( GEOMETRIC_REPRESENTATION_CONTEXT(2) 
PARAMETRIC_REPRESENTATION_CONTEXT() REPRESENTATION_CONTEXT('2D SPACE',''
  ) );
#6596 = ORIENTED_EDGE('',*,*,#6597,.T.);
#6597 = EDGE_CURVE('',#6573,#6598,#6600,.T.);
#6598 = VERTEX_POINT('',#6599);
#6599 = CARTESIAN_POINT('',(67.,23.,-3.));
#6600 = SURFACE_CURVE('',#6601,(#6605,#6612),.PCURVE_S1.);
#6601 = LINE('',#6602,#6603);
#6602 = CARTESIAN_POINT('',(86.,23.,-3.));
#6603 = VECTOR('',#6604,1.);
#6604 = DIRECTION('',(-1.,0.,0.));
#6605 = PCURVE('',#126,#6606);
#6606 = DEFINITIONAL_REPRESENTATION('',(#6607),#6611);
#6607 = LINE('',#6608,#6609);
#6608 = CARTESIAN_POINT('',(86.,23.));
#6609 = VECTOR('',#6610,1.);
#6610 = DIRECTION('',(-1.,0.));
#6611 = ( GEOMETRIC_REPRESENTATION_CONTEXT(2) 
PARAMETRIC_REPRESENTATION_CONTEXT() REPRESENTATION_CONTEXT('2D SPACE',''
  ) );
#6612 = PCURVE('',#6613,#6618);
#6613 = PLANE('',#6614);
#6614 = AXIS2_PLACEMENT_3D('',#6615,#6616,#6617);
#6615 = CARTESIAN_POINT('',(86.,23.,-3.));
#6616 = DIRECTION('',(0.,-1.,0.));
#6617 = DIRECTION('',(-1.,0.,0.));
#6618 = DEFINITIONAL_REPRESENTATION('',(#6619),#6623);
#6619 = LINE('',#6620,#6621);
#6620 = CARTESIAN_POINT('',(0.,-0.));
#6621 = VECTOR('',#6622,1.);
#6622 = DIRECTION('',(1.,0.));
#6623 = ( GEOMETRIC_REPRESENTATION_CONTEXT(2) 
PARAMETRIC_REPRESENTATION_CONTEXT() REPRESENTATION_CONTEXT('2D SPACE',''
  ) );
#6624 = ORIENTED_EDGE('',*,*,#6625,.T.);
#6625 = EDGE_CURVE('',#6598,#6626,#6628,.T.);
#6626 = VERTEX_POINT('',#6627);
#6627 = CARTESIAN_POINT('',(67.,43.,-3.));
#6628 = SURFACE_CURVE('',#6629,(#6633,#6640),.PCURVE_S1.);
#6629 = LINE('',#6630,#6631);
#6630 = CARTESIAN_POINT('',(67.,-86.,-3.));
#6631 = VECTOR('',#6632,1.);
#6632 = DIRECTION('',(0.,1.,0.));
#6633 = PCURVE('',#126,#6634);
#6634 = DEFINITIONAL_REPRESENTATION('',(#6635),#6639);
#6635 = LINE('',#6636,#6637);
#6636 = CARTESIAN_POINT('',(67.,-86.));
#6637 = VECTOR('',#6638,1.);
#6638 = DIRECTION('',(0.,1.));
#6639 = ( GEOMETRIC_REPRESENTATION_CONTEXT(2) 
PARAMETRIC_REPRESENTATION_CONTEXT() REPRESENTATION_CONTEXT('2D SPACE',''
  ) );
#6640 = PCURVE('',#6641,#6646);
#6641 = PLANE('',#6642);
#6642 = AXIS2_PLACEMENT_3D('',#6643,#6644,#6645);
#6643 = CARTESIAN_POINT('',(67.,-86.,-3.));
#6644 = DIRECTION('',(-1.,0.,0.));
#6645 = DIRECTION('',(0.,1.,0.));
#6646 = DEFINITIONAL_REPRESENTATION('',(#6647),#6651);
#6647 = LINE('',#6648,#6649);
#6648 = CARTESIAN_POINT('',(0.,0.));
#6649 = VECTOR('',#6650,1.);
#6650 = DIRECTION('',(1.,0.));
#6651 = ( GEOMETRIC_REPRESENTATION_CONTEXT(2) 
PARAMETRIC_REPRESENTATION_CONTEXT() REPRESENTATION_CONTEXT('2D SPACE',''
  ) );
#6652 = ORIENTED_EDGE('',*,*,#6653,.T.);
#6653 = EDGE_CURVE('',#6626,#6575,#6654,.T.);
#6654 = SURFACE_CURVE('',#6655,(#6659,#6666),.PCURVE_S1.);
#6655 = LINE('',#6656,#6657);
#6656 = CARTESIAN_POINT('',(-86.,43.,-3.));
#6657 = VECTOR('',#6658,1.);
#6658 = DIRECTION('',(1.,0.,0.));
#6659 = PCURVE('',#126,#6660);
#6660 = DEFINITIONAL_REPRESENTATION('',(#6661),#6665);
#6661 = LINE('',#6662,#6663);
#6662 = CARTESIAN_POINT('',(-86.,43.));
#6663 = VECTOR('',#6664,1.);
#6664 = DIRECTION('',(1.,0.));
#6665 = ( GEOMETRIC_REPRESENTATION_CONTEXT(2) 
PARAMETRIC_REPRESENTATION_CONTEXT() REPRESENTATION_CONTEXT('2D SPACE',''
  ) );
#6666 = PCURVE('',#6667,#6672);
#6667 = PLANE('',#6668);
#6668 = AXIS2_PLACEMENT_3D('',#6669,#6670,#6671);
#6669 = CARTESIAN_POINT('',(-86.,43.,-3.));
#6670 = DIRECTION('',(0.,1.,0.));
#6671 = DIRECTION('',(1.,0.,0.));
#6672 = DEFINITIONAL_REPRESENTATION('',(#6673),#6677);
#6673 = LINE('',#6674,#6675);
#6674 = CARTESIAN_POINT('',(0.,0.));
#6675 = VECTOR('',#6676,1.);
#6676 = DIRECTION('',(1.,0.));
#6677 = ( GEOMETRIC_REPRESENTATION_CONTEXT(2) 
PARAMETRIC_REPRESENTATION_CONTEXT() REPRESENTATION_CONTEXT('2D SPACE',''
  ) );
#6678 = FACE_BOUND('',#6679,.F.);
#6679 = EDGE_LOOP('',(#6680,#6710,#6738,#6766));
#6680 = ORIENTED_EDGE('',*,*,#6681,.T.);
#6681 = EDGE_CURVE('',#6682,#6684,#6686,.T.);
#6682 = VERTEX_POINT('',#6683);
#6683 = CARTESIAN_POINT('',(1.,45.,-3.));
#6684 = VERTEX_POINT('',#6685);
#6685 = CARTESIAN_POINT('',(1.,65.,-3.));
#6686 = SURFACE_CURVE('',#6687,(#6691,#6698),.PCURVE_S1.);
#6687 = LINE('',#6688,#6689);
#6688 = CARTESIAN_POINT('',(1.,-86.,-3.));
#6689 = VECTOR('',#6690,1.);
#6690 = DIRECTION('',(0.,1.,0.));
#6691 = PCURVE('',#126,#6692);
#6692 = DEFINITIONAL_REPRESENTATION('',(#6693),#6697);
#6693 = LINE('',#6694,#6695);
#6694 = CARTESIAN_POINT('',(1.,-86.));
#6695 = VECTOR('',#6696,1.);
#6696 = DIRECTION('',(0.,1.));
#6697 = ( GEOMETRIC_REPRESENTATION_CONTEXT(2) 
PARAMETRIC_REPRESENTATION_CONTEXT() REPRESENTATION_CONTEXT('2D SPACE',''
  ) );
#6698 = PCURVE('',#6699,#6704);
#6699 = PLANE('',#6700);
#6700 = AXIS2_PLACEMENT_3D('',#6701,#6702,#6703);
#6701 = CARTESIAN_POINT('',(1.,-86.,-3.));
#6702 = DIRECTION('',(-1.,0.,0.));
#6703 = DIRECTION('',(0.,1.,0.));
#6704 = DEFINITIONAL_REPRESENTATION('',(#6705),#6709);
#6705 = LINE('',#6706,#6707);
#6706 = CARTESIAN_POINT('',(0.,0.));
#6707 = VECTOR('',#6708,1.);
#6708 = DIRECTION('',(1.,0.));
#6709 = ( GEOMETRIC_REPRESENTATION_CONTEXT(2) 
PARAMETRIC_REPRESENTATION_CONTEXT() REPRESENTATION_CONTEXT('2D SPACE',''
  ) );
#6710 = ORIENTED_EDGE('',*,*,#6711,.T.);
#6711 = EDGE_CURVE('',#6684,#6712,#6714,.T.);
#6712 = VERTEX_POINT('',#6713);
#6713 = CARTESIAN_POINT('',(21.,65.,-3.));
#6714 = SURFACE_CURVE('',#6715,(#6719,#6726),.PCURVE_S1.);
#6715 = LINE('',#6716,#6717);
#6716 = CARTESIAN_POINT('',(-86.,65.,-3.));
#6717 = VECTOR('',#6718,1.);
#6718 = DIRECTION('',(1.,0.,0.));
#6719 = PCURVE('',#126,#6720);
#6720 = DEFINITIONAL_REPRESENTATION('',(#6721),#6725);
#6721 = LINE('',#6722,#6723);
#6722 = CARTESIAN_POINT('',(-86.,65.));
#6723 = VECTOR('',#6724,1.);
#6724 = DIRECTION('',(1.,0.));
#6725 = ( GEOMETRIC_REPRESENTATION_CONTEXT(2) 
PARAMETRIC_REPRESENTATION_CONTEXT() REPRESENTATION_CONTEXT('2D SPACE',''
  ) );
#6726 = PCURVE('',#6727,#6732);
#6727 = PLANE('',#6728);
#6728 = AXIS2_PLACEMENT_3D('',#6729,#6730,#6731);
#6729 = CARTESIAN_POINT('',(-86.,65.,-3.));
#6730 = DIRECTION('',(0.,1.,0.));
#6731 = DIRECTION('',(1.,0.,0.));
#6732 = DEFINITIONAL_REPRESENTATION('',(#6733),#6737);
#6733 = LINE('',#6734,#6735);
#6734 = CARTESIAN_POINT('',(0.,0.));
#6735 = VECTOR('',#6736,1.);
#6736 = DIRECTION('',(1.,0.));
#6737 = ( GEOMETRIC_REPRESENTATION_CONTEXT(2) 
PARAMETRIC_REPRESENTATION_CONTEXT() REPRESENTATION_CONTEXT('2D SPACE',''
  ) );
#6738 = ORIENTED_EDGE('',*,*,#6739,.T.);
#6739 = EDGE_CURVE('',#6712,#6740,#6742,.T.);
#6740 = VERTEX_POINT('',#6741);
#6741 = CARTESIAN_POINT('',(21.,45.,-3.));
#6742 = SURFACE_CURVE('',#6743,(#6747,#6754),.PCURVE_S1.);
#6743 = LINE('',#6744,#6745);
#6744 = CARTESIAN_POINT('',(21.,86.,-3.));
#6745 = VECTOR('',#6746,1.);
#6746 = DIRECTION('',(0.,-1.,0.));
#6747 = PCURVE('',#126,#6748);
#6748 = DEFINITIONAL_REPRESENTATION('',(#6749),#6753);
#6749 = LINE('',#6750,#6751);
#6750 = CARTESIAN_POINT('',(21.,86.));
#6751 = VECTOR('',#6752,1.);
#6752 = DIRECTION('',(0.,-1.));
#6753 = ( GEOMETRIC_REPRESENTATION_CONTEXT(2) 
PARAMETRIC_REPRESENTATION_CONTEXT() REPRESENTATION_CONTEXT('2D SPACE',''
  ) );
#6754 = PCURVE('',#6755,#6760);
#6755 = PLANE('',#6756);
#6756 = AXIS2_PLACEMENT_3D('',#6757,#6758,#6759);
#6757 = CARTESIAN_POINT('',(21.,86.,-3.));
#6758 = DIRECTION('',(1.,0.,-0.));
#6759 = DIRECTION('',(0.,-1.,0.));
#6760 = DEFINITIONAL_REPRESENTATION('',(#6761),#6765);
#6761 = LINE('',#6762,#6763);
#6762 = CARTESIAN_POINT('',(0.,0.));
#6763 = VECTOR('',#6764,1.);
#6764 = DIRECTION('',(1.,0.));
#6765 = ( GEOMETRIC_REPRESENTATION_CONTEXT(2) 
PARAMETRIC_REPRESENTATION_CONTEXT() REPRESENTATION_CONTEXT('2D SPACE',''
  ) );
#6766 = ORIENTED_EDGE('',*,*,#6767,.T.);
#6767 = EDGE_CURVE('',#6740,#6682,#6768,.T.);
#6768 = SURFACE_CURVE('',#6769,(#6773,#6780),.PCURVE_S1.);
#6769 = LINE('',#6770,#6771);
#6770 = CARTESIAN_POINT('',(86.,45.,-3.));
#6771 = VECTOR('',#6772,1.);
#6772 = DIRECTION('',(-1.,0.,0.));
#6773 = PCURVE('',#126,#6774);
#6774 = DEFINITIONAL_REPRESENTATION('',(#6775),#6779);
#6775 = LINE('',#6776,#6777);
#6776 = CARTESIAN_POINT('',(86.,45.));
#6777 = VECTOR('',#6778,1.);
#6778 = DIRECTION('',(-1.,0.));
#6779 = ( GEOMETRIC_REPRESENTATION_CONTEXT(2) 
PARAMETRIC_REPRESENTATION_CONTEXT() REPRESENTATION_CONTEXT('2D SPACE',''
  ) );
#6780 = PCURVE('',#6781,#6786);
#6781 = PLANE('',#6782);
#6782 = AXIS2_PLACEMENT_3D('',#6783,#6784,#6785);
#6783 = CARTESIAN_POINT('',(86.,45.,-3.));
#6784 = DIRECTION('',(0.,-1.,0.));
#6785 = DIRECTION('',(-1.,0.,0.));
#6786 = DEFINITIONAL_REPRESENTATION('',(#6787),#6791);
#6787 = LINE('',#6788,#6789);
#6788 = CARTESIAN_POINT('',(0.,-0.));
#6789 = VECTOR('',#6790,1.);
#6790 = DIRECTION('',(1.,0.));
#6791 = ( GEOMETRIC_REPRESENTATION_CONTEXT(2) 
PARAMETRIC_REPRESENTATION_CONTEXT() REPRESENTATION_CONTEXT('2D SPACE',''
  ) );
#6792 = FACE_BOUND('',#6793,.F.);
#6793 = EDGE_LOOP('',(#6794,#6824,#6852,#6880));
#6794 = ORIENTED_EDGE('',*,*,#6795,.T.);
#6795 = EDGE_CURVE('',#6796,#6798,#6800,.T.);
#6796 = VERTEX_POINT('',#6797);
#6797 = CARTESIAN_POINT('',(23.,45.,-3.));
#6798 = VERTEX_POINT('',#6799);
#6799 = CARTESIAN_POINT('',(23.,65.,-3.));
#6800 = SURFACE_CURVE('',#6801,(#6805,#6812),.PCURVE_S1.);
#6801 = LINE('',#6802,#6803);
#6802 = CARTESIAN_POINT('',(23.,-86.,-3.));
#6803 = VECTOR('',#6804,1.);
#6804 = DIRECTION('',(0.,1.,0.));
#6805 = PCURVE('',#126,#6806);
#6806 = DEFINITIONAL_REPRESENTATION('',(#6807),#6811);
#6807 = LINE('',#6808,#6809);
#6808 = CARTESIAN_POINT('',(23.,-86.));
#6809 = VECTOR('',#6810,1.);
#6810 = DIRECTION('',(0.,1.));
#6811 = ( GEOMETRIC_REPRESENTATION_CONTEXT(2) 
PARAMETRIC_REPRESENTATION_CONTEXT() REPRESENTATION_CONTEXT('2D SPACE',''
  ) );
#6812 = PCURVE('',#6813,#6818);
#6813 = PLANE('',#6814);
#6814 = AXIS2_PLACEMENT_3D('',#6815,#6816,#6817);
#6815 = CARTESIAN_POINT('',(23.,-86.,-3.));
#6816 = DIRECTION('',(-1.,0.,0.));
#6817 = DIRECTION('',(0.,1.,0.));
#6818 = DEFINITIONAL_REPRESENTATION('',(#6819),#6823);
#6819 = LINE('',#6820,#6821);
#6820 = CARTESIAN_POINT('',(0.,0.));
#6821 = VECTOR('',#6822,1.);
#6822 = DIRECTION('',(1.,0.));
#6823 = ( GEOMETRIC_REPRESENTATION_CONTEXT(2) 
PARAMETRIC_REPRESENTATION_CONTEXT() REPRESENTATION_CONTEXT('2D SPACE',''
  ) );
#6824 = ORIENTED_EDGE('',*,*,#6825,.T.);
#6825 = EDGE_CURVE('',#6798,#6826,#6828,.T.);
#6826 = VERTEX_POINT('',#6827);
#6827 = CARTESIAN_POINT('',(43.,65.,-3.));
#6828 = SURFACE_CURVE('',#6829,(#6833,#6840),.PCURVE_S1.);
#6829 = LINE('',#6830,#6831);
#6830 = CARTESIAN_POINT('',(-86.,65.,-3.));
#6831 = VECTOR('',#6832,1.);
#6832 = DIRECTION('',(1.,0.,0.));
#6833 = PCURVE('',#126,#6834);
#6834 = DEFINITIONAL_REPRESENTATION('',(#6835),#6839);
#6835 = LINE('',#6836,#6837);
#6836 = CARTESIAN_POINT('',(-86.,65.));
#6837 = VECTOR('',#6838,1.);
#6838 = DIRECTION('',(1.,0.));
#6839 = ( GEOMETRIC_REPRESENTATION_CONTEXT(2) 
PARAMETRIC_REPRESENTATION_CONTEXT() REPRESENTATION_CONTEXT('2D SPACE',''
  ) );
#6840 = PCURVE('',#6841,#6846);
#6841 = PLANE('',#6842);
#6842 = AXIS2_PLACEMENT_3D('',#6843,#6844,#6845);
#6843 = CARTESIAN_POINT('',(-86.,65.,-3.));
#6844 = DIRECTION('',(0.,1.,0.));
#6845 = DIRECTION('',(1.,0.,0.));
#6846 = DEFINITIONAL_REPRESENTATION('',(#6847),#6851);
#6847 = LINE('',#6848,#6849);
#6848 = CARTESIAN_POINT('',(0.,0.));
#6849 = VECTOR('',#6850,1.);
#6850 = DIRECTION('',(1.,0.));
#6851 = ( GEOMETRIC_REPRESENTATION_CONTEXT(2) 
PARAMETRIC_REPRESENTATION_CONTEXT() REPRESENTATION_CONTEXT('2D SPACE',''
  ) );
#6852 = ORIENTED_EDGE('',*,*,#6853,.T.);
#6853 = EDGE_CURVE('',#6826,#6854,#6856,.T.);
#6854 = VERTEX_POINT('',#6855);
#6855 = CARTESIAN_POINT('',(43.,45.,-3.));
#6856 = SURFACE_CURVE('',#6857,(#6861,#6868),.PCURVE_S1.);
#6857 = LINE('',#6858,#6859);
#6858 = CARTESIAN_POINT('',(43.,86.,-3.));
#6859 = VECTOR('',#6860,1.);
#6860 = DIRECTION('',(0.,-1.,0.));
#6861 = PCURVE('',#126,#6862);
#6862 = DEFINITIONAL_REPRESENTATION('',(#6863),#6867);
#6863 = LINE('',#6864,#6865);
#6864 = CARTESIAN_POINT('',(43.,86.));
#6865 = VECTOR('',#6866,1.);
#6866 = DIRECTION('',(0.,-1.));
#6867 = ( GEOMETRIC_REPRESENTATION_CONTEXT(2) 
PARAMETRIC_REPRESENTATION_CONTEXT() REPRESENTATION_CONTEXT('2D SPACE',''
  ) );
#6868 = PCURVE('',#6869,#6874);
#6869 = PLANE('',#6870);
#6870 = AXIS2_PLACEMENT_3D('',#6871,#6872,#6873);
#6871 = CARTESIAN_POINT('',(43.,86.,-3.));
#6872 = DIRECTION('',(1.,0.,-0.));
#6873 = DIRECTION('',(0.,-1.,0.));
#6874 = DEFINITIONAL_REPRESENTATION('',(#6875),#6879);
#6875 = LINE('',#6876,#6877);
#6876 = CARTESIAN_POINT('',(0.,0.));
#6877 = VECTOR('',#6878,1.);
#6878 = DIRECTION('',(1.,0.));
#6879 = ( GEOMETRIC_REPRESENTATION_CONTEXT(2) 
PARAMETRIC_REPRESENTATION_CONTEXT() REPRESENTATION_CONTEXT('2D SPACE',''
  ) );
#6880 = ORIENTED_EDGE('',*,*,#6881,.T.);
#6881 = EDGE_CURVE('',#6854,#6796,#6882,.T.);
#6882 = SURFACE_CURVE('',#6883,(#6887,#6894),.PCURVE_S1.);
#6883 = LINE('',#6884,#6885);
#6884 = CARTESIAN_POINT('',(86.,45.,-3.));
#6885 = VECTOR('',#6886,1.);
#6886 = DIRECTION('',(-1.,0.,0.));
#6887 = PCURVE('',#126,#6888);
#6888 = DEFINITIONAL_REPRESENTATION('',(#6889),#6893);
#6889 = LINE('',#6890,#6891);
#6890 = CARTESIAN_POINT('',(86.,45.));
#6891 = VECTOR('',#6892,1.);
#6892 = DIRECTION('',(-1.,0.));
#6893 = ( GEOMETRIC_REPRESENTATION_CONTEXT(2) 
PARAMETRIC_REPRESENTATION_CONTEXT() REPRESENTATION_CONTEXT('2D SPACE',''
  ) );
#6894 = PCURVE('',#6895,#6900);
#6895 = PLANE('',#6896);
#6896 = AXIS2_PLACEMENT_3D('',#6897,#6898,#6899);
#6897 = CARTESIAN_POINT('',(86.,45.,-3.));
#6898 = DIRECTION('',(0.,-1.,0.));
#6899 = DIRECTION('',(-1.,0.,0.));
#6900 = DEFINITIONAL_REPRESENTATION('',(#6901),#6905);
#6901 = LINE('',#6902,#6903);
#6902 = CARTESIAN_POINT('',(0.,-0.));
#6903 = VECTOR('',#6904,1.);
#6904 = DIRECTION('',(1.,0.));
#6905 = ( GEOMETRIC_REPRESENTATION_CONTEXT(2) 
PARAMETRIC_REPRESENTATION_CONTEXT() REPRESENTATION_CONTEXT('2D SPACE',''
  ) );
#6906 = FACE_BOUND('',#6907,.F.);
#6907 = EDGE_LOOP('',(#6908,#6933,#6961,#6989));
#6908 = ORIENTED_EDGE('',*,*,#6909,.F.);
#6909 = EDGE_CURVE('',#6910,#6912,#6914,.T.);
#6910 = VERTEX_POINT('',#6911);
#6911 = CARTESIAN_POINT('',(21.,86.,-3.));
#6912 = VERTEX_POINT('',#6913);
#6913 = CARTESIAN_POINT('',(1.,86.,-3.));
#6914 = SURFACE_CURVE('',#6915,(#6919,#6926),.PCURVE_S1.);
#6915 = LINE('',#6916,#6917);
#6916 = CARTESIAN_POINT('',(86.,86.,-3.));
#6917 = VECTOR('',#6918,1.);
#6918 = DIRECTION('',(-1.,0.,0.));
#6919 = PCURVE('',#126,#6920);
#6920 = DEFINITIONAL_REPRESENTATION('',(#6921),#6925);
#6921 = LINE('',#6922,#6923);
#6922 = CARTESIAN_POINT('',(86.,86.));
#6923 = VECTOR('',#6924,1.);
#6924 = DIRECTION('',(-1.,0.));
#6925 = ( GEOMETRIC_REPRESENTATION_CONTEXT(2) 
PARAMETRIC_REPRESENTATION_CONTEXT() REPRESENTATION_CONTEXT('2D SPACE',''
  ) );
#6926 = PCURVE('',#5125,#6927);
#6927 = DEFINITIONAL_REPRESENTATION('',(#6928),#6932);
#6928 = LINE('',#6929,#6930);
#6929 = CARTESIAN_POINT('',(0.,-0.));
#6930 = VECTOR('',#6931,1.);
#6931 = DIRECTION('',(1.,0.));
#6932 = ( GEOMETRIC_REPRESENTATION_CONTEXT(2) 
PARAMETRIC_REPRESENTATION_CONTEXT() REPRESENTATION_CONTEXT('2D SPACE',''
  ) );
#6933 = ORIENTED_EDGE('',*,*,#6934,.T.);
#6934 = EDGE_CURVE('',#6910,#6935,#6937,.T.);
#6935 = VERTEX_POINT('',#6936);
#6936 = CARTESIAN_POINT('',(21.,67.,-3.));
#6937 = SURFACE_CURVE('',#6938,(#6942,#6949),.PCURVE_S1.);
#6938 = LINE('',#6939,#6940);
#6939 = CARTESIAN_POINT('',(21.,86.,-3.));
#6940 = VECTOR('',#6941,1.);
#6941 = DIRECTION('',(0.,-1.,0.));
#6942 = PCURVE('',#126,#6943);
#6943 = DEFINITIONAL_REPRESENTATION('',(#6944),#6948);
#6944 = LINE('',#6945,#6946);
#6945 = CARTESIAN_POINT('',(21.,86.));
#6946 = VECTOR('',#6947,1.);
#6947 = DIRECTION('',(0.,-1.));
#6948 = ( GEOMETRIC_REPRESENTATION_CONTEXT(2) 
PARAMETRIC_REPRESENTATION_CONTEXT() REPRESENTATION_CONTEXT('2D SPACE',''
  ) );
#6949 = PCURVE('',#6950,#6955);
#6950 = PLANE('',#6951);
#6951 = AXIS2_PLACEMENT_3D('',#6952,#6953,#6954);
#6952 = CARTESIAN_POINT('',(21.,86.,-3.));
#6953 = DIRECTION('',(1.,0.,-0.));
#6954 = DIRECTION('',(0.,-1.,0.));
#6955 = DEFINITIONAL_REPRESENTATION('',(#6956),#6960);
#6956 = LINE('',#6957,#6958);
#6957 = CARTESIAN_POINT('',(0.,0.));
#6958 = VECTOR('',#6959,1.);
#6959 = DIRECTION('',(1.,0.));
#6960 = ( GEOMETRIC_REPRESENTATION_CONTEXT(2) 
PARAMETRIC_REPRESENTATION_CONTEXT() REPRESENTATION_CONTEXT('2D SPACE',''
  ) );
#6961 = ORIENTED_EDGE('',*,*,#6962,.T.);
#6962 = EDGE_CURVE('',#6935,#6963,#6965,.T.);
#6963 = VERTEX_POINT('',#6964);
#6964 = CARTESIAN_POINT('',(1.,67.,-3.));
#6965 = SURFACE_CURVE('',#6966,(#6970,#6977),.PCURVE_S1.);
#6966 = LINE('',#6967,#6968);
#6967 = CARTESIAN_POINT('',(86.,67.,-3.));
#6968 = VECTOR('',#6969,1.);
#6969 = DIRECTION('',(-1.,0.,0.));
#6970 = PCURVE('',#126,#6971);
#6971 = DEFINITIONAL_REPRESENTATION('',(#6972),#6976);
#6972 = LINE('',#6973,#6974);
#6973 = CARTESIAN_POINT('',(86.,67.));
#6974 = VECTOR('',#6975,1.);
#6975 = DIRECTION('',(-1.,0.));
#6976 = ( GEOMETRIC_REPRESENTATION_CONTEXT(2) 
PARAMETRIC_REPRESENTATION_CONTEXT() REPRESENTATION_CONTEXT('2D SPACE',''
  ) );
#6977 = PCURVE('',#6978,#6983);
#6978 = PLANE('',#6979);
#6979 = AXIS2_PLACEMENT_3D('',#6980,#6981,#6982);
#6980 = CARTESIAN_POINT('',(86.,67.,-3.));
#6981 = DIRECTION('',(0.,-1.,0.));
#6982 = DIRECTION('',(-1.,0.,0.));
#6983 = DEFINITIONAL_REPRESENTATION('',(#6984),#6988);
#6984 = LINE('',#6985,#6986);
#6985 = CARTESIAN_POINT('',(0.,-0.));
#6986 = VECTOR('',#6987,1.);
#6987 = DIRECTION('',(1.,0.));
#6988 = ( GEOMETRIC_REPRESENTATION_CONTEXT(2) 
PARAMETRIC_REPRESENTATION_CONTEXT() REPRESENTATION_CONTEXT('2D SPACE',''
  ) );
#6989 = ORIENTED_EDGE('',*,*,#6990,.T.);
#6990 = EDGE_CURVE('',#6963,#6912,#6991,.T.);
#6991 = SURFACE_CURVE('',#6992,(#6996,#7003),.PCURVE_S1.);
#6992 = LINE('',#6993,#6994);
#6993 = CARTESIAN_POINT('',(1.,-86.,-3.));
#6994 = VECTOR('',#6995,1.);
#6995 = DIRECTION('',(0.,1.,0.));
#6996 = PCURVE('',#126,#6997);
#6997 = DEFINITIONAL_REPRESENTATION('',(#6998),#7002);
#6998 = LINE('',#6999,#7000);
#6999 = CARTESIAN_POINT('',(1.,-86.));
#7000 = VECTOR('',#7001,1.);
#7001 = DIRECTION('',(0.,1.));
#7002 = ( GEOMETRIC_REPRESENTATION_CONTEXT(2) 
PARAMETRIC_REPRESENTATION_CONTEXT() REPRESENTATION_CONTEXT('2D SPACE',''
  ) );
#7003 = PCURVE('',#7004,#7009);
#7004 = PLANE('',#7005);
#7005 = AXIS2_PLACEMENT_3D('',#7006,#7007,#7008);
#7006 = CARTESIAN_POINT('',(1.,-86.,-3.));
#7007 = DIRECTION('',(-1.,0.,0.));
#7008 = DIRECTION('',(0.,1.,0.));
#7009 = DEFINITIONAL_REPRESENTATION('',(#7010),#7014);
#7010 = LINE('',#7011,#7012);
#7011 = CARTESIAN_POINT('',(0.,0.));
#7012 = VECTOR('',#7013,1.);
#7013 = DIRECTION('',(1.,0.));
#7014 = ( GEOMETRIC_REPRESENTATION_CONTEXT(2) 
PARAMETRIC_REPRESENTATION_CONTEXT() REPRESENTATION_CONTEXT('2D SPACE',''
  ) );
#7015 = FACE_BOUND('',#7016,.F.);
#7016 = EDGE_LOOP('',(#7017,#7042,#7070,#7098));
#7017 = ORIENTED_EDGE('',*,*,#7018,.F.);
#7018 = EDGE_CURVE('',#7019,#7021,#7023,.T.);
#7019 = VERTEX_POINT('',#7020);
#7020 = CARTESIAN_POINT('',(43.,86.,-3.));
#7021 = VERTEX_POINT('',#7022);
#7022 = CARTESIAN_POINT('',(23.,86.,-3.));
#7023 = SURFACE_CURVE('',#7024,(#7028,#7035),.PCURVE_S1.);
#7024 = LINE('',#7025,#7026);
#7025 = CARTESIAN_POINT('',(86.,86.,-3.));
#7026 = VECTOR('',#7027,1.);
#7027 = DIRECTION('',(-1.,0.,0.));
#7028 = PCURVE('',#126,#7029);
#7029 = DEFINITIONAL_REPRESENTATION('',(#7030),#7034);
#7030 = LINE('',#7031,#7032);
#7031 = CARTESIAN_POINT('',(86.,86.));
#7032 = VECTOR('',#7033,1.);
#7033 = DIRECTION('',(-1.,0.));
#7034 = ( GEOMETRIC_REPRESENTATION_CONTEXT(2) 
PARAMETRIC_REPRESENTATION_CONTEXT() REPRESENTATION_CONTEXT('2D SPACE',''
  ) );
#7035 = PCURVE('',#5125,#7036);
#7036 = DEFINITIONAL_REPRESENTATION('',(#7037),#7041);
#7037 = LINE('',#7038,#7039);
#7038 = CARTESIAN_POINT('',(0.,-0.));
#7039 = VECTOR('',#7040,1.);
#7040 = DIRECTION('',(1.,0.));
#7041 = ( GEOMETRIC_REPRESENTATION_CONTEXT(2) 
PARAMETRIC_REPRESENTATION_CONTEXT() REPRESENTATION_CONTEXT('2D SPACE',''
  ) );
#7042 = ORIENTED_EDGE('',*,*,#7043,.T.);
#7043 = EDGE_CURVE('',#7019,#7044,#7046,.T.);
#7044 = VERTEX_POINT('',#7045);
#7045 = CARTESIAN_POINT('',(43.,67.,-3.));
#7046 = SURFACE_CURVE('',#7047,(#7051,#7058),.PCURVE_S1.);
#7047 = LINE('',#7048,#7049);
#7048 = CARTESIAN_POINT('',(43.,86.,-3.));
#7049 = VECTOR('',#7050,1.);
#7050 = DIRECTION('',(0.,-1.,0.));
#7051 = PCURVE('',#126,#7052);
#7052 = DEFINITIONAL_REPRESENTATION('',(#7053),#7057);
#7053 = LINE('',#7054,#7055);
#7054 = CARTESIAN_POINT('',(43.,86.));
#7055 = VECTOR('',#7056,1.);
#7056 = DIRECTION('',(0.,-1.));
#7057 = ( GEOMETRIC_REPRESENTATION_CONTEXT(2) 
PARAMETRIC_REPRESENTATION_CONTEXT() REPRESENTATION_CONTEXT('2D SPACE',''
  ) );
#7058 = PCURVE('',#7059,#7064);
#7059 = PLANE('',#7060);
#7060 = AXIS2_PLACEMENT_3D('',#7061,#7062,#7063);
#7061 = CARTESIAN_POINT('',(43.,86.,-3.));
#7062 = DIRECTION('',(1.,0.,-0.));
#7063 = DIRECTION('',(0.,-1.,0.));
#7064 = DEFINITIONAL_REPRESENTATION('',(#7065),#7069);
#7065 = LINE('',#7066,#7067);
#7066 = CARTESIAN_POINT('',(0.,0.));
#7067 = VECTOR('',#7068,1.);
#7068 = DIRECTION('',(1.,0.));
#7069 = ( GEOMETRIC_REPRESENTATION_CONTEXT(2) 
PARAMETRIC_REPRESENTATION_CONTEXT() REPRESENTATION_CONTEXT('2D SPACE',''
  ) );
#7070 = ORIENTED_EDGE('',*,*,#7071,.T.);
#7071 = EDGE_CURVE('',#7044,#7072,#7074,.T.);
#7072 = VERTEX_POINT('',#7073);
#7073 = CARTESIAN_POINT('',(23.,67.,-3.));
#7074 = SURFACE_CURVE('',#7075,(#7079,#7086),.PCURVE_S1.);
#7075 = LINE('',#7076,#7077);
#7076 = CARTESIAN_POINT('',(86.,67.,-3.));
#7077 = VECTOR('',#7078,1.);
#7078 = DIRECTION('',(-1.,0.,0.));
#7079 = PCURVE('',#126,#7080);
#7080 = DEFINITIONAL_REPRESENTATION('',(#7081),#7085);
#7081 = LINE('',#7082,#7083);
#7082 = CARTESIAN_POINT('',(86.,67.));
#7083 = VECTOR('',#7084,1.);
#7084 = DIRECTION('',(-1.,0.));
#7085 = ( GEOMETRIC_REPRESENTATION_CONTEXT(2) 
PARAMETRIC_REPRESENTATION_CONTEXT() REPRESENTATION_CONTEXT('2D SPACE',''
  ) );
#7086 = PCURVE('',#7087,#7092);
#7087 = PLANE('',#7088);
#7088 = AXIS2_PLACEMENT_3D('',#7089,#7090,#7091);
#7089 = CARTESIAN_POINT('',(86.,67.,-3.));
#7090 = DIRECTION('',(0.,-1.,0.));
#7091 = DIRECTION('',(-1.,0.,0.));
#7092 = DEFINITIONAL_REPRESENTATION('',(#7093),#7097);
#7093 = LINE('',#7094,#7095);
#7094 = CARTESIAN_POINT('',(0.,-0.));
#7095 = VECTOR('',#7096,1.);
#7096 = DIRECTION('',(1.,0.));
#7097 = ( GEOMETRIC_REPRESENTATION_CONTEXT(2) 
PARAMETRIC_REPRESENTATION_CONTEXT() REPRESENTATION_CONTEXT('2D SPACE',''
  ) );
#7098 = ORIENTED_EDGE('',*,*,#7099,.T.);
#7099 = EDGE_CURVE('',#7072,#7021,#7100,.T.);
#7100 = SURFACE_CURVE('',#7101,(#7105,#7112),.PCURVE_S1.);
#7101 = LINE('',#7102,#7103);
#7102 = CARTESIAN_POINT('',(23.,-86.,-3.));
#7103 = VECTOR('',#7104,1.);
#7104 = DIRECTION('',(0.,1.,0.));
#7105 = PCURVE('',#126,#7106);
#7106 = DEFINITIONAL_REPRESENTATION('',(#7107),#7111);
#7107 = LINE('',#7108,#7109);
#7108 = CARTESIAN_POINT('',(23.,-86.));
#7109 = VECTOR('',#7110,1.);
#7110 = DIRECTION('',(0.,1.));
#7111 = ( GEOMETRIC_REPRESENTATION_CONTEXT(2) 
PARAMETRIC_REPRESENTATION_CONTEXT() REPRESENTATION_CONTEXT('2D SPACE',''
  ) );
#7112 = PCURVE('',#7113,#7118);
#7113 = PLANE('',#7114);
#7114 = AXIS2_PLACEMENT_3D('',#7115,#7116,#7117);
#7115 = CARTESIAN_POINT('',(23.,-86.,-3.));
#7116 = DIRECTION('',(-1.,0.,0.));
#7117 = DIRECTION('',(0.,1.,0.));
#7118 = DEFINITIONAL_REPRESENTATION('',(#7119),#7123);
#7119 = LINE('',#7120,#7121);
#7120 = CARTESIAN_POINT('',(0.,0.));
#7121 = VECTOR('',#7122,1.);
#7122 = DIRECTION('',(1.,0.));
#7123 = ( GEOMETRIC_REPRESENTATION_CONTEXT(2) 
PARAMETRIC_REPRESENTATION_CONTEXT() REPRESENTATION_CONTEXT('2D SPACE',''
  ) );
#7124 = FACE_BOUND('',#7125,.F.);
#7125 = EDGE_LOOP('',(#7126,#7156,#7184,#7212));
#7126 = ORIENTED_EDGE('',*,*,#7127,.T.);
#7127 = EDGE_CURVE('',#7128,#7130,#7132,.T.);
#7128 = VERTEX_POINT('',#7129);
#7129 = CARTESIAN_POINT('',(45.,45.,-3.));
#7130 = VERTEX_POINT('',#7131);
#7131 = CARTESIAN_POINT('',(45.,65.,-3.));
#7132 = SURFACE_CURVE('',#7133,(#7137,#7144),.PCURVE_S1.);
#7133 = LINE('',#7134,#7135);
#7134 = CARTESIAN_POINT('',(45.,-86.,-3.));
#7135 = VECTOR('',#7136,1.);
#7136 = DIRECTION('',(0.,1.,0.));
#7137 = PCURVE('',#126,#7138);
#7138 = DEFINITIONAL_REPRESENTATION('',(#7139),#7143);
#7139 = LINE('',#7140,#7141);
#7140 = CARTESIAN_POINT('',(45.,-86.));
#7141 = VECTOR('',#7142,1.);
#7142 = DIRECTION('',(0.,1.));
#7143 = ( GEOMETRIC_REPRESENTATION_CONTEXT(2) 
PARAMETRIC_REPRESENTATION_CONTEXT() REPRESENTATION_CONTEXT('2D SPACE',''
  ) );
#7144 = PCURVE('',#7145,#7150);
#7145 = PLANE('',#7146);
#7146 = AXIS2_PLACEMENT_3D('',#7147,#7148,#7149);
#7147 = CARTESIAN_POINT('',(45.,-86.,-3.));
#7148 = DIRECTION('',(-1.,0.,0.));
#7149 = DIRECTION('',(0.,1.,0.));
#7150 = DEFINITIONAL_REPRESENTATION('',(#7151),#7155);
#7151 = LINE('',#7152,#7153);
#7152 = CARTESIAN_POINT('',(0.,0.));
#7153 = VECTOR('',#7154,1.);
#7154 = DIRECTION('',(1.,0.));
#7155 = ( GEOMETRIC_REPRESENTATION_CONTEXT(2) 
PARAMETRIC_REPRESENTATION_CONTEXT() REPRESENTATION_CONTEXT('2D SPACE',''
  ) );
#7156 = ORIENTED_EDGE('',*,*,#7157,.T.);
#7157 = EDGE_CURVE('',#7130,#7158,#7160,.T.);
#7158 = VERTEX_POINT('',#7159);
#7159 = CARTESIAN_POINT('',(65.,65.,-3.));
#7160 = SURFACE_CURVE('',#7161,(#7165,#7172),.PCURVE_S1.);
#7161 = LINE('',#7162,#7163);
#7162 = CARTESIAN_POINT('',(-86.,65.,-3.));
#7163 = VECTOR('',#7164,1.);
#7164 = DIRECTION('',(1.,0.,0.));
#7165 = PCURVE('',#126,#7166);
#7166 = DEFINITIONAL_REPRESENTATION('',(#7167),#7171);
#7167 = LINE('',#7168,#7169);
#7168 = CARTESIAN_POINT('',(-86.,65.));
#7169 = VECTOR('',#7170,1.);
#7170 = DIRECTION('',(1.,0.));
#7171 = ( GEOMETRIC_REPRESENTATION_CONTEXT(2) 
PARAMETRIC_REPRESENTATION_CONTEXT() REPRESENTATION_CONTEXT('2D SPACE',''
  ) );
#7172 = PCURVE('',#7173,#7178);
#7173 = PLANE('',#7174);
#7174 = AXIS2_PLACEMENT_3D('',#7175,#7176,#7177);
#7175 = CARTESIAN_POINT('',(-86.,65.,-3.));
#7176 = DIRECTION('',(0.,1.,0.));
#7177 = DIRECTION('',(1.,0.,0.));
#7178 = DEFINITIONAL_REPRESENTATION('',(#7179),#7183);
#7179 = LINE('',#7180,#7181);
#7180 = CARTESIAN_POINT('',(0.,0.));
#7181 = VECTOR('',#7182,1.);
#7182 = DIRECTION('',(1.,0.));
#7183 = ( GEOMETRIC_REPRESENTATION_CONTEXT(2) 
PARAMETRIC_REPRESENTATION_CONTEXT() REPRESENTATION_CONTEXT('2D SPACE',''
  ) );
#7184 = ORIENTED_EDGE('',*,*,#7185,.T.);
#7185 = EDGE_CURVE('',#7158,#7186,#7188,.T.);
#7186 = VERTEX_POINT('',#7187);
#7187 = CARTESIAN_POINT('',(65.,45.,-3.));
#7188 = SURFACE_CURVE('',#7189,(#7193,#7200),.PCURVE_S1.);
#7189 = LINE('',#7190,#7191);
#7190 = CARTESIAN_POINT('',(65.,86.,-3.));
#7191 = VECTOR('',#7192,1.);
#7192 = DIRECTION('',(0.,-1.,0.));
#7193 = PCURVE('',#126,#7194);
#7194 = DEFINITIONAL_REPRESENTATION('',(#7195),#7199);
#7195 = LINE('',#7196,#7197);
#7196 = CARTESIAN_POINT('',(65.,86.));
#7197 = VECTOR('',#7198,1.);
#7198 = DIRECTION('',(0.,-1.));
#7199 = ( GEOMETRIC_REPRESENTATION_CONTEXT(2) 
PARAMETRIC_REPRESENTATION_CONTEXT() REPRESENTATION_CONTEXT('2D SPACE',''
  ) );
#7200 = PCURVE('',#7201,#7206);
#7201 = PLANE('',#7202);
#7202 = AXIS2_PLACEMENT_3D('',#7203,#7204,#7205);
#7203 = CARTESIAN_POINT('',(65.,86.,-3.));
#7204 = DIRECTION('',(1.,0.,-0.));
#7205 = DIRECTION('',(0.,-1.,0.));
#7206 = DEFINITIONAL_REPRESENTATION('',(#7207),#7211);
#7207 = LINE('',#7208,#7209);
#7208 = CARTESIAN_POINT('',(0.,0.));
#7209 = VECTOR('',#7210,1.);
#7210 = DIRECTION('',(1.,0.));
#7211 = ( GEOMETRIC_REPRESENTATION_CONTEXT(2) 
PARAMETRIC_REPRESENTATION_CONTEXT() REPRESENTATION_CONTEXT('2D SPACE',''
  ) );
#7212 = ORIENTED_EDGE('',*,*,#7213,.T.);
#7213 = EDGE_CURVE('',#7186,#7128,#7214,.T.);
#7214 = SURFACE_CURVE('',#7215,(#7219,#7226),.PCURVE_S1.);
#7215 = LINE('',#7216,#7217);
#7216 = CARTESIAN_POINT('',(86.,45.,-3.));
#7217 = VECTOR('',#7218,1.);
#7218 = DIRECTION('',(-1.,0.,0.));
#7219 = PCURVE('',#126,#7220);
#7220 = DEFINITIONAL_REPRESENTATION('',(#7221),#7225);
#7221 = LINE('',#7222,#7223);
#7222 = CARTESIAN_POINT('',(86.,45.));
#7223 = VECTOR('',#7224,1.);
#7224 = DIRECTION('',(-1.,0.));
#7225 = ( GEOMETRIC_REPRESENTATION_CONTEXT(2) 
PARAMETRIC_REPRESENTATION_CONTEXT() REPRESENTATION_CONTEXT('2D SPACE',''
  ) );
#7226 = PCURVE('',#7227,#7232);
#7227 = PLANE('',#7228);
#7228 = AXIS2_PLACEMENT_3D('',#7229,#7230,#7231);
#7229 = CARTESIAN_POINT('',(86.,45.,-3.));
#7230 = DIRECTION('',(0.,-1.,0.));
#7231 = DIRECTION('',(-1.,0.,0.));
#7232 = DEFINITIONAL_REPRESENTATION('',(#7233),#7237);
#7233 = LINE('',#7234,#7235);
#7234 = CARTESIAN_POINT('',(0.,-0.));
#7235 = VECTOR('',#7236,1.);
#7236 = DIRECTION('',(1.,0.));
#7237 = ( GEOMETRIC_REPRESENTATION_CONTEXT(2) 
PARAMETRIC_REPRESENTATION_CONTEXT() REPRESENTATION_CONTEXT('2D SPACE',''
  ) );
#7238 = FACE_BOUND('',#7239,.F.);
#7239 = EDGE_LOOP('',(#7240,#7265,#7293,#7321));
#7240 = ORIENTED_EDGE('',*,*,#7241,.F.);
#7241 = EDGE_CURVE('',#7242,#7244,#7246,.T.);
#7242 = VERTEX_POINT('',#7243);
#7243 = CARTESIAN_POINT('',(86.,45.,-3.));
#7244 = VERTEX_POINT('',#7245);
#7245 = CARTESIAN_POINT('',(86.,65.,-3.));
#7246 = SURFACE_CURVE('',#7247,(#7251,#7258),.PCURVE_S1.);
#7247 = LINE('',#7248,#7249);
#7248 = CARTESIAN_POINT('',(86.,-86.,-3.));
#7249 = VECTOR('',#7250,1.);
#7250 = DIRECTION('',(0.,1.,0.));
#7251 = PCURVE('',#126,#7252);
#7252 = DEFINITIONAL_REPRESENTATION('',(#7253),#7257);
#7253 = LINE('',#7254,#7255);
#7254 = CARTESIAN_POINT('',(86.,-86.));
#7255 = VECTOR('',#7256,1.);
#7256 = DIRECTION('',(0.,1.));
#7257 = ( GEOMETRIC_REPRESENTATION_CONTEXT(2) 
PARAMETRIC_REPRESENTATION_CONTEXT() REPRESENTATION_CONTEXT('2D SPACE',''
  ) );
#7258 = PCURVE('',#2820,#7259);
#7259 = DEFINITIONAL_REPRESENTATION('',(#7260),#7264);
#7260 = LINE('',#7261,#7262);
#7261 = CARTESIAN_POINT('',(0.,0.));
#7262 = VECTOR('',#7263,1.);
#7263 = DIRECTION('',(1.,0.));
#7264 = ( GEOMETRIC_REPRESENTATION_CONTEXT(2) 
PARAMETRIC_REPRESENTATION_CONTEXT() REPRESENTATION_CONTEXT('2D SPACE',''
  ) );
#7265 = ORIENTED_EDGE('',*,*,#7266,.T.);
#7266 = EDGE_CURVE('',#7242,#7267,#7269,.T.);
#7267 = VERTEX_POINT('',#7268);
#7268 = CARTESIAN_POINT('',(67.,45.,-3.));
#7269 = SURFACE_CURVE('',#7270,(#7274,#7281),.PCURVE_S1.);
#7270 = LINE('',#7271,#7272);
#7271 = CARTESIAN_POINT('',(86.,45.,-3.));
#7272 = VECTOR('',#7273,1.);
#7273 = DIRECTION('',(-1.,0.,0.));
#7274 = PCURVE('',#126,#7275);
#7275 = DEFINITIONAL_REPRESENTATION('',(#7276),#7280);
#7276 = LINE('',#7277,#7278);
#7277 = CARTESIAN_POINT('',(86.,45.));
#7278 = VECTOR('',#7279,1.);
#7279 = DIRECTION('',(-1.,0.));
#7280 = ( GEOMETRIC_REPRESENTATION_CONTEXT(2) 
PARAMETRIC_REPRESENTATION_CONTEXT() REPRESENTATION_CONTEXT('2D SPACE',''
  ) );
#7281 = PCURVE('',#7282,#7287);
#7282 = PLANE('',#7283);
#7283 = AXIS2_PLACEMENT_3D('',#7284,#7285,#7286);
#7284 = CARTESIAN_POINT('',(86.,45.,-3.));
#7285 = DIRECTION('',(0.,-1.,0.));
#7286 = DIRECTION('',(-1.,0.,0.));
#7287 = DEFINITIONAL_REPRESENTATION('',(#7288),#7292);
#7288 = LINE('',#7289,#7290);
#7289 = CARTESIAN_POINT('',(0.,-0.));
#7290 = VECTOR('',#7291,1.);
#7291 = DIRECTION('',(1.,0.));
#7292 = ( GEOMETRIC_REPRESENTATION_CONTEXT(2) 
PARAMETRIC_REPRESENTATION_CONTEXT() REPRESENTATION_CONTEXT('2D SPACE',''
  ) );
#7293 = ORIENTED_EDGE('',*,*,#7294,.T.);
#7294 = EDGE_CURVE('',#7267,#7295,#7297,.T.);
#7295 = VERTEX_POINT('',#7296);
#7296 = CARTESIAN_POINT('',(67.,65.,-3.));
#7297 = SURFACE_CURVE('',#7298,(#7302,#7309),.PCURVE_S1.);
#7298 = LINE('',#7299,#7300);
#7299 = CARTESIAN_POINT('',(67.,-86.,-3.));
#7300 = VECTOR('',#7301,1.);
#7301 = DIRECTION('',(0.,1.,0.));
#7302 = PCURVE('',#126,#7303);
#7303 = DEFINITIONAL_REPRESENTATION('',(#7304),#7308);
#7304 = LINE('',#7305,#7306);
#7305 = CARTESIAN_POINT('',(67.,-86.));
#7306 = VECTOR('',#7307,1.);
#7307 = DIRECTION('',(0.,1.));
#7308 = ( GEOMETRIC_REPRESENTATION_CONTEXT(2) 
PARAMETRIC_REPRESENTATION_CONTEXT() REPRESENTATION_CONTEXT('2D SPACE',''
  ) );
#7309 = PCURVE('',#7310,#7315);
#7310 = PLANE('',#7311);
#7311 = AXIS2_PLACEMENT_3D('',#7312,#7313,#7314);
#7312 = CARTESIAN_POINT('',(67.,-86.,-3.));
#7313 = DIRECTION('',(-1.,0.,0.));
#7314 = DIRECTION('',(0.,1.,0.));
#7315 = DEFINITIONAL_REPRESENTATION('',(#7316),#7320);
#7316 = LINE('',#7317,#7318);
#7317 = CARTESIAN_POINT('',(0.,0.));
#7318 = VECTOR('',#7319,1.);
#7319 = DIRECTION('',(1.,0.));
#7320 = ( GEOMETRIC_REPRESENTATION_CONTEXT(2) 
PARAMETRIC_REPRESENTATION_CONTEXT() REPRESENTATION_CONTEXT('2D SPACE',''
  ) );
#7321 = ORIENTED_EDGE('',*,*,#7322,.T.);
#7322 = EDGE_CURVE('',#7295,#7244,#7323,.T.);
#7323 = SURFACE_CURVE('',#7324,(#7328,#7335),.PCURVE_S1.);
#7324 = LINE('',#7325,#7326);
#7325 = CARTESIAN_POINT('',(-86.,65.,-3.));
#7326 = VECTOR('',#7327,1.);
#7327 = DIRECTION('',(1.,0.,0.));
#7328 = PCURVE('',#126,#7329);
#7329 = DEFINITIONAL_REPRESENTATION('',(#7330),#7334);
#7330 = LINE('',#7331,#7332);
#7331 = CARTESIAN_POINT('',(-86.,65.));
#7332 = VECTOR('',#7333,1.);
#7333 = DIRECTION('',(1.,0.));
#7334 = ( GEOMETRIC_REPRESENTATION_CONTEXT(2) 
PARAMETRIC_REPRESENTATION_CONTEXT() REPRESENTATION_CONTEXT('2D SPACE',''
  ) );
#7335 = PCURVE('',#7336,#7341);
#7336 = PLANE('',#7337);
#7337 = AXIS2_PLACEMENT_3D('',#7338,#7339,#7340);
#7338 = CARTESIAN_POINT('',(-86.,65.,-3.));
#7339 = DIRECTION('',(0.,1.,0.));
#7340 = DIRECTION('',(1.,0.,0.));
#7341 = DEFINITIONAL_REPRESENTATION('',(#7342),#7346);
#7342 = LINE('',#7343,#7344);
#7343 = CARTESIAN_POINT('',(0.,0.));
#7344 = VECTOR('',#7345,1.);
#7345 = DIRECTION('',(1.,0.));
#7346 = ( GEOMETRIC_REPRESENTATION_CONTEXT(2) 
PARAMETRIC_REPRESENTATION_CONTEXT() REPRESENTATION_CONTEXT('2D SPACE',''
  ) );
#7347 = FACE_BOUND('',#7348,.F.);
#7348 = EDGE_LOOP('',(#7349,#7374,#7402,#7430));
#7349 = ORIENTED_EDGE('',*,*,#7350,.F.);
#7350 = EDGE_CURVE('',#7351,#7353,#7355,.T.);
#7351 = VERTEX_POINT('',#7352);
#7352 = CARTESIAN_POINT('',(65.,86.,-3.));
#7353 = VERTEX_POINT('',#7354);
#7354 = CARTESIAN_POINT('',(45.,86.,-3.));
#7355 = SURFACE_CURVE('',#7356,(#7360,#7367),.PCURVE_S1.);
#7356 = LINE('',#7357,#7358);
#7357 = CARTESIAN_POINT('',(86.,86.,-3.));
#7358 = VECTOR('',#7359,1.);
#7359 = DIRECTION('',(-1.,0.,0.));
#7360 = PCURVE('',#126,#7361);
#7361 = DEFINITIONAL_REPRESENTATION('',(#7362),#7366);
#7362 = LINE('',#7363,#7364);
#7363 = CARTESIAN_POINT('',(86.,86.));
#7364 = VECTOR('',#7365,1.);
#7365 = DIRECTION('',(-1.,0.));
#7366 = ( GEOMETRIC_REPRESENTATION_CONTEXT(2) 
PARAMETRIC_REPRESENTATION_CONTEXT() REPRESENTATION_CONTEXT('2D SPACE',''
  ) );
#7367 = PCURVE('',#5125,#7368);
#7368 = DEFINITIONAL_REPRESENTATION('',(#7369),#7373);
#7369 = LINE('',#7370,#7371);
#7370 = CARTESIAN_POINT('',(0.,-0.));
#7371 = VECTOR('',#7372,1.);
#7372 = DIRECTION('',(1.,0.));
#7373 = ( GEOMETRIC_REPRESENTATION_CONTEXT(2) 
PARAMETRIC_REPRESENTATION_CONTEXT() REPRESENTATION_CONTEXT('2D SPACE',''
  ) );
#7374 = ORIENTED_EDGE('',*,*,#7375,.T.);
#7375 = EDGE_CURVE('',#7351,#7376,#7378,.T.);
#7376 = VERTEX_POINT('',#7377);
#7377 = CARTESIAN_POINT('',(65.,67.,-3.));
#7378 = SURFACE_CURVE('',#7379,(#7383,#7390),.PCURVE_S1.);
#7379 = LINE('',#7380,#7381);
#7380 = CARTESIAN_POINT('',(65.,86.,-3.));
#7381 = VECTOR('',#7382,1.);
#7382 = DIRECTION('',(0.,-1.,0.));
#7383 = PCURVE('',#126,#7384);
#7384 = DEFINITIONAL_REPRESENTATION('',(#7385),#7389);
#7385 = LINE('',#7386,#7387);
#7386 = CARTESIAN_POINT('',(65.,86.));
#7387 = VECTOR('',#7388,1.);
#7388 = DIRECTION('',(0.,-1.));
#7389 = ( GEOMETRIC_REPRESENTATION_CONTEXT(2) 
PARAMETRIC_REPRESENTATION_CONTEXT() REPRESENTATION_CONTEXT('2D SPACE',''
  ) );
#7390 = PCURVE('',#7391,#7396);
#7391 = PLANE('',#7392);
#7392 = AXIS2_PLACEMENT_3D('',#7393,#7394,#7395);
#7393 = CARTESIAN_POINT('',(65.,86.,-3.));
#7394 = DIRECTION('',(1.,0.,-0.));
#7395 = DIRECTION('',(0.,-1.,0.));
#7396 = DEFINITIONAL_REPRESENTATION('',(#7397),#7401);
#7397 = LINE('',#7398,#7399);
#7398 = CARTESIAN_POINT('',(0.,0.));
#7399 = VECTOR('',#7400,1.);
#7400 = DIRECTION('',(1.,0.));
#7401 = ( GEOMETRIC_REPRESENTATION_CONTEXT(2) 
PARAMETRIC_REPRESENTATION_CONTEXT() REPRESENTATION_CONTEXT('2D SPACE',''
  ) );
#7402 = ORIENTED_EDGE('',*,*,#7403,.T.);
#7403 = EDGE_CURVE('',#7376,#7404,#7406,.T.);
#7404 = VERTEX_POINT('',#7405);
#7405 = CARTESIAN_POINT('',(45.,67.,-3.));
#7406 = SURFACE_CURVE('',#7407,(#7411,#7418),.PCURVE_S1.);
#7407 = LINE('',#7408,#7409);
#7408 = CARTESIAN_POINT('',(86.,67.,-3.));
#7409 = VECTOR('',#7410,1.);
#7410 = DIRECTION('',(-1.,0.,0.));
#7411 = PCURVE('',#126,#7412);
#7412 = DEFINITIONAL_REPRESENTATION('',(#7413),#7417);
#7413 = LINE('',#7414,#7415);
#7414 = CARTESIAN_POINT('',(86.,67.));
#7415 = VECTOR('',#7416,1.);
#7416 = DIRECTION('',(-1.,0.));
#7417 = ( GEOMETRIC_REPRESENTATION_CONTEXT(2) 
PARAMETRIC_REPRESENTATION_CONTEXT() REPRESENTATION_CONTEXT('2D SPACE',''
  ) );
#7418 = PCURVE('',#7419,#7424);
#7419 = PLANE('',#7420);
#7420 = AXIS2_PLACEMENT_3D('',#7421,#7422,#7423);
#7421 = CARTESIAN_POINT('',(86.,67.,-3.));
#7422 = DIRECTION('',(0.,-1.,0.));
#7423 = DIRECTION('',(-1.,0.,0.));
#7424 = DEFINITIONAL_REPRESENTATION('',(#7425),#7429);
#7425 = LINE('',#7426,#7427);
#7426 = CARTESIAN_POINT('',(0.,-0.));
#7427 = VECTOR('',#7428,1.);
#7428 = DIRECTION('',(1.,0.));
#7429 = ( GEOMETRIC_REPRESENTATION_CONTEXT(2) 
PARAMETRIC_REPRESENTATION_CONTEXT() REPRESENTATION_CONTEXT('2D SPACE',''
  ) );
#7430 = ORIENTED_EDGE('',*,*,#7431,.T.);
#7431 = EDGE_CURVE('',#7404,#7353,#7432,.T.);
#7432 = SURFACE_CURVE('',#7433,(#7437,#7444),.PCURVE_S1.);
#7433 = LINE('',#7434,#7435);
#7434 = CARTESIAN_POINT('',(45.,-86.,-3.));
#7435 = VECTOR('',#7436,1.);
#7436 = DIRECTION('',(0.,1.,0.));
#7437 = PCURVE('',#126,#7438);
#7438 = DEFINITIONAL_REPRESENTATION('',(#7439),#7443);
#7439 = LINE('',#7440,#7441);
#7440 = CARTESIAN_POINT('',(45.,-86.));
#7441 = VECTOR('',#7442,1.);
#7442 = DIRECTION('',(0.,1.));
#7443 = ( GEOMETRIC_REPRESENTATION_CONTEXT(2) 
PARAMETRIC_REPRESENTATION_CONTEXT() REPRESENTATION_CONTEXT('2D SPACE',''
  ) );
#7444 = PCURVE('',#7445,#7450);
#7445 = PLANE('',#7446);
#7446 = AXIS2_PLACEMENT_3D('',#7447,#7448,#7449);
#7447 = CARTESIAN_POINT('',(45.,-86.,-3.));
#7448 = DIRECTION('',(-1.,0.,0.));
#7449 = DIRECTION('',(0.,1.,0.));
#7450 = DEFINITIONAL_REPRESENTATION('',(#7451),#7455);
#7451 = LINE('',#7452,#7453);
#7452 = CARTESIAN_POINT('',(0.,0.));
#7453 = VECTOR('',#7454,1.);
#7454 = DIRECTION('',(1.,0.));
#7455 = ( GEOMETRIC_REPRESENTATION_CONTEXT(2) 
PARAMETRIC_REPRESENTATION_CONTEXT() REPRESENTATION_CONTEXT('2D SPACE',''
  ) );
#7456 = FACE_BOUND('',#7457,.F.);
#7457 = EDGE_LOOP('',(#7458,#7483,#7511,#7539));
#7458 = ORIENTED_EDGE('',*,*,#7459,.F.);
#7459 = EDGE_CURVE('',#7460,#7462,#7464,.T.);
#7460 = VERTEX_POINT('',#7461);
#7461 = CARTESIAN_POINT('',(86.,67.,-3.));
#7462 = VERTEX_POINT('',#7463);
#7463 = CARTESIAN_POINT('',(86.,86.,-3.));
#7464 = SURFACE_CURVE('',#7465,(#7469,#7476),.PCURVE_S1.);
#7465 = LINE('',#7466,#7467);
#7466 = CARTESIAN_POINT('',(86.,-86.,-3.));
#7467 = VECTOR('',#7468,1.);
#7468 = DIRECTION('',(0.,1.,0.));
#7469 = PCURVE('',#126,#7470);
#7470 = DEFINITIONAL_REPRESENTATION('',(#7471),#7475);
#7471 = LINE('',#7472,#7473);
#7472 = CARTESIAN_POINT('',(86.,-86.));
#7473 = VECTOR('',#7474,1.);
#7474 = DIRECTION('',(0.,1.));
#7475 = ( GEOMETRIC_REPRESENTATION_CONTEXT(2) 
PARAMETRIC_REPRESENTATION_CONTEXT() REPRESENTATION_CONTEXT('2D SPACE',''
  ) );
#7476 = PCURVE('',#2820,#7477);
#7477 = DEFINITIONAL_REPRESENTATION('',(#7478),#7482);
#7478 = LINE('',#7479,#7480);
#7479 = CARTESIAN_POINT('',(0.,0.));
#7480 = VECTOR('',#7481,1.);
#7481 = DIRECTION('',(1.,0.));
#7482 = ( GEOMETRIC_REPRESENTATION_CONTEXT(2) 
PARAMETRIC_REPRESENTATION_CONTEXT() REPRESENTATION_CONTEXT('2D SPACE',''
  ) );
#7483 = ORIENTED_EDGE('',*,*,#7484,.T.);
#7484 = EDGE_CURVE('',#7460,#7485,#7487,.T.);
#7485 = VERTEX_POINT('',#7486);
#7486 = CARTESIAN_POINT('',(67.,67.,-3.));
#7487 = SURFACE_CURVE('',#7488,(#7492,#7499),.PCURVE_S1.);
#7488 = LINE('',#7489,#7490);
#7489 = CARTESIAN_POINT('',(86.,67.,-3.));
#7490 = VECTOR('',#7491,1.);
#7491 = DIRECTION('',(-1.,0.,0.));
#7492 = PCURVE('',#126,#7493);
#7493 = DEFINITIONAL_REPRESENTATION('',(#7494),#7498);
#7494 = LINE('',#7495,#7496);
#7495 = CARTESIAN_POINT('',(86.,67.));
#7496 = VECTOR('',#7497,1.);
#7497 = DIRECTION('',(-1.,0.));
#7498 = ( GEOMETRIC_REPRESENTATION_CONTEXT(2) 
PARAMETRIC_REPRESENTATION_CONTEXT() REPRESENTATION_CONTEXT('2D SPACE',''
  ) );
#7499 = PCURVE('',#7500,#7505);
#7500 = PLANE('',#7501);
#7501 = AXIS2_PLACEMENT_3D('',#7502,#7503,#7504);
#7502 = CARTESIAN_POINT('',(86.,67.,-3.));
#7503 = DIRECTION('',(0.,-1.,0.));
#7504 = DIRECTION('',(-1.,0.,0.));
#7505 = DEFINITIONAL_REPRESENTATION('',(#7506),#7510);
#7506 = LINE('',#7507,#7508);
#7507 = CARTESIAN_POINT('',(0.,-0.));
#7508 = VECTOR('',#7509,1.);
#7509 = DIRECTION('',(1.,0.));
#7510 = ( GEOMETRIC_REPRESENTATION_CONTEXT(2) 
PARAMETRIC_REPRESENTATION_CONTEXT() REPRESENTATION_CONTEXT('2D SPACE',''
  ) );
#7511 = ORIENTED_EDGE('',*,*,#7512,.T.);
#7512 = EDGE_CURVE('',#7485,#7513,#7515,.T.);
#7513 = VERTEX_POINT('',#7514);
#7514 = CARTESIAN_POINT('',(67.,86.,-3.));
#7515 = SURFACE_CURVE('',#7516,(#7520,#7527),.PCURVE_S1.);
#7516 = LINE('',#7517,#7518);
#7517 = CARTESIAN_POINT('',(67.,-86.,-3.));
#7518 = VECTOR('',#7519,1.);
#7519 = DIRECTION('',(0.,1.,0.));
#7520 = PCURVE('',#126,#7521);
#7521 = DEFINITIONAL_REPRESENTATION('',(#7522),#7526);
#7522 = LINE('',#7523,#7524);
#7523 = CARTESIAN_POINT('',(67.,-86.));
#7524 = VECTOR('',#7525,1.);
#7525 = DIRECTION('',(0.,1.));
#7526 = ( GEOMETRIC_REPRESENTATION_CONTEXT(2) 
PARAMETRIC_REPRESENTATION_CONTEXT() REPRESENTATION_CONTEXT('2D SPACE',''
  ) );
#7527 = PCURVE('',#7528,#7533);
#7528 = PLANE('',#7529);
#7529 = AXIS2_PLACEMENT_3D('',#7530,#7531,#7532);
#7530 = CARTESIAN_POINT('',(67.,-86.,-3.));
#7531 = DIRECTION('',(-1.,0.,0.));
#7532 = DIRECTION('',(0.,1.,0.));
#7533 = DEFINITIONAL_REPRESENTATION('',(#7534),#7538);
#7534 = LINE('',#7535,#7536);
#7535 = CARTESIAN_POINT('',(0.,0.));
#7536 = VECTOR('',#7537,1.);
#7537 = DIRECTION('',(1.,0.));
#7538 = ( GEOMETRIC_REPRESENTATION_CONTEXT(2) 
PARAMETRIC_REPRESENTATION_CONTEXT() REPRESENTATION_CONTEXT('2D SPACE',''
  ) );
#7539 = ORIENTED_EDGE('',*,*,#7540,.F.);
#7540 = EDGE_CURVE('',#7462,#7513,#7541,.T.);
#7541 = SURFACE_CURVE('',#7542,(#7546,#7553),.PCURVE_S1.);
#7542 = LINE('',#7543,#7544);
#7543 = CARTESIAN_POINT('',(86.,86.,-3.));
#7544 = VECTOR('',#7545,1.);
#7545 = DIRECTION('',(-1.,0.,0.));
#7546 = PCURVE('',#126,#7547);
#7547 = DEFINITIONAL_REPRESENTATION('',(#7548),#7552);
#7548 = LINE('',#7549,#7550);
#7549 = CARTESIAN_POINT('',(86.,86.));
#7550 = VECTOR('',#7551,1.);
#7551 = DIRECTION('',(-1.,0.));
#7552 = ( GEOMETRIC_REPRESENTATION_CONTEXT(2) 
PARAMETRIC_REPRESENTATION_CONTEXT() REPRESENTATION_CONTEXT('2D SPACE',''
  ) );
#7553 = PCURVE('',#5125,#7554);
#7554 = DEFINITIONAL_REPRESENTATION('',(#7555),#7559);
#7555 = LINE('',#7556,#7557);
#7556 = CARTESIAN_POINT('',(0.,-0.));
#7557 = VECTOR('',#7558,1.);
#7558 = DIRECTION('',(1.,0.));
#7559 = ( GEOMETRIC_REPRESENTATION_CONTEXT(2) 
PARAMETRIC_REPRESENTATION_CONTEXT() REPRESENTATION_CONTEXT('2D SPACE',''
  ) );
#7560 = FACE_BOUND('',#7561,.F.);
#7561 = EDGE_LOOP('',(#7562));
#7562 = ORIENTED_EDGE('',*,*,#7563,.F.);
#7563 = EDGE_CURVE('',#7564,#7564,#7566,.T.);
#7564 = VERTEX_POINT('',#7565);
#7565 = CARTESIAN_POINT('',(95.1,93.,-3.));
#7566 = SURFACE_CURVE('',#7567,(#7572,#7579),.PCURVE_S1.);
#7567 = CIRCLE('',#7568,2.1);
#7568 = AXIS2_PLACEMENT_3D('',#7569,#7570,#7571);
#7569 = CARTESIAN_POINT('',(93.,93.,-3.));
#7570 = DIRECTION('',(0.,0.,1.));
#7571 = DIRECTION('',(1.,0.,0.));
#7572 = PCURVE('',#126,#7573);
#7573 = DEFINITIONAL_REPRESENTATION('',(#7574),#7578);
#7574 = CIRCLE('',#7575,2.1);
#7575 = AXIS2_PLACEMENT_2D('',#7576,#7577);
#7576 = CARTESIAN_POINT('',(93.,93.));
#7577 = DIRECTION('',(1.,0.));
#7578 = ( GEOMETRIC_REPRESENTATION_CONTEXT(2) 
PARAMETRIC_REPRESENTATION_CONTEXT() REPRESENTATION_CONTEXT('2D SPACE',''
  ) );
#7579 = PCURVE('',#7580,#7585);
#7580 = CYLINDRICAL_SURFACE('',#7581,2.1);
#7581 = AXIS2_PLACEMENT_3D('',#7582,#7583,#7584);
#7582 = CARTESIAN_POINT('',(93.,93.,-3.));
#7583 = DIRECTION('',(-0.,-0.,-1.));
#7584 = DIRECTION('',(1.,0.,0.));
#7585 = DEFINITIONAL_REPRESENTATION('',(#7586),#7590);
#7586 = LINE('',#7587,#7588);
#7587 = CARTESIAN_POINT('',(-0.,0.));
#7588 = VECTOR('',#7589,1.);
#7589 = DIRECTION('',(-1.,0.));
#7590 = ( GEOMETRIC_REPRESENTATION_CONTEXT(2) 
PARAMETRIC_REPRESENTATION_CONTEXT() REPRESENTATION_CONTEXT('2D SPACE',''
  ) );
#7591 = ADVANCED_FACE('',(#7592,#7618,#7644,#7670,#7696,#7790),#72,.T.);
#7592 = FACE_BOUND('',#7593,.T.);
#7593 = EDGE_LOOP('',(#7594,#7595,#7596,#7617));
#7594 = ORIENTED_EDGE('',*,*,#56,.T.);
#7595 = ORIENTED_EDGE('',*,*,#218,.T.);
#7596 = ORIENTED_EDGE('',*,*,#7597,.T.);
#7597 = EDGE_CURVE('',#219,#144,#7598,.T.);
#7598 = SURFACE_CURVE('',#7599,(#7603,#7610),.PCURVE_S1.);
#7599 = LINE('',#7600,#7601);
#7600 = CARTESIAN_POINT('',(100.,100.,3.));
#7601 = VECTOR('',#7602,1.);
#7602 = DIRECTION('',(-1.,0.,0.));
#7603 = PCURVE('',#72,#7604);
#7604 = DEFINITIONAL_REPRESENTATION('',(#7605),#7609);
#7605 = LINE('',#7606,#7607);
#7606 = CARTESIAN_POINT('',(100.,100.));
#7607 = VECTOR('',#7608,1.);
#7608 = DIRECTION('',(-1.,0.));
#7609 = ( GEOMETRIC_REPRESENTATION_CONTEXT(2) 
PARAMETRIC_REPRESENTATION_CONTEXT() REPRESENTATION_CONTEXT('2D SPACE',''
  ) );
#7610 = PCURVE('',#159,#7611);
#7611 = DEFINITIONAL_REPRESENTATION('',(#7612),#7616);
#7612 = LINE('',#7613,#7614);
#7613 = CARTESIAN_POINT('',(0.,-6.));
#7614 = VECTOR('',#7615,1.);
#7615 = DIRECTION('',(1.,0.));
#7616 = ( GEOMETRIC_REPRESENTATION_CONTEXT(2) 
PARAMETRIC_REPRESENTATION_CONTEXT() REPRESENTATION_CONTEXT('2D SPACE',''
  ) );
#7617 = ORIENTED_EDGE('',*,*,#171,.T.);
#7618 = FACE_BOUND('',#7619,.T.);
#7619 = EDGE_LOOP('',(#7620));
#7620 = ORIENTED_EDGE('',*,*,#7621,.F.);
#7621 = EDGE_CURVE('',#7622,#7622,#7624,.T.);
#7622 = VERTEX_POINT('',#7623);
#7623 = CARTESIAN_POINT('',(-90.9,-93.,3.));
#7624 = SURFACE_CURVE('',#7625,(#7630,#7637),.PCURVE_S1.);
#7625 = CIRCLE('',#7626,2.1);
#7626 = AXIS2_PLACEMENT_3D('',#7627,#7628,#7629);
#7627 = CARTESIAN_POINT('',(-93.,-93.,3.));
#7628 = DIRECTION('',(0.,0.,1.));
#7629 = DIRECTION('',(1.,0.,0.));
#7630 = PCURVE('',#72,#7631);
#7631 = DEFINITIONAL_REPRESENTATION('',(#7632),#7636);
#7632 = CIRCLE('',#7633,2.1);
#7633 = AXIS2_PLACEMENT_2D('',#7634,#7635);
#7634 = CARTESIAN_POINT('',(-93.,-93.));
#7635 = DIRECTION('',(1.,0.));
#7636 = ( GEOMETRIC_REPRESENTATION_CONTEXT(2) 
PARAMETRIC_REPRESENTATION_CONTEXT() REPRESENTATION_CONTEXT('2D SPACE',''
  ) );
#7637 = PCURVE('',#331,#7638);
#7638 = DEFINITIONAL_REPRESENTATION('',(#7639),#7643);
#7639 = LINE('',#7640,#7641);
#7640 = CARTESIAN_POINT('',(-0.,-6.));
#7641 = VECTOR('',#7642,1.);
#7642 = DIRECTION('',(-1.,0.));
#7643 = ( GEOMETRIC_REPRESENTATION_CONTEXT(2) 
PARAMETRIC_REPRESENTATION_CONTEXT() REPRESENTATION_CONTEXT('2D SPACE',''
  ) );
#7644 = FACE_BOUND('',#7645,.T.);
#7645 = EDGE_LOOP('',(#7646));
#7646 = ORIENTED_EDGE('',*,*,#7647,.F.);
#7647 = EDGE_CURVE('',#7648,#7648,#7650,.T.);
#7648 = VERTEX_POINT('',#7649);
#7649 = CARTESIAN_POINT('',(95.1,-93.,3.));
#7650 = SURFACE_CURVE('',#7651,(#7656,#7663),.PCURVE_S1.);
#7651 = CIRCLE('',#7652,2.1);
#7652 = AXIS2_PLACEMENT_3D('',#7653,#7654,#7655);
#7653 = CARTESIAN_POINT('',(93.,-93.,3.));
#7654 = DIRECTION('',(0.,0.,1.));
#7655 = DIRECTION('',(1.,0.,0.));
#7656 = PCURVE('',#72,#7657);
#7657 = DEFINITIONAL_REPRESENTATION('',(#7658),#7662);
#7658 = CIRCLE('',#7659,2.1);
#7659 = AXIS2_PLACEMENT_2D('',#7660,#7661);
#7660 = CARTESIAN_POINT('',(93.,-93.));
#7661 = DIRECTION('',(1.,0.));
#7662 = ( GEOMETRIC_REPRESENTATION_CONTEXT(2) 
PARAMETRIC_REPRESENTATION_CONTEXT() REPRESENTATION_CONTEXT('2D SPACE',''
  ) );
#7663 = PCURVE('',#2711,#7664);
#7664 = DEFINITIONAL_REPRESENTATION('',(#7665),#7669);
#7665 = LINE('',#7666,#7667);
#7666 = CARTESIAN_POINT('',(-0.,-6.));
#7667 = VECTOR('',#7668,1.);
#7668 = DIRECTION('',(-1.,0.));
#7669 = ( GEOMETRIC_REPRESENTATION_CONTEXT(2) 
PARAMETRIC_REPRESENTATION_CONTEXT() REPRESENTATION_CONTEXT('2D SPACE',''
  ) );
#7670 = FACE_BOUND('',#7671,.T.);
#7671 = EDGE_LOOP('',(#7672));
#7672 = ORIENTED_EDGE('',*,*,#7673,.F.);
#7673 = EDGE_CURVE('',#7674,#7674,#7676,.T.);
#7674 = VERTEX_POINT('',#7675);
#7675 = CARTESIAN_POINT('',(-90.9,93.,3.));
#7676 = SURFACE_CURVE('',#7677,(#7682,#7689),.PCURVE_S1.);
#7677 = CIRCLE('',#7678,2.1);
#7678 = AXIS2_PLACEMENT_3D('',#7679,#7680,#7681);
#7679 = CARTESIAN_POINT('',(-93.,93.,3.));
#7680 = DIRECTION('',(0.,0.,1.));
#7681 = DIRECTION('',(1.,0.,0.));
#7682 = PCURVE('',#72,#7683);
#7683 = DEFINITIONAL_REPRESENTATION('',(#7684),#7688);
#7684 = CIRCLE('',#7685,2.1);
#7685 = AXIS2_PLACEMENT_2D('',#7686,#7687);
#7686 = CARTESIAN_POINT('',(-93.,93.));
#7687 = DIRECTION('',(1.,0.));
#7688 = ( GEOMETRIC_REPRESENTATION_CONTEXT(2) 
PARAMETRIC_REPRESENTATION_CONTEXT() REPRESENTATION_CONTEXT('2D SPACE',''
  ) );
#7689 = PCURVE('',#5210,#7690);
#7690 = DEFINITIONAL_REPRESENTATION('',(#7691),#7695);
#7691 = LINE('',#7692,#7693);
#7692 = CARTESIAN_POINT('',(-0.,-6.));
#7693 = VECTOR('',#7694,1.);
#7694 = DIRECTION('',(-1.,0.));
#7695 = ( GEOMETRIC_REPRESENTATION_CONTEXT(2) 
PARAMETRIC_REPRESENTATION_CONTEXT() REPRESENTATION_CONTEXT('2D SPACE',''
  ) );
#7696 = FACE_BOUND('',#7697,.T.);
#7697 = EDGE_LOOP('',(#7698,#7723,#7746,#7769));
#7698 = ORIENTED_EDGE('',*,*,#7699,.F.);
#7699 = EDGE_CURVE('',#7700,#7702,#7704,.T.);
#7700 = VERTEX_POINT('',#7701);
#7701 = CARTESIAN_POINT('',(-86.,-86.,3.));
#7702 = VERTEX_POINT('',#7703);
#7703 = CARTESIAN_POINT('',(86.,-86.,3.));
#7704 = SURFACE_CURVE('',#7705,(#7709,#7716),.PCURVE_S1.);
#7705 = LINE('',#7706,#7707);
#7706 = CARTESIAN_POINT('',(-86.,-86.,3.));
#7707 = VECTOR('',#7708,1.);
#7708 = DIRECTION('',(1.,0.,0.));
#7709 = PCURVE('',#72,#7710);
#7710 = DEFINITIONAL_REPRESENTATION('',(#7711),#7715);
#7711 = LINE('',#7712,#7713);
#7712 = CARTESIAN_POINT('',(-86.,-86.));
#7713 = VECTOR('',#7714,1.);
#7714 = DIRECTION('',(1.,0.));
#7715 = ( GEOMETRIC_REPRESENTATION_CONTEXT(2) 
PARAMETRIC_REPRESENTATION_CONTEXT() REPRESENTATION_CONTEXT('2D SPACE',''
  ) );
#7716 = PCURVE('',#363,#7717);
#7717 = DEFINITIONAL_REPRESENTATION('',(#7718),#7722);
#7718 = LINE('',#7719,#7720);
#7719 = CARTESIAN_POINT('',(0.,-6.));
#7720 = VECTOR('',#7721,1.);
#7721 = DIRECTION('',(1.,0.));
#7722 = ( GEOMETRIC_REPRESENTATION_CONTEXT(2) 
PARAMETRIC_REPRESENTATION_CONTEXT() REPRESENTATION_CONTEXT('2D SPACE',''
  ) );
#7723 = ORIENTED_EDGE('',*,*,#7724,.F.);
#7724 = EDGE_CURVE('',#7725,#7700,#7727,.T.);
#7725 = VERTEX_POINT('',#7726);
#7726 = CARTESIAN_POINT('',(-86.,86.,3.));
#7727 = SURFACE_CURVE('',#7728,(#7732,#7739),.PCURVE_S1.);
#7728 = LINE('',#7729,#7730);
#7729 = CARTESIAN_POINT('',(-86.,86.,3.));
#7730 = VECTOR('',#7731,1.);
#7731 = DIRECTION('',(0.,-1.,0.));
#7732 = PCURVE('',#72,#7733);
#7733 = DEFINITIONAL_REPRESENTATION('',(#7734),#7738);
#7734 = LINE('',#7735,#7736);
#7735 = CARTESIAN_POINT('',(-86.,86.));
#7736 = VECTOR('',#7737,1.);
#7737 = DIRECTION('',(0.,-1.));
#7738 = ( GEOMETRIC_REPRESENTATION_CONTEXT(2) 
PARAMETRIC_REPRESENTATION_CONTEXT() REPRESENTATION_CONTEXT('2D SPACE',''
  ) );
#7739 = PCURVE('',#391,#7740);
#7740 = DEFINITIONAL_REPRESENTATION('',(#7741),#7745);
#7741 = LINE('',#7742,#7743);
#7742 = CARTESIAN_POINT('',(0.,-6.));
#7743 = VECTOR('',#7744,1.);
#7744 = DIRECTION('',(1.,0.));
#7745 = ( GEOMETRIC_REPRESENTATION_CONTEXT(2) 
PARAMETRIC_REPRESENTATION_CONTEXT() REPRESENTATION_CONTEXT('2D SPACE',''
  ) );
#7746 = ORIENTED_EDGE('',*,*,#7747,.F.);
#7747 = EDGE_CURVE('',#7748,#7725,#7750,.T.);
#7748 = VERTEX_POINT('',#7749);
#7749 = CARTESIAN_POINT('',(86.,86.,3.));
#7750 = SURFACE_CURVE('',#7751,(#7755,#7762),.PCURVE_S1.);
#7751 = LINE('',#7752,#7753);
#7752 = CARTESIAN_POINT('',(86.,86.,3.));
#7753 = VECTOR('',#7754,1.);
#7754 = DIRECTION('',(-1.,0.,0.));
#7755 = PCURVE('',#72,#7756);
#7756 = DEFINITIONAL_REPRESENTATION('',(#7757),#7761);
#7757 = LINE('',#7758,#7759);
#7758 = CARTESIAN_POINT('',(86.,86.));
#7759 = VECTOR('',#7760,1.);
#7760 = DIRECTION('',(-1.,0.));
#7761 = ( GEOMETRIC_REPRESENTATION_CONTEXT(2) 
PARAMETRIC_REPRESENTATION_CONTEXT() REPRESENTATION_CONTEXT('2D SPACE',''
  ) );
#7762 = PCURVE('',#5125,#7763);
#7763 = DEFINITIONAL_REPRESENTATION('',(#7764),#7768);
#7764 = LINE('',#7765,#7766);
#7765 = CARTESIAN_POINT('',(0.,-6.));
#7766 = VECTOR('',#7767,1.);
#7767 = DIRECTION('',(1.,0.));
#7768 = ( GEOMETRIC_REPRESENTATION_CONTEXT(2) 
PARAMETRIC_REPRESENTATION_CONTEXT() REPRESENTATION_CONTEXT('2D SPACE',''
  ) );
#7769 = ORIENTED_EDGE('',*,*,#7770,.F.);
#7770 = EDGE_CURVE('',#7702,#7748,#7771,.T.);
#7771 = SURFACE_CURVE('',#7772,(#7776,#7783),.PCURVE_S1.);
#7772 = LINE('',#7773,#7774);
#7773 = CARTESIAN_POINT('',(86.,-86.,3.));
#7774 = VECTOR('',#7775,1.);
#7775 = DIRECTION('',(0.,1.,0.));
#7776 = PCURVE('',#72,#7777);
#7777 = DEFINITIONAL_REPRESENTATION('',(#7778),#7782);
#7778 = LINE('',#7779,#7780);
#7779 = CARTESIAN_POINT('',(86.,-86.));
#7780 = VECTOR('',#7781,1.);
#7781 = DIRECTION('',(0.,1.));
#7782 = ( GEOMETRIC_REPRESENTATION_CONTEXT(2) 
PARAMETRIC_REPRESENTATION_CONTEXT() REPRESENTATION_CONTEXT('2D SPACE',''
  ) );
#7783 = PCURVE('',#2820,#7784);
#7784 = DEFINITIONAL_REPRESENTATION('',(#7785),#7789);
#7785 = LINE('',#7786,#7787);
#7786 = CARTESIAN_POINT('',(0.,-6.));
#7787 = VECTOR('',#7788,1.);
#7788 = DIRECTION('',(1.,0.));
#7789 = ( GEOMETRIC_REPRESENTATION_CONTEXT(2) 
PARAMETRIC_REPRESENTATION_CONTEXT() REPRESENTATION_CONTEXT('2D SPACE',''
  ) );
#7790 = FACE_BOUND('',#7791,.T.);
#7791 = EDGE_LOOP('',(#7792));
#7792 = ORIENTED_EDGE('',*,*,#7793,.F.);
#7793 = EDGE_CURVE('',#7794,#7794,#7796,.T.);
#7794 = VERTEX_POINT('',#7795);
#7795 = CARTESIAN_POINT('',(95.1,93.,3.));
#7796 = SURFACE_CURVE('',#7797,(#7802,#7809),.PCURVE_S1.);
#7797 = CIRCLE('',#7798,2.1);
#7798 = AXIS2_PLACEMENT_3D('',#7799,#7800,#7801);
#7799 = CARTESIAN_POINT('',(93.,93.,3.));
#7800 = DIRECTION('',(0.,0.,1.));
#7801 = DIRECTION('',(1.,0.,0.));
#7802 = PCURVE('',#72,#7803);
#7803 = DEFINITIONAL_REPRESENTATION('',(#7804),#7808);
#7804 = CIRCLE('',#7805,2.1);
#7805 = AXIS2_PLACEMENT_2D('',#7806,#7807);
#7806 = CARTESIAN_POINT('',(93.,93.));
#7807 = DIRECTION('',(1.,0.));
#7808 = ( GEOMETRIC_REPRESENTATION_CONTEXT(2) 
PARAMETRIC_REPRESENTATION_CONTEXT() REPRESENTATION_CONTEXT('2D SPACE',''
  ) );
#7809 = PCURVE('',#7580,#7810);
#7810 = DEFINITIONAL_REPRESENTATION('',(#7811),#7815);
#7811 = LINE('',#7812,#7813);
#7812 = CARTESIAN_POINT('',(-0.,-6.));
#7813 = VECTOR('',#7814,1.);
#7814 = DIRECTION('',(-1.,0.));
#7815 = ( GEOMETRIC_REPRESENTATION_CONTEXT(2) 
PARAMETRIC_REPRESENTATION_CONTEXT() REPRESENTATION_CONTEXT('2D SPACE',''
  ) );
#7816 = ADVANCED_FACE('',(#7817),#159,.F.);
#7817 = FACE_BOUND('',#7818,.F.);
#7818 = EDGE_LOOP('',(#7819,#7820,#7821,#7822));
#7819 = ORIENTED_EDGE('',*,*,#241,.T.);
#7820 = ORIENTED_EDGE('',*,*,#7597,.T.);
#7821 = ORIENTED_EDGE('',*,*,#141,.F.);
#7822 = ORIENTED_EDGE('',*,*,#290,.F.);
#7823 = ADVANCED_FACE('',(#7824),#331,.F.);
#7824 = FACE_BOUND('',#7825,.T.);
#7825 = EDGE_LOOP('',(#7826,#7847,#7848,#7849));
#7826 = ORIENTED_EDGE('',*,*,#7827,.T.);
#7827 = EDGE_CURVE('',#315,#7622,#7828,.T.);
#7828 = SEAM_CURVE('',#7829,(#7833,#7840),.PCURVE_S1.);
#7829 = LINE('',#7830,#7831);
#7830 = CARTESIAN_POINT('',(-90.9,-93.,-3.));
#7831 = VECTOR('',#7832,1.);
#7832 = DIRECTION('',(0.,0.,1.));
#7833 = PCURVE('',#331,#7834);
#7834 = DEFINITIONAL_REPRESENTATION('',(#7835),#7839);
#7835 = LINE('',#7836,#7837);
#7836 = CARTESIAN_POINT('',(-0.,0.));
#7837 = VECTOR('',#7838,1.);
#7838 = DIRECTION('',(-0.,-1.));
#7839 = ( GEOMETRIC_REPRESENTATION_CONTEXT(2) 
PARAMETRIC_REPRESENTATION_CONTEXT() REPRESENTATION_CONTEXT('2D SPACE',''
  ) );
#7840 = PCURVE('',#331,#7841);
#7841 = DEFINITIONAL_REPRESENTATION('',(#7842),#7846);
#7842 = LINE('',#7843,#7844);
#7843 = CARTESIAN_POINT('',(-6.28318530718,0.));
#7844 = VECTOR('',#7845,1.);
#7845 = DIRECTION('',(-0.,-1.));
#7846 = ( GEOMETRIC_REPRESENTATION_CONTEXT(2) 
PARAMETRIC_REPRESENTATION_CONTEXT() REPRESENTATION_CONTEXT('2D SPACE',''
  ) );
#7847 = ORIENTED_EDGE('',*,*,#7621,.T.);
#7848 = ORIENTED_EDGE('',*,*,#7827,.F.);
#7849 = ORIENTED_EDGE('',*,*,#314,.F.);
#7850 = ADVANCED_FACE('',(#7851),#363,.T.);
#7851 = FACE_BOUND('',#7852,.T.);
#7852 = EDGE_LOOP('',(#7853,#7854,#7875,#7876,#7897,#7898,#7921,#7949,
    #7970,#7971,#7994,#8017,#8038,#8039,#8062,#8085,#8106,#8107,#8130,
    #8153,#8174,#8175,#8198,#8221,#8242,#8243,#8266,#8289,#8310,#8311,
    #8334,#8357));
#7853 = ORIENTED_EDGE('',*,*,#345,.F.);
#7854 = ORIENTED_EDGE('',*,*,#7855,.T.);
#7855 = EDGE_CURVE('',#346,#7700,#7856,.T.);
#7856 = SURFACE_CURVE('',#7857,(#7861,#7868),.PCURVE_S1.);
#7857 = LINE('',#7858,#7859);
#7858 = CARTESIAN_POINT('',(-86.,-86.,-3.));
#7859 = VECTOR('',#7860,1.);
#7860 = DIRECTION('',(0.,0.,1.));
#7861 = PCURVE('',#363,#7862);
#7862 = DEFINITIONAL_REPRESENTATION('',(#7863),#7867);
#7863 = LINE('',#7864,#7865);
#7864 = CARTESIAN_POINT('',(0.,0.));
#7865 = VECTOR('',#7866,1.);
#7866 = DIRECTION('',(0.,-1.));
#7867 = ( GEOMETRIC_REPRESENTATION_CONTEXT(2) 
PARAMETRIC_REPRESENTATION_CONTEXT() REPRESENTATION_CONTEXT('2D SPACE',''
  ) );
#7868 = PCURVE('',#391,#7869);
#7869 = DEFINITIONAL_REPRESENTATION('',(#7870),#7874);
#7870 = LINE('',#7871,#7872);
#7871 = CARTESIAN_POINT('',(172.,0.));
#7872 = VECTOR('',#7873,1.);
#7873 = DIRECTION('',(0.,-1.));
#7874 = ( GEOMETRIC_REPRESENTATION_CONTEXT(2) 
PARAMETRIC_REPRESENTATION_CONTEXT() REPRESENTATION_CONTEXT('2D SPACE',''
  ) );
#7875 = ORIENTED_EDGE('',*,*,#7699,.T.);
#7876 = ORIENTED_EDGE('',*,*,#7877,.F.);
#7877 = EDGE_CURVE('',#2728,#7702,#7878,.T.);
#7878 = SURFACE_CURVE('',#7879,(#7883,#7890),.PCURVE_S1.);
#7879 = LINE('',#7880,#7881);
#7880 = CARTESIAN_POINT('',(86.,-86.,-3.));
#7881 = VECTOR('',#7882,1.);
#7882 = DIRECTION('',(0.,0.,1.));
#7883 = PCURVE('',#363,#7884);
#7884 = DEFINITIONAL_REPRESENTATION('',(#7885),#7889);
#7885 = LINE('',#7886,#7887);
#7886 = CARTESIAN_POINT('',(172.,0.));
#7887 = VECTOR('',#7888,1.);
#7888 = DIRECTION('',(0.,-1.));
#7889 = ( GEOMETRIC_REPRESENTATION_CONTEXT(2) 
PARAMETRIC_REPRESENTATION_CONTEXT() REPRESENTATION_CONTEXT('2D SPACE',''
  ) );
#7890 = PCURVE('',#2820,#7891);
#7891 = DEFINITIONAL_REPRESENTATION('',(#7892),#7896);
#7892 = LINE('',#7893,#7894);
#7893 = CARTESIAN_POINT('',(0.,0.));
#7894 = VECTOR('',#7895,1.);
#7895 = DIRECTION('',(0.,-1.));
#7896 = ( GEOMETRIC_REPRESENTATION_CONTEXT(2) 
PARAMETRIC_REPRESENTATION_CONTEXT() REPRESENTATION_CONTEXT('2D SPACE',''
  ) );
#7897 = ORIENTED_EDGE('',*,*,#2725,.F.);
#7898 = ORIENTED_EDGE('',*,*,#7899,.T.);
#7899 = EDGE_CURVE('',#2726,#7900,#7902,.T.);
#7900 = VERTEX_POINT('',#7901);
#7901 = CARTESIAN_POINT('',(67.,-86.,-1.));
#7902 = SURFACE_CURVE('',#7903,(#7907,#7914),.PCURVE_S1.);
#7903 = LINE('',#7904,#7905);
#7904 = CARTESIAN_POINT('',(67.,-86.,-3.));
#7905 = VECTOR('',#7906,1.);
#7906 = DIRECTION('',(0.,0.,1.));
#7907 = PCURVE('',#363,#7908);
#7908 = DEFINITIONAL_REPRESENTATION('',(#7909),#7913);
#7909 = LINE('',#7910,#7911);
#7910 = CARTESIAN_POINT('',(153.,0.));
#7911 = VECTOR('',#7912,1.);
#7912 = DIRECTION('',(0.,-1.));
#7913 = ( GEOMETRIC_REPRESENTATION_CONTEXT(2) 
PARAMETRIC_REPRESENTATION_CONTEXT() REPRESENTATION_CONTEXT('2D SPACE',''
  ) );
#7914 = PCURVE('',#2766,#7915);
#7915 = DEFINITIONAL_REPRESENTATION('',(#7916),#7920);
#7916 = LINE('',#7917,#7918);
#7917 = CARTESIAN_POINT('',(0.,0.));
#7918 = VECTOR('',#7919,1.);
#7919 = DIRECTION('',(0.,-1.));
#7920 = ( GEOMETRIC_REPRESENTATION_CONTEXT(2) 
PARAMETRIC_REPRESENTATION_CONTEXT() REPRESENTATION_CONTEXT('2D SPACE',''
  ) );
#7921 = ORIENTED_EDGE('',*,*,#7922,.F.);
#7922 = EDGE_CURVE('',#7923,#7900,#7925,.T.);
#7923 = VERTEX_POINT('',#7924);
#7924 = CARTESIAN_POINT('',(65.,-86.,-1.));
#7925 = SURFACE_CURVE('',#7926,(#7930,#7937),.PCURVE_S1.);
#7926 = LINE('',#7927,#7928);
#7927 = CARTESIAN_POINT('',(65.,-86.,-1.));
#7928 = VECTOR('',#7929,1.);
#7929 = DIRECTION('',(1.,0.,0.));
#7930 = PCURVE('',#363,#7931);
#7931 = DEFINITIONAL_REPRESENTATION('',(#7932),#7936);
#7932 = LINE('',#7933,#7934);
#7933 = CARTESIAN_POINT('',(151.,-2.));
#7934 = VECTOR('',#7935,1.);
#7935 = DIRECTION('',(1.,0.));
#7936 = ( GEOMETRIC_REPRESENTATION_CONTEXT(2) 
PARAMETRIC_REPRESENTATION_CONTEXT() REPRESENTATION_CONTEXT('2D SPACE',''
  ) );
#7937 = PCURVE('',#7938,#7943);
#7938 = PLANE('',#7939);
#7939 = AXIS2_PLACEMENT_3D('',#7940,#7941,#7942);
#7940 = CARTESIAN_POINT('',(-66.,0.,-1.));
#7941 = DIRECTION('',(0.,0.,1.));
#7942 = DIRECTION('',(1.,0.,-0.));
#7943 = DEFINITIONAL_REPRESENTATION('',(#7944),#7948);
#7944 = LINE('',#7945,#7946);
#7945 = CARTESIAN_POINT('',(131.,-86.));
#7946 = VECTOR('',#7947,1.);
#7947 = DIRECTION('',(1.,0.));
#7948 = ( GEOMETRIC_REPRESENTATION_CONTEXT(2) 
PARAMETRIC_REPRESENTATION_CONTEXT() REPRESENTATION_CONTEXT('2D SPACE',''
  ) );
#7949 = ORIENTED_EDGE('',*,*,#7950,.F.);
#7950 = EDGE_CURVE('',#2588,#7923,#7951,.T.);
#7951 = SURFACE_CURVE('',#7952,(#7956,#7963),.PCURVE_S1.);
#7952 = LINE('',#7953,#7954);
#7953 = CARTESIAN_POINT('',(65.,-86.,-3.));
#7954 = VECTOR('',#7955,1.);
#7955 = DIRECTION('',(0.,0.,1.));
#7956 = PCURVE('',#363,#7957);
#7957 = DEFINITIONAL_REPRESENTATION('',(#7958),#7962);
#7958 = LINE('',#7959,#7960);
#7959 = CARTESIAN_POINT('',(151.,0.));
#7960 = VECTOR('',#7961,1.);
#7961 = DIRECTION('',(0.,-1.));
#7962 = ( GEOMETRIC_REPRESENTATION_CONTEXT(2) 
PARAMETRIC_REPRESENTATION_CONTEXT() REPRESENTATION_CONTEXT('2D SPACE',''
  ) );
#7963 = PCURVE('',#2680,#7964);
#7964 = DEFINITIONAL_REPRESENTATION('',(#7965),#7969);
#7965 = LINE('',#7966,#7967);
#7966 = CARTESIAN_POINT('',(172.,0.));
#7967 = VECTOR('',#7968,1.);
#7968 = DIRECTION('',(0.,-1.));
#7969 = ( GEOMETRIC_REPRESENTATION_CONTEXT(2) 
PARAMETRIC_REPRESENTATION_CONTEXT() REPRESENTATION_CONTEXT('2D SPACE',''
  ) );
#7970 = ORIENTED_EDGE('',*,*,#2585,.F.);
#7971 = ORIENTED_EDGE('',*,*,#7972,.T.);
#7972 = EDGE_CURVE('',#2586,#7973,#7975,.T.);
#7973 = VERTEX_POINT('',#7974);
#7974 = CARTESIAN_POINT('',(45.,-86.,-1.));
#7975 = SURFACE_CURVE('',#7976,(#7980,#7987),.PCURVE_S1.);
#7976 = LINE('',#7977,#7978);
#7977 = CARTESIAN_POINT('',(45.,-86.,-3.));
#7978 = VECTOR('',#7979,1.);
#7979 = DIRECTION('',(0.,0.,1.));
#7980 = PCURVE('',#363,#7981);
#7981 = DEFINITIONAL_REPRESENTATION('',(#7982),#7986);
#7982 = LINE('',#7983,#7984);
#7983 = CARTESIAN_POINT('',(131.,0.));
#7984 = VECTOR('',#7985,1.);
#7985 = DIRECTION('',(0.,-1.));
#7986 = ( GEOMETRIC_REPRESENTATION_CONTEXT(2) 
PARAMETRIC_REPRESENTATION_CONTEXT() REPRESENTATION_CONTEXT('2D SPACE',''
  ) );
#7987 = PCURVE('',#2626,#7988);
#7988 = DEFINITIONAL_REPRESENTATION('',(#7989),#7993);
#7989 = LINE('',#7990,#7991);
#7990 = CARTESIAN_POINT('',(0.,0.));
#7991 = VECTOR('',#7992,1.);
#7992 = DIRECTION('',(0.,-1.));
#7993 = ( GEOMETRIC_REPRESENTATION_CONTEXT(2) 
PARAMETRIC_REPRESENTATION_CONTEXT() REPRESENTATION_CONTEXT('2D SPACE',''
  ) );
#7994 = ORIENTED_EDGE('',*,*,#7995,.F.);
#7995 = EDGE_CURVE('',#7996,#7973,#7998,.T.);
#7996 = VERTEX_POINT('',#7997);
#7997 = CARTESIAN_POINT('',(43.,-86.,-1.));
#7998 = SURFACE_CURVE('',#7999,(#8003,#8010),.PCURVE_S1.);
#7999 = LINE('',#8000,#8001);
#8000 = CARTESIAN_POINT('',(43.,-86.,-1.));
#8001 = VECTOR('',#8002,1.);
#8002 = DIRECTION('',(1.,0.,0.));
#8003 = PCURVE('',#363,#8004);
#8004 = DEFINITIONAL_REPRESENTATION('',(#8005),#8009);
#8005 = LINE('',#8006,#8007);
#8006 = CARTESIAN_POINT('',(129.,-2.));
#8007 = VECTOR('',#8008,1.);
#8008 = DIRECTION('',(1.,0.));
#8009 = ( GEOMETRIC_REPRESENTATION_CONTEXT(2) 
PARAMETRIC_REPRESENTATION_CONTEXT() REPRESENTATION_CONTEXT('2D SPACE',''
  ) );
#8010 = PCURVE('',#7938,#8011);
#8011 = DEFINITIONAL_REPRESENTATION('',(#8012),#8016);
#8012 = LINE('',#8013,#8014);
#8013 = CARTESIAN_POINT('',(109.,-86.));
#8014 = VECTOR('',#8015,1.);
#8015 = DIRECTION('',(1.,0.));
#8016 = ( GEOMETRIC_REPRESENTATION_CONTEXT(2) 
PARAMETRIC_REPRESENTATION_CONTEXT() REPRESENTATION_CONTEXT('2D SPACE',''
  ) );
#8017 = ORIENTED_EDGE('',*,*,#8018,.F.);
#8018 = EDGE_CURVE('',#2251,#7996,#8019,.T.);
#8019 = SURFACE_CURVE('',#8020,(#8024,#8031),.PCURVE_S1.);
#8020 = LINE('',#8021,#8022);
#8021 = CARTESIAN_POINT('',(43.,-86.,-3.));
#8022 = VECTOR('',#8023,1.);
#8023 = DIRECTION('',(0.,0.,1.));
#8024 = PCURVE('',#363,#8025);
#8025 = DEFINITIONAL_REPRESENTATION('',(#8026),#8030);
#8026 = LINE('',#8027,#8028);
#8027 = CARTESIAN_POINT('',(129.,0.));
#8028 = VECTOR('',#8029,1.);
#8029 = DIRECTION('',(0.,-1.));
#8030 = ( GEOMETRIC_REPRESENTATION_CONTEXT(2) 
PARAMETRIC_REPRESENTATION_CONTEXT() REPRESENTATION_CONTEXT('2D SPACE',''
  ) );
#8031 = PCURVE('',#2343,#8032);
#8032 = DEFINITIONAL_REPRESENTATION('',(#8033),#8037);
#8033 = LINE('',#8034,#8035);
#8034 = CARTESIAN_POINT('',(172.,0.));
#8035 = VECTOR('',#8036,1.);
#8036 = DIRECTION('',(0.,-1.));
#8037 = ( GEOMETRIC_REPRESENTATION_CONTEXT(2) 
PARAMETRIC_REPRESENTATION_CONTEXT() REPRESENTATION_CONTEXT('2D SPACE',''
  ) );
#8038 = ORIENTED_EDGE('',*,*,#2248,.F.);
#8039 = ORIENTED_EDGE('',*,*,#8040,.T.);
#8040 = EDGE_CURVE('',#2249,#8041,#8043,.T.);
#8041 = VERTEX_POINT('',#8042);
#8042 = CARTESIAN_POINT('',(23.,-86.,-1.));
#8043 = SURFACE_CURVE('',#8044,(#8048,#8055),.PCURVE_S1.);
#8044 = LINE('',#8045,#8046);
#8045 = CARTESIAN_POINT('',(23.,-86.,-3.));
#8046 = VECTOR('',#8047,1.);
#8047 = DIRECTION('',(0.,0.,1.));
#8048 = PCURVE('',#363,#8049);
#8049 = DEFINITIONAL_REPRESENTATION('',(#8050),#8054);
#8050 = LINE('',#8051,#8052);
#8051 = CARTESIAN_POINT('',(109.,0.));
#8052 = VECTOR('',#8053,1.);
#8053 = DIRECTION('',(0.,-1.));
#8054 = ( GEOMETRIC_REPRESENTATION_CONTEXT(2) 
PARAMETRIC_REPRESENTATION_CONTEXT() REPRESENTATION_CONTEXT('2D SPACE',''
  ) );
#8055 = PCURVE('',#2289,#8056);
#8056 = DEFINITIONAL_REPRESENTATION('',(#8057),#8061);
#8057 = LINE('',#8058,#8059);
#8058 = CARTESIAN_POINT('',(0.,0.));
#8059 = VECTOR('',#8060,1.);
#8060 = DIRECTION('',(0.,-1.));
#8061 = ( GEOMETRIC_REPRESENTATION_CONTEXT(2) 
PARAMETRIC_REPRESENTATION_CONTEXT() REPRESENTATION_CONTEXT('2D SPACE',''
  ) );
#8062 = ORIENTED_EDGE('',*,*,#8063,.F.);
#8063 = EDGE_CURVE('',#8064,#8041,#8066,.T.);
#8064 = VERTEX_POINT('',#8065);
#8065 = CARTESIAN_POINT('',(21.,-86.,-1.));
#8066 = SURFACE_CURVE('',#8067,(#8071,#8078),.PCURVE_S1.);
#8067 = LINE('',#8068,#8069);
#8068 = CARTESIAN_POINT('',(21.,-86.,-1.));
#8069 = VECTOR('',#8070,1.);
#8070 = DIRECTION('',(1.,0.,0.));
#8071 = PCURVE('',#363,#8072);
#8072 = DEFINITIONAL_REPRESENTATION('',(#8073),#8077);
#8073 = LINE('',#8074,#8075);
#8074 = CARTESIAN_POINT('',(107.,-2.));
#8075 = VECTOR('',#8076,1.);
#8076 = DIRECTION('',(1.,0.));
#8077 = ( GEOMETRIC_REPRESENTATION_CONTEXT(2) 
PARAMETRIC_REPRESENTATION_CONTEXT() REPRESENTATION_CONTEXT('2D SPACE',''
  ) );
#8078 = PCURVE('',#7938,#8079);
#8079 = DEFINITIONAL_REPRESENTATION('',(#8080),#8084);
#8080 = LINE('',#8081,#8082);
#8081 = CARTESIAN_POINT('',(87.,-86.));
#8082 = VECTOR('',#8083,1.);
#8083 = DIRECTION('',(1.,0.));
#8084 = ( GEOMETRIC_REPRESENTATION_CONTEXT(2) 
PARAMETRIC_REPRESENTATION_CONTEXT() REPRESENTATION_CONTEXT('2D SPACE',''
  ) );
#8085 = ORIENTED_EDGE('',*,*,#8086,.F.);
#8086 = EDGE_CURVE('',#2142,#8064,#8087,.T.);
#8087 = SURFACE_CURVE('',#8088,(#8092,#8099),.PCURVE_S1.);
#8088 = LINE('',#8089,#8090);
#8089 = CARTESIAN_POINT('',(21.,-86.,-3.));
#8090 = VECTOR('',#8091,1.);
#8091 = DIRECTION('',(0.,0.,1.));
#8092 = PCURVE('',#363,#8093);
#8093 = DEFINITIONAL_REPRESENTATION('',(#8094),#8098);
#8094 = LINE('',#8095,#8096);
#8095 = CARTESIAN_POINT('',(107.,0.));
#8096 = VECTOR('',#8097,1.);
#8097 = DIRECTION('',(0.,-1.));
#8098 = ( GEOMETRIC_REPRESENTATION_CONTEXT(2) 
PARAMETRIC_REPRESENTATION_CONTEXT() REPRESENTATION_CONTEXT('2D SPACE',''
  ) );
#8099 = PCURVE('',#2234,#8100);
#8100 = DEFINITIONAL_REPRESENTATION('',(#8101),#8105);
#8101 = LINE('',#8102,#8103);
#8102 = CARTESIAN_POINT('',(172.,0.));
#8103 = VECTOR('',#8104,1.);
#8104 = DIRECTION('',(0.,-1.));
#8105 = ( GEOMETRIC_REPRESENTATION_CONTEXT(2) 
PARAMETRIC_REPRESENTATION_CONTEXT() REPRESENTATION_CONTEXT('2D SPACE',''
  ) );
#8106 = ORIENTED_EDGE('',*,*,#2139,.F.);
#8107 = ORIENTED_EDGE('',*,*,#8108,.T.);
#8108 = EDGE_CURVE('',#2140,#8109,#8111,.T.);
#8109 = VERTEX_POINT('',#8110);
#8110 = CARTESIAN_POINT('',(1.,-86.,-1.));
#8111 = SURFACE_CURVE('',#8112,(#8116,#8123),.PCURVE_S1.);
#8112 = LINE('',#8113,#8114);
#8113 = CARTESIAN_POINT('',(1.,-86.,-3.));
#8114 = VECTOR('',#8115,1.);
#8115 = DIRECTION('',(0.,0.,1.));
#8116 = PCURVE('',#363,#8117);
#8117 = DEFINITIONAL_REPRESENTATION('',(#8118),#8122);
#8118 = LINE('',#8119,#8120);
#8119 = CARTESIAN_POINT('',(87.,0.));
#8120 = VECTOR('',#8121,1.);
#8121 = DIRECTION('',(0.,-1.));
#8122 = ( GEOMETRIC_REPRESENTATION_CONTEXT(2) 
PARAMETRIC_REPRESENTATION_CONTEXT() REPRESENTATION_CONTEXT('2D SPACE',''
  ) );
#8123 = PCURVE('',#2180,#8124);
#8124 = DEFINITIONAL_REPRESENTATION('',(#8125),#8129);
#8125 = LINE('',#8126,#8127);
#8126 = CARTESIAN_POINT('',(0.,0.));
#8127 = VECTOR('',#8128,1.);
#8128 = DIRECTION('',(0.,-1.));
#8129 = ( GEOMETRIC_REPRESENTATION_CONTEXT(2) 
PARAMETRIC_REPRESENTATION_CONTEXT() REPRESENTATION_CONTEXT('2D SPACE',''
  ) );
#8130 = ORIENTED_EDGE('',*,*,#8131,.F.);
#8131 = EDGE_CURVE('',#8132,#8109,#8134,.T.);
#8132 = VERTEX_POINT('',#8133);
#8133 = CARTESIAN_POINT('',(-1.,-86.,-1.));
#8134 = SURFACE_CURVE('',#8135,(#8139,#8146),.PCURVE_S1.);
#8135 = LINE('',#8136,#8137);
#8136 = CARTESIAN_POINT('',(-1.,-86.,-1.));
#8137 = VECTOR('',#8138,1.);
#8138 = DIRECTION('',(1.,0.,0.));
#8139 = PCURVE('',#363,#8140);
#8140 = DEFINITIONAL_REPRESENTATION('',(#8141),#8145);
#8141 = LINE('',#8142,#8143);
#8142 = CARTESIAN_POINT('',(85.,-2.));
#8143 = VECTOR('',#8144,1.);
#8144 = DIRECTION('',(1.,0.));
#8145 = ( GEOMETRIC_REPRESENTATION_CONTEXT(2) 
PARAMETRIC_REPRESENTATION_CONTEXT() REPRESENTATION_CONTEXT('2D SPACE',''
  ) );
#8146 = PCURVE('',#7938,#8147);
#8147 = DEFINITIONAL_REPRESENTATION('',(#8148),#8152);
#8148 = LINE('',#8149,#8150);
#8149 = CARTESIAN_POINT('',(65.,-86.));
#8150 = VECTOR('',#8151,1.);
#8151 = DIRECTION('',(1.,0.));
#8152 = ( GEOMETRIC_REPRESENTATION_CONTEXT(2) 
PARAMETRIC_REPRESENTATION_CONTEXT() REPRESENTATION_CONTEXT('2D SPACE',''
  ) );
#8153 = ORIENTED_EDGE('',*,*,#8154,.F.);
#8154 = EDGE_CURVE('',#903,#8132,#8155,.T.);
#8155 = SURFACE_CURVE('',#8156,(#8160,#8167),.PCURVE_S1.);
#8156 = LINE('',#8157,#8158);
#8157 = CARTESIAN_POINT('',(-1.,-86.,-3.));
#8158 = VECTOR('',#8159,1.);
#8159 = DIRECTION('',(0.,0.,1.));
#8160 = PCURVE('',#363,#8161);
#8161 = DEFINITIONAL_REPRESENTATION('',(#8162),#8166);
#8162 = LINE('',#8163,#8164);
#8163 = CARTESIAN_POINT('',(85.,0.));
#8164 = VECTOR('',#8165,1.);
#8165 = DIRECTION('',(0.,-1.));
#8166 = ( GEOMETRIC_REPRESENTATION_CONTEXT(2) 
PARAMETRIC_REPRESENTATION_CONTEXT() REPRESENTATION_CONTEXT('2D SPACE',''
  ) );
#8167 = PCURVE('',#995,#8168);
#8168 = DEFINITIONAL_REPRESENTATION('',(#8169),#8173);
#8169 = LINE('',#8170,#8171);
#8170 = CARTESIAN_POINT('',(172.,0.));
#8171 = VECTOR('',#8172,1.);
#8172 = DIRECTION('',(0.,-1.));
#8173 = ( GEOMETRIC_REPRESENTATION_CONTEXT(2) 
PARAMETRIC_REPRESENTATION_CONTEXT() REPRESENTATION_CONTEXT('2D SPACE',''
  ) );
#8174 = ORIENTED_EDGE('',*,*,#900,.F.);
#8175 = ORIENTED_EDGE('',*,*,#8176,.T.);
#8176 = EDGE_CURVE('',#901,#8177,#8179,.T.);
#8177 = VERTEX_POINT('',#8178);
#8178 = CARTESIAN_POINT('',(-21.,-86.,-1.));
#8179 = SURFACE_CURVE('',#8180,(#8184,#8191),.PCURVE_S1.);
#8180 = LINE('',#8181,#8182);
#8181 = CARTESIAN_POINT('',(-21.,-86.,-3.));
#8182 = VECTOR('',#8183,1.);
#8183 = DIRECTION('',(0.,0.,1.));
#8184 = PCURVE('',#363,#8185);
#8185 = DEFINITIONAL_REPRESENTATION('',(#8186),#8190);
#8186 = LINE('',#8187,#8188);
#8187 = CARTESIAN_POINT('',(65.,0.));
#8188 = VECTOR('',#8189,1.);
#8189 = DIRECTION('',(0.,-1.));
#8190 = ( GEOMETRIC_REPRESENTATION_CONTEXT(2) 
PARAMETRIC_REPRESENTATION_CONTEXT() REPRESENTATION_CONTEXT('2D SPACE',''
  ) );
#8191 = PCURVE('',#941,#8192);
#8192 = DEFINITIONAL_REPRESENTATION('',(#8193),#8197);
#8193 = LINE('',#8194,#8195);
#8194 = CARTESIAN_POINT('',(0.,0.));
#8195 = VECTOR('',#8196,1.);
#8196 = DIRECTION('',(0.,-1.));
#8197 = ( GEOMETRIC_REPRESENTATION_CONTEXT(2) 
PARAMETRIC_REPRESENTATION_CONTEXT() REPRESENTATION_CONTEXT('2D SPACE',''
  ) );
#8198 = ORIENTED_EDGE('',*,*,#8199,.F.);
#8199 = EDGE_CURVE('',#8200,#8177,#8202,.T.);
#8200 = VERTEX_POINT('',#8201);
#8201 = CARTESIAN_POINT('',(-23.,-86.,-1.));
#8202 = SURFACE_CURVE('',#8203,(#8207,#8214),.PCURVE_S1.);
#8203 = LINE('',#8204,#8205);
#8204 = CARTESIAN_POINT('',(-23.,-86.,-1.));
#8205 = VECTOR('',#8206,1.);
#8206 = DIRECTION('',(1.,0.,0.));
#8207 = PCURVE('',#363,#8208);
#8208 = DEFINITIONAL_REPRESENTATION('',(#8209),#8213);
#8209 = LINE('',#8210,#8211);
#8210 = CARTESIAN_POINT('',(63.,-2.));
#8211 = VECTOR('',#8212,1.);
#8212 = DIRECTION('',(1.,0.));
#8213 = ( GEOMETRIC_REPRESENTATION_CONTEXT(2) 
PARAMETRIC_REPRESENTATION_CONTEXT() REPRESENTATION_CONTEXT('2D SPACE',''
  ) );
#8214 = PCURVE('',#7938,#8215);
#8215 = DEFINITIONAL_REPRESENTATION('',(#8216),#8220);
#8216 = LINE('',#8217,#8218);
#8217 = CARTESIAN_POINT('',(43.,-86.));
#8218 = VECTOR('',#8219,1.);
#8219 = DIRECTION('',(1.,0.));
#8220 = ( GEOMETRIC_REPRESENTATION_CONTEXT(2) 
PARAMETRIC_REPRESENTATION_CONTEXT() REPRESENTATION_CONTEXT('2D SPACE',''
  ) );
#8221 = ORIENTED_EDGE('',*,*,#8222,.F.);
#8222 = EDGE_CURVE('',#794,#8200,#8223,.T.);
#8223 = SURFACE_CURVE('',#8224,(#8228,#8235),.PCURVE_S1.);
#8224 = LINE('',#8225,#8226);
#8225 = CARTESIAN_POINT('',(-23.,-86.,-3.));
#8226 = VECTOR('',#8227,1.);
#8227 = DIRECTION('',(0.,0.,1.));
#8228 = PCURVE('',#363,#8229);
#8229 = DEFINITIONAL_REPRESENTATION('',(#8230),#8234);
#8230 = LINE('',#8231,#8232);
#8231 = CARTESIAN_POINT('',(63.,0.));
#8232 = VECTOR('',#8233,1.);
#8233 = DIRECTION('',(0.,-1.));
#8234 = ( GEOMETRIC_REPRESENTATION_CONTEXT(2) 
PARAMETRIC_REPRESENTATION_CONTEXT() REPRESENTATION_CONTEXT('2D SPACE',''
  ) );
#8235 = PCURVE('',#886,#8236);
#8236 = DEFINITIONAL_REPRESENTATION('',(#8237),#8241);
#8237 = LINE('',#8238,#8239);
#8238 = CARTESIAN_POINT('',(172.,0.));
#8239 = VECTOR('',#8240,1.);
#8240 = DIRECTION('',(0.,-1.));
#8241 = ( GEOMETRIC_REPRESENTATION_CONTEXT(2) 
PARAMETRIC_REPRESENTATION_CONTEXT() REPRESENTATION_CONTEXT('2D SPACE',''
  ) );
#8242 = ORIENTED_EDGE('',*,*,#791,.F.);
#8243 = ORIENTED_EDGE('',*,*,#8244,.T.);
#8244 = EDGE_CURVE('',#792,#8245,#8247,.T.);
#8245 = VERTEX_POINT('',#8246);
#8246 = CARTESIAN_POINT('',(-43.,-86.,-1.));
#8247 = SURFACE_CURVE('',#8248,(#8252,#8259),.PCURVE_S1.);
#8248 = LINE('',#8249,#8250);
#8249 = CARTESIAN_POINT('',(-43.,-86.,-3.));
#8250 = VECTOR('',#8251,1.);
#8251 = DIRECTION('',(0.,0.,1.));
#8252 = PCURVE('',#363,#8253);
#8253 = DEFINITIONAL_REPRESENTATION('',(#8254),#8258);
#8254 = LINE('',#8255,#8256);
#8255 = CARTESIAN_POINT('',(43.,0.));
#8256 = VECTOR('',#8257,1.);
#8257 = DIRECTION('',(0.,-1.));
#8258 = ( GEOMETRIC_REPRESENTATION_CONTEXT(2) 
PARAMETRIC_REPRESENTATION_CONTEXT() REPRESENTATION_CONTEXT('2D SPACE',''
  ) );
#8259 = PCURVE('',#832,#8260);
#8260 = DEFINITIONAL_REPRESENTATION('',(#8261),#8265);
#8261 = LINE('',#8262,#8263);
#8262 = CARTESIAN_POINT('',(0.,0.));
#8263 = VECTOR('',#8264,1.);
#8264 = DIRECTION('',(0.,-1.));
#8265 = ( GEOMETRIC_REPRESENTATION_CONTEXT(2) 
PARAMETRIC_REPRESENTATION_CONTEXT() REPRESENTATION_CONTEXT('2D SPACE',''
  ) );
#8266 = ORIENTED_EDGE('',*,*,#8267,.F.);
#8267 = EDGE_CURVE('',#8268,#8245,#8270,.T.);
#8268 = VERTEX_POINT('',#8269);
#8269 = CARTESIAN_POINT('',(-45.,-86.,-1.));
#8270 = SURFACE_CURVE('',#8271,(#8275,#8282),.PCURVE_S1.);
#8271 = LINE('',#8272,#8273);
#8272 = CARTESIAN_POINT('',(-45.,-86.,-1.));
#8273 = VECTOR('',#8274,1.);
#8274 = DIRECTION('',(1.,0.,0.));
#8275 = PCURVE('',#363,#8276);
#8276 = DEFINITIONAL_REPRESENTATION('',(#8277),#8281);
#8277 = LINE('',#8278,#8279);
#8278 = CARTESIAN_POINT('',(41.,-2.));
#8279 = VECTOR('',#8280,1.);
#8280 = DIRECTION('',(1.,0.));
#8281 = ( GEOMETRIC_REPRESENTATION_CONTEXT(2) 
PARAMETRIC_REPRESENTATION_CONTEXT() REPRESENTATION_CONTEXT('2D SPACE',''
  ) );
#8282 = PCURVE('',#7938,#8283);
#8283 = DEFINITIONAL_REPRESENTATION('',(#8284),#8288);
#8284 = LINE('',#8285,#8286);
#8285 = CARTESIAN_POINT('',(21.,-86.));
#8286 = VECTOR('',#8287,1.);
#8287 = DIRECTION('',(1.,0.));
#8288 = ( GEOMETRIC_REPRESENTATION_CONTEXT(2) 
PARAMETRIC_REPRESENTATION_CONTEXT() REPRESENTATION_CONTEXT('2D SPACE',''
  ) );
#8289 = ORIENTED_EDGE('',*,*,#8290,.F.);
#8290 = EDGE_CURVE('',#462,#8268,#8291,.T.);
#8291 = SURFACE_CURVE('',#8292,(#8296,#8303),.PCURVE_S1.);
#8292 = LINE('',#8293,#8294);
#8293 = CARTESIAN_POINT('',(-45.,-86.,-3.));
#8294 = VECTOR('',#8295,1.);
#8295 = DIRECTION('',(0.,0.,1.));
#8296 = PCURVE('',#363,#8297);
#8297 = DEFINITIONAL_REPRESENTATION('',(#8298),#8302);
#8298 = LINE('',#8299,#8300);
#8299 = CARTESIAN_POINT('',(41.,0.));
#8300 = VECTOR('',#8301,1.);
#8301 = DIRECTION('',(0.,-1.));
#8302 = ( GEOMETRIC_REPRESENTATION_CONTEXT(2) 
PARAMETRIC_REPRESENTATION_CONTEXT() REPRESENTATION_CONTEXT('2D SPACE',''
  ) );
#8303 = PCURVE('',#554,#8304);
#8304 = DEFINITIONAL_REPRESENTATION('',(#8305),#8309);
#8305 = LINE('',#8306,#8307);
#8306 = CARTESIAN_POINT('',(172.,0.));
#8307 = VECTOR('',#8308,1.);
#8308 = DIRECTION('',(0.,-1.));
#8309 = ( GEOMETRIC_REPRESENTATION_CONTEXT(2) 
PARAMETRIC_REPRESENTATION_CONTEXT() REPRESENTATION_CONTEXT('2D SPACE',''
  ) );
#8310 = ORIENTED_EDGE('',*,*,#459,.F.);
#8311 = ORIENTED_EDGE('',*,*,#8312,.T.);
#8312 = EDGE_CURVE('',#460,#8313,#8315,.T.);
#8313 = VERTEX_POINT('',#8314);
#8314 = CARTESIAN_POINT('',(-65.,-86.,-1.));
#8315 = SURFACE_CURVE('',#8316,(#8320,#8327),.PCURVE_S1.);
#8316 = LINE('',#8317,#8318);
#8317 = CARTESIAN_POINT('',(-65.,-86.,-3.));
#8318 = VECTOR('',#8319,1.);
#8319 = DIRECTION('',(0.,0.,1.));
#8320 = PCURVE('',#363,#8321);
#8321 = DEFINITIONAL_REPRESENTATION('',(#8322),#8326);
#8322 = LINE('',#8323,#8324);
#8323 = CARTESIAN_POINT('',(21.,0.));
#8324 = VECTOR('',#8325,1.);
#8325 = DIRECTION('',(0.,-1.));
#8326 = ( GEOMETRIC_REPRESENTATION_CONTEXT(2) 
PARAMETRIC_REPRESENTATION_CONTEXT() REPRESENTATION_CONTEXT('2D SPACE',''
  ) );
#8327 = PCURVE('',#500,#8328);
#8328 = DEFINITIONAL_REPRESENTATION('',(#8329),#8333);
#8329 = LINE('',#8330,#8331);
#8330 = CARTESIAN_POINT('',(0.,0.));
#8331 = VECTOR('',#8332,1.);
#8332 = DIRECTION('',(0.,-1.));
#8333 = ( GEOMETRIC_REPRESENTATION_CONTEXT(2) 
PARAMETRIC_REPRESENTATION_CONTEXT() REPRESENTATION_CONTEXT('2D SPACE',''
  ) );
#8334 = ORIENTED_EDGE('',*,*,#8335,.F.);
#8335 = EDGE_CURVE('',#8336,#8313,#8338,.T.);
#8336 = VERTEX_POINT('',#8337);
#8337 = CARTESIAN_POINT('',(-67.,-86.,-1.));
#8338 = SURFACE_CURVE('',#8339,(#8343,#8350),.PCURVE_S1.);
#8339 = LINE('',#8340,#8341);
#8340 = CARTESIAN_POINT('',(-67.,-86.,-1.));
#8341 = VECTOR('',#8342,1.);
#8342 = DIRECTION('',(1.,0.,0.));
#8343 = PCURVE('',#363,#8344);
#8344 = DEFINITIONAL_REPRESENTATION('',(#8345),#8349);
#8345 = LINE('',#8346,#8347);
#8346 = CARTESIAN_POINT('',(19.,-2.));
#8347 = VECTOR('',#8348,1.);
#8348 = DIRECTION('',(1.,0.));
#8349 = ( GEOMETRIC_REPRESENTATION_CONTEXT(2) 
PARAMETRIC_REPRESENTATION_CONTEXT() REPRESENTATION_CONTEXT('2D SPACE',''
  ) );
#8350 = PCURVE('',#7938,#8351);
#8351 = DEFINITIONAL_REPRESENTATION('',(#8352),#8356);
#8352 = LINE('',#8353,#8354);
#8353 = CARTESIAN_POINT('',(-1.,-86.));
#8354 = VECTOR('',#8355,1.);
#8355 = DIRECTION('',(1.,0.));
#8356 = ( GEOMETRIC_REPRESENTATION_CONTEXT(2) 
PARAMETRIC_REPRESENTATION_CONTEXT() REPRESENTATION_CONTEXT('2D SPACE',''
  ) );
#8357 = ORIENTED_EDGE('',*,*,#8358,.F.);
#8358 = EDGE_CURVE('',#348,#8336,#8359,.T.);
#8359 = SURFACE_CURVE('',#8360,(#8364,#8371),.PCURVE_S1.);
#8360 = LINE('',#8361,#8362);
#8361 = CARTESIAN_POINT('',(-67.,-86.,-3.));
#8362 = VECTOR('',#8363,1.);
#8363 = DIRECTION('',(0.,0.,1.));
#8364 = PCURVE('',#363,#8365);
#8365 = DEFINITIONAL_REPRESENTATION('',(#8366),#8370);
#8366 = LINE('',#8367,#8368);
#8367 = CARTESIAN_POINT('',(19.,0.));
#8368 = VECTOR('',#8369,1.);
#8369 = DIRECTION('',(0.,-1.));
#8370 = ( GEOMETRIC_REPRESENTATION_CONTEXT(2) 
PARAMETRIC_REPRESENTATION_CONTEXT() REPRESENTATION_CONTEXT('2D SPACE',''
  ) );
#8371 = PCURVE('',#445,#8372);
#8372 = DEFINITIONAL_REPRESENTATION('',(#8373),#8377);
#8373 = LINE('',#8374,#8375);
#8374 = CARTESIAN_POINT('',(172.,0.));
#8375 = VECTOR('',#8376,1.);
#8376 = DIRECTION('',(0.,-1.));
#8377 = ( GEOMETRIC_REPRESENTATION_CONTEXT(2) 
PARAMETRIC_REPRESENTATION_CONTEXT() REPRESENTATION_CONTEXT('2D SPACE',''
  ) );
#8378 = ADVANCED_FACE('',(#8379),#391,.T.);
#8379 = FACE_BOUND('',#8380,.T.);
#8380 = EDGE_LOOP('',(#8381,#8382,#8403,#8404,#8405,#8406,#8429,#8452,
    #8473,#8474,#8497,#8520,#8541,#8542,#8565,#8588,#8609,#8610,#8633,
    #8656,#8677,#8678,#8701,#8724,#8745,#8746,#8769,#8792,#8813,#8814,
    #8837,#8860));
#8381 = ORIENTED_EDGE('',*,*,#5084,.F.);
#8382 = ORIENTED_EDGE('',*,*,#8383,.T.);
#8383 = EDGE_CURVE('',#5085,#7725,#8384,.T.);
#8384 = SURFACE_CURVE('',#8385,(#8389,#8396),.PCURVE_S1.);
#8385 = LINE('',#8386,#8387);
#8386 = CARTESIAN_POINT('',(-86.,86.,-3.));
#8387 = VECTOR('',#8388,1.);
#8388 = DIRECTION('',(0.,0.,1.));
#8389 = PCURVE('',#391,#8390);
#8390 = DEFINITIONAL_REPRESENTATION('',(#8391),#8395);
#8391 = LINE('',#8392,#8393);
#8392 = CARTESIAN_POINT('',(0.,0.));
#8393 = VECTOR('',#8394,1.);
#8394 = DIRECTION('',(0.,-1.));
#8395 = ( GEOMETRIC_REPRESENTATION_CONTEXT(2) 
PARAMETRIC_REPRESENTATION_CONTEXT() REPRESENTATION_CONTEXT('2D SPACE',''
  ) );
#8396 = PCURVE('',#5125,#8397);
#8397 = DEFINITIONAL_REPRESENTATION('',(#8398),#8402);
#8398 = LINE('',#8399,#8400);
#8399 = CARTESIAN_POINT('',(172.,0.));
#8400 = VECTOR('',#8401,1.);
#8401 = DIRECTION('',(0.,-1.));
#8402 = ( GEOMETRIC_REPRESENTATION_CONTEXT(2) 
PARAMETRIC_REPRESENTATION_CONTEXT() REPRESENTATION_CONTEXT('2D SPACE',''
  ) );
#8403 = ORIENTED_EDGE('',*,*,#7724,.T.);
#8404 = ORIENTED_EDGE('',*,*,#7855,.F.);
#8405 = ORIENTED_EDGE('',*,*,#375,.F.);
#8406 = ORIENTED_EDGE('',*,*,#8407,.T.);
#8407 = EDGE_CURVE('',#376,#8408,#8410,.T.);
#8408 = VERTEX_POINT('',#8409);
#8409 = CARTESIAN_POINT('',(-86.,-67.,-1.));
#8410 = SURFACE_CURVE('',#8411,(#8415,#8422),.PCURVE_S1.);
#8411 = LINE('',#8412,#8413);
#8412 = CARTESIAN_POINT('',(-86.,-67.,-3.));
#8413 = VECTOR('',#8414,1.);
#8414 = DIRECTION('',(0.,0.,1.));
#8415 = PCURVE('',#391,#8416);
#8416 = DEFINITIONAL_REPRESENTATION('',(#8417),#8421);
#8417 = LINE('',#8418,#8419);
#8418 = CARTESIAN_POINT('',(153.,0.));
#8419 = VECTOR('',#8420,1.);
#8420 = DIRECTION('',(0.,-1.));
#8421 = ( GEOMETRIC_REPRESENTATION_CONTEXT(2) 
PARAMETRIC_REPRESENTATION_CONTEXT() REPRESENTATION_CONTEXT('2D SPACE',''
  ) );
#8422 = PCURVE('',#419,#8423);
#8423 = DEFINITIONAL_REPRESENTATION('',(#8424),#8428);
#8424 = LINE('',#8425,#8426);
#8425 = CARTESIAN_POINT('',(0.,0.));
#8426 = VECTOR('',#8427,1.);
#8427 = DIRECTION('',(0.,-1.));
#8428 = ( GEOMETRIC_REPRESENTATION_CONTEXT(2) 
PARAMETRIC_REPRESENTATION_CONTEXT() REPRESENTATION_CONTEXT('2D SPACE',''
  ) );
#8429 = ORIENTED_EDGE('',*,*,#8430,.F.);
#8430 = EDGE_CURVE('',#8431,#8408,#8433,.T.);
#8431 = VERTEX_POINT('',#8432);
#8432 = CARTESIAN_POINT('',(-86.,-65.,-1.));
#8433 = SURFACE_CURVE('',#8434,(#8438,#8445),.PCURVE_S1.);
#8434 = LINE('',#8435,#8436);
#8435 = CARTESIAN_POINT('',(-86.,-65.,-1.));
#8436 = VECTOR('',#8437,1.);
#8437 = DIRECTION('',(0.,-1.,0.));
#8438 = PCURVE('',#391,#8439);
#8439 = DEFINITIONAL_REPRESENTATION('',(#8440),#8444);
#8440 = LINE('',#8441,#8442);
#8441 = CARTESIAN_POINT('',(151.,-2.));
#8442 = VECTOR('',#8443,1.);
#8443 = DIRECTION('',(1.,0.));
#8444 = ( GEOMETRIC_REPRESENTATION_CONTEXT(2) 
PARAMETRIC_REPRESENTATION_CONTEXT() REPRESENTATION_CONTEXT('2D SPACE',''
  ) );
#8445 = PCURVE('',#7938,#8446);
#8446 = DEFINITIONAL_REPRESENTATION('',(#8447),#8451);
#8447 = LINE('',#8448,#8449);
#8448 = CARTESIAN_POINT('',(-20.,-65.));
#8449 = VECTOR('',#8450,1.);
#8450 = DIRECTION('',(0.,-1.));
#8451 = ( GEOMETRIC_REPRESENTATION_CONTEXT(2) 
PARAMETRIC_REPRESENTATION_CONTEXT() REPRESENTATION_CONTEXT('2D SPACE',''
  ) );
#8452 = ORIENTED_EDGE('',*,*,#8453,.F.);
#8453 = EDGE_CURVE('',#571,#8431,#8454,.T.);
#8454 = SURFACE_CURVE('',#8455,(#8459,#8466),.PCURVE_S1.);
#8455 = LINE('',#8456,#8457);
#8456 = CARTESIAN_POINT('',(-86.,-65.,-3.));
#8457 = VECTOR('',#8458,1.);
#8458 = DIRECTION('',(0.,0.,1.));
#8459 = PCURVE('',#391,#8460);
#8460 = DEFINITIONAL_REPRESENTATION('',(#8461),#8465);
#8461 = LINE('',#8462,#8463);
#8462 = CARTESIAN_POINT('',(151.,0.));
#8463 = VECTOR('',#8464,1.);
#8464 = DIRECTION('',(0.,-1.));
#8465 = ( GEOMETRIC_REPRESENTATION_CONTEXT(2) 
PARAMETRIC_REPRESENTATION_CONTEXT() REPRESENTATION_CONTEXT('2D SPACE',''
  ) );
#8466 = PCURVE('',#663,#8467);
#8467 = DEFINITIONAL_REPRESENTATION('',(#8468),#8472);
#8468 = LINE('',#8469,#8470);
#8469 = CARTESIAN_POINT('',(172.,0.));
#8470 = VECTOR('',#8471,1.);
#8471 = DIRECTION('',(0.,-1.));
#8472 = ( GEOMETRIC_REPRESENTATION_CONTEXT(2) 
PARAMETRIC_REPRESENTATION_CONTEXT() REPRESENTATION_CONTEXT('2D SPACE',''
  ) );
#8473 = ORIENTED_EDGE('',*,*,#568,.F.);
#8474 = ORIENTED_EDGE('',*,*,#8475,.T.);
#8475 = EDGE_CURVE('',#569,#8476,#8478,.T.);
#8476 = VERTEX_POINT('',#8477);
#8477 = CARTESIAN_POINT('',(-86.,-45.,-1.));
#8478 = SURFACE_CURVE('',#8479,(#8483,#8490),.PCURVE_S1.);
#8479 = LINE('',#8480,#8481);
#8480 = CARTESIAN_POINT('',(-86.,-45.,-3.));
#8481 = VECTOR('',#8482,1.);
#8482 = DIRECTION('',(0.,0.,1.));
#8483 = PCURVE('',#391,#8484);
#8484 = DEFINITIONAL_REPRESENTATION('',(#8485),#8489);
#8485 = LINE('',#8486,#8487);
#8486 = CARTESIAN_POINT('',(131.,0.));
#8487 = VECTOR('',#8488,1.);
#8488 = DIRECTION('',(0.,-1.));
#8489 = ( GEOMETRIC_REPRESENTATION_CONTEXT(2) 
PARAMETRIC_REPRESENTATION_CONTEXT() REPRESENTATION_CONTEXT('2D SPACE',''
  ) );
#8490 = PCURVE('',#609,#8491);
#8491 = DEFINITIONAL_REPRESENTATION('',(#8492),#8496);
#8492 = LINE('',#8493,#8494);
#8493 = CARTESIAN_POINT('',(0.,0.));
#8494 = VECTOR('',#8495,1.);
#8495 = DIRECTION('',(0.,-1.));
#8496 = ( GEOMETRIC_REPRESENTATION_CONTEXT(2) 
PARAMETRIC_REPRESENTATION_CONTEXT() REPRESENTATION_CONTEXT('2D SPACE',''
  ) );
#8497 = ORIENTED_EDGE('',*,*,#8498,.F.);
#8498 = EDGE_CURVE('',#8499,#8476,#8501,.T.);
#8499 = VERTEX_POINT('',#8500);
#8500 = CARTESIAN_POINT('',(-86.,-43.,-1.));
#8501 = SURFACE_CURVE('',#8502,(#8506,#8513),.PCURVE_S1.);
#8502 = LINE('',#8503,#8504);
#8503 = CARTESIAN_POINT('',(-86.,-43.,-1.));
#8504 = VECTOR('',#8505,1.);
#8505 = DIRECTION('',(0.,-1.,0.));
#8506 = PCURVE('',#391,#8507);
#8507 = DEFINITIONAL_REPRESENTATION('',(#8508),#8512);
#8508 = LINE('',#8509,#8510);
#8509 = CARTESIAN_POINT('',(129.,-2.));
#8510 = VECTOR('',#8511,1.);
#8511 = DIRECTION('',(1.,0.));
#8512 = ( GEOMETRIC_REPRESENTATION_CONTEXT(2) 
PARAMETRIC_REPRESENTATION_CONTEXT() REPRESENTATION_CONTEXT('2D SPACE',''
  ) );
#8513 = PCURVE('',#7938,#8514);
#8514 = DEFINITIONAL_REPRESENTATION('',(#8515),#8519);
#8515 = LINE('',#8516,#8517);
#8516 = CARTESIAN_POINT('',(-20.,-43.));
#8517 = VECTOR('',#8518,1.);
#8518 = DIRECTION('',(0.,-1.));
#8519 = ( GEOMETRIC_REPRESENTATION_CONTEXT(2) 
PARAMETRIC_REPRESENTATION_CONTEXT() REPRESENTATION_CONTEXT('2D SPACE',''
  ) );
#8520 = ORIENTED_EDGE('',*,*,#8521,.F.);
#8521 = EDGE_CURVE('',#1240,#8499,#8522,.T.);
#8522 = SURFACE_CURVE('',#8523,(#8527,#8534),.PCURVE_S1.);
#8523 = LINE('',#8524,#8525);
#8524 = CARTESIAN_POINT('',(-86.,-43.,-3.));
#8525 = VECTOR('',#8526,1.);
#8526 = DIRECTION('',(0.,0.,1.));
#8527 = PCURVE('',#391,#8528);
#8528 = DEFINITIONAL_REPRESENTATION('',(#8529),#8533);
#8529 = LINE('',#8530,#8531);
#8530 = CARTESIAN_POINT('',(129.,0.));
#8531 = VECTOR('',#8532,1.);
#8532 = DIRECTION('',(0.,-1.));
#8533 = ( GEOMETRIC_REPRESENTATION_CONTEXT(2) 
PARAMETRIC_REPRESENTATION_CONTEXT() REPRESENTATION_CONTEXT('2D SPACE',''
  ) );
#8534 = PCURVE('',#1332,#8535);
#8535 = DEFINITIONAL_REPRESENTATION('',(#8536),#8540);
#8536 = LINE('',#8537,#8538);
#8537 = CARTESIAN_POINT('',(172.,0.));
#8538 = VECTOR('',#8539,1.);
#8539 = DIRECTION('',(0.,-1.));
#8540 = ( GEOMETRIC_REPRESENTATION_CONTEXT(2) 
PARAMETRIC_REPRESENTATION_CONTEXT() REPRESENTATION_CONTEXT('2D SPACE',''
  ) );
#8541 = ORIENTED_EDGE('',*,*,#1237,.F.);
#8542 = ORIENTED_EDGE('',*,*,#8543,.T.);
#8543 = EDGE_CURVE('',#1238,#8544,#8546,.T.);
#8544 = VERTEX_POINT('',#8545);
#8545 = CARTESIAN_POINT('',(-86.,-23.,-1.));
#8546 = SURFACE_CURVE('',#8547,(#8551,#8558),.PCURVE_S1.);
#8547 = LINE('',#8548,#8549);
#8548 = CARTESIAN_POINT('',(-86.,-23.,-3.));
#8549 = VECTOR('',#8550,1.);
#8550 = DIRECTION('',(0.,0.,1.));
#8551 = PCURVE('',#391,#8552);
#8552 = DEFINITIONAL_REPRESENTATION('',(#8553),#8557);
#8553 = LINE('',#8554,#8555);
#8554 = CARTESIAN_POINT('',(109.,0.));
#8555 = VECTOR('',#8556,1.);
#8556 = DIRECTION('',(0.,-1.));
#8557 = ( GEOMETRIC_REPRESENTATION_CONTEXT(2) 
PARAMETRIC_REPRESENTATION_CONTEXT() REPRESENTATION_CONTEXT('2D SPACE',''
  ) );
#8558 = PCURVE('',#1278,#8559);
#8559 = DEFINITIONAL_REPRESENTATION('',(#8560),#8564);
#8560 = LINE('',#8561,#8562);
#8561 = CARTESIAN_POINT('',(0.,0.));
#8562 = VECTOR('',#8563,1.);
#8563 = DIRECTION('',(0.,-1.));
#8564 = ( GEOMETRIC_REPRESENTATION_CONTEXT(2) 
PARAMETRIC_REPRESENTATION_CONTEXT() REPRESENTATION_CONTEXT('2D SPACE',''
  ) );
#8565 = ORIENTED_EDGE('',*,*,#8566,.F.);
#8566 = EDGE_CURVE('',#8567,#8544,#8569,.T.);
#8567 = VERTEX_POINT('',#8568);
#8568 = CARTESIAN_POINT('',(-86.,-21.,-1.));
#8569 = SURFACE_CURVE('',#8570,(#8574,#8581),.PCURVE_S1.);
#8570 = LINE('',#8571,#8572);
#8571 = CARTESIAN_POINT('',(-86.,-21.,-1.));
#8572 = VECTOR('',#8573,1.);
#8573 = DIRECTION('',(0.,-1.,0.));
#8574 = PCURVE('',#391,#8575);
#8575 = DEFINITIONAL_REPRESENTATION('',(#8576),#8580);
#8576 = LINE('',#8577,#8578);
#8577 = CARTESIAN_POINT('',(107.,-2.));
#8578 = VECTOR('',#8579,1.);
#8579 = DIRECTION('',(1.,0.));
#8580 = ( GEOMETRIC_REPRESENTATION_CONTEXT(2) 
PARAMETRIC_REPRESENTATION_CONTEXT() REPRESENTATION_CONTEXT('2D SPACE',''
  ) );
#8581 = PCURVE('',#7938,#8582);
#8582 = DEFINITIONAL_REPRESENTATION('',(#8583),#8587);
#8583 = LINE('',#8584,#8585);
#8584 = CARTESIAN_POINT('',(-20.,-21.));
#8585 = VECTOR('',#8586,1.);
#8586 = DIRECTION('',(0.,-1.));
#8587 = ( GEOMETRIC_REPRESENTATION_CONTEXT(2) 
PARAMETRIC_REPRESENTATION_CONTEXT() REPRESENTATION_CONTEXT('2D SPACE',''
  ) );
#8588 = ORIENTED_EDGE('',*,*,#8589,.F.);
#8589 = EDGE_CURVE('',#1463,#8567,#8590,.T.);
#8590 = SURFACE_CURVE('',#8591,(#8595,#8602),.PCURVE_S1.);
#8591 = LINE('',#8592,#8593);
#8592 = CARTESIAN_POINT('',(-86.,-21.,-3.));
#8593 = VECTOR('',#8594,1.);
#8594 = DIRECTION('',(0.,0.,1.));
#8595 = PCURVE('',#391,#8596);
#8596 = DEFINITIONAL_REPRESENTATION('',(#8597),#8601);
#8597 = LINE('',#8598,#8599);
#8598 = CARTESIAN_POINT('',(107.,0.));
#8599 = VECTOR('',#8600,1.);
#8600 = DIRECTION('',(0.,-1.));
#8601 = ( GEOMETRIC_REPRESENTATION_CONTEXT(2) 
PARAMETRIC_REPRESENTATION_CONTEXT() REPRESENTATION_CONTEXT('2D SPACE',''
  ) );
#8602 = PCURVE('',#1555,#8603);
#8603 = DEFINITIONAL_REPRESENTATION('',(#8604),#8608);
#8604 = LINE('',#8605,#8606);
#8605 = CARTESIAN_POINT('',(172.,0.));
#8606 = VECTOR('',#8607,1.);
#8607 = DIRECTION('',(0.,-1.));
#8608 = ( GEOMETRIC_REPRESENTATION_CONTEXT(2) 
PARAMETRIC_REPRESENTATION_CONTEXT() REPRESENTATION_CONTEXT('2D SPACE',''
  ) );
#8609 = ORIENTED_EDGE('',*,*,#1460,.F.);
#8610 = ORIENTED_EDGE('',*,*,#8611,.T.);
#8611 = EDGE_CURVE('',#1461,#8612,#8614,.T.);
#8612 = VERTEX_POINT('',#8613);
#8613 = CARTESIAN_POINT('',(-86.,-1.,-1.));
#8614 = SURFACE_CURVE('',#8615,(#8619,#8626),.PCURVE_S1.);
#8615 = LINE('',#8616,#8617);
#8616 = CARTESIAN_POINT('',(-86.,-1.,-3.));
#8617 = VECTOR('',#8618,1.);
#8618 = DIRECTION('',(0.,0.,1.));
#8619 = PCURVE('',#391,#8620);
#8620 = DEFINITIONAL_REPRESENTATION('',(#8621),#8625);
#8621 = LINE('',#8622,#8623);
#8622 = CARTESIAN_POINT('',(87.,0.));
#8623 = VECTOR('',#8624,1.);
#8624 = DIRECTION('',(0.,-1.));
#8625 = ( GEOMETRIC_REPRESENTATION_CONTEXT(2) 
PARAMETRIC_REPRESENTATION_CONTEXT() REPRESENTATION_CONTEXT('2D SPACE',''
  ) );
#8626 = PCURVE('',#1501,#8627);
#8627 = DEFINITIONAL_REPRESENTATION('',(#8628),#8632);
#8628 = LINE('',#8629,#8630);
#8629 = CARTESIAN_POINT('',(0.,0.));
#8630 = VECTOR('',#8631,1.);
#8631 = DIRECTION('',(0.,-1.));
#8632 = ( GEOMETRIC_REPRESENTATION_CONTEXT(2) 
PARAMETRIC_REPRESENTATION_CONTEXT() REPRESENTATION_CONTEXT('2D SPACE',''
  ) );
#8633 = ORIENTED_EDGE('',*,*,#8634,.F.);
#8634 = EDGE_CURVE('',#8635,#8612,#8637,.T.);
#8635 = VERTEX_POINT('',#8636);
#8636 = CARTESIAN_POINT('',(-86.,1.,-1.));
#8637 = SURFACE_CURVE('',#8638,(#8642,#8649),.PCURVE_S1.);
#8638 = LINE('',#8639,#8640);
#8639 = CARTESIAN_POINT('',(-86.,1.,-1.));
#8640 = VECTOR('',#8641,1.);
#8641 = DIRECTION('',(0.,-1.,0.));
#8642 = PCURVE('',#391,#8643);
#8643 = DEFINITIONAL_REPRESENTATION('',(#8644),#8648);
#8644 = LINE('',#8645,#8646);
#8645 = CARTESIAN_POINT('',(85.,-2.));
#8646 = VECTOR('',#8647,1.);
#8647 = DIRECTION('',(1.,0.));
#8648 = ( GEOMETRIC_REPRESENTATION_CONTEXT(2) 
PARAMETRIC_REPRESENTATION_CONTEXT() REPRESENTATION_CONTEXT('2D SPACE',''
  ) );
#8649 = PCURVE('',#7938,#8650);
#8650 = DEFINITIONAL_REPRESENTATION('',(#8651),#8655);
#8651 = LINE('',#8652,#8653);
#8652 = CARTESIAN_POINT('',(-20.,1.));
#8653 = VECTOR('',#8654,1.);
#8654 = DIRECTION('',(0.,-1.));
#8655 = ( GEOMETRIC_REPRESENTATION_CONTEXT(2) 
PARAMETRIC_REPRESENTATION_CONTEXT() REPRESENTATION_CONTEXT('2D SPACE',''
  ) );
#8656 = ORIENTED_EDGE('',*,*,#8657,.F.);
#8657 = EDGE_CURVE('',#3962,#8635,#8658,.T.);
#8658 = SURFACE_CURVE('',#8659,(#8663,#8670),.PCURVE_S1.);
#8659 = LINE('',#8660,#8661);
#8660 = CARTESIAN_POINT('',(-86.,1.,-3.));
#8661 = VECTOR('',#8662,1.);
#8662 = DIRECTION('',(0.,0.,1.));
#8663 = PCURVE('',#391,#8664);
#8664 = DEFINITIONAL_REPRESENTATION('',(#8665),#8669);
#8665 = LINE('',#8666,#8667);
#8666 = CARTESIAN_POINT('',(85.,0.));
#8667 = VECTOR('',#8668,1.);
#8668 = DIRECTION('',(0.,-1.));
#8669 = ( GEOMETRIC_REPRESENTATION_CONTEXT(2) 
PARAMETRIC_REPRESENTATION_CONTEXT() REPRESENTATION_CONTEXT('2D SPACE',''
  ) );
#8670 = PCURVE('',#4054,#8671);
#8671 = DEFINITIONAL_REPRESENTATION('',(#8672),#8676);
#8672 = LINE('',#8673,#8674);
#8673 = CARTESIAN_POINT('',(172.,0.));
#8674 = VECTOR('',#8675,1.);
#8675 = DIRECTION('',(0.,-1.));
#8676 = ( GEOMETRIC_REPRESENTATION_CONTEXT(2) 
PARAMETRIC_REPRESENTATION_CONTEXT() REPRESENTATION_CONTEXT('2D SPACE',''
  ) );
#8677 = ORIENTED_EDGE('',*,*,#3959,.F.);
#8678 = ORIENTED_EDGE('',*,*,#8679,.T.);
#8679 = EDGE_CURVE('',#3960,#8680,#8682,.T.);
#8680 = VERTEX_POINT('',#8681);
#8681 = CARTESIAN_POINT('',(-86.,21.,-1.));
#8682 = SURFACE_CURVE('',#8683,(#8687,#8694),.PCURVE_S1.);
#8683 = LINE('',#8684,#8685);
#8684 = CARTESIAN_POINT('',(-86.,21.,-3.));
#8685 = VECTOR('',#8686,1.);
#8686 = DIRECTION('',(0.,0.,1.));
#8687 = PCURVE('',#391,#8688);
#8688 = DEFINITIONAL_REPRESENTATION('',(#8689),#8693);
#8689 = LINE('',#8690,#8691);
#8690 = CARTESIAN_POINT('',(65.,0.));
#8691 = VECTOR('',#8692,1.);
#8692 = DIRECTION('',(0.,-1.));
#8693 = ( GEOMETRIC_REPRESENTATION_CONTEXT(2) 
PARAMETRIC_REPRESENTATION_CONTEXT() REPRESENTATION_CONTEXT('2D SPACE',''
  ) );
#8694 = PCURVE('',#4000,#8695);
#8695 = DEFINITIONAL_REPRESENTATION('',(#8696),#8700);
#8696 = LINE('',#8697,#8698);
#8697 = CARTESIAN_POINT('',(0.,0.));
#8698 = VECTOR('',#8699,1.);
#8699 = DIRECTION('',(0.,-1.));
#8700 = ( GEOMETRIC_REPRESENTATION_CONTEXT(2) 
PARAMETRIC_REPRESENTATION_CONTEXT() REPRESENTATION_CONTEXT('2D SPACE',''
  ) );
#8701 = ORIENTED_EDGE('',*,*,#8702,.F.);
#8702 = EDGE_CURVE('',#8703,#8680,#8705,.T.);
#8703 = VERTEX_POINT('',#8704);
#8704 = CARTESIAN_POINT('',(-86.,23.,-1.));
#8705 = SURFACE_CURVE('',#8706,(#8710,#8717),.PCURVE_S1.);
#8706 = LINE('',#8707,#8708);
#8707 = CARTESIAN_POINT('',(-86.,23.,-1.));
#8708 = VECTOR('',#8709,1.);
#8709 = DIRECTION('',(0.,-1.,0.));
#8710 = PCURVE('',#391,#8711);
#8711 = DEFINITIONAL_REPRESENTATION('',(#8712),#8716);
#8712 = LINE('',#8713,#8714);
#8713 = CARTESIAN_POINT('',(63.,-2.));
#8714 = VECTOR('',#8715,1.);
#8715 = DIRECTION('',(1.,0.));
#8716 = ( GEOMETRIC_REPRESENTATION_CONTEXT(2) 
PARAMETRIC_REPRESENTATION_CONTEXT() REPRESENTATION_CONTEXT('2D SPACE',''
  ) );
#8717 = PCURVE('',#7938,#8718);
#8718 = DEFINITIONAL_REPRESENTATION('',(#8719),#8723);
#8719 = LINE('',#8720,#8721);
#8720 = CARTESIAN_POINT('',(-20.,23.));
#8721 = VECTOR('',#8722,1.);
#8722 = DIRECTION('',(0.,-1.));
#8723 = ( GEOMETRIC_REPRESENTATION_CONTEXT(2) 
PARAMETRIC_REPRESENTATION_CONTEXT() REPRESENTATION_CONTEXT('2D SPACE',''
  ) );
#8724 = ORIENTED_EDGE('',*,*,#8725,.F.);
#8725 = EDGE_CURVE('',#4185,#8703,#8726,.T.);
#8726 = SURFACE_CURVE('',#8727,(#8731,#8738),.PCURVE_S1.);
#8727 = LINE('',#8728,#8729);
#8728 = CARTESIAN_POINT('',(-86.,23.,-3.));
#8729 = VECTOR('',#8730,1.);
#8730 = DIRECTION('',(0.,0.,1.));
#8731 = PCURVE('',#391,#8732);
#8732 = DEFINITIONAL_REPRESENTATION('',(#8733),#8737);
#8733 = LINE('',#8734,#8735);
#8734 = CARTESIAN_POINT('',(63.,0.));
#8735 = VECTOR('',#8736,1.);
#8736 = DIRECTION('',(0.,-1.));
#8737 = ( GEOMETRIC_REPRESENTATION_CONTEXT(2) 
PARAMETRIC_REPRESENTATION_CONTEXT() REPRESENTATION_CONTEXT('2D SPACE',''
  ) );
#8738 = PCURVE('',#4277,#8739);
#8739 = DEFINITIONAL_REPRESENTATION('',(#8740),#8744);
#8740 = LINE('',#8741,#8742);
#8741 = CARTESIAN_POINT('',(172.,0.));
#8742 = VECTOR('',#8743,1.);
#8743 = DIRECTION('',(0.,-1.));
#8744 = ( GEOMETRIC_REPRESENTATION_CONTEXT(2) 
PARAMETRIC_REPRESENTATION_CONTEXT() REPRESENTATION_CONTEXT('2D SPACE',''
  ) );
#8745 = ORIENTED_EDGE('',*,*,#4182,.F.);
#8746 = ORIENTED_EDGE('',*,*,#8747,.T.);
#8747 = EDGE_CURVE('',#4183,#8748,#8750,.T.);
#8748 = VERTEX_POINT('',#8749);
#8749 = CARTESIAN_POINT('',(-86.,43.,-1.));
#8750 = SURFACE_CURVE('',#8751,(#8755,#8762),.PCURVE_S1.);
#8751 = LINE('',#8752,#8753);
#8752 = CARTESIAN_POINT('',(-86.,43.,-3.));
#8753 = VECTOR('',#8754,1.);
#8754 = DIRECTION('',(0.,0.,1.));
#8755 = PCURVE('',#391,#8756);
#8756 = DEFINITIONAL_REPRESENTATION('',(#8757),#8761);
#8757 = LINE('',#8758,#8759);
#8758 = CARTESIAN_POINT('',(43.,0.));
#8759 = VECTOR('',#8760,1.);
#8760 = DIRECTION('',(0.,-1.));
#8761 = ( GEOMETRIC_REPRESENTATION_CONTEXT(2) 
PARAMETRIC_REPRESENTATION_CONTEXT() REPRESENTATION_CONTEXT('2D SPACE',''
  ) );
#8762 = PCURVE('',#4223,#8763);
#8763 = DEFINITIONAL_REPRESENTATION('',(#8764),#8768);
#8764 = LINE('',#8765,#8766);
#8765 = CARTESIAN_POINT('',(0.,0.));
#8766 = VECTOR('',#8767,1.);
#8767 = DIRECTION('',(0.,-1.));
#8768 = ( GEOMETRIC_REPRESENTATION_CONTEXT(2) 
PARAMETRIC_REPRESENTATION_CONTEXT() REPRESENTATION_CONTEXT('2D SPACE',''
  ) );
#8769 = ORIENTED_EDGE('',*,*,#8770,.F.);
#8770 = EDGE_CURVE('',#8771,#8748,#8773,.T.);
#8771 = VERTEX_POINT('',#8772);
#8772 = CARTESIAN_POINT('',(-86.,45.,-1.));
#8773 = SURFACE_CURVE('',#8774,(#8778,#8785),.PCURVE_S1.);
#8774 = LINE('',#8775,#8776);
#8775 = CARTESIAN_POINT('',(-86.,45.,-1.));
#8776 = VECTOR('',#8777,1.);
#8777 = DIRECTION('',(0.,-1.,0.));
#8778 = PCURVE('',#391,#8779);
#8779 = DEFINITIONAL_REPRESENTATION('',(#8780),#8784);
#8780 = LINE('',#8781,#8782);
#8781 = CARTESIAN_POINT('',(41.,-2.));
#8782 = VECTOR('',#8783,1.);
#8783 = DIRECTION('',(1.,0.));
#8784 = ( GEOMETRIC_REPRESENTATION_CONTEXT(2) 
PARAMETRIC_REPRESENTATION_CONTEXT() REPRESENTATION_CONTEXT('2D SPACE',''
  ) );
#8785 = PCURVE('',#7938,#8786);
#8786 = DEFINITIONAL_REPRESENTATION('',(#8787),#8791);
#8787 = LINE('',#8788,#8789);
#8788 = CARTESIAN_POINT('',(-20.,45.));
#8789 = VECTOR('',#8790,1.);
#8790 = DIRECTION('',(0.,-1.));
#8791 = ( GEOMETRIC_REPRESENTATION_CONTEXT(2) 
PARAMETRIC_REPRESENTATION_CONTEXT() REPRESENTATION_CONTEXT('2D SPACE',''
  ) );
#8792 = ORIENTED_EDGE('',*,*,#8793,.F.);
#8793 = EDGE_CURVE('',#4864,#8771,#8794,.T.);
#8794 = SURFACE_CURVE('',#8795,(#8799,#8806),.PCURVE_S1.);
#8795 = LINE('',#8796,#8797);
#8796 = CARTESIAN_POINT('',(-86.,45.,-3.));
#8797 = VECTOR('',#8798,1.);
#8798 = DIRECTION('',(0.,0.,1.));
#8799 = PCURVE('',#391,#8800);
#8800 = DEFINITIONAL_REPRESENTATION('',(#8801),#8805);
#8801 = LINE('',#8802,#8803);
#8802 = CARTESIAN_POINT('',(41.,0.));
#8803 = VECTOR('',#8804,1.);
#8804 = DIRECTION('',(0.,-1.));
#8805 = ( GEOMETRIC_REPRESENTATION_CONTEXT(2) 
PARAMETRIC_REPRESENTATION_CONTEXT() REPRESENTATION_CONTEXT('2D SPACE',''
  ) );
#8806 = PCURVE('',#4956,#8807);
#8807 = DEFINITIONAL_REPRESENTATION('',(#8808),#8812);
#8808 = LINE('',#8809,#8810);
#8809 = CARTESIAN_POINT('',(172.,0.));
#8810 = VECTOR('',#8811,1.);
#8811 = DIRECTION('',(0.,-1.));
#8812 = ( GEOMETRIC_REPRESENTATION_CONTEXT(2) 
PARAMETRIC_REPRESENTATION_CONTEXT() REPRESENTATION_CONTEXT('2D SPACE',''
  ) );
#8813 = ORIENTED_EDGE('',*,*,#4861,.F.);
#8814 = ORIENTED_EDGE('',*,*,#8815,.T.);
#8815 = EDGE_CURVE('',#4862,#8816,#8818,.T.);
#8816 = VERTEX_POINT('',#8817);
#8817 = CARTESIAN_POINT('',(-86.,65.,-1.));
#8818 = SURFACE_CURVE('',#8819,(#8823,#8830),.PCURVE_S1.);
#8819 = LINE('',#8820,#8821);
#8820 = CARTESIAN_POINT('',(-86.,65.,-3.));
#8821 = VECTOR('',#8822,1.);
#8822 = DIRECTION('',(0.,0.,1.));
#8823 = PCURVE('',#391,#8824);
#8824 = DEFINITIONAL_REPRESENTATION('',(#8825),#8829);
#8825 = LINE('',#8826,#8827);
#8826 = CARTESIAN_POINT('',(21.,0.));
#8827 = VECTOR('',#8828,1.);
#8828 = DIRECTION('',(0.,-1.));
#8829 = ( GEOMETRIC_REPRESENTATION_CONTEXT(2) 
PARAMETRIC_REPRESENTATION_CONTEXT() REPRESENTATION_CONTEXT('2D SPACE',''
  ) );
#8830 = PCURVE('',#4902,#8831);
#8831 = DEFINITIONAL_REPRESENTATION('',(#8832),#8836);
#8832 = LINE('',#8833,#8834);
#8833 = CARTESIAN_POINT('',(0.,0.));
#8834 = VECTOR('',#8835,1.);
#8835 = DIRECTION('',(0.,-1.));
#8836 = ( GEOMETRIC_REPRESENTATION_CONTEXT(2) 
PARAMETRIC_REPRESENTATION_CONTEXT() REPRESENTATION_CONTEXT('2D SPACE',''
  ) );
#8837 = ORIENTED_EDGE('',*,*,#8838,.F.);
#8838 = EDGE_CURVE('',#8839,#8816,#8841,.T.);
#8839 = VERTEX_POINT('',#8840);
#8840 = CARTESIAN_POINT('',(-86.,67.,-1.));
#8841 = SURFACE_CURVE('',#8842,(#8846,#8853),.PCURVE_S1.);
#8842 = LINE('',#8843,#8844);
#8843 = CARTESIAN_POINT('',(-86.,67.,-1.));
#8844 = VECTOR('',#8845,1.);
#8845 = DIRECTION('',(0.,-1.,0.));
#8846 = PCURVE('',#391,#8847);
#8847 = DEFINITIONAL_REPRESENTATION('',(#8848),#8852);
#8848 = LINE('',#8849,#8850);
#8849 = CARTESIAN_POINT('',(19.,-2.));
#8850 = VECTOR('',#8851,1.);
#8851 = DIRECTION('',(1.,0.));
#8852 = ( GEOMETRIC_REPRESENTATION_CONTEXT(2) 
PARAMETRIC_REPRESENTATION_CONTEXT() REPRESENTATION_CONTEXT('2D SPACE',''
  ) );
#8853 = PCURVE('',#7938,#8854);
#8854 = DEFINITIONAL_REPRESENTATION('',(#8855),#8859);
#8855 = LINE('',#8856,#8857);
#8856 = CARTESIAN_POINT('',(-20.,67.));
#8857 = VECTOR('',#8858,1.);
#8858 = DIRECTION('',(0.,-1.));
#8859 = ( GEOMETRIC_REPRESENTATION_CONTEXT(2) 
PARAMETRIC_REPRESENTATION_CONTEXT() REPRESENTATION_CONTEXT('2D SPACE',''
  ) );
#8860 = ORIENTED_EDGE('',*,*,#8861,.F.);
#8861 = EDGE_CURVE('',#5087,#8839,#8862,.T.);
#8862 = SURFACE_CURVE('',#8863,(#8867,#8874),.PCURVE_S1.);
#8863 = LINE('',#8864,#8865);
#8864 = CARTESIAN_POINT('',(-86.,67.,-3.));
#8865 = VECTOR('',#8866,1.);
#8866 = DIRECTION('',(0.,0.,1.));
#8867 = PCURVE('',#391,#8868);
#8868 = DEFINITIONAL_REPRESENTATION('',(#8869),#8873);
#8869 = LINE('',#8870,#8871);
#8870 = CARTESIAN_POINT('',(19.,0.));
#8871 = VECTOR('',#8872,1.);
#8872 = DIRECTION('',(0.,-1.));
#8873 = ( GEOMETRIC_REPRESENTATION_CONTEXT(2) 
PARAMETRIC_REPRESENTATION_CONTEXT() REPRESENTATION_CONTEXT('2D SPACE',''
  ) );
#8874 = PCURVE('',#5179,#8875);
#8875 = DEFINITIONAL_REPRESENTATION('',(#8876),#8880);
#8876 = LINE('',#8877,#8878);
#8877 = CARTESIAN_POINT('',(172.,0.));
#8878 = VECTOR('',#8879,1.);
#8879 = DIRECTION('',(0.,-1.));
#8880 = ( GEOMETRIC_REPRESENTATION_CONTEXT(2) 
PARAMETRIC_REPRESENTATION_CONTEXT() REPRESENTATION_CONTEXT('2D SPACE',''
  ) );
#8881 = ADVANCED_FACE('',(#8882),#445,.F.);
#8882 = FACE_BOUND('',#8883,.F.);
#8883 = EDGE_LOOP('',(#8884,#8885,#8908,#8929));
#8884 = ORIENTED_EDGE('',*,*,#431,.F.);
#8885 = ORIENTED_EDGE('',*,*,#8886,.T.);
#8886 = EDGE_CURVE('',#404,#8887,#8889,.T.);
#8887 = VERTEX_POINT('',#8888);
#8888 = CARTESIAN_POINT('',(-67.,-67.,-1.));
#8889 = SURFACE_CURVE('',#8890,(#8894,#8901),.PCURVE_S1.);
#8890 = LINE('',#8891,#8892);
#8891 = CARTESIAN_POINT('',(-67.,-67.,-3.));
#8892 = VECTOR('',#8893,1.);
#8893 = DIRECTION('',(0.,-0.,1.));
#8894 = PCURVE('',#445,#8895);
#8895 = DEFINITIONAL_REPRESENTATION('',(#8896),#8900);
#8896 = LINE('',#8897,#8898);
#8897 = CARTESIAN_POINT('',(153.,0.));
#8898 = VECTOR('',#8899,1.);
#8899 = DIRECTION('',(0.,-1.));
#8900 = ( GEOMETRIC_REPRESENTATION_CONTEXT(2) 
PARAMETRIC_REPRESENTATION_CONTEXT() REPRESENTATION_CONTEXT('2D SPACE',''
  ) );
#8901 = PCURVE('',#419,#8902);
#8902 = DEFINITIONAL_REPRESENTATION('',(#8903),#8907);
#8903 = LINE('',#8904,#8905);
#8904 = CARTESIAN_POINT('',(19.,0.));
#8905 = VECTOR('',#8906,1.);
#8906 = DIRECTION('',(0.,-1.));
#8907 = ( GEOMETRIC_REPRESENTATION_CONTEXT(2) 
PARAMETRIC_REPRESENTATION_CONTEXT() REPRESENTATION_CONTEXT('2D SPACE',''
  ) );
#8908 = ORIENTED_EDGE('',*,*,#8909,.T.);
#8909 = EDGE_CURVE('',#8887,#8336,#8910,.T.);
#8910 = SURFACE_CURVE('',#8911,(#8915,#8922),.PCURVE_S1.);
#8911 = LINE('',#8912,#8913);
#8912 = CARTESIAN_POINT('',(-67.,86.,-1.));
#8913 = VECTOR('',#8914,1.);
#8914 = DIRECTION('',(0.,-1.,0.));
#8915 = PCURVE('',#445,#8916);
#8916 = DEFINITIONAL_REPRESENTATION('',(#8917),#8921);
#8917 = LINE('',#8918,#8919);
#8918 = CARTESIAN_POINT('',(0.,-2.));
#8919 = VECTOR('',#8920,1.);
#8920 = DIRECTION('',(1.,0.));
#8921 = ( GEOMETRIC_REPRESENTATION_CONTEXT(2) 
PARAMETRIC_REPRESENTATION_CONTEXT() REPRESENTATION_CONTEXT('2D SPACE',''
  ) );
#8922 = PCURVE('',#7938,#8923);
#8923 = DEFINITIONAL_REPRESENTATION('',(#8924),#8928);
#8924 = LINE('',#8925,#8926);
#8925 = CARTESIAN_POINT('',(-1.,86.));
#8926 = VECTOR('',#8927,1.);
#8927 = DIRECTION('',(0.,-1.));
#8928 = ( GEOMETRIC_REPRESENTATION_CONTEXT(2) 
PARAMETRIC_REPRESENTATION_CONTEXT() REPRESENTATION_CONTEXT('2D SPACE',''
  ) );
#8929 = ORIENTED_EDGE('',*,*,#8358,.F.);
#8930 = ADVANCED_FACE('',(#8931),#419,.F.);
#8931 = FACE_BOUND('',#8932,.F.);
#8932 = EDGE_LOOP('',(#8933,#8934,#8935,#8956));
#8933 = ORIENTED_EDGE('',*,*,#403,.F.);
#8934 = ORIENTED_EDGE('',*,*,#8407,.T.);
#8935 = ORIENTED_EDGE('',*,*,#8936,.T.);
#8936 = EDGE_CURVE('',#8408,#8887,#8937,.T.);
#8937 = SURFACE_CURVE('',#8938,(#8942,#8949),.PCURVE_S1.);
#8938 = LINE('',#8939,#8940);
#8939 = CARTESIAN_POINT('',(-86.,-67.,-1.));
#8940 = VECTOR('',#8941,1.);
#8941 = DIRECTION('',(1.,0.,0.));
#8942 = PCURVE('',#419,#8943);
#8943 = DEFINITIONAL_REPRESENTATION('',(#8944),#8948);
#8944 = LINE('',#8945,#8946);
#8945 = CARTESIAN_POINT('',(0.,-2.));
#8946 = VECTOR('',#8947,1.);
#8947 = DIRECTION('',(1.,0.));
#8948 = ( GEOMETRIC_REPRESENTATION_CONTEXT(2) 
PARAMETRIC_REPRESENTATION_CONTEXT() REPRESENTATION_CONTEXT('2D SPACE',''
  ) );
#8949 = PCURVE('',#7938,#8950);
#8950 = DEFINITIONAL_REPRESENTATION('',(#8951),#8955);
#8951 = LINE('',#8952,#8953);
#8952 = CARTESIAN_POINT('',(-20.,-67.));
#8953 = VECTOR('',#8954,1.);
#8954 = DIRECTION('',(1.,0.));
#8955 = ( GEOMETRIC_REPRESENTATION_CONTEXT(2) 
PARAMETRIC_REPRESENTATION_CONTEXT() REPRESENTATION_CONTEXT('2D SPACE',''
  ) );
#8956 = ORIENTED_EDGE('',*,*,#8886,.F.);
#8957 = ADVANCED_FACE('',(#8958),#500,.F.);
#8958 = FACE_BOUND('',#8959,.F.);
#8959 = EDGE_LOOP('',(#8960,#8961,#8962,#8985));
#8960 = ORIENTED_EDGE('',*,*,#484,.F.);
#8961 = ORIENTED_EDGE('',*,*,#8312,.T.);
#8962 = ORIENTED_EDGE('',*,*,#8963,.T.);
#8963 = EDGE_CURVE('',#8313,#8964,#8966,.T.);
#8964 = VERTEX_POINT('',#8965);
#8965 = CARTESIAN_POINT('',(-65.,-67.,-1.));
#8966 = SURFACE_CURVE('',#8967,(#8971,#8978),.PCURVE_S1.);
#8967 = LINE('',#8968,#8969);
#8968 = CARTESIAN_POINT('',(-65.,-86.,-1.));
#8969 = VECTOR('',#8970,1.);
#8970 = DIRECTION('',(0.,1.,0.));
#8971 = PCURVE('',#500,#8972);
#8972 = DEFINITIONAL_REPRESENTATION('',(#8973),#8977);
#8973 = LINE('',#8974,#8975);
#8974 = CARTESIAN_POINT('',(0.,-2.));
#8975 = VECTOR('',#8976,1.);
#8976 = DIRECTION('',(1.,0.));
#8977 = ( GEOMETRIC_REPRESENTATION_CONTEXT(2) 
PARAMETRIC_REPRESENTATION_CONTEXT() REPRESENTATION_CONTEXT('2D SPACE',''
  ) );
#8978 = PCURVE('',#7938,#8979);
#8979 = DEFINITIONAL_REPRESENTATION('',(#8980),#8984);
#8980 = LINE('',#8981,#8982);
#8981 = CARTESIAN_POINT('',(1.,-86.));
#8982 = VECTOR('',#8983,1.);
#8983 = DIRECTION('',(0.,1.));
#8984 = ( GEOMETRIC_REPRESENTATION_CONTEXT(2) 
PARAMETRIC_REPRESENTATION_CONTEXT() REPRESENTATION_CONTEXT('2D SPACE',''
  ) );
#8985 = ORIENTED_EDGE('',*,*,#8986,.T.);
#8986 = EDGE_CURVE('',#8964,#485,#8987,.T.);
#8987 = SURFACE_CURVE('',#8988,(#8992,#8999),.PCURVE_S1.);
#8988 = LINE('',#8989,#8990);
#8989 = CARTESIAN_POINT('',(-65.,-67.,-3.));
#8990 = VECTOR('',#8991,1.);
#8991 = DIRECTION('',(0.,0.,-1.));
#8992 = PCURVE('',#500,#8993);
#8993 = DEFINITIONAL_REPRESENTATION('',(#8994),#8998);
#8994 = LINE('',#8995,#8996);
#8995 = CARTESIAN_POINT('',(19.,0.));
#8996 = VECTOR('',#8997,1.);
#8997 = DIRECTION('',(0.,1.));
#8998 = ( GEOMETRIC_REPRESENTATION_CONTEXT(2) 
PARAMETRIC_REPRESENTATION_CONTEXT() REPRESENTATION_CONTEXT('2D SPACE',''
  ) );
#8999 = PCURVE('',#528,#9000);
#9000 = DEFINITIONAL_REPRESENTATION('',(#9001),#9005);
#9001 = LINE('',#9002,#9003);
#9002 = CARTESIAN_POINT('',(21.,0.));
#9003 = VECTOR('',#9004,1.);
#9004 = DIRECTION('',(0.,1.));
#9005 = ( GEOMETRIC_REPRESENTATION_CONTEXT(2) 
PARAMETRIC_REPRESENTATION_CONTEXT() REPRESENTATION_CONTEXT('2D SPACE',''
  ) );
#9006 = ADVANCED_FACE('',(#9007),#554,.F.);
#9007 = FACE_BOUND('',#9008,.F.);
#9008 = EDGE_LOOP('',(#9009,#9010,#9033,#9054));
#9009 = ORIENTED_EDGE('',*,*,#540,.F.);
#9010 = ORIENTED_EDGE('',*,*,#9011,.F.);
#9011 = EDGE_CURVE('',#9012,#513,#9014,.T.);
#9012 = VERTEX_POINT('',#9013);
#9013 = CARTESIAN_POINT('',(-45.,-67.,-1.));
#9014 = SURFACE_CURVE('',#9015,(#9019,#9026),.PCURVE_S1.);
#9015 = LINE('',#9016,#9017);
#9016 = CARTESIAN_POINT('',(-45.,-67.,-3.));
#9017 = VECTOR('',#9018,1.);
#9018 = DIRECTION('',(-0.,0.,-1.));
#9019 = PCURVE('',#554,#9020);
#9020 = DEFINITIONAL_REPRESENTATION('',(#9021),#9025);
#9021 = LINE('',#9022,#9023);
#9022 = CARTESIAN_POINT('',(153.,0.));
#9023 = VECTOR('',#9024,1.);
#9024 = DIRECTION('',(-0.,1.));
#9025 = ( GEOMETRIC_REPRESENTATION_CONTEXT(2) 
PARAMETRIC_REPRESENTATION_CONTEXT() REPRESENTATION_CONTEXT('2D SPACE',''
  ) );
#9026 = PCURVE('',#528,#9027);
#9027 = DEFINITIONAL_REPRESENTATION('',(#9028),#9032);
#9028 = LINE('',#9029,#9030);
#9029 = CARTESIAN_POINT('',(41.,0.));
#9030 = VECTOR('',#9031,1.);
#9031 = DIRECTION('',(0.,1.));
#9032 = ( GEOMETRIC_REPRESENTATION_CONTEXT(2) 
PARAMETRIC_REPRESENTATION_CONTEXT() REPRESENTATION_CONTEXT('2D SPACE',''
  ) );
#9033 = ORIENTED_EDGE('',*,*,#9034,.T.);
#9034 = EDGE_CURVE('',#9012,#8268,#9035,.T.);
#9035 = SURFACE_CURVE('',#9036,(#9040,#9047),.PCURVE_S1.);
#9036 = LINE('',#9037,#9038);
#9037 = CARTESIAN_POINT('',(-45.,86.,-1.));
#9038 = VECTOR('',#9039,1.);
#9039 = DIRECTION('',(0.,-1.,0.));
#9040 = PCURVE('',#554,#9041);
#9041 = DEFINITIONAL_REPRESENTATION('',(#9042),#9046);
#9042 = LINE('',#9043,#9044);
#9043 = CARTESIAN_POINT('',(0.,-2.));
#9044 = VECTOR('',#9045,1.);
#9045 = DIRECTION('',(1.,0.));
#9046 = ( GEOMETRIC_REPRESENTATION_CONTEXT(2) 
PARAMETRIC_REPRESENTATION_CONTEXT() REPRESENTATION_CONTEXT('2D SPACE',''
  ) );
#9047 = PCURVE('',#7938,#9048);
#9048 = DEFINITIONAL_REPRESENTATION('',(#9049),#9053);
#9049 = LINE('',#9050,#9051);
#9050 = CARTESIAN_POINT('',(21.,86.));
#9051 = VECTOR('',#9052,1.);
#9052 = DIRECTION('',(0.,-1.));
#9053 = ( GEOMETRIC_REPRESENTATION_CONTEXT(2) 
PARAMETRIC_REPRESENTATION_CONTEXT() REPRESENTATION_CONTEXT('2D SPACE',''
  ) );
#9054 = ORIENTED_EDGE('',*,*,#8290,.F.);
#9055 = ADVANCED_FACE('',(#9056),#528,.F.);
#9056 = FACE_BOUND('',#9057,.F.);
#9057 = EDGE_LOOP('',(#9058,#9059,#9060,#9081));
#9058 = ORIENTED_EDGE('',*,*,#512,.F.);
#9059 = ORIENTED_EDGE('',*,*,#8986,.F.);
#9060 = ORIENTED_EDGE('',*,*,#9061,.T.);
#9061 = EDGE_CURVE('',#8964,#9012,#9062,.T.);
#9062 = SURFACE_CURVE('',#9063,(#9067,#9074),.PCURVE_S1.);
#9063 = LINE('',#9064,#9065);
#9064 = CARTESIAN_POINT('',(-86.,-67.,-1.));
#9065 = VECTOR('',#9066,1.);
#9066 = DIRECTION('',(1.,0.,0.));
#9067 = PCURVE('',#528,#9068);
#9068 = DEFINITIONAL_REPRESENTATION('',(#9069),#9073);
#9069 = LINE('',#9070,#9071);
#9070 = CARTESIAN_POINT('',(0.,-2.));
#9071 = VECTOR('',#9072,1.);
#9072 = DIRECTION('',(1.,0.));
#9073 = ( GEOMETRIC_REPRESENTATION_CONTEXT(2) 
PARAMETRIC_REPRESENTATION_CONTEXT() REPRESENTATION_CONTEXT('2D SPACE',''
  ) );
#9074 = PCURVE('',#7938,#9075);
#9075 = DEFINITIONAL_REPRESENTATION('',(#9076),#9080);
#9076 = LINE('',#9077,#9078);
#9077 = CARTESIAN_POINT('',(-20.,-67.));
#9078 = VECTOR('',#9079,1.);
#9079 = DIRECTION('',(1.,0.));
#9080 = ( GEOMETRIC_REPRESENTATION_CONTEXT(2) 
PARAMETRIC_REPRESENTATION_CONTEXT() REPRESENTATION_CONTEXT('2D SPACE',''
  ) );
#9081 = ORIENTED_EDGE('',*,*,#9011,.T.);
#9082 = ADVANCED_FACE('',(#9083),#609,.F.);
#9083 = FACE_BOUND('',#9084,.F.);
#9084 = EDGE_LOOP('',(#9085,#9086,#9087,#9110));
#9085 = ORIENTED_EDGE('',*,*,#593,.F.);
#9086 = ORIENTED_EDGE('',*,*,#8475,.T.);
#9087 = ORIENTED_EDGE('',*,*,#9088,.T.);
#9088 = EDGE_CURVE('',#8476,#9089,#9091,.T.);
#9089 = VERTEX_POINT('',#9090);
#9090 = CARTESIAN_POINT('',(-67.,-45.,-1.));
#9091 = SURFACE_CURVE('',#9092,(#9096,#9103),.PCURVE_S1.);
#9092 = LINE('',#9093,#9094);
#9093 = CARTESIAN_POINT('',(-86.,-45.,-1.));
#9094 = VECTOR('',#9095,1.);
#9095 = DIRECTION('',(1.,0.,0.));
#9096 = PCURVE('',#609,#9097);
#9097 = DEFINITIONAL_REPRESENTATION('',(#9098),#9102);
#9098 = LINE('',#9099,#9100);
#9099 = CARTESIAN_POINT('',(0.,-2.));
#9100 = VECTOR('',#9101,1.);
#9101 = DIRECTION('',(1.,0.));
#9102 = ( GEOMETRIC_REPRESENTATION_CONTEXT(2) 
PARAMETRIC_REPRESENTATION_CONTEXT() REPRESENTATION_CONTEXT('2D SPACE',''
  ) );
#9103 = PCURVE('',#7938,#9104);
#9104 = DEFINITIONAL_REPRESENTATION('',(#9105),#9109);
#9105 = LINE('',#9106,#9107);
#9106 = CARTESIAN_POINT('',(-20.,-45.));
#9107 = VECTOR('',#9108,1.);
#9108 = DIRECTION('',(1.,0.));
#9109 = ( GEOMETRIC_REPRESENTATION_CONTEXT(2) 
PARAMETRIC_REPRESENTATION_CONTEXT() REPRESENTATION_CONTEXT('2D SPACE',''
  ) );
#9110 = ORIENTED_EDGE('',*,*,#9111,.F.);
#9111 = EDGE_CURVE('',#594,#9089,#9112,.T.);
#9112 = SURFACE_CURVE('',#9113,(#9117,#9124),.PCURVE_S1.);
#9113 = LINE('',#9114,#9115);
#9114 = CARTESIAN_POINT('',(-67.,-45.,-3.));
#9115 = VECTOR('',#9116,1.);
#9116 = DIRECTION('',(0.,-0.,1.));
#9117 = PCURVE('',#609,#9118);
#9118 = DEFINITIONAL_REPRESENTATION('',(#9119),#9123);
#9119 = LINE('',#9120,#9121);
#9120 = CARTESIAN_POINT('',(19.,0.));
#9121 = VECTOR('',#9122,1.);
#9122 = DIRECTION('',(0.,-1.));
#9123 = ( GEOMETRIC_REPRESENTATION_CONTEXT(2) 
PARAMETRIC_REPRESENTATION_CONTEXT() REPRESENTATION_CONTEXT('2D SPACE',''
  ) );
#9124 = PCURVE('',#637,#9125);
#9125 = DEFINITIONAL_REPRESENTATION('',(#9126),#9130);
#9126 = LINE('',#9127,#9128);
#9127 = CARTESIAN_POINT('',(131.,0.));
#9128 = VECTOR('',#9129,1.);
#9129 = DIRECTION('',(0.,-1.));
#9130 = ( GEOMETRIC_REPRESENTATION_CONTEXT(2) 
PARAMETRIC_REPRESENTATION_CONTEXT() REPRESENTATION_CONTEXT('2D SPACE',''
  ) );
#9131 = ADVANCED_FACE('',(#9132),#663,.F.);
#9132 = FACE_BOUND('',#9133,.F.);
#9133 = EDGE_LOOP('',(#9134,#9135,#9158,#9179));
#9134 = ORIENTED_EDGE('',*,*,#649,.F.);
#9135 = ORIENTED_EDGE('',*,*,#9136,.F.);
#9136 = EDGE_CURVE('',#9137,#622,#9139,.T.);
#9137 = VERTEX_POINT('',#9138);
#9138 = CARTESIAN_POINT('',(-67.,-65.,-1.));
#9139 = SURFACE_CURVE('',#9140,(#9144,#9151),.PCURVE_S1.);
#9140 = LINE('',#9141,#9142);
#9141 = CARTESIAN_POINT('',(-67.,-65.,-3.));
#9142 = VECTOR('',#9143,1.);
#9143 = DIRECTION('',(0.,-0.,-1.));
#9144 = PCURVE('',#663,#9145);
#9145 = DEFINITIONAL_REPRESENTATION('',(#9146),#9150);
#9146 = LINE('',#9147,#9148);
#9147 = CARTESIAN_POINT('',(153.,0.));
#9148 = VECTOR('',#9149,1.);
#9149 = DIRECTION('',(0.,1.));
#9150 = ( GEOMETRIC_REPRESENTATION_CONTEXT(2) 
PARAMETRIC_REPRESENTATION_CONTEXT() REPRESENTATION_CONTEXT('2D SPACE',''
  ) );
#9151 = PCURVE('',#637,#9152);
#9152 = DEFINITIONAL_REPRESENTATION('',(#9153),#9157);
#9153 = LINE('',#9154,#9155);
#9154 = CARTESIAN_POINT('',(151.,0.));
#9155 = VECTOR('',#9156,1.);
#9156 = DIRECTION('',(0.,1.));
#9157 = ( GEOMETRIC_REPRESENTATION_CONTEXT(2) 
PARAMETRIC_REPRESENTATION_CONTEXT() REPRESENTATION_CONTEXT('2D SPACE',''
  ) );
#9158 = ORIENTED_EDGE('',*,*,#9159,.T.);
#9159 = EDGE_CURVE('',#9137,#8431,#9160,.T.);
#9160 = SURFACE_CURVE('',#9161,(#9165,#9172),.PCURVE_S1.);
#9161 = LINE('',#9162,#9163);
#9162 = CARTESIAN_POINT('',(86.,-65.,-1.));
#9163 = VECTOR('',#9164,1.);
#9164 = DIRECTION('',(-1.,0.,0.));
#9165 = PCURVE('',#663,#9166);
#9166 = DEFINITIONAL_REPRESENTATION('',(#9167),#9171);
#9167 = LINE('',#9168,#9169);
#9168 = CARTESIAN_POINT('',(0.,-2.));
#9169 = VECTOR('',#9170,1.);
#9170 = DIRECTION('',(1.,0.));
#9171 = ( GEOMETRIC_REPRESENTATION_CONTEXT(2) 
PARAMETRIC_REPRESENTATION_CONTEXT() REPRESENTATION_CONTEXT('2D SPACE',''
  ) );
#9172 = PCURVE('',#7938,#9173);
#9173 = DEFINITIONAL_REPRESENTATION('',(#9174),#9178);
#9174 = LINE('',#9175,#9176);
#9175 = CARTESIAN_POINT('',(152.,-65.));
#9176 = VECTOR('',#9177,1.);
#9177 = DIRECTION('',(-1.,0.));
#9178 = ( GEOMETRIC_REPRESENTATION_CONTEXT(2) 
PARAMETRIC_REPRESENTATION_CONTEXT() REPRESENTATION_CONTEXT('2D SPACE',''
  ) );
#9179 = ORIENTED_EDGE('',*,*,#8453,.F.);
#9180 = ADVANCED_FACE('',(#9181),#637,.F.);
#9181 = FACE_BOUND('',#9182,.F.);
#9182 = EDGE_LOOP('',(#9183,#9184,#9185,#9206));
#9183 = ORIENTED_EDGE('',*,*,#621,.F.);
#9184 = ORIENTED_EDGE('',*,*,#9111,.T.);
#9185 = ORIENTED_EDGE('',*,*,#9186,.T.);
#9186 = EDGE_CURVE('',#9089,#9137,#9187,.T.);
#9187 = SURFACE_CURVE('',#9188,(#9192,#9199),.PCURVE_S1.);
#9188 = LINE('',#9189,#9190);
#9189 = CARTESIAN_POINT('',(-67.,86.,-1.));
#9190 = VECTOR('',#9191,1.);
#9191 = DIRECTION('',(0.,-1.,0.));
#9192 = PCURVE('',#637,#9193);
#9193 = DEFINITIONAL_REPRESENTATION('',(#9194),#9198);
#9194 = LINE('',#9195,#9196);
#9195 = CARTESIAN_POINT('',(0.,-2.));
#9196 = VECTOR('',#9197,1.);
#9197 = DIRECTION('',(1.,0.));
#9198 = ( GEOMETRIC_REPRESENTATION_CONTEXT(2) 
PARAMETRIC_REPRESENTATION_CONTEXT() REPRESENTATION_CONTEXT('2D SPACE',''
  ) );
#9199 = PCURVE('',#7938,#9200);
#9200 = DEFINITIONAL_REPRESENTATION('',(#9201),#9205);
#9201 = LINE('',#9202,#9203);
#9202 = CARTESIAN_POINT('',(-1.,86.));
#9203 = VECTOR('',#9204,1.);
#9204 = DIRECTION('',(0.,-1.));
#9205 = ( GEOMETRIC_REPRESENTATION_CONTEXT(2) 
PARAMETRIC_REPRESENTATION_CONTEXT() REPRESENTATION_CONTEXT('2D SPACE',''
  ) );
#9206 = ORIENTED_EDGE('',*,*,#9136,.T.);
#9207 = ADVANCED_FACE('',(#9208),#695,.F.);
#9208 = FACE_BOUND('',#9209,.F.);
#9209 = EDGE_LOOP('',(#9210,#9211,#9234,#9257));
#9210 = ORIENTED_EDGE('',*,*,#677,.F.);
#9211 = ORIENTED_EDGE('',*,*,#9212,.T.);
#9212 = EDGE_CURVE('',#678,#9213,#9215,.T.);
#9213 = VERTEX_POINT('',#9214);
#9214 = CARTESIAN_POINT('',(-65.,-65.,-1.));
#9215 = SURFACE_CURVE('',#9216,(#9220,#9227),.PCURVE_S1.);
#9216 = LINE('',#9217,#9218);
#9217 = CARTESIAN_POINT('',(-65.,-65.,-3.));
#9218 = VECTOR('',#9219,1.);
#9219 = DIRECTION('',(0.,0.,1.));
#9220 = PCURVE('',#695,#9221);
#9221 = DEFINITIONAL_REPRESENTATION('',(#9222),#9226);
#9222 = LINE('',#9223,#9224);
#9223 = CARTESIAN_POINT('',(21.,0.));
#9224 = VECTOR('',#9225,1.);
#9225 = DIRECTION('',(0.,-1.));
#9226 = ( GEOMETRIC_REPRESENTATION_CONTEXT(2) 
PARAMETRIC_REPRESENTATION_CONTEXT() REPRESENTATION_CONTEXT('2D SPACE',''
  ) );
#9227 = PCURVE('',#777,#9228);
#9228 = DEFINITIONAL_REPRESENTATION('',(#9229),#9233);
#9229 = LINE('',#9230,#9231);
#9230 = CARTESIAN_POINT('',(151.,0.));
#9231 = VECTOR('',#9232,1.);
#9232 = DIRECTION('',(0.,-1.));
#9233 = ( GEOMETRIC_REPRESENTATION_CONTEXT(2) 
PARAMETRIC_REPRESENTATION_CONTEXT() REPRESENTATION_CONTEXT('2D SPACE',''
  ) );
#9234 = ORIENTED_EDGE('',*,*,#9235,.T.);
#9235 = EDGE_CURVE('',#9213,#9236,#9238,.T.);
#9236 = VERTEX_POINT('',#9237);
#9237 = CARTESIAN_POINT('',(-65.,-45.,-1.));
#9238 = SURFACE_CURVE('',#9239,(#9243,#9250),.PCURVE_S1.);
#9239 = LINE('',#9240,#9241);
#9240 = CARTESIAN_POINT('',(-65.,-86.,-1.));
#9241 = VECTOR('',#9242,1.);
#9242 = DIRECTION('',(0.,1.,0.));
#9243 = PCURVE('',#695,#9244);
#9244 = DEFINITIONAL_REPRESENTATION('',(#9245),#9249);
#9245 = LINE('',#9246,#9247);
#9246 = CARTESIAN_POINT('',(0.,-2.));
#9247 = VECTOR('',#9248,1.);
#9248 = DIRECTION('',(1.,0.));
#9249 = ( GEOMETRIC_REPRESENTATION_CONTEXT(2) 
PARAMETRIC_REPRESENTATION_CONTEXT() REPRESENTATION_CONTEXT('2D SPACE',''
  ) );
#9250 = PCURVE('',#7938,#9251);
#9251 = DEFINITIONAL_REPRESENTATION('',(#9252),#9256);
#9252 = LINE('',#9253,#9254);
#9253 = CARTESIAN_POINT('',(1.,-86.));
#9254 = VECTOR('',#9255,1.);
#9255 = DIRECTION('',(0.,1.));
#9256 = ( GEOMETRIC_REPRESENTATION_CONTEXT(2) 
PARAMETRIC_REPRESENTATION_CONTEXT() REPRESENTATION_CONTEXT('2D SPACE',''
  ) );
#9257 = ORIENTED_EDGE('',*,*,#9258,.T.);
#9258 = EDGE_CURVE('',#9236,#680,#9259,.T.);
#9259 = SURFACE_CURVE('',#9260,(#9264,#9271),.PCURVE_S1.);
#9260 = LINE('',#9261,#9262);
#9261 = CARTESIAN_POINT('',(-65.,-45.,-3.));
#9262 = VECTOR('',#9263,1.);
#9263 = DIRECTION('',(0.,0.,-1.));
#9264 = PCURVE('',#695,#9265);
#9265 = DEFINITIONAL_REPRESENTATION('',(#9266),#9270);
#9266 = LINE('',#9267,#9268);
#9267 = CARTESIAN_POINT('',(41.,0.));
#9268 = VECTOR('',#9269,1.);
#9269 = DIRECTION('',(0.,1.));
#9270 = ( GEOMETRIC_REPRESENTATION_CONTEXT(2) 
PARAMETRIC_REPRESENTATION_CONTEXT() REPRESENTATION_CONTEXT('2D SPACE',''
  ) );
#9271 = PCURVE('',#723,#9272);
#9272 = DEFINITIONAL_REPRESENTATION('',(#9273),#9277);
#9273 = LINE('',#9274,#9275);
#9274 = CARTESIAN_POINT('',(21.,0.));
#9275 = VECTOR('',#9276,1.);
#9276 = DIRECTION('',(0.,1.));
#9277 = ( GEOMETRIC_REPRESENTATION_CONTEXT(2) 
PARAMETRIC_REPRESENTATION_CONTEXT() REPRESENTATION_CONTEXT('2D SPACE',''
  ) );
#9278 = ADVANCED_FACE('',(#9279),#777,.F.);
#9279 = FACE_BOUND('',#9280,.F.);
#9280 = EDGE_LOOP('',(#9281,#9282,#9305,#9326));
#9281 = ORIENTED_EDGE('',*,*,#763,.F.);
#9282 = ORIENTED_EDGE('',*,*,#9283,.T.);
#9283 = EDGE_CURVE('',#736,#9284,#9286,.T.);
#9284 = VERTEX_POINT('',#9285);
#9285 = CARTESIAN_POINT('',(-45.,-65.,-1.));
#9286 = SURFACE_CURVE('',#9287,(#9291,#9298),.PCURVE_S1.);
#9287 = LINE('',#9288,#9289);
#9288 = CARTESIAN_POINT('',(-45.,-65.,-3.));
#9289 = VECTOR('',#9290,1.);
#9290 = DIRECTION('',(0.,0.,1.));
#9291 = PCURVE('',#777,#9292);
#9292 = DEFINITIONAL_REPRESENTATION('',(#9293),#9297);
#9293 = LINE('',#9294,#9295);
#9294 = CARTESIAN_POINT('',(131.,0.));
#9295 = VECTOR('',#9296,1.);
#9296 = DIRECTION('',(0.,-1.));
#9297 = ( GEOMETRIC_REPRESENTATION_CONTEXT(2) 
PARAMETRIC_REPRESENTATION_CONTEXT() REPRESENTATION_CONTEXT('2D SPACE',''
  ) );
#9298 = PCURVE('',#751,#9299);
#9299 = DEFINITIONAL_REPRESENTATION('',(#9300),#9304);
#9300 = LINE('',#9301,#9302);
#9301 = CARTESIAN_POINT('',(151.,0.));
#9302 = VECTOR('',#9303,1.);
#9303 = DIRECTION('',(0.,-1.));
#9304 = ( GEOMETRIC_REPRESENTATION_CONTEXT(2) 
PARAMETRIC_REPRESENTATION_CONTEXT() REPRESENTATION_CONTEXT('2D SPACE',''
  ) );
#9305 = ORIENTED_EDGE('',*,*,#9306,.T.);
#9306 = EDGE_CURVE('',#9284,#9213,#9307,.T.);
#9307 = SURFACE_CURVE('',#9308,(#9312,#9319),.PCURVE_S1.);
#9308 = LINE('',#9309,#9310);
#9309 = CARTESIAN_POINT('',(86.,-65.,-1.));
#9310 = VECTOR('',#9311,1.);
#9311 = DIRECTION('',(-1.,0.,0.));
#9312 = PCURVE('',#777,#9313);
#9313 = DEFINITIONAL_REPRESENTATION('',(#9314),#9318);
#9314 = LINE('',#9315,#9316);
#9315 = CARTESIAN_POINT('',(0.,-2.));
#9316 = VECTOR('',#9317,1.);
#9317 = DIRECTION('',(1.,0.));
#9318 = ( GEOMETRIC_REPRESENTATION_CONTEXT(2) 
PARAMETRIC_REPRESENTATION_CONTEXT() REPRESENTATION_CONTEXT('2D SPACE',''
  ) );
#9319 = PCURVE('',#7938,#9320);
#9320 = DEFINITIONAL_REPRESENTATION('',(#9321),#9325);
#9321 = LINE('',#9322,#9323);
#9322 = CARTESIAN_POINT('',(152.,-65.));
#9323 = VECTOR('',#9324,1.);
#9324 = DIRECTION('',(-1.,0.));
#9325 = ( GEOMETRIC_REPRESENTATION_CONTEXT(2) 
PARAMETRIC_REPRESENTATION_CONTEXT() REPRESENTATION_CONTEXT('2D SPACE',''
  ) );
#9326 = ORIENTED_EDGE('',*,*,#9212,.F.);
#9327 = ADVANCED_FACE('',(#9328),#723,.F.);
#9328 = FACE_BOUND('',#9329,.F.);
#9329 = EDGE_LOOP('',(#9330,#9331,#9332,#9355));
#9330 = ORIENTED_EDGE('',*,*,#707,.F.);
#9331 = ORIENTED_EDGE('',*,*,#9258,.F.);
#9332 = ORIENTED_EDGE('',*,*,#9333,.T.);
#9333 = EDGE_CURVE('',#9236,#9334,#9336,.T.);
#9334 = VERTEX_POINT('',#9335);
#9335 = CARTESIAN_POINT('',(-45.,-45.,-1.));
#9336 = SURFACE_CURVE('',#9337,(#9341,#9348),.PCURVE_S1.);
#9337 = LINE('',#9338,#9339);
#9338 = CARTESIAN_POINT('',(-86.,-45.,-1.));
#9339 = VECTOR('',#9340,1.);
#9340 = DIRECTION('',(1.,0.,0.));
#9341 = PCURVE('',#723,#9342);
#9342 = DEFINITIONAL_REPRESENTATION('',(#9343),#9347);
#9343 = LINE('',#9344,#9345);
#9344 = CARTESIAN_POINT('',(0.,-2.));
#9345 = VECTOR('',#9346,1.);
#9346 = DIRECTION('',(1.,0.));
#9347 = ( GEOMETRIC_REPRESENTATION_CONTEXT(2) 
PARAMETRIC_REPRESENTATION_CONTEXT() REPRESENTATION_CONTEXT('2D SPACE',''
  ) );
#9348 = PCURVE('',#7938,#9349);
#9349 = DEFINITIONAL_REPRESENTATION('',(#9350),#9354);
#9350 = LINE('',#9351,#9352);
#9351 = CARTESIAN_POINT('',(-20.,-45.));
#9352 = VECTOR('',#9353,1.);
#9353 = DIRECTION('',(1.,0.));
#9354 = ( GEOMETRIC_REPRESENTATION_CONTEXT(2) 
PARAMETRIC_REPRESENTATION_CONTEXT() REPRESENTATION_CONTEXT('2D SPACE',''
  ) );
#9355 = ORIENTED_EDGE('',*,*,#9356,.F.);
#9356 = EDGE_CURVE('',#708,#9334,#9357,.T.);
#9357 = SURFACE_CURVE('',#9358,(#9362,#9369),.PCURVE_S1.);
#9358 = LINE('',#9359,#9360);
#9359 = CARTESIAN_POINT('',(-45.,-45.,-3.));
#9360 = VECTOR('',#9361,1.);
#9361 = DIRECTION('',(0.,-0.,1.));
#9362 = PCURVE('',#723,#9363);
#9363 = DEFINITIONAL_REPRESENTATION('',(#9364),#9368);
#9364 = LINE('',#9365,#9366);
#9365 = CARTESIAN_POINT('',(41.,0.));
#9366 = VECTOR('',#9367,1.);
#9367 = DIRECTION('',(0.,-1.));
#9368 = ( GEOMETRIC_REPRESENTATION_CONTEXT(2) 
PARAMETRIC_REPRESENTATION_CONTEXT() REPRESENTATION_CONTEXT('2D SPACE',''
  ) );
#9369 = PCURVE('',#751,#9370);
#9370 = DEFINITIONAL_REPRESENTATION('',(#9371),#9375);
#9371 = LINE('',#9372,#9373);
#9372 = CARTESIAN_POINT('',(131.,0.));
#9373 = VECTOR('',#9374,1.);
#9374 = DIRECTION('',(0.,-1.));
#9375 = ( GEOMETRIC_REPRESENTATION_CONTEXT(2) 
PARAMETRIC_REPRESENTATION_CONTEXT() REPRESENTATION_CONTEXT('2D SPACE',''
  ) );
#9376 = ADVANCED_FACE('',(#9377),#751,.F.);
#9377 = FACE_BOUND('',#9378,.F.);
#9378 = EDGE_LOOP('',(#9379,#9380,#9381,#9402));
#9379 = ORIENTED_EDGE('',*,*,#735,.F.);
#9380 = ORIENTED_EDGE('',*,*,#9356,.T.);
#9381 = ORIENTED_EDGE('',*,*,#9382,.T.);
#9382 = EDGE_CURVE('',#9334,#9284,#9383,.T.);
#9383 = SURFACE_CURVE('',#9384,(#9388,#9395),.PCURVE_S1.);
#9384 = LINE('',#9385,#9386);
#9385 = CARTESIAN_POINT('',(-45.,86.,-1.));
#9386 = VECTOR('',#9387,1.);
#9387 = DIRECTION('',(0.,-1.,0.));
#9388 = PCURVE('',#751,#9389);
#9389 = DEFINITIONAL_REPRESENTATION('',(#9390),#9394);
#9390 = LINE('',#9391,#9392);
#9391 = CARTESIAN_POINT('',(0.,-2.));
#9392 = VECTOR('',#9393,1.);
#9393 = DIRECTION('',(1.,0.));
#9394 = ( GEOMETRIC_REPRESENTATION_CONTEXT(2) 
PARAMETRIC_REPRESENTATION_CONTEXT() REPRESENTATION_CONTEXT('2D SPACE',''
  ) );
#9395 = PCURVE('',#7938,#9396);
#9396 = DEFINITIONAL_REPRESENTATION('',(#9397),#9401);
#9397 = LINE('',#9398,#9399);
#9398 = CARTESIAN_POINT('',(21.,86.));
#9399 = VECTOR('',#9400,1.);
#9400 = DIRECTION('',(0.,-1.));
#9401 = ( GEOMETRIC_REPRESENTATION_CONTEXT(2) 
PARAMETRIC_REPRESENTATION_CONTEXT() REPRESENTATION_CONTEXT('2D SPACE',''
  ) );
#9402 = ORIENTED_EDGE('',*,*,#9283,.F.);
#9403 = ADVANCED_FACE('',(#9404),#832,.F.);
#9404 = FACE_BOUND('',#9405,.F.);
#9405 = EDGE_LOOP('',(#9406,#9407,#9408,#9431));
#9406 = ORIENTED_EDGE('',*,*,#816,.F.);
#9407 = ORIENTED_EDGE('',*,*,#8244,.T.);
#9408 = ORIENTED_EDGE('',*,*,#9409,.T.);
#9409 = EDGE_CURVE('',#8245,#9410,#9412,.T.);
#9410 = VERTEX_POINT('',#9411);
#9411 = CARTESIAN_POINT('',(-43.,-67.,-1.));
#9412 = SURFACE_CURVE('',#9413,(#9417,#9424),.PCURVE_S1.);
#9413 = LINE('',#9414,#9415);
#9414 = CARTESIAN_POINT('',(-43.,-86.,-1.));
#9415 = VECTOR('',#9416,1.);
#9416 = DIRECTION('',(0.,1.,0.));
#9417 = PCURVE('',#832,#9418);
#9418 = DEFINITIONAL_REPRESENTATION('',(#9419),#9423);
#9419 = LINE('',#9420,#9421);
#9420 = CARTESIAN_POINT('',(0.,-2.));
#9421 = VECTOR('',#9422,1.);
#9422 = DIRECTION('',(1.,0.));
#9423 = ( GEOMETRIC_REPRESENTATION_CONTEXT(2) 
PARAMETRIC_REPRESENTATION_CONTEXT() REPRESENTATION_CONTEXT('2D SPACE',''
  ) );
#9424 = PCURVE('',#7938,#9425);
#9425 = DEFINITIONAL_REPRESENTATION('',(#9426),#9430);
#9426 = LINE('',#9427,#9428);
#9427 = CARTESIAN_POINT('',(23.,-86.));
#9428 = VECTOR('',#9429,1.);
#9429 = DIRECTION('',(0.,1.));
#9430 = ( GEOMETRIC_REPRESENTATION_CONTEXT(2) 
PARAMETRIC_REPRESENTATION_CONTEXT() REPRESENTATION_CONTEXT('2D SPACE',''
  ) );
#9431 = ORIENTED_EDGE('',*,*,#9432,.F.);
#9432 = EDGE_CURVE('',#817,#9410,#9433,.T.);
#9433 = SURFACE_CURVE('',#9434,(#9438,#9445),.PCURVE_S1.);
#9434 = LINE('',#9435,#9436);
#9435 = CARTESIAN_POINT('',(-43.,-67.,-3.));
#9436 = VECTOR('',#9437,1.);
#9437 = DIRECTION('',(0.,-0.,1.));
#9438 = PCURVE('',#832,#9439);
#9439 = DEFINITIONAL_REPRESENTATION('',(#9440),#9444);
#9440 = LINE('',#9441,#9442);
#9441 = CARTESIAN_POINT('',(19.,0.));
#9442 = VECTOR('',#9443,1.);
#9443 = DIRECTION('',(0.,-1.));
#9444 = ( GEOMETRIC_REPRESENTATION_CONTEXT(2) 
PARAMETRIC_REPRESENTATION_CONTEXT() REPRESENTATION_CONTEXT('2D SPACE',''
  ) );
#9445 = PCURVE('',#860,#9446);
#9446 = DEFINITIONAL_REPRESENTATION('',(#9447),#9451);
#9447 = LINE('',#9448,#9449);
#9448 = CARTESIAN_POINT('',(43.,0.));
#9449 = VECTOR('',#9450,1.);
#9450 = DIRECTION('',(0.,-1.));
#9451 = ( GEOMETRIC_REPRESENTATION_CONTEXT(2) 
PARAMETRIC_REPRESENTATION_CONTEXT() REPRESENTATION_CONTEXT('2D SPACE',''
  ) );
#9452 = ADVANCED_FACE('',(#9453),#886,.F.);
#9453 = FACE_BOUND('',#9454,.F.);
#9454 = EDGE_LOOP('',(#9455,#9456,#9479,#9500));
#9455 = ORIENTED_EDGE('',*,*,#872,.F.);
#9456 = ORIENTED_EDGE('',*,*,#9457,.F.);
#9457 = EDGE_CURVE('',#9458,#845,#9460,.T.);
#9458 = VERTEX_POINT('',#9459);
#9459 = CARTESIAN_POINT('',(-23.,-67.,-1.));
#9460 = SURFACE_CURVE('',#9461,(#9465,#9472),.PCURVE_S1.);
#9461 = LINE('',#9462,#9463);
#9462 = CARTESIAN_POINT('',(-23.,-67.,-3.));
#9463 = VECTOR('',#9464,1.);
#9464 = DIRECTION('',(-0.,0.,-1.));
#9465 = PCURVE('',#886,#9466);
#9466 = DEFINITIONAL_REPRESENTATION('',(#9467),#9471);
#9467 = LINE('',#9468,#9469);
#9468 = CARTESIAN_POINT('',(153.,0.));
#9469 = VECTOR('',#9470,1.);
#9470 = DIRECTION('',(-0.,1.));
#9471 = ( GEOMETRIC_REPRESENTATION_CONTEXT(2) 
PARAMETRIC_REPRESENTATION_CONTEXT() REPRESENTATION_CONTEXT('2D SPACE',''
  ) );
#9472 = PCURVE('',#860,#9473);
#9473 = DEFINITIONAL_REPRESENTATION('',(#9474),#9478);
#9474 = LINE('',#9475,#9476);
#9475 = CARTESIAN_POINT('',(63.,0.));
#9476 = VECTOR('',#9477,1.);
#9477 = DIRECTION('',(0.,1.));
#9478 = ( GEOMETRIC_REPRESENTATION_CONTEXT(2) 
PARAMETRIC_REPRESENTATION_CONTEXT() REPRESENTATION_CONTEXT('2D SPACE',''
  ) );
#9479 = ORIENTED_EDGE('',*,*,#9480,.T.);
#9480 = EDGE_CURVE('',#9458,#8200,#9481,.T.);
#9481 = SURFACE_CURVE('',#9482,(#9486,#9493),.PCURVE_S1.);
#9482 = LINE('',#9483,#9484);
#9483 = CARTESIAN_POINT('',(-23.,86.,-1.));
#9484 = VECTOR('',#9485,1.);
#9485 = DIRECTION('',(0.,-1.,0.));
#9486 = PCURVE('',#886,#9487);
#9487 = DEFINITIONAL_REPRESENTATION('',(#9488),#9492);
#9488 = LINE('',#9489,#9490);
#9489 = CARTESIAN_POINT('',(0.,-2.));
#9490 = VECTOR('',#9491,1.);
#9491 = DIRECTION('',(1.,0.));
#9492 = ( GEOMETRIC_REPRESENTATION_CONTEXT(2) 
PARAMETRIC_REPRESENTATION_CONTEXT() REPRESENTATION_CONTEXT('2D SPACE',''
  ) );
#9493 = PCURVE('',#7938,#9494);
#9494 = DEFINITIONAL_REPRESENTATION('',(#9495),#9499);
#9495 = LINE('',#9496,#9497);
#9496 = CARTESIAN_POINT('',(43.,86.));
#9497 = VECTOR('',#9498,1.);
#9498 = DIRECTION('',(0.,-1.));
#9499 = ( GEOMETRIC_REPRESENTATION_CONTEXT(2) 
PARAMETRIC_REPRESENTATION_CONTEXT() REPRESENTATION_CONTEXT('2D SPACE',''
  ) );
#9500 = ORIENTED_EDGE('',*,*,#8222,.F.);
#9501 = ADVANCED_FACE('',(#9502),#860,.F.);
#9502 = FACE_BOUND('',#9503,.F.);
#9503 = EDGE_LOOP('',(#9504,#9505,#9506,#9527));
#9504 = ORIENTED_EDGE('',*,*,#844,.F.);
#9505 = ORIENTED_EDGE('',*,*,#9432,.T.);
#9506 = ORIENTED_EDGE('',*,*,#9507,.T.);
#9507 = EDGE_CURVE('',#9410,#9458,#9508,.T.);
#9508 = SURFACE_CURVE('',#9509,(#9513,#9520),.PCURVE_S1.);
#9509 = LINE('',#9510,#9511);
#9510 = CARTESIAN_POINT('',(-86.,-67.,-1.));
#9511 = VECTOR('',#9512,1.);
#9512 = DIRECTION('',(1.,0.,0.));
#9513 = PCURVE('',#860,#9514);
#9514 = DEFINITIONAL_REPRESENTATION('',(#9515),#9519);
#9515 = LINE('',#9516,#9517);
#9516 = CARTESIAN_POINT('',(0.,-2.));
#9517 = VECTOR('',#9518,1.);
#9518 = DIRECTION('',(1.,0.));
#9519 = ( GEOMETRIC_REPRESENTATION_CONTEXT(2) 
PARAMETRIC_REPRESENTATION_CONTEXT() REPRESENTATION_CONTEXT('2D SPACE',''
  ) );
#9520 = PCURVE('',#7938,#9521);
#9521 = DEFINITIONAL_REPRESENTATION('',(#9522),#9526);
#9522 = LINE('',#9523,#9524);
#9523 = CARTESIAN_POINT('',(-20.,-67.));
#9524 = VECTOR('',#9525,1.);
#9525 = DIRECTION('',(1.,0.));
#9526 = ( GEOMETRIC_REPRESENTATION_CONTEXT(2) 
PARAMETRIC_REPRESENTATION_CONTEXT() REPRESENTATION_CONTEXT('2D SPACE',''
  ) );
#9527 = ORIENTED_EDGE('',*,*,#9457,.T.);
#9528 = ADVANCED_FACE('',(#9529),#941,.F.);
#9529 = FACE_BOUND('',#9530,.F.);
#9530 = EDGE_LOOP('',(#9531,#9532,#9533,#9556));
#9531 = ORIENTED_EDGE('',*,*,#925,.F.);
#9532 = ORIENTED_EDGE('',*,*,#8176,.T.);
#9533 = ORIENTED_EDGE('',*,*,#9534,.T.);
#9534 = EDGE_CURVE('',#8177,#9535,#9537,.T.);
#9535 = VERTEX_POINT('',#9536);
#9536 = CARTESIAN_POINT('',(-21.,-67.,-1.));
#9537 = SURFACE_CURVE('',#9538,(#9542,#9549),.PCURVE_S1.);
#9538 = LINE('',#9539,#9540);
#9539 = CARTESIAN_POINT('',(-21.,-86.,-1.));
#9540 = VECTOR('',#9541,1.);
#9541 = DIRECTION('',(0.,1.,0.));
#9542 = PCURVE('',#941,#9543);
#9543 = DEFINITIONAL_REPRESENTATION('',(#9544),#9548);
#9544 = LINE('',#9545,#9546);
#9545 = CARTESIAN_POINT('',(0.,-2.));
#9546 = VECTOR('',#9547,1.);
#9547 = DIRECTION('',(1.,0.));
#9548 = ( GEOMETRIC_REPRESENTATION_CONTEXT(2) 
PARAMETRIC_REPRESENTATION_CONTEXT() REPRESENTATION_CONTEXT('2D SPACE',''
  ) );
#9549 = PCURVE('',#7938,#9550);
#9550 = DEFINITIONAL_REPRESENTATION('',(#9551),#9555);
#9551 = LINE('',#9552,#9553);
#9552 = CARTESIAN_POINT('',(45.,-86.));
#9553 = VECTOR('',#9554,1.);
#9554 = DIRECTION('',(0.,1.));
#9555 = ( GEOMETRIC_REPRESENTATION_CONTEXT(2) 
PARAMETRIC_REPRESENTATION_CONTEXT() REPRESENTATION_CONTEXT('2D SPACE',''
  ) );
#9556 = ORIENTED_EDGE('',*,*,#9557,.F.);
#9557 = EDGE_CURVE('',#926,#9535,#9558,.T.);
#9558 = SURFACE_CURVE('',#9559,(#9563,#9570),.PCURVE_S1.);
#9559 = LINE('',#9560,#9561);
#9560 = CARTESIAN_POINT('',(-21.,-67.,-3.));
#9561 = VECTOR('',#9562,1.);
#9562 = DIRECTION('',(0.,-0.,1.));
#9563 = PCURVE('',#941,#9564);
#9564 = DEFINITIONAL_REPRESENTATION('',(#9565),#9569);
#9565 = LINE('',#9566,#9567);
#9566 = CARTESIAN_POINT('',(19.,0.));
#9567 = VECTOR('',#9568,1.);
#9568 = DIRECTION('',(0.,-1.));
#9569 = ( GEOMETRIC_REPRESENTATION_CONTEXT(2) 
PARAMETRIC_REPRESENTATION_CONTEXT() REPRESENTATION_CONTEXT('2D SPACE',''
  ) );
#9570 = PCURVE('',#969,#9571);
#9571 = DEFINITIONAL_REPRESENTATION('',(#9572),#9576);
#9572 = LINE('',#9573,#9574);
#9573 = CARTESIAN_POINT('',(65.,0.));
#9574 = VECTOR('',#9575,1.);
#9575 = DIRECTION('',(0.,-1.));
#9576 = ( GEOMETRIC_REPRESENTATION_CONTEXT(2) 
PARAMETRIC_REPRESENTATION_CONTEXT() REPRESENTATION_CONTEXT('2D SPACE',''
  ) );
#9577 = ADVANCED_FACE('',(#9578),#995,.F.);
#9578 = FACE_BOUND('',#9579,.F.);
#9579 = EDGE_LOOP('',(#9580,#9581,#9604,#9625));
#9580 = ORIENTED_EDGE('',*,*,#981,.F.);
#9581 = ORIENTED_EDGE('',*,*,#9582,.F.);
#9582 = EDGE_CURVE('',#9583,#954,#9585,.T.);
#9583 = VERTEX_POINT('',#9584);
#9584 = CARTESIAN_POINT('',(-1.,-67.,-1.));
#9585 = SURFACE_CURVE('',#9586,(#9590,#9597),.PCURVE_S1.);
#9586 = LINE('',#9587,#9588);
#9587 = CARTESIAN_POINT('',(-1.,-67.,-3.));
#9588 = VECTOR('',#9589,1.);
#9589 = DIRECTION('',(-0.,0.,-1.));
#9590 = PCURVE('',#995,#9591);
#9591 = DEFINITIONAL_REPRESENTATION('',(#9592),#9596);
#9592 = LINE('',#9593,#9594);
#9593 = CARTESIAN_POINT('',(153.,0.));
#9594 = VECTOR('',#9595,1.);
#9595 = DIRECTION('',(-0.,1.));
#9596 = ( GEOMETRIC_REPRESENTATION_CONTEXT(2) 
PARAMETRIC_REPRESENTATION_CONTEXT() REPRESENTATION_CONTEXT('2D SPACE',''
  ) );
#9597 = PCURVE('',#969,#9598);
#9598 = DEFINITIONAL_REPRESENTATION('',(#9599),#9603);
#9599 = LINE('',#9600,#9601);
#9600 = CARTESIAN_POINT('',(85.,0.));
#9601 = VECTOR('',#9602,1.);
#9602 = DIRECTION('',(0.,1.));
#9603 = ( GEOMETRIC_REPRESENTATION_CONTEXT(2) 
PARAMETRIC_REPRESENTATION_CONTEXT() REPRESENTATION_CONTEXT('2D SPACE',''
  ) );
#9604 = ORIENTED_EDGE('',*,*,#9605,.T.);
#9605 = EDGE_CURVE('',#9583,#8132,#9606,.T.);
#9606 = SURFACE_CURVE('',#9607,(#9611,#9618),.PCURVE_S1.);
#9607 = LINE('',#9608,#9609);
#9608 = CARTESIAN_POINT('',(-1.,86.,-1.));
#9609 = VECTOR('',#9610,1.);
#9610 = DIRECTION('',(0.,-1.,0.));
#9611 = PCURVE('',#995,#9612);
#9612 = DEFINITIONAL_REPRESENTATION('',(#9613),#9617);
#9613 = LINE('',#9614,#9615);
#9614 = CARTESIAN_POINT('',(0.,-2.));
#9615 = VECTOR('',#9616,1.);
#9616 = DIRECTION('',(1.,0.));
#9617 = ( GEOMETRIC_REPRESENTATION_CONTEXT(2) 
PARAMETRIC_REPRESENTATION_CONTEXT() REPRESENTATION_CONTEXT('2D SPACE',''
  ) );
#9618 = PCURVE('',#7938,#9619);
#9619 = DEFINITIONAL_REPRESENTATION('',(#9620),#9624);
#9620 = LINE('',#9621,#9622);
#9621 = CARTESIAN_POINT('',(65.,86.));
#9622 = VECTOR('',#9623,1.);
#9623 = DIRECTION('',(0.,-1.));
#9624 = ( GEOMETRIC_REPRESENTATION_CONTEXT(2) 
PARAMETRIC_REPRESENTATION_CONTEXT() REPRESENTATION_CONTEXT('2D SPACE',''
  ) );
#9625 = ORIENTED_EDGE('',*,*,#8154,.F.);
#9626 = ADVANCED_FACE('',(#9627),#969,.F.);
#9627 = FACE_BOUND('',#9628,.F.);
#9628 = EDGE_LOOP('',(#9629,#9630,#9631,#9652));
#9629 = ORIENTED_EDGE('',*,*,#953,.F.);
#9630 = ORIENTED_EDGE('',*,*,#9557,.T.);
#9631 = ORIENTED_EDGE('',*,*,#9632,.T.);
#9632 = EDGE_CURVE('',#9535,#9583,#9633,.T.);
#9633 = SURFACE_CURVE('',#9634,(#9638,#9645),.PCURVE_S1.);
#9634 = LINE('',#9635,#9636);
#9635 = CARTESIAN_POINT('',(-86.,-67.,-1.));
#9636 = VECTOR('',#9637,1.);
#9637 = DIRECTION('',(1.,0.,0.));
#9638 = PCURVE('',#969,#9639);
#9639 = DEFINITIONAL_REPRESENTATION('',(#9640),#9644);
#9640 = LINE('',#9641,#9642);
#9641 = CARTESIAN_POINT('',(0.,-2.));
#9642 = VECTOR('',#9643,1.);
#9643 = DIRECTION('',(1.,0.));
#9644 = ( GEOMETRIC_REPRESENTATION_CONTEXT(2) 
PARAMETRIC_REPRESENTATION_CONTEXT() REPRESENTATION_CONTEXT('2D SPACE',''
  ) );
#9645 = PCURVE('',#7938,#9646);
#9646 = DEFINITIONAL_REPRESENTATION('',(#9647),#9651);
#9647 = LINE('',#9648,#9649);
#9648 = CARTESIAN_POINT('',(-20.,-67.));
#9649 = VECTOR('',#9650,1.);
#9650 = DIRECTION('',(1.,0.));
#9651 = ( GEOMETRIC_REPRESENTATION_CONTEXT(2) 
PARAMETRIC_REPRESENTATION_CONTEXT() REPRESENTATION_CONTEXT('2D SPACE',''
  ) );
#9652 = ORIENTED_EDGE('',*,*,#9582,.T.);
#9653 = ADVANCED_FACE('',(#9654),#1027,.F.);
#9654 = FACE_BOUND('',#9655,.F.);
#9655 = EDGE_LOOP('',(#9656,#9657,#9680,#9703));
#9656 = ORIENTED_EDGE('',*,*,#1009,.F.);
#9657 = ORIENTED_EDGE('',*,*,#9658,.F.);
#9658 = EDGE_CURVE('',#9659,#1010,#9661,.T.);
#9659 = VERTEX_POINT('',#9660);
#9660 = CARTESIAN_POINT('',(-43.,-45.,-1.));
#9661 = SURFACE_CURVE('',#9662,(#9666,#9673),.PCURVE_S1.);
#9662 = LINE('',#9663,#9664);
#9663 = CARTESIAN_POINT('',(-43.,-45.,-3.));
#9664 = VECTOR('',#9665,1.);
#9665 = DIRECTION('',(0.,0.,-1.));
#9666 = PCURVE('',#1027,#9667);
#9667 = DEFINITIONAL_REPRESENTATION('',(#9668),#9672);
#9668 = LINE('',#9669,#9670);
#9669 = CARTESIAN_POINT('',(43.,0.));
#9670 = VECTOR('',#9671,1.);
#9671 = DIRECTION('',(0.,1.));
#9672 = ( GEOMETRIC_REPRESENTATION_CONTEXT(2) 
PARAMETRIC_REPRESENTATION_CONTEXT() REPRESENTATION_CONTEXT('2D SPACE',''
  ) );
#9673 = PCURVE('',#1109,#9674);
#9674 = DEFINITIONAL_REPRESENTATION('',(#9675),#9679);
#9675 = LINE('',#9676,#9677);
#9676 = CARTESIAN_POINT('',(41.,0.));
#9677 = VECTOR('',#9678,1.);
#9678 = DIRECTION('',(0.,1.));
#9679 = ( GEOMETRIC_REPRESENTATION_CONTEXT(2) 
PARAMETRIC_REPRESENTATION_CONTEXT() REPRESENTATION_CONTEXT('2D SPACE',''
  ) );
#9680 = ORIENTED_EDGE('',*,*,#9681,.T.);
#9681 = EDGE_CURVE('',#9659,#9682,#9684,.T.);
#9682 = VERTEX_POINT('',#9683);
#9683 = CARTESIAN_POINT('',(-23.,-45.,-1.));
#9684 = SURFACE_CURVE('',#9685,(#9689,#9696),.PCURVE_S1.);
#9685 = LINE('',#9686,#9687);
#9686 = CARTESIAN_POINT('',(-86.,-45.,-1.));
#9687 = VECTOR('',#9688,1.);
#9688 = DIRECTION('',(1.,0.,0.));
#9689 = PCURVE('',#1027,#9690);
#9690 = DEFINITIONAL_REPRESENTATION('',(#9691),#9695);
#9691 = LINE('',#9692,#9693);
#9692 = CARTESIAN_POINT('',(0.,-2.));
#9693 = VECTOR('',#9694,1.);
#9694 = DIRECTION('',(1.,0.));
#9695 = ( GEOMETRIC_REPRESENTATION_CONTEXT(2) 
PARAMETRIC_REPRESENTATION_CONTEXT() REPRESENTATION_CONTEXT('2D SPACE',''
  ) );
#9696 = PCURVE('',#7938,#9697);
#9697 = DEFINITIONAL_REPRESENTATION('',(#9698),#9702);
#9698 = LINE('',#9699,#9700);
#9699 = CARTESIAN_POINT('',(-20.,-45.));
#9700 = VECTOR('',#9701,1.);
#9701 = DIRECTION('',(1.,0.));
#9702 = ( GEOMETRIC_REPRESENTATION_CONTEXT(2) 
PARAMETRIC_REPRESENTATION_CONTEXT() REPRESENTATION_CONTEXT('2D SPACE',''
  ) );
#9703 = ORIENTED_EDGE('',*,*,#9704,.T.);
#9704 = EDGE_CURVE('',#9682,#1012,#9705,.T.);
#9705 = SURFACE_CURVE('',#9706,(#9710,#9717),.PCURVE_S1.);
#9706 = LINE('',#9707,#9708);
#9707 = CARTESIAN_POINT('',(-23.,-45.,-3.));
#9708 = VECTOR('',#9709,1.);
#9709 = DIRECTION('',(-0.,0.,-1.));
#9710 = PCURVE('',#1027,#9711);
#9711 = DEFINITIONAL_REPRESENTATION('',(#9712),#9716);
#9712 = LINE('',#9713,#9714);
#9713 = CARTESIAN_POINT('',(63.,0.));
#9714 = VECTOR('',#9715,1.);
#9715 = DIRECTION('',(0.,1.));
#9716 = ( GEOMETRIC_REPRESENTATION_CONTEXT(2) 
PARAMETRIC_REPRESENTATION_CONTEXT() REPRESENTATION_CONTEXT('2D SPACE',''
  ) );
#9717 = PCURVE('',#1055,#9718);
#9718 = DEFINITIONAL_REPRESENTATION('',(#9719),#9723);
#9719 = LINE('',#9720,#9721);
#9720 = CARTESIAN_POINT('',(131.,0.));
#9721 = VECTOR('',#9722,1.);
#9722 = DIRECTION('',(-0.,1.));
#9723 = ( GEOMETRIC_REPRESENTATION_CONTEXT(2) 
PARAMETRIC_REPRESENTATION_CONTEXT() REPRESENTATION_CONTEXT('2D SPACE',''
  ) );
#9724 = ADVANCED_FACE('',(#9725),#1109,.F.);
#9725 = FACE_BOUND('',#9726,.F.);
#9726 = EDGE_LOOP('',(#9727,#9728,#9751,#9772));
#9727 = ORIENTED_EDGE('',*,*,#1095,.F.);
#9728 = ORIENTED_EDGE('',*,*,#9729,.F.);
#9729 = EDGE_CURVE('',#9730,#1068,#9732,.T.);
#9730 = VERTEX_POINT('',#9731);
#9731 = CARTESIAN_POINT('',(-43.,-65.,-1.));
#9732 = SURFACE_CURVE('',#9733,(#9737,#9744),.PCURVE_S1.);
#9733 = LINE('',#9734,#9735);
#9734 = CARTESIAN_POINT('',(-43.,-65.,-3.));
#9735 = VECTOR('',#9736,1.);
#9736 = DIRECTION('',(-0.,-0.,-1.));
#9737 = PCURVE('',#1109,#9738);
#9738 = DEFINITIONAL_REPRESENTATION('',(#9739),#9743);
#9739 = LINE('',#9740,#9741);
#9740 = CARTESIAN_POINT('',(21.,0.));
#9741 = VECTOR('',#9742,1.);
#9742 = DIRECTION('',(0.,1.));
#9743 = ( GEOMETRIC_REPRESENTATION_CONTEXT(2) 
PARAMETRIC_REPRESENTATION_CONTEXT() REPRESENTATION_CONTEXT('2D SPACE',''
  ) );
#9744 = PCURVE('',#1083,#9745);
#9745 = DEFINITIONAL_REPRESENTATION('',(#9746),#9750);
#9746 = LINE('',#9747,#9748);
#9747 = CARTESIAN_POINT('',(129.,0.));
#9748 = VECTOR('',#9749,1.);
#9749 = DIRECTION('',(0.,1.));
#9750 = ( GEOMETRIC_REPRESENTATION_CONTEXT(2) 
PARAMETRIC_REPRESENTATION_CONTEXT() REPRESENTATION_CONTEXT('2D SPACE',''
  ) );
#9751 = ORIENTED_EDGE('',*,*,#9752,.T.);
#9752 = EDGE_CURVE('',#9730,#9659,#9753,.T.);
#9753 = SURFACE_CURVE('',#9754,(#9758,#9765),.PCURVE_S1.);
#9754 = LINE('',#9755,#9756);
#9755 = CARTESIAN_POINT('',(-43.,-86.,-1.));
#9756 = VECTOR('',#9757,1.);
#9757 = DIRECTION('',(0.,1.,0.));
#9758 = PCURVE('',#1109,#9759);
#9759 = DEFINITIONAL_REPRESENTATION('',(#9760),#9764);
#9760 = LINE('',#9761,#9762);
#9761 = CARTESIAN_POINT('',(0.,-2.));
#9762 = VECTOR('',#9763,1.);
#9763 = DIRECTION('',(1.,0.));
#9764 = ( GEOMETRIC_REPRESENTATION_CONTEXT(2) 
PARAMETRIC_REPRESENTATION_CONTEXT() REPRESENTATION_CONTEXT('2D SPACE',''
  ) );
#9765 = PCURVE('',#7938,#9766);
#9766 = DEFINITIONAL_REPRESENTATION('',(#9767),#9771);
#9767 = LINE('',#9768,#9769);
#9768 = CARTESIAN_POINT('',(23.,-86.));
#9769 = VECTOR('',#9770,1.);
#9770 = DIRECTION('',(0.,1.));
#9771 = ( GEOMETRIC_REPRESENTATION_CONTEXT(2) 
PARAMETRIC_REPRESENTATION_CONTEXT() REPRESENTATION_CONTEXT('2D SPACE',''
  ) );
#9772 = ORIENTED_EDGE('',*,*,#9658,.T.);
#9773 = ADVANCED_FACE('',(#9774),#1055,.F.);
#9774 = FACE_BOUND('',#9775,.F.);
#9775 = EDGE_LOOP('',(#9776,#9777,#9778,#9801));
#9776 = ORIENTED_EDGE('',*,*,#1039,.F.);
#9777 = ORIENTED_EDGE('',*,*,#9704,.F.);
#9778 = ORIENTED_EDGE('',*,*,#9779,.T.);
#9779 = EDGE_CURVE('',#9682,#9780,#9782,.T.);
#9780 = VERTEX_POINT('',#9781);
#9781 = CARTESIAN_POINT('',(-23.,-65.,-1.));
#9782 = SURFACE_CURVE('',#9783,(#9787,#9794),.PCURVE_S1.);
#9783 = LINE('',#9784,#9785);
#9784 = CARTESIAN_POINT('',(-23.,86.,-1.));
#9785 = VECTOR('',#9786,1.);
#9786 = DIRECTION('',(0.,-1.,0.));
#9787 = PCURVE('',#1055,#9788);
#9788 = DEFINITIONAL_REPRESENTATION('',(#9789),#9793);
#9789 = LINE('',#9790,#9791);
#9790 = CARTESIAN_POINT('',(0.,-2.));
#9791 = VECTOR('',#9792,1.);
#9792 = DIRECTION('',(1.,0.));
#9793 = ( GEOMETRIC_REPRESENTATION_CONTEXT(2) 
PARAMETRIC_REPRESENTATION_CONTEXT() REPRESENTATION_CONTEXT('2D SPACE',''
  ) );
#9794 = PCURVE('',#7938,#9795);
#9795 = DEFINITIONAL_REPRESENTATION('',(#9796),#9800);
#9796 = LINE('',#9797,#9798);
#9797 = CARTESIAN_POINT('',(43.,86.));
#9798 = VECTOR('',#9799,1.);
#9799 = DIRECTION('',(0.,-1.));
#9800 = ( GEOMETRIC_REPRESENTATION_CONTEXT(2) 
PARAMETRIC_REPRESENTATION_CONTEXT() REPRESENTATION_CONTEXT('2D SPACE',''
  ) );
#9801 = ORIENTED_EDGE('',*,*,#9802,.F.);
#9802 = EDGE_CURVE('',#1040,#9780,#9803,.T.);
#9803 = SURFACE_CURVE('',#9804,(#9808,#9815),.PCURVE_S1.);
#9804 = LINE('',#9805,#9806);
#9805 = CARTESIAN_POINT('',(-23.,-65.,-3.));
#9806 = VECTOR('',#9807,1.);
#9807 = DIRECTION('',(0.,0.,1.));
#9808 = PCURVE('',#1055,#9809);
#9809 = DEFINITIONAL_REPRESENTATION('',(#9810),#9814);
#9810 = LINE('',#9811,#9812);
#9811 = CARTESIAN_POINT('',(151.,0.));
#9812 = VECTOR('',#9813,1.);
#9813 = DIRECTION('',(0.,-1.));
#9814 = ( GEOMETRIC_REPRESENTATION_CONTEXT(2) 
PARAMETRIC_REPRESENTATION_CONTEXT() REPRESENTATION_CONTEXT('2D SPACE',''
  ) );
#9815 = PCURVE('',#1083,#9816);
#9816 = DEFINITIONAL_REPRESENTATION('',(#9817),#9821);
#9817 = LINE('',#9818,#9819);
#9818 = CARTESIAN_POINT('',(109.,0.));
#9819 = VECTOR('',#9820,1.);
#9820 = DIRECTION('',(0.,-1.));
#9821 = ( GEOMETRIC_REPRESENTATION_CONTEXT(2) 
PARAMETRIC_REPRESENTATION_CONTEXT() REPRESENTATION_CONTEXT('2D SPACE',''
  ) );
#9822 = ADVANCED_FACE('',(#9823),#1083,.F.);
#9823 = FACE_BOUND('',#9824,.F.);
#9824 = EDGE_LOOP('',(#9825,#9826,#9827,#9848));
#9825 = ORIENTED_EDGE('',*,*,#1067,.F.);
#9826 = ORIENTED_EDGE('',*,*,#9802,.T.);
#9827 = ORIENTED_EDGE('',*,*,#9828,.T.);
#9828 = EDGE_CURVE('',#9780,#9730,#9829,.T.);
#9829 = SURFACE_CURVE('',#9830,(#9834,#9841),.PCURVE_S1.);
#9830 = LINE('',#9831,#9832);
#9831 = CARTESIAN_POINT('',(86.,-65.,-1.));
#9832 = VECTOR('',#9833,1.);
#9833 = DIRECTION('',(-1.,0.,0.));
#9834 = PCURVE('',#1083,#9835);
#9835 = DEFINITIONAL_REPRESENTATION('',(#9836),#9840);
#9836 = LINE('',#9837,#9838);
#9837 = CARTESIAN_POINT('',(0.,-2.));
#9838 = VECTOR('',#9839,1.);
#9839 = DIRECTION('',(1.,0.));
#9840 = ( GEOMETRIC_REPRESENTATION_CONTEXT(2) 
PARAMETRIC_REPRESENTATION_CONTEXT() REPRESENTATION_CONTEXT('2D SPACE',''
  ) );
#9841 = PCURVE('',#7938,#9842);
#9842 = DEFINITIONAL_REPRESENTATION('',(#9843),#9847);
#9843 = LINE('',#9844,#9845);
#9844 = CARTESIAN_POINT('',(152.,-65.));
#9845 = VECTOR('',#9846,1.);
#9846 = DIRECTION('',(-1.,0.));
#9847 = ( GEOMETRIC_REPRESENTATION_CONTEXT(2) 
PARAMETRIC_REPRESENTATION_CONTEXT() REPRESENTATION_CONTEXT('2D SPACE',''
  ) );
#9848 = ORIENTED_EDGE('',*,*,#9729,.T.);
#9849 = ADVANCED_FACE('',(#9850),#1141,.F.);
#9850 = FACE_BOUND('',#9851,.F.);
#9851 = EDGE_LOOP('',(#9852,#9853,#9876,#9899));
#9852 = ORIENTED_EDGE('',*,*,#1123,.F.);
#9853 = ORIENTED_EDGE('',*,*,#9854,.T.);
#9854 = EDGE_CURVE('',#1124,#9855,#9857,.T.);
#9855 = VERTEX_POINT('',#9856);
#9856 = CARTESIAN_POINT('',(-21.,-45.,-1.));
#9857 = SURFACE_CURVE('',#9858,(#9862,#9869),.PCURVE_S1.);
#9858 = LINE('',#9859,#9860);
#9859 = CARTESIAN_POINT('',(-21.,-45.,-3.));
#9860 = VECTOR('',#9861,1.);
#9861 = DIRECTION('',(0.,-0.,1.));
#9862 = PCURVE('',#1141,#9863);
#9863 = DEFINITIONAL_REPRESENTATION('',(#9864),#9868);
#9864 = LINE('',#9865,#9866);
#9865 = CARTESIAN_POINT('',(65.,0.));
#9866 = VECTOR('',#9867,1.);
#9867 = DIRECTION('',(0.,-1.));
#9868 = ( GEOMETRIC_REPRESENTATION_CONTEXT(2) 
PARAMETRIC_REPRESENTATION_CONTEXT() REPRESENTATION_CONTEXT('2D SPACE',''
  ) );
#9869 = PCURVE('',#1223,#9870);
#9870 = DEFINITIONAL_REPRESENTATION('',(#9871),#9875);
#9871 = LINE('',#9872,#9873);
#9872 = CARTESIAN_POINT('',(41.,0.));
#9873 = VECTOR('',#9874,1.);
#9874 = DIRECTION('',(0.,-1.));
#9875 = ( GEOMETRIC_REPRESENTATION_CONTEXT(2) 
PARAMETRIC_REPRESENTATION_CONTEXT() REPRESENTATION_CONTEXT('2D SPACE',''
  ) );
#9876 = ORIENTED_EDGE('',*,*,#9877,.T.);
#9877 = EDGE_CURVE('',#9855,#9878,#9880,.T.);
#9878 = VERTEX_POINT('',#9879);
#9879 = CARTESIAN_POINT('',(-1.,-45.,-1.));
#9880 = SURFACE_CURVE('',#9881,(#9885,#9892),.PCURVE_S1.);
#9881 = LINE('',#9882,#9883);
#9882 = CARTESIAN_POINT('',(-86.,-45.,-1.));
#9883 = VECTOR('',#9884,1.);
#9884 = DIRECTION('',(1.,0.,0.));
#9885 = PCURVE('',#1141,#9886);
#9886 = DEFINITIONAL_REPRESENTATION('',(#9887),#9891);
#9887 = LINE('',#9888,#9889);
#9888 = CARTESIAN_POINT('',(0.,-2.));
#9889 = VECTOR('',#9890,1.);
#9890 = DIRECTION('',(1.,0.));
#9891 = ( GEOMETRIC_REPRESENTATION_CONTEXT(2) 
PARAMETRIC_REPRESENTATION_CONTEXT() REPRESENTATION_CONTEXT('2D SPACE',''
  ) );
#9892 = PCURVE('',#7938,#9893);
#9893 = DEFINITIONAL_REPRESENTATION('',(#9894),#9898);
#9894 = LINE('',#9895,#9896);
#9895 = CARTESIAN_POINT('',(-20.,-45.));
#9896 = VECTOR('',#9897,1.);
#9897 = DIRECTION('',(1.,0.));
#9898 = ( GEOMETRIC_REPRESENTATION_CONTEXT(2) 
PARAMETRIC_REPRESENTATION_CONTEXT() REPRESENTATION_CONTEXT('2D SPACE',''
  ) );
#9899 = ORIENTED_EDGE('',*,*,#9900,.T.);
#9900 = EDGE_CURVE('',#9878,#1126,#9901,.T.);
#9901 = SURFACE_CURVE('',#9902,(#9906,#9913),.PCURVE_S1.);
#9902 = LINE('',#9903,#9904);
#9903 = CARTESIAN_POINT('',(-1.,-45.,-3.));
#9904 = VECTOR('',#9905,1.);
#9905 = DIRECTION('',(-0.,0.,-1.));
#9906 = PCURVE('',#1141,#9907);
#9907 = DEFINITIONAL_REPRESENTATION('',(#9908),#9912);
#9908 = LINE('',#9909,#9910);
#9909 = CARTESIAN_POINT('',(85.,0.));
#9910 = VECTOR('',#9911,1.);
#9911 = DIRECTION('',(0.,1.));
#9912 = ( GEOMETRIC_REPRESENTATION_CONTEXT(2) 
PARAMETRIC_REPRESENTATION_CONTEXT() REPRESENTATION_CONTEXT('2D SPACE',''
  ) );
#9913 = PCURVE('',#1169,#9914);
#9914 = DEFINITIONAL_REPRESENTATION('',(#9915),#9919);
#9915 = LINE('',#9916,#9917);
#9916 = CARTESIAN_POINT('',(131.,0.));
#9917 = VECTOR('',#9918,1.);
#9918 = DIRECTION('',(-0.,1.));
#9919 = ( GEOMETRIC_REPRESENTATION_CONTEXT(2) 
PARAMETRIC_REPRESENTATION_CONTEXT() REPRESENTATION_CONTEXT('2D SPACE',''
  ) );
#9920 = ADVANCED_FACE('',(#9921),#1223,.F.);
#9921 = FACE_BOUND('',#9922,.F.);
#9922 = EDGE_LOOP('',(#9923,#9924,#9947,#9968));
#9923 = ORIENTED_EDGE('',*,*,#1209,.F.);
#9924 = ORIENTED_EDGE('',*,*,#9925,.F.);
#9925 = EDGE_CURVE('',#9926,#1182,#9928,.T.);
#9926 = VERTEX_POINT('',#9927);
#9927 = CARTESIAN_POINT('',(-21.,-65.,-1.));
#9928 = SURFACE_CURVE('',#9929,(#9933,#9940),.PCURVE_S1.);
#9929 = LINE('',#9930,#9931);
#9930 = CARTESIAN_POINT('',(-21.,-65.,-3.));
#9931 = VECTOR('',#9932,1.);
#9932 = DIRECTION('',(-0.,-0.,-1.));
#9933 = PCURVE('',#1223,#9934);
#9934 = DEFINITIONAL_REPRESENTATION('',(#9935),#9939);
#9935 = LINE('',#9936,#9937);
#9936 = CARTESIAN_POINT('',(21.,0.));
#9937 = VECTOR('',#9938,1.);
#9938 = DIRECTION('',(0.,1.));
#9939 = ( GEOMETRIC_REPRESENTATION_CONTEXT(2) 
PARAMETRIC_REPRESENTATION_CONTEXT() REPRESENTATION_CONTEXT('2D SPACE',''
  ) );
#9940 = PCURVE('',#1197,#9941);
#9941 = DEFINITIONAL_REPRESENTATION('',(#9942),#9946);
#9942 = LINE('',#9943,#9944);
#9943 = CARTESIAN_POINT('',(107.,0.));
#9944 = VECTOR('',#9945,1.);
#9945 = DIRECTION('',(0.,1.));
#9946 = ( GEOMETRIC_REPRESENTATION_CONTEXT(2) 
PARAMETRIC_REPRESENTATION_CONTEXT() REPRESENTATION_CONTEXT('2D SPACE',''
  ) );
#9947 = ORIENTED_EDGE('',*,*,#9948,.T.);
#9948 = EDGE_CURVE('',#9926,#9855,#9949,.T.);
#9949 = SURFACE_CURVE('',#9950,(#9954,#9961),.PCURVE_S1.);
#9950 = LINE('',#9951,#9952);
#9951 = CARTESIAN_POINT('',(-21.,-86.,-1.));
#9952 = VECTOR('',#9953,1.);
#9953 = DIRECTION('',(0.,1.,0.));
#9954 = PCURVE('',#1223,#9955);
#9955 = DEFINITIONAL_REPRESENTATION('',(#9956),#9960);
#9956 = LINE('',#9957,#9958);
#9957 = CARTESIAN_POINT('',(0.,-2.));
#9958 = VECTOR('',#9959,1.);
#9959 = DIRECTION('',(1.,0.));
#9960 = ( GEOMETRIC_REPRESENTATION_CONTEXT(2) 
PARAMETRIC_REPRESENTATION_CONTEXT() REPRESENTATION_CONTEXT('2D SPACE',''
  ) );
#9961 = PCURVE('',#7938,#9962);
#9962 = DEFINITIONAL_REPRESENTATION('',(#9963),#9967);
#9963 = LINE('',#9964,#9965);
#9964 = CARTESIAN_POINT('',(45.,-86.));
#9965 = VECTOR('',#9966,1.);
#9966 = DIRECTION('',(0.,1.));
#9967 = ( GEOMETRIC_REPRESENTATION_CONTEXT(2) 
PARAMETRIC_REPRESENTATION_CONTEXT() REPRESENTATION_CONTEXT('2D SPACE',''
  ) );
#9968 = ORIENTED_EDGE('',*,*,#9854,.F.);
#9969 = ADVANCED_FACE('',(#9970),#1169,.F.);
#9970 = FACE_BOUND('',#9971,.F.);
#9971 = EDGE_LOOP('',(#9972,#9973,#9974,#9997));
#9972 = ORIENTED_EDGE('',*,*,#1153,.F.);
#9973 = ORIENTED_EDGE('',*,*,#9900,.F.);
#9974 = ORIENTED_EDGE('',*,*,#9975,.T.);
#9975 = EDGE_CURVE('',#9878,#9976,#9978,.T.);
#9976 = VERTEX_POINT('',#9977);
#9977 = CARTESIAN_POINT('',(-1.,-65.,-1.));
#9978 = SURFACE_CURVE('',#9979,(#9983,#9990),.PCURVE_S1.);
#9979 = LINE('',#9980,#9981);
#9980 = CARTESIAN_POINT('',(-1.,86.,-1.));
#9981 = VECTOR('',#9982,1.);
#9982 = DIRECTION('',(0.,-1.,0.));
#9983 = PCURVE('',#1169,#9984);
#9984 = DEFINITIONAL_REPRESENTATION('',(#9985),#9989);
#9985 = LINE('',#9986,#9987);
#9986 = CARTESIAN_POINT('',(0.,-2.));
#9987 = VECTOR('',#9988,1.);
#9988 = DIRECTION('',(1.,0.));
#9989 = ( GEOMETRIC_REPRESENTATION_CONTEXT(2) 
PARAMETRIC_REPRESENTATION_CONTEXT() REPRESENTATION_CONTEXT('2D SPACE',''
  ) );
#9990 = PCURVE('',#7938,#9991);
#9991 = DEFINITIONAL_REPRESENTATION('',(#9992),#9996);
#9992 = LINE('',#9993,#9994);
#9993 = CARTESIAN_POINT('',(65.,86.));
#9994 = VECTOR('',#9995,1.);
#9995 = DIRECTION('',(0.,-1.));
#9996 = ( GEOMETRIC_REPRESENTATION_CONTEXT(2) 
PARAMETRIC_REPRESENTATION_CONTEXT() REPRESENTATION_CONTEXT('2D SPACE',''
  ) );
#9997 = ORIENTED_EDGE('',*,*,#9998,.F.);
#9998 = EDGE_CURVE('',#1154,#9976,#9999,.T.);
#9999 = SURFACE_CURVE('',#10000,(#10004,#10011),.PCURVE_S1.);
#10000 = LINE('',#10001,#10002);
#10001 = CARTESIAN_POINT('',(-1.,-65.,-3.));
#10002 = VECTOR('',#10003,1.);
#10003 = DIRECTION('',(0.,0.,1.));
#10004 = PCURVE('',#1169,#10005);
#10005 = DEFINITIONAL_REPRESENTATION('',(#10006),#10010);
#10006 = LINE('',#10007,#10008);
#10007 = CARTESIAN_POINT('',(151.,0.));
#10008 = VECTOR('',#10009,1.);
#10009 = DIRECTION('',(0.,-1.));
#10010 = ( GEOMETRIC_REPRESENTATION_CONTEXT(2) 
PARAMETRIC_REPRESENTATION_CONTEXT() REPRESENTATION_CONTEXT('2D SPACE',''
  ) );
#10011 = PCURVE('',#1197,#10012);
#10012 = DEFINITIONAL_REPRESENTATION('',(#10013),#10017);
#10013 = LINE('',#10014,#10015);
#10014 = CARTESIAN_POINT('',(87.,0.));
#10015 = VECTOR('',#10016,1.);
#10016 = DIRECTION('',(0.,-1.));
#10017 = ( GEOMETRIC_REPRESENTATION_CONTEXT(2) 
PARAMETRIC_REPRESENTATION_CONTEXT() REPRESENTATION_CONTEXT('2D SPACE',''
  ) );
#10018 = ADVANCED_FACE('',(#10019),#1197,.F.);
#10019 = FACE_BOUND('',#10020,.F.);
#10020 = EDGE_LOOP('',(#10021,#10022,#10023,#10044));
#10021 = ORIENTED_EDGE('',*,*,#1181,.F.);
#10022 = ORIENTED_EDGE('',*,*,#9998,.T.);
#10023 = ORIENTED_EDGE('',*,*,#10024,.T.);
#10024 = EDGE_CURVE('',#9976,#9926,#10025,.T.);
#10025 = SURFACE_CURVE('',#10026,(#10030,#10037),.PCURVE_S1.);
#10026 = LINE('',#10027,#10028);
#10027 = CARTESIAN_POINT('',(86.,-65.,-1.));
#10028 = VECTOR('',#10029,1.);
#10029 = DIRECTION('',(-1.,0.,0.));
#10030 = PCURVE('',#1197,#10031);
#10031 = DEFINITIONAL_REPRESENTATION('',(#10032),#10036);
#10032 = LINE('',#10033,#10034);
#10033 = CARTESIAN_POINT('',(0.,-2.));
#10034 = VECTOR('',#10035,1.);
#10035 = DIRECTION('',(1.,0.));
#10036 = ( GEOMETRIC_REPRESENTATION_CONTEXT(2) 
PARAMETRIC_REPRESENTATION_CONTEXT() REPRESENTATION_CONTEXT('2D SPACE',''
  ) );
#10037 = PCURVE('',#7938,#10038);
#10038 = DEFINITIONAL_REPRESENTATION('',(#10039),#10043);
#10039 = LINE('',#10040,#10041);
#10040 = CARTESIAN_POINT('',(152.,-65.));
#10041 = VECTOR('',#10042,1.);
#10042 = DIRECTION('',(-1.,0.));
#10043 = ( GEOMETRIC_REPRESENTATION_CONTEXT(2) 
PARAMETRIC_REPRESENTATION_CONTEXT() REPRESENTATION_CONTEXT('2D SPACE',''
  ) );
#10044 = ORIENTED_EDGE('',*,*,#9925,.T.);
#10045 = ADVANCED_FACE('',(#10046),#1278,.F.);
#10046 = FACE_BOUND('',#10047,.F.);
#10047 = EDGE_LOOP('',(#10048,#10049,#10050,#10073));
#10048 = ORIENTED_EDGE('',*,*,#1262,.F.);
#10049 = ORIENTED_EDGE('',*,*,#8543,.T.);
#10050 = ORIENTED_EDGE('',*,*,#10051,.T.);
#10051 = EDGE_CURVE('',#8544,#10052,#10054,.T.);
#10052 = VERTEX_POINT('',#10053);
#10053 = CARTESIAN_POINT('',(-67.,-23.,-1.));
#10054 = SURFACE_CURVE('',#10055,(#10059,#10066),.PCURVE_S1.);
#10055 = LINE('',#10056,#10057);
#10056 = CARTESIAN_POINT('',(-86.,-23.,-1.));
#10057 = VECTOR('',#10058,1.);
#10058 = DIRECTION('',(1.,0.,0.));
#10059 = PCURVE('',#1278,#10060);
#10060 = DEFINITIONAL_REPRESENTATION('',(#10061),#10065);
#10061 = LINE('',#10062,#10063);
#10062 = CARTESIAN_POINT('',(0.,-2.));
#10063 = VECTOR('',#10064,1.);
#10064 = DIRECTION('',(1.,0.));
#10065 = ( GEOMETRIC_REPRESENTATION_CONTEXT(2) 
PARAMETRIC_REPRESENTATION_CONTEXT() REPRESENTATION_CONTEXT('2D SPACE',''
  ) );
#10066 = PCURVE('',#7938,#10067);
#10067 = DEFINITIONAL_REPRESENTATION('',(#10068),#10072);
#10068 = LINE('',#10069,#10070);
#10069 = CARTESIAN_POINT('',(-20.,-23.));
#10070 = VECTOR('',#10071,1.);
#10071 = DIRECTION('',(1.,0.));
#10072 = ( GEOMETRIC_REPRESENTATION_CONTEXT(2) 
PARAMETRIC_REPRESENTATION_CONTEXT() REPRESENTATION_CONTEXT('2D SPACE',''
  ) );
#10073 = ORIENTED_EDGE('',*,*,#10074,.F.);
#10074 = EDGE_CURVE('',#1263,#10052,#10075,.T.);
#10075 = SURFACE_CURVE('',#10076,(#10080,#10087),.PCURVE_S1.);
#10076 = LINE('',#10077,#10078);
#10077 = CARTESIAN_POINT('',(-67.,-23.,-3.));
#10078 = VECTOR('',#10079,1.);
#10079 = DIRECTION('',(0.,-0.,1.));
#10080 = PCURVE('',#1278,#10081);
#10081 = DEFINITIONAL_REPRESENTATION('',(#10082),#10086);
#10082 = LINE('',#10083,#10084);
#10083 = CARTESIAN_POINT('',(19.,0.));
#10084 = VECTOR('',#10085,1.);
#10085 = DIRECTION('',(0.,-1.));
#10086 = ( GEOMETRIC_REPRESENTATION_CONTEXT(2) 
PARAMETRIC_REPRESENTATION_CONTEXT() REPRESENTATION_CONTEXT('2D SPACE',''
  ) );
#10087 = PCURVE('',#1306,#10088);
#10088 = DEFINITIONAL_REPRESENTATION('',(#10089),#10093);
#10089 = LINE('',#10090,#10091);
#10090 = CARTESIAN_POINT('',(109.,0.));
#10091 = VECTOR('',#10092,1.);
#10092 = DIRECTION('',(0.,-1.));
#10093 = ( GEOMETRIC_REPRESENTATION_CONTEXT(2) 
PARAMETRIC_REPRESENTATION_CONTEXT() REPRESENTATION_CONTEXT('2D SPACE',''
  ) );
#10094 = ADVANCED_FACE('',(#10095),#1332,.F.);
#10095 = FACE_BOUND('',#10096,.F.);
#10096 = EDGE_LOOP('',(#10097,#10098,#10121,#10142));
#10097 = ORIENTED_EDGE('',*,*,#1318,.F.);
#10098 = ORIENTED_EDGE('',*,*,#10099,.F.);
#10099 = EDGE_CURVE('',#10100,#1291,#10102,.T.);
#10100 = VERTEX_POINT('',#10101);
#10101 = CARTESIAN_POINT('',(-67.,-43.,-1.));
#10102 = SURFACE_CURVE('',#10103,(#10107,#10114),.PCURVE_S1.);
#10103 = LINE('',#10104,#10105);
#10104 = CARTESIAN_POINT('',(-67.,-43.,-3.));
#10105 = VECTOR('',#10106,1.);
#10106 = DIRECTION('',(0.,-0.,-1.));
#10107 = PCURVE('',#1332,#10108);
#10108 = DEFINITIONAL_REPRESENTATION('',(#10109),#10113);
#10109 = LINE('',#10110,#10111);
#10110 = CARTESIAN_POINT('',(153.,0.));
#10111 = VECTOR('',#10112,1.);
#10112 = DIRECTION('',(0.,1.));
#10113 = ( GEOMETRIC_REPRESENTATION_CONTEXT(2) 
PARAMETRIC_REPRESENTATION_CONTEXT() REPRESENTATION_CONTEXT('2D SPACE',''
  ) );
#10114 = PCURVE('',#1306,#10115);
#10115 = DEFINITIONAL_REPRESENTATION('',(#10116),#10120);
#10116 = LINE('',#10117,#10118);
#10117 = CARTESIAN_POINT('',(129.,0.));
#10118 = VECTOR('',#10119,1.);
#10119 = DIRECTION('',(0.,1.));
#10120 = ( GEOMETRIC_REPRESENTATION_CONTEXT(2) 
PARAMETRIC_REPRESENTATION_CONTEXT() REPRESENTATION_CONTEXT('2D SPACE',''
  ) );
#10121 = ORIENTED_EDGE('',*,*,#10122,.T.);
#10122 = EDGE_CURVE('',#10100,#8499,#10123,.T.);
#10123 = SURFACE_CURVE('',#10124,(#10128,#10135),.PCURVE_S1.);
#10124 = LINE('',#10125,#10126);
#10125 = CARTESIAN_POINT('',(86.,-43.,-1.));
#10126 = VECTOR('',#10127,1.);
#10127 = DIRECTION('',(-1.,0.,0.));
#10128 = PCURVE('',#1332,#10129);
#10129 = DEFINITIONAL_REPRESENTATION('',(#10130),#10134);
#10130 = LINE('',#10131,#10132);
#10131 = CARTESIAN_POINT('',(0.,-2.));
#10132 = VECTOR('',#10133,1.);
#10133 = DIRECTION('',(1.,0.));
#10134 = ( GEOMETRIC_REPRESENTATION_CONTEXT(2) 
PARAMETRIC_REPRESENTATION_CONTEXT() REPRESENTATION_CONTEXT('2D SPACE',''
  ) );
#10135 = PCURVE('',#7938,#10136);
#10136 = DEFINITIONAL_REPRESENTATION('',(#10137),#10141);
#10137 = LINE('',#10138,#10139);
#10138 = CARTESIAN_POINT('',(152.,-43.));
#10139 = VECTOR('',#10140,1.);
#10140 = DIRECTION('',(-1.,0.));
#10141 = ( GEOMETRIC_REPRESENTATION_CONTEXT(2) 
PARAMETRIC_REPRESENTATION_CONTEXT() REPRESENTATION_CONTEXT('2D SPACE',''
  ) );
#10142 = ORIENTED_EDGE('',*,*,#8521,.F.);
#10143 = ADVANCED_FACE('',(#10144),#1306,.F.);
#10144 = FACE_BOUND('',#10145,.F.);
#10145 = EDGE_LOOP('',(#10146,#10147,#10148,#10169));
#10146 = ORIENTED_EDGE('',*,*,#1290,.F.);
#10147 = ORIENTED_EDGE('',*,*,#10074,.T.);
#10148 = ORIENTED_EDGE('',*,*,#10149,.T.);
#10149 = EDGE_CURVE('',#10052,#10100,#10150,.T.);
#10150 = SURFACE_CURVE('',#10151,(#10155,#10162),.PCURVE_S1.);
#10151 = LINE('',#10152,#10153);
#10152 = CARTESIAN_POINT('',(-67.,86.,-1.));
#10153 = VECTOR('',#10154,1.);
#10154 = DIRECTION('',(0.,-1.,0.));
#10155 = PCURVE('',#1306,#10156);
#10156 = DEFINITIONAL_REPRESENTATION('',(#10157),#10161);
#10157 = LINE('',#10158,#10159);
#10158 = CARTESIAN_POINT('',(0.,-2.));
#10159 = VECTOR('',#10160,1.);
#10160 = DIRECTION('',(1.,0.));
#10161 = ( GEOMETRIC_REPRESENTATION_CONTEXT(2) 
PARAMETRIC_REPRESENTATION_CONTEXT() REPRESENTATION_CONTEXT('2D SPACE',''
  ) );
#10162 = PCURVE('',#7938,#10163);
#10163 = DEFINITIONAL_REPRESENTATION('',(#10164),#10168);
#10164 = LINE('',#10165,#10166);
#10165 = CARTESIAN_POINT('',(-1.,86.));
#10166 = VECTOR('',#10167,1.);
#10167 = DIRECTION('',(0.,-1.));
#10168 = ( GEOMETRIC_REPRESENTATION_CONTEXT(2) 
PARAMETRIC_REPRESENTATION_CONTEXT() REPRESENTATION_CONTEXT('2D SPACE',''
  ) );
#10169 = ORIENTED_EDGE('',*,*,#10099,.T.);
#10170 = ADVANCED_FACE('',(#10171),#1364,.F.);
#10171 = FACE_BOUND('',#10172,.F.);
#10172 = EDGE_LOOP('',(#10173,#10174,#10197,#10220));
#10173 = ORIENTED_EDGE('',*,*,#1346,.F.);
#10174 = ORIENTED_EDGE('',*,*,#10175,.T.);
#10175 = EDGE_CURVE('',#1347,#10176,#10178,.T.);
#10176 = VERTEX_POINT('',#10177);
#10177 = CARTESIAN_POINT('',(-65.,-43.,-1.));
#10178 = SURFACE_CURVE('',#10179,(#10183,#10190),.PCURVE_S1.);
#10179 = LINE('',#10180,#10181);
#10180 = CARTESIAN_POINT('',(-65.,-43.,-3.));
#10181 = VECTOR('',#10182,1.);
#10182 = DIRECTION('',(0.,0.,1.));
#10183 = PCURVE('',#1364,#10184);
#10184 = DEFINITIONAL_REPRESENTATION('',(#10185),#10189);
#10185 = LINE('',#10186,#10187);
#10186 = CARTESIAN_POINT('',(43.,0.));
#10187 = VECTOR('',#10188,1.);
#10188 = DIRECTION('',(0.,-1.));
#10189 = ( GEOMETRIC_REPRESENTATION_CONTEXT(2) 
PARAMETRIC_REPRESENTATION_CONTEXT() REPRESENTATION_CONTEXT('2D SPACE',''
  ) );
#10190 = PCURVE('',#1446,#10191);
#10191 = DEFINITIONAL_REPRESENTATION('',(#10192),#10196);
#10192 = LINE('',#10193,#10194);
#10193 = CARTESIAN_POINT('',(151.,0.));
#10194 = VECTOR('',#10195,1.);
#10195 = DIRECTION('',(0.,-1.));
#10196 = ( GEOMETRIC_REPRESENTATION_CONTEXT(2) 
PARAMETRIC_REPRESENTATION_CONTEXT() REPRESENTATION_CONTEXT('2D SPACE',''
  ) );
#10197 = ORIENTED_EDGE('',*,*,#10198,.T.);
#10198 = EDGE_CURVE('',#10176,#10199,#10201,.T.);
#10199 = VERTEX_POINT('',#10200);
#10200 = CARTESIAN_POINT('',(-65.,-23.,-1.));
#10201 = SURFACE_CURVE('',#10202,(#10206,#10213),.PCURVE_S1.);
#10202 = LINE('',#10203,#10204);
#10203 = CARTESIAN_POINT('',(-65.,-86.,-1.));
#10204 = VECTOR('',#10205,1.);
#10205 = DIRECTION('',(0.,1.,0.));
#10206 = PCURVE('',#1364,#10207);
#10207 = DEFINITIONAL_REPRESENTATION('',(#10208),#10212);
#10208 = LINE('',#10209,#10210);
#10209 = CARTESIAN_POINT('',(0.,-2.));
#10210 = VECTOR('',#10211,1.);
#10211 = DIRECTION('',(1.,0.));
#10212 = ( GEOMETRIC_REPRESENTATION_CONTEXT(2) 
PARAMETRIC_REPRESENTATION_CONTEXT() REPRESENTATION_CONTEXT('2D SPACE',''
  ) );
#10213 = PCURVE('',#7938,#10214);
#10214 = DEFINITIONAL_REPRESENTATION('',(#10215),#10219);
#10215 = LINE('',#10216,#10217);
#10216 = CARTESIAN_POINT('',(1.,-86.));
#10217 = VECTOR('',#10218,1.);
#10218 = DIRECTION('',(0.,1.));
#10219 = ( GEOMETRIC_REPRESENTATION_CONTEXT(2) 
PARAMETRIC_REPRESENTATION_CONTEXT() REPRESENTATION_CONTEXT('2D SPACE',''
  ) );
#10220 = ORIENTED_EDGE('',*,*,#10221,.T.);
#10221 = EDGE_CURVE('',#10199,#1349,#10222,.T.);
#10222 = SURFACE_CURVE('',#10223,(#10227,#10234),.PCURVE_S1.);
#10223 = LINE('',#10224,#10225);
#10224 = CARTESIAN_POINT('',(-65.,-23.,-3.));
#10225 = VECTOR('',#10226,1.);
#10226 = DIRECTION('',(0.,0.,-1.));
#10227 = PCURVE('',#1364,#10228);
#10228 = DEFINITIONAL_REPRESENTATION('',(#10229),#10233);
#10229 = LINE('',#10230,#10231);
#10230 = CARTESIAN_POINT('',(63.,0.));
#10231 = VECTOR('',#10232,1.);
#10232 = DIRECTION('',(0.,1.));
#10233 = ( GEOMETRIC_REPRESENTATION_CONTEXT(2) 
PARAMETRIC_REPRESENTATION_CONTEXT() REPRESENTATION_CONTEXT('2D SPACE',''
  ) );
#10234 = PCURVE('',#1392,#10235);
#10235 = DEFINITIONAL_REPRESENTATION('',(#10236),#10240);
#10236 = LINE('',#10237,#10238);
#10237 = CARTESIAN_POINT('',(21.,0.));
#10238 = VECTOR('',#10239,1.);
#10239 = DIRECTION('',(0.,1.));
#10240 = ( GEOMETRIC_REPRESENTATION_CONTEXT(2) 
PARAMETRIC_REPRESENTATION_CONTEXT() REPRESENTATION_CONTEXT('2D SPACE',''
  ) );
#10241 = ADVANCED_FACE('',(#10242),#1446,.F.);
#10242 = FACE_BOUND('',#10243,.F.);
#10243 = EDGE_LOOP('',(#10244,#10245,#10268,#10289));
#10244 = ORIENTED_EDGE('',*,*,#1432,.F.);
#10245 = ORIENTED_EDGE('',*,*,#10246,.F.);
#10246 = EDGE_CURVE('',#10247,#1405,#10249,.T.);
#10247 = VERTEX_POINT('',#10248);
#10248 = CARTESIAN_POINT('',(-45.,-43.,-1.));
#10249 = SURFACE_CURVE('',#10250,(#10254,#10261),.PCURVE_S1.);
#10250 = LINE('',#10251,#10252);
#10251 = CARTESIAN_POINT('',(-45.,-43.,-3.));
#10252 = VECTOR('',#10253,1.);
#10253 = DIRECTION('',(0.,-0.,-1.));
#10254 = PCURVE('',#1446,#10255);
#10255 = DEFINITIONAL_REPRESENTATION('',(#10256),#10260);
#10256 = LINE('',#10257,#10258);
#10257 = CARTESIAN_POINT('',(131.,0.));
#10258 = VECTOR('',#10259,1.);
#10259 = DIRECTION('',(0.,1.));
#10260 = ( GEOMETRIC_REPRESENTATION_CONTEXT(2) 
PARAMETRIC_REPRESENTATION_CONTEXT() REPRESENTATION_CONTEXT('2D SPACE',''
  ) );
#10261 = PCURVE('',#1420,#10262);
#10262 = DEFINITIONAL_REPRESENTATION('',(#10263),#10267);
#10263 = LINE('',#10264,#10265);
#10264 = CARTESIAN_POINT('',(129.,0.));
#10265 = VECTOR('',#10266,1.);
#10266 = DIRECTION('',(0.,1.));
#10267 = ( GEOMETRIC_REPRESENTATION_CONTEXT(2) 
PARAMETRIC_REPRESENTATION_CONTEXT() REPRESENTATION_CONTEXT('2D SPACE',''
  ) );
#10268 = ORIENTED_EDGE('',*,*,#10269,.T.);
#10269 = EDGE_CURVE('',#10247,#10176,#10270,.T.);
#10270 = SURFACE_CURVE('',#10271,(#10275,#10282),.PCURVE_S1.);
#10271 = LINE('',#10272,#10273);
#10272 = CARTESIAN_POINT('',(86.,-43.,-1.));
#10273 = VECTOR('',#10274,1.);
#10274 = DIRECTION('',(-1.,0.,0.));
#10275 = PCURVE('',#1446,#10276);
#10276 = DEFINITIONAL_REPRESENTATION('',(#10277),#10281);
#10277 = LINE('',#10278,#10279);
#10278 = CARTESIAN_POINT('',(0.,-2.));
#10279 = VECTOR('',#10280,1.);
#10280 = DIRECTION('',(1.,0.));
#10281 = ( GEOMETRIC_REPRESENTATION_CONTEXT(2) 
PARAMETRIC_REPRESENTATION_CONTEXT() REPRESENTATION_CONTEXT('2D SPACE',''
  ) );
#10282 = PCURVE('',#7938,#10283);
#10283 = DEFINITIONAL_REPRESENTATION('',(#10284),#10288);
#10284 = LINE('',#10285,#10286);
#10285 = CARTESIAN_POINT('',(152.,-43.));
#10286 = VECTOR('',#10287,1.);
#10287 = DIRECTION('',(-1.,0.));
#10288 = ( GEOMETRIC_REPRESENTATION_CONTEXT(2) 
PARAMETRIC_REPRESENTATION_CONTEXT() REPRESENTATION_CONTEXT('2D SPACE',''
  ) );
#10289 = ORIENTED_EDGE('',*,*,#10175,.F.);
#10290 = ADVANCED_FACE('',(#10291),#1392,.F.);
#10291 = FACE_BOUND('',#10292,.F.);
#10292 = EDGE_LOOP('',(#10293,#10294,#10295,#10318));
#10293 = ORIENTED_EDGE('',*,*,#1376,.F.);
#10294 = ORIENTED_EDGE('',*,*,#10221,.F.);
#10295 = ORIENTED_EDGE('',*,*,#10296,.T.);
#10296 = EDGE_CURVE('',#10199,#10297,#10299,.T.);
#10297 = VERTEX_POINT('',#10298);
#10298 = CARTESIAN_POINT('',(-45.,-23.,-1.));
#10299 = SURFACE_CURVE('',#10300,(#10304,#10311),.PCURVE_S1.);
#10300 = LINE('',#10301,#10302);
#10301 = CARTESIAN_POINT('',(-86.,-23.,-1.));
#10302 = VECTOR('',#10303,1.);
#10303 = DIRECTION('',(1.,0.,0.));
#10304 = PCURVE('',#1392,#10305);
#10305 = DEFINITIONAL_REPRESENTATION('',(#10306),#10310);
#10306 = LINE('',#10307,#10308);
#10307 = CARTESIAN_POINT('',(0.,-2.));
#10308 = VECTOR('',#10309,1.);
#10309 = DIRECTION('',(1.,0.));
#10310 = ( GEOMETRIC_REPRESENTATION_CONTEXT(2) 
PARAMETRIC_REPRESENTATION_CONTEXT() REPRESENTATION_CONTEXT('2D SPACE',''
  ) );
#10311 = PCURVE('',#7938,#10312);
#10312 = DEFINITIONAL_REPRESENTATION('',(#10313),#10317);
#10313 = LINE('',#10314,#10315);
#10314 = CARTESIAN_POINT('',(-20.,-23.));
#10315 = VECTOR('',#10316,1.);
#10316 = DIRECTION('',(1.,0.));
#10317 = ( GEOMETRIC_REPRESENTATION_CONTEXT(2) 
PARAMETRIC_REPRESENTATION_CONTEXT() REPRESENTATION_CONTEXT('2D SPACE',''
  ) );
#10318 = ORIENTED_EDGE('',*,*,#10319,.F.);
#10319 = EDGE_CURVE('',#1377,#10297,#10320,.T.);
#10320 = SURFACE_CURVE('',#10321,(#10325,#10332),.PCURVE_S1.);
#10321 = LINE('',#10322,#10323);
#10322 = CARTESIAN_POINT('',(-45.,-23.,-3.));
#10323 = VECTOR('',#10324,1.);
#10324 = DIRECTION('',(0.,-0.,1.));
#10325 = PCURVE('',#1392,#10326);
#10326 = DEFINITIONAL_REPRESENTATION('',(#10327),#10331);
#10327 = LINE('',#10328,#10329);
#10328 = CARTESIAN_POINT('',(41.,0.));
#10329 = VECTOR('',#10330,1.);
#10330 = DIRECTION('',(0.,-1.));
#10331 = ( GEOMETRIC_REPRESENTATION_CONTEXT(2) 
PARAMETRIC_REPRESENTATION_CONTEXT() REPRESENTATION_CONTEXT('2D SPACE',''
  ) );
#10332 = PCURVE('',#1420,#10333);
#10333 = DEFINITIONAL_REPRESENTATION('',(#10334),#10338);
#10334 = LINE('',#10335,#10336);
#10335 = CARTESIAN_POINT('',(109.,0.));
#10336 = VECTOR('',#10337,1.);
#10337 = DIRECTION('',(0.,-1.));
#10338 = ( GEOMETRIC_REPRESENTATION_CONTEXT(2) 
PARAMETRIC_REPRESENTATION_CONTEXT() REPRESENTATION_CONTEXT('2D SPACE',''
  ) );
#10339 = ADVANCED_FACE('',(#10340),#1420,.F.);
#10340 = FACE_BOUND('',#10341,.F.);
#10341 = EDGE_LOOP('',(#10342,#10343,#10344,#10365));
#10342 = ORIENTED_EDGE('',*,*,#1404,.F.);
#10343 = ORIENTED_EDGE('',*,*,#10319,.T.);
#10344 = ORIENTED_EDGE('',*,*,#10345,.T.);
#10345 = EDGE_CURVE('',#10297,#10247,#10346,.T.);
#10346 = SURFACE_CURVE('',#10347,(#10351,#10358),.PCURVE_S1.);
#10347 = LINE('',#10348,#10349);
#10348 = CARTESIAN_POINT('',(-45.,86.,-1.));
#10349 = VECTOR('',#10350,1.);
#10350 = DIRECTION('',(0.,-1.,0.));
#10351 = PCURVE('',#1420,#10352);
#10352 = DEFINITIONAL_REPRESENTATION('',(#10353),#10357);
#10353 = LINE('',#10354,#10355);
#10354 = CARTESIAN_POINT('',(0.,-2.));
#10355 = VECTOR('',#10356,1.);
#10356 = DIRECTION('',(1.,0.));
#10357 = ( GEOMETRIC_REPRESENTATION_CONTEXT(2) 
PARAMETRIC_REPRESENTATION_CONTEXT() REPRESENTATION_CONTEXT('2D SPACE',''
  ) );
#10358 = PCURVE('',#7938,#10359);
#10359 = DEFINITIONAL_REPRESENTATION('',(#10360),#10364);
#10360 = LINE('',#10361,#10362);
#10361 = CARTESIAN_POINT('',(21.,86.));
#10362 = VECTOR('',#10363,1.);
#10363 = DIRECTION('',(0.,-1.));
#10364 = ( GEOMETRIC_REPRESENTATION_CONTEXT(2) 
PARAMETRIC_REPRESENTATION_CONTEXT() REPRESENTATION_CONTEXT('2D SPACE',''
  ) );
#10365 = ORIENTED_EDGE('',*,*,#10246,.T.);
#10366 = ADVANCED_FACE('',(#10367),#1501,.F.);
#10367 = FACE_BOUND('',#10368,.F.);
#10368 = EDGE_LOOP('',(#10369,#10370,#10371,#10394));
#10369 = ORIENTED_EDGE('',*,*,#1485,.F.);
#10370 = ORIENTED_EDGE('',*,*,#8611,.T.);
#10371 = ORIENTED_EDGE('',*,*,#10372,.T.);
#10372 = EDGE_CURVE('',#8612,#10373,#10375,.T.);
#10373 = VERTEX_POINT('',#10374);
#10374 = CARTESIAN_POINT('',(-67.,-1.,-1.));
#10375 = SURFACE_CURVE('',#10376,(#10380,#10387),.PCURVE_S1.);
#10376 = LINE('',#10377,#10378);
#10377 = CARTESIAN_POINT('',(-86.,-1.,-1.));
#10378 = VECTOR('',#10379,1.);
#10379 = DIRECTION('',(1.,0.,0.));
#10380 = PCURVE('',#1501,#10381);
#10381 = DEFINITIONAL_REPRESENTATION('',(#10382),#10386);
#10382 = LINE('',#10383,#10384);
#10383 = CARTESIAN_POINT('',(0.,-2.));
#10384 = VECTOR('',#10385,1.);
#10385 = DIRECTION('',(1.,0.));
#10386 = ( GEOMETRIC_REPRESENTATION_CONTEXT(2) 
PARAMETRIC_REPRESENTATION_CONTEXT() REPRESENTATION_CONTEXT('2D SPACE',''
  ) );
#10387 = PCURVE('',#7938,#10388);
#10388 = DEFINITIONAL_REPRESENTATION('',(#10389),#10393);
#10389 = LINE('',#10390,#10391);
#10390 = CARTESIAN_POINT('',(-20.,-1.));
#10391 = VECTOR('',#10392,1.);
#10392 = DIRECTION('',(1.,0.));
#10393 = ( GEOMETRIC_REPRESENTATION_CONTEXT(2) 
PARAMETRIC_REPRESENTATION_CONTEXT() REPRESENTATION_CONTEXT('2D SPACE',''
  ) );
#10394 = ORIENTED_EDGE('',*,*,#10395,.F.);
#10395 = EDGE_CURVE('',#1486,#10373,#10396,.T.);
#10396 = SURFACE_CURVE('',#10397,(#10401,#10408),.PCURVE_S1.);
#10397 = LINE('',#10398,#10399);
#10398 = CARTESIAN_POINT('',(-67.,-1.,-3.));
#10399 = VECTOR('',#10400,1.);
#10400 = DIRECTION('',(0.,-0.,1.));
#10401 = PCURVE('',#1501,#10402);
#10402 = DEFINITIONAL_REPRESENTATION('',(#10403),#10407);
#10403 = LINE('',#10404,#10405);
#10404 = CARTESIAN_POINT('',(19.,0.));
#10405 = VECTOR('',#10406,1.);
#10406 = DIRECTION('',(0.,-1.));
#10407 = ( GEOMETRIC_REPRESENTATION_CONTEXT(2) 
PARAMETRIC_REPRESENTATION_CONTEXT() REPRESENTATION_CONTEXT('2D SPACE',''
  ) );
#10408 = PCURVE('',#1529,#10409);
#10409 = DEFINITIONAL_REPRESENTATION('',(#10410),#10414);
#10410 = LINE('',#10411,#10412);
#10411 = CARTESIAN_POINT('',(87.,0.));
#10412 = VECTOR('',#10413,1.);
#10413 = DIRECTION('',(0.,-1.));
#10414 = ( GEOMETRIC_REPRESENTATION_CONTEXT(2) 
PARAMETRIC_REPRESENTATION_CONTEXT() REPRESENTATION_CONTEXT('2D SPACE',''
  ) );
#10415 = ADVANCED_FACE('',(#10416),#1555,.F.);
#10416 = FACE_BOUND('',#10417,.F.);
#10417 = EDGE_LOOP('',(#10418,#10419,#10442,#10463));
#10418 = ORIENTED_EDGE('',*,*,#1541,.F.);
#10419 = ORIENTED_EDGE('',*,*,#10420,.F.);
#10420 = EDGE_CURVE('',#10421,#1514,#10423,.T.);
#10421 = VERTEX_POINT('',#10422);
#10422 = CARTESIAN_POINT('',(-67.,-21.,-1.));
#10423 = SURFACE_CURVE('',#10424,(#10428,#10435),.PCURVE_S1.);
#10424 = LINE('',#10425,#10426);
#10425 = CARTESIAN_POINT('',(-67.,-21.,-3.));
#10426 = VECTOR('',#10427,1.);
#10427 = DIRECTION('',(0.,-0.,-1.));
#10428 = PCURVE('',#1555,#10429);
#10429 = DEFINITIONAL_REPRESENTATION('',(#10430),#10434);
#10430 = LINE('',#10431,#10432);
#10431 = CARTESIAN_POINT('',(153.,0.));
#10432 = VECTOR('',#10433,1.);
#10433 = DIRECTION('',(0.,1.));
#10434 = ( GEOMETRIC_REPRESENTATION_CONTEXT(2) 
PARAMETRIC_REPRESENTATION_CONTEXT() REPRESENTATION_CONTEXT('2D SPACE',''
  ) );
#10435 = PCURVE('',#1529,#10436);
#10436 = DEFINITIONAL_REPRESENTATION('',(#10437),#10441);
#10437 = LINE('',#10438,#10439);
#10438 = CARTESIAN_POINT('',(107.,0.));
#10439 = VECTOR('',#10440,1.);
#10440 = DIRECTION('',(0.,1.));
#10441 = ( GEOMETRIC_REPRESENTATION_CONTEXT(2) 
PARAMETRIC_REPRESENTATION_CONTEXT() REPRESENTATION_CONTEXT('2D SPACE',''
  ) );
#10442 = ORIENTED_EDGE('',*,*,#10443,.T.);
#10443 = EDGE_CURVE('',#10421,#8567,#10444,.T.);
#10444 = SURFACE_CURVE('',#10445,(#10449,#10456),.PCURVE_S1.);
#10445 = LINE('',#10446,#10447);
#10446 = CARTESIAN_POINT('',(86.,-21.,-1.));
#10447 = VECTOR('',#10448,1.);
#10448 = DIRECTION('',(-1.,0.,0.));
#10449 = PCURVE('',#1555,#10450);
#10450 = DEFINITIONAL_REPRESENTATION('',(#10451),#10455);
#10451 = LINE('',#10452,#10453);
#10452 = CARTESIAN_POINT('',(0.,-2.));
#10453 = VECTOR('',#10454,1.);
#10454 = DIRECTION('',(1.,0.));
#10455 = ( GEOMETRIC_REPRESENTATION_CONTEXT(2) 
PARAMETRIC_REPRESENTATION_CONTEXT() REPRESENTATION_CONTEXT('2D SPACE',''
  ) );
#10456 = PCURVE('',#7938,#10457);
#10457 = DEFINITIONAL_REPRESENTATION('',(#10458),#10462);
#10458 = LINE('',#10459,#10460);
#10459 = CARTESIAN_POINT('',(152.,-21.));
#10460 = VECTOR('',#10461,1.);
#10461 = DIRECTION('',(-1.,0.));
#10462 = ( GEOMETRIC_REPRESENTATION_CONTEXT(2) 
PARAMETRIC_REPRESENTATION_CONTEXT() REPRESENTATION_CONTEXT('2D SPACE',''
  ) );
#10463 = ORIENTED_EDGE('',*,*,#8589,.F.);
#10464 = ADVANCED_FACE('',(#10465),#1529,.F.);
#10465 = FACE_BOUND('',#10466,.F.);
#10466 = EDGE_LOOP('',(#10467,#10468,#10469,#10490));
#10467 = ORIENTED_EDGE('',*,*,#1513,.F.);
#10468 = ORIENTED_EDGE('',*,*,#10395,.T.);
#10469 = ORIENTED_EDGE('',*,*,#10470,.T.);
#10470 = EDGE_CURVE('',#10373,#10421,#10471,.T.);
#10471 = SURFACE_CURVE('',#10472,(#10476,#10483),.PCURVE_S1.);
#10472 = LINE('',#10473,#10474);
#10473 = CARTESIAN_POINT('',(-67.,86.,-1.));
#10474 = VECTOR('',#10475,1.);
#10475 = DIRECTION('',(0.,-1.,0.));
#10476 = PCURVE('',#1529,#10477);
#10477 = DEFINITIONAL_REPRESENTATION('',(#10478),#10482);
#10478 = LINE('',#10479,#10480);
#10479 = CARTESIAN_POINT('',(0.,-2.));
#10480 = VECTOR('',#10481,1.);
#10481 = DIRECTION('',(1.,0.));
#10482 = ( GEOMETRIC_REPRESENTATION_CONTEXT(2) 
PARAMETRIC_REPRESENTATION_CONTEXT() REPRESENTATION_CONTEXT('2D SPACE',''
  ) );
#10483 = PCURVE('',#7938,#10484);
#10484 = DEFINITIONAL_REPRESENTATION('',(#10485),#10489);
#10485 = LINE('',#10486,#10487);
#10486 = CARTESIAN_POINT('',(-1.,86.));
#10487 = VECTOR('',#10488,1.);
#10488 = DIRECTION('',(0.,-1.));
#10489 = ( GEOMETRIC_REPRESENTATION_CONTEXT(2) 
PARAMETRIC_REPRESENTATION_CONTEXT() REPRESENTATION_CONTEXT('2D SPACE',''
  ) );
#10490 = ORIENTED_EDGE('',*,*,#10420,.T.);
#10491 = ADVANCED_FACE('',(#10492),#1587,.F.);
#10492 = FACE_BOUND('',#10493,.F.);
#10493 = EDGE_LOOP('',(#10494,#10495,#10518,#10541));
#10494 = ORIENTED_EDGE('',*,*,#1569,.F.);
#10495 = ORIENTED_EDGE('',*,*,#10496,.T.);
#10496 = EDGE_CURVE('',#1570,#10497,#10499,.T.);
#10497 = VERTEX_POINT('',#10498);
#10498 = CARTESIAN_POINT('',(-65.,-21.,-1.));
#10499 = SURFACE_CURVE('',#10500,(#10504,#10511),.PCURVE_S1.);
#10500 = LINE('',#10501,#10502);
#10501 = CARTESIAN_POINT('',(-65.,-21.,-3.));
#10502 = VECTOR('',#10503,1.);
#10503 = DIRECTION('',(0.,0.,1.));
#10504 = PCURVE('',#1587,#10505);
#10505 = DEFINITIONAL_REPRESENTATION('',(#10506),#10510);
#10506 = LINE('',#10507,#10508);
#10507 = CARTESIAN_POINT('',(65.,0.));
#10508 = VECTOR('',#10509,1.);
#10509 = DIRECTION('',(0.,-1.));
#10510 = ( GEOMETRIC_REPRESENTATION_CONTEXT(2) 
PARAMETRIC_REPRESENTATION_CONTEXT() REPRESENTATION_CONTEXT('2D SPACE',''
  ) );
#10511 = PCURVE('',#1669,#10512);
#10512 = DEFINITIONAL_REPRESENTATION('',(#10513),#10517);
#10513 = LINE('',#10514,#10515);
#10514 = CARTESIAN_POINT('',(151.,0.));
#10515 = VECTOR('',#10516,1.);
#10516 = DIRECTION('',(0.,-1.));
#10517 = ( GEOMETRIC_REPRESENTATION_CONTEXT(2) 
PARAMETRIC_REPRESENTATION_CONTEXT() REPRESENTATION_CONTEXT('2D SPACE',''
  ) );
#10518 = ORIENTED_EDGE('',*,*,#10519,.T.);
#10519 = EDGE_CURVE('',#10497,#10520,#10522,.T.);
#10520 = VERTEX_POINT('',#10521);
#10521 = CARTESIAN_POINT('',(-65.,-1.,-1.));
#10522 = SURFACE_CURVE('',#10523,(#10527,#10534),.PCURVE_S1.);
#10523 = LINE('',#10524,#10525);
#10524 = CARTESIAN_POINT('',(-65.,-86.,-1.));
#10525 = VECTOR('',#10526,1.);
#10526 = DIRECTION('',(0.,1.,0.));
#10527 = PCURVE('',#1587,#10528);
#10528 = DEFINITIONAL_REPRESENTATION('',(#10529),#10533);
#10529 = LINE('',#10530,#10531);
#10530 = CARTESIAN_POINT('',(0.,-2.));
#10531 = VECTOR('',#10532,1.);
#10532 = DIRECTION('',(1.,0.));
#10533 = ( GEOMETRIC_REPRESENTATION_CONTEXT(2) 
PARAMETRIC_REPRESENTATION_CONTEXT() REPRESENTATION_CONTEXT('2D SPACE',''
  ) );
#10534 = PCURVE('',#7938,#10535);
#10535 = DEFINITIONAL_REPRESENTATION('',(#10536),#10540);
#10536 = LINE('',#10537,#10538);
#10537 = CARTESIAN_POINT('',(1.,-86.));
#10538 = VECTOR('',#10539,1.);
#10539 = DIRECTION('',(0.,1.));
#10540 = ( GEOMETRIC_REPRESENTATION_CONTEXT(2) 
PARAMETRIC_REPRESENTATION_CONTEXT() REPRESENTATION_CONTEXT('2D SPACE',''
  ) );
#10541 = ORIENTED_EDGE('',*,*,#10542,.T.);
#10542 = EDGE_CURVE('',#10520,#1572,#10543,.T.);
#10543 = SURFACE_CURVE('',#10544,(#10548,#10555),.PCURVE_S1.);
#10544 = LINE('',#10545,#10546);
#10545 = CARTESIAN_POINT('',(-65.,-1.,-3.));
#10546 = VECTOR('',#10547,1.);
#10547 = DIRECTION('',(0.,0.,-1.));
#10548 = PCURVE('',#1587,#10549);
#10549 = DEFINITIONAL_REPRESENTATION('',(#10550),#10554);
#10550 = LINE('',#10551,#10552);
#10551 = CARTESIAN_POINT('',(85.,0.));
#10552 = VECTOR('',#10553,1.);
#10553 = DIRECTION('',(0.,1.));
#10554 = ( GEOMETRIC_REPRESENTATION_CONTEXT(2) 
PARAMETRIC_REPRESENTATION_CONTEXT() REPRESENTATION_CONTEXT('2D SPACE',''
  ) );
#10555 = PCURVE('',#1615,#10556);
#10556 = DEFINITIONAL_REPRESENTATION('',(#10557),#10561);
#10557 = LINE('',#10558,#10559);
#10558 = CARTESIAN_POINT('',(21.,0.));
#10559 = VECTOR('',#10560,1.);
#10560 = DIRECTION('',(0.,1.));
#10561 = ( GEOMETRIC_REPRESENTATION_CONTEXT(2) 
PARAMETRIC_REPRESENTATION_CONTEXT() REPRESENTATION_CONTEXT('2D SPACE',''
  ) );
#10562 = ADVANCED_FACE('',(#10563),#1669,.F.);
#10563 = FACE_BOUND('',#10564,.F.);
#10564 = EDGE_LOOP('',(#10565,#10566,#10589,#10610));
#10565 = ORIENTED_EDGE('',*,*,#1655,.F.);
#10566 = ORIENTED_EDGE('',*,*,#10567,.F.);
#10567 = EDGE_CURVE('',#10568,#1628,#10570,.T.);
#10568 = VERTEX_POINT('',#10569);
#10569 = CARTESIAN_POINT('',(-45.,-21.,-1.));
#10570 = SURFACE_CURVE('',#10571,(#10575,#10582),.PCURVE_S1.);
#10571 = LINE('',#10572,#10573);
#10572 = CARTESIAN_POINT('',(-45.,-21.,-3.));
#10573 = VECTOR('',#10574,1.);
#10574 = DIRECTION('',(0.,-0.,-1.));
#10575 = PCURVE('',#1669,#10576);
#10576 = DEFINITIONAL_REPRESENTATION('',(#10577),#10581);
#10577 = LINE('',#10578,#10579);
#10578 = CARTESIAN_POINT('',(131.,0.));
#10579 = VECTOR('',#10580,1.);
#10580 = DIRECTION('',(0.,1.));
#10581 = ( GEOMETRIC_REPRESENTATION_CONTEXT(2) 
PARAMETRIC_REPRESENTATION_CONTEXT() REPRESENTATION_CONTEXT('2D SPACE',''
  ) );
#10582 = PCURVE('',#1643,#10583);
#10583 = DEFINITIONAL_REPRESENTATION('',(#10584),#10588);
#10584 = LINE('',#10585,#10586);
#10585 = CARTESIAN_POINT('',(107.,0.));
#10586 = VECTOR('',#10587,1.);
#10587 = DIRECTION('',(0.,1.));
#10588 = ( GEOMETRIC_REPRESENTATION_CONTEXT(2) 
PARAMETRIC_REPRESENTATION_CONTEXT() REPRESENTATION_CONTEXT('2D SPACE',''
  ) );
#10589 = ORIENTED_EDGE('',*,*,#10590,.T.);
#10590 = EDGE_CURVE('',#10568,#10497,#10591,.T.);
#10591 = SURFACE_CURVE('',#10592,(#10596,#10603),.PCURVE_S1.);
#10592 = LINE('',#10593,#10594);
#10593 = CARTESIAN_POINT('',(86.,-21.,-1.));
#10594 = VECTOR('',#10595,1.);
#10595 = DIRECTION('',(-1.,0.,0.));
#10596 = PCURVE('',#1669,#10597);
#10597 = DEFINITIONAL_REPRESENTATION('',(#10598),#10602);
#10598 = LINE('',#10599,#10600);
#10599 = CARTESIAN_POINT('',(0.,-2.));
#10600 = VECTOR('',#10601,1.);
#10601 = DIRECTION('',(1.,0.));
#10602 = ( GEOMETRIC_REPRESENTATION_CONTEXT(2) 
PARAMETRIC_REPRESENTATION_CONTEXT() REPRESENTATION_CONTEXT('2D SPACE',''
  ) );
#10603 = PCURVE('',#7938,#10604);
#10604 = DEFINITIONAL_REPRESENTATION('',(#10605),#10609);
#10605 = LINE('',#10606,#10607);
#10606 = CARTESIAN_POINT('',(152.,-21.));
#10607 = VECTOR('',#10608,1.);
#10608 = DIRECTION('',(-1.,0.));
#10609 = ( GEOMETRIC_REPRESENTATION_CONTEXT(2) 
PARAMETRIC_REPRESENTATION_CONTEXT() REPRESENTATION_CONTEXT('2D SPACE',''
  ) );
#10610 = ORIENTED_EDGE('',*,*,#10496,.F.);
#10611 = ADVANCED_FACE('',(#10612),#1615,.F.);
#10612 = FACE_BOUND('',#10613,.F.);
#10613 = EDGE_LOOP('',(#10614,#10615,#10616,#10639));
#10614 = ORIENTED_EDGE('',*,*,#1599,.F.);
#10615 = ORIENTED_EDGE('',*,*,#10542,.F.);
#10616 = ORIENTED_EDGE('',*,*,#10617,.T.);
#10617 = EDGE_CURVE('',#10520,#10618,#10620,.T.);
#10618 = VERTEX_POINT('',#10619);
#10619 = CARTESIAN_POINT('',(-45.,-1.,-1.));
#10620 = SURFACE_CURVE('',#10621,(#10625,#10632),.PCURVE_S1.);
#10621 = LINE('',#10622,#10623);
#10622 = CARTESIAN_POINT('',(-86.,-1.,-1.));
#10623 = VECTOR('',#10624,1.);
#10624 = DIRECTION('',(1.,0.,0.));
#10625 = PCURVE('',#1615,#10626);
#10626 = DEFINITIONAL_REPRESENTATION('',(#10627),#10631);
#10627 = LINE('',#10628,#10629);
#10628 = CARTESIAN_POINT('',(0.,-2.));
#10629 = VECTOR('',#10630,1.);
#10630 = DIRECTION('',(1.,0.));
#10631 = ( GEOMETRIC_REPRESENTATION_CONTEXT(2) 
PARAMETRIC_REPRESENTATION_CONTEXT() REPRESENTATION_CONTEXT('2D SPACE',''
  ) );
#10632 = PCURVE('',#7938,#10633);
#10633 = DEFINITIONAL_REPRESENTATION('',(#10634),#10638);
#10634 = LINE('',#10635,#10636);
#10635 = CARTESIAN_POINT('',(-20.,-1.));
#10636 = VECTOR('',#10637,1.);
#10637 = DIRECTION('',(1.,0.));
#10638 = ( GEOMETRIC_REPRESENTATION_CONTEXT(2) 
PARAMETRIC_REPRESENTATION_CONTEXT() REPRESENTATION_CONTEXT('2D SPACE',''
  ) );
#10639 = ORIENTED_EDGE('',*,*,#10640,.F.);
#10640 = EDGE_CURVE('',#1600,#10618,#10641,.T.);
#10641 = SURFACE_CURVE('',#10642,(#10646,#10653),.PCURVE_S1.);
#10642 = LINE('',#10643,#10644);
#10643 = CARTESIAN_POINT('',(-45.,-1.,-3.));
#10644 = VECTOR('',#10645,1.);
#10645 = DIRECTION('',(0.,-0.,1.));
#10646 = PCURVE('',#1615,#10647);
#10647 = DEFINITIONAL_REPRESENTATION('',(#10648),#10652);
#10648 = LINE('',#10649,#10650);
#10649 = CARTESIAN_POINT('',(41.,0.));
#10650 = VECTOR('',#10651,1.);
#10651 = DIRECTION('',(0.,-1.));
#10652 = ( GEOMETRIC_REPRESENTATION_CONTEXT(2) 
PARAMETRIC_REPRESENTATION_CONTEXT() REPRESENTATION_CONTEXT('2D SPACE',''
  ) );
#10653 = PCURVE('',#1643,#10654);
#10654 = DEFINITIONAL_REPRESENTATION('',(#10655),#10659);
#10655 = LINE('',#10656,#10657);
#10656 = CARTESIAN_POINT('',(87.,0.));
#10657 = VECTOR('',#10658,1.);
#10658 = DIRECTION('',(0.,-1.));
#10659 = ( GEOMETRIC_REPRESENTATION_CONTEXT(2) 
PARAMETRIC_REPRESENTATION_CONTEXT() REPRESENTATION_CONTEXT('2D SPACE',''
  ) );
#10660 = ADVANCED_FACE('',(#10661),#1643,.F.);
#10661 = FACE_BOUND('',#10662,.F.);
#10662 = EDGE_LOOP('',(#10663,#10664,#10665,#10686));
#10663 = ORIENTED_EDGE('',*,*,#1627,.F.);
#10664 = ORIENTED_EDGE('',*,*,#10640,.T.);
#10665 = ORIENTED_EDGE('',*,*,#10666,.T.);
#10666 = EDGE_CURVE('',#10618,#10568,#10667,.T.);
#10667 = SURFACE_CURVE('',#10668,(#10672,#10679),.PCURVE_S1.);
#10668 = LINE('',#10669,#10670);
#10669 = CARTESIAN_POINT('',(-45.,86.,-1.));
#10670 = VECTOR('',#10671,1.);
#10671 = DIRECTION('',(0.,-1.,0.));
#10672 = PCURVE('',#1643,#10673);
#10673 = DEFINITIONAL_REPRESENTATION('',(#10674),#10678);
#10674 = LINE('',#10675,#10676);
#10675 = CARTESIAN_POINT('',(0.,-2.));
#10676 = VECTOR('',#10677,1.);
#10677 = DIRECTION('',(1.,0.));
#10678 = ( GEOMETRIC_REPRESENTATION_CONTEXT(2) 
PARAMETRIC_REPRESENTATION_CONTEXT() REPRESENTATION_CONTEXT('2D SPACE',''
  ) );
#10679 = PCURVE('',#7938,#10680);
#10680 = DEFINITIONAL_REPRESENTATION('',(#10681),#10685);
#10681 = LINE('',#10682,#10683);
#10682 = CARTESIAN_POINT('',(21.,86.));
#10683 = VECTOR('',#10684,1.);
#10684 = DIRECTION('',(0.,-1.));
#10685 = ( GEOMETRIC_REPRESENTATION_CONTEXT(2) 
PARAMETRIC_REPRESENTATION_CONTEXT() REPRESENTATION_CONTEXT('2D SPACE',''
  ) );
#10686 = ORIENTED_EDGE('',*,*,#10567,.T.);
#10687 = ADVANCED_FACE('',(#10688),#1701,.F.);
#10688 = FACE_BOUND('',#10689,.F.);
#10689 = EDGE_LOOP('',(#10690,#10691,#10714,#10737));
#10690 = ORIENTED_EDGE('',*,*,#1683,.F.);
#10691 = ORIENTED_EDGE('',*,*,#10692,.T.);
#10692 = EDGE_CURVE('',#1684,#10693,#10695,.T.);
#10693 = VERTEX_POINT('',#10694);
#10694 = CARTESIAN_POINT('',(-43.,-43.,-1.));
#10695 = SURFACE_CURVE('',#10696,(#10700,#10707),.PCURVE_S1.);
#10696 = LINE('',#10697,#10698);
#10697 = CARTESIAN_POINT('',(-43.,-43.,-3.));
#10698 = VECTOR('',#10699,1.);
#10699 = DIRECTION('',(0.,0.,1.));
#10700 = PCURVE('',#1701,#10701);
#10701 = DEFINITIONAL_REPRESENTATION('',(#10702),#10706);
#10702 = LINE('',#10703,#10704);
#10703 = CARTESIAN_POINT('',(43.,0.));
#10704 = VECTOR('',#10705,1.);
#10705 = DIRECTION('',(0.,-1.));
#10706 = ( GEOMETRIC_REPRESENTATION_CONTEXT(2) 
PARAMETRIC_REPRESENTATION_CONTEXT() REPRESENTATION_CONTEXT('2D SPACE',''
  ) );
#10707 = PCURVE('',#1783,#10708);
#10708 = DEFINITIONAL_REPRESENTATION('',(#10709),#10713);
#10709 = LINE('',#10710,#10711);
#10710 = CARTESIAN_POINT('',(129.,0.));
#10711 = VECTOR('',#10712,1.);
#10712 = DIRECTION('',(0.,-1.));
#10713 = ( GEOMETRIC_REPRESENTATION_CONTEXT(2) 
PARAMETRIC_REPRESENTATION_CONTEXT() REPRESENTATION_CONTEXT('2D SPACE',''
  ) );
#10714 = ORIENTED_EDGE('',*,*,#10715,.T.);
#10715 = EDGE_CURVE('',#10693,#10716,#10718,.T.);
#10716 = VERTEX_POINT('',#10717);
#10717 = CARTESIAN_POINT('',(-43.,-23.,-1.));
#10718 = SURFACE_CURVE('',#10719,(#10723,#10730),.PCURVE_S1.);
#10719 = LINE('',#10720,#10721);
#10720 = CARTESIAN_POINT('',(-43.,-86.,-1.));
#10721 = VECTOR('',#10722,1.);
#10722 = DIRECTION('',(0.,1.,0.));
#10723 = PCURVE('',#1701,#10724);
#10724 = DEFINITIONAL_REPRESENTATION('',(#10725),#10729);
#10725 = LINE('',#10726,#10727);
#10726 = CARTESIAN_POINT('',(0.,-2.));
#10727 = VECTOR('',#10728,1.);
#10728 = DIRECTION('',(1.,0.));
#10729 = ( GEOMETRIC_REPRESENTATION_CONTEXT(2) 
PARAMETRIC_REPRESENTATION_CONTEXT() REPRESENTATION_CONTEXT('2D SPACE',''
  ) );
#10730 = PCURVE('',#7938,#10731);
#10731 = DEFINITIONAL_REPRESENTATION('',(#10732),#10736);
#10732 = LINE('',#10733,#10734);
#10733 = CARTESIAN_POINT('',(23.,-86.));
#10734 = VECTOR('',#10735,1.);
#10735 = DIRECTION('',(0.,1.));
#10736 = ( GEOMETRIC_REPRESENTATION_CONTEXT(2) 
PARAMETRIC_REPRESENTATION_CONTEXT() REPRESENTATION_CONTEXT('2D SPACE',''
  ) );
#10737 = ORIENTED_EDGE('',*,*,#10738,.T.);
#10738 = EDGE_CURVE('',#10716,#1686,#10739,.T.);
#10739 = SURFACE_CURVE('',#10740,(#10744,#10751),.PCURVE_S1.);
#10740 = LINE('',#10741,#10742);
#10741 = CARTESIAN_POINT('',(-43.,-23.,-3.));
#10742 = VECTOR('',#10743,1.);
#10743 = DIRECTION('',(0.,0.,-1.));
#10744 = PCURVE('',#1701,#10745);
#10745 = DEFINITIONAL_REPRESENTATION('',(#10746),#10750);
#10746 = LINE('',#10747,#10748);
#10747 = CARTESIAN_POINT('',(63.,0.));
#10748 = VECTOR('',#10749,1.);
#10749 = DIRECTION('',(0.,1.));
#10750 = ( GEOMETRIC_REPRESENTATION_CONTEXT(2) 
PARAMETRIC_REPRESENTATION_CONTEXT() REPRESENTATION_CONTEXT('2D SPACE',''
  ) );
#10751 = PCURVE('',#1729,#10752);
#10752 = DEFINITIONAL_REPRESENTATION('',(#10753),#10757);
#10753 = LINE('',#10754,#10755);
#10754 = CARTESIAN_POINT('',(43.,0.));
#10755 = VECTOR('',#10756,1.);
#10756 = DIRECTION('',(0.,1.));
#10757 = ( GEOMETRIC_REPRESENTATION_CONTEXT(2) 
PARAMETRIC_REPRESENTATION_CONTEXT() REPRESENTATION_CONTEXT('2D SPACE',''
  ) );
#10758 = ADVANCED_FACE('',(#10759),#1783,.F.);
#10759 = FACE_BOUND('',#10760,.F.);
#10760 = EDGE_LOOP('',(#10761,#10762,#10785,#10806));
#10761 = ORIENTED_EDGE('',*,*,#1769,.F.);
#10762 = ORIENTED_EDGE('',*,*,#10763,.T.);
#10763 = EDGE_CURVE('',#1742,#10764,#10766,.T.);
#10764 = VERTEX_POINT('',#10765);
#10765 = CARTESIAN_POINT('',(-23.,-43.,-1.));
#10766 = SURFACE_CURVE('',#10767,(#10771,#10778),.PCURVE_S1.);
#10767 = LINE('',#10768,#10769);
#10768 = CARTESIAN_POINT('',(-23.,-43.,-3.));
#10769 = VECTOR('',#10770,1.);
#10770 = DIRECTION('',(0.,0.,1.));
#10771 = PCURVE('',#1783,#10772);
#10772 = DEFINITIONAL_REPRESENTATION('',(#10773),#10777);
#10773 = LINE('',#10774,#10775);
#10774 = CARTESIAN_POINT('',(109.,0.));
#10775 = VECTOR('',#10776,1.);
#10776 = DIRECTION('',(0.,-1.));
#10777 = ( GEOMETRIC_REPRESENTATION_CONTEXT(2) 
PARAMETRIC_REPRESENTATION_CONTEXT() REPRESENTATION_CONTEXT('2D SPACE',''
  ) );
#10778 = PCURVE('',#1757,#10779);
#10779 = DEFINITIONAL_REPRESENTATION('',(#10780),#10784);
#10780 = LINE('',#10781,#10782);
#10781 = CARTESIAN_POINT('',(129.,0.));
#10782 = VECTOR('',#10783,1.);
#10783 = DIRECTION('',(0.,-1.));
#10784 = ( GEOMETRIC_REPRESENTATION_CONTEXT(2) 
PARAMETRIC_REPRESENTATION_CONTEXT() REPRESENTATION_CONTEXT('2D SPACE',''
  ) );
#10785 = ORIENTED_EDGE('',*,*,#10786,.T.);
#10786 = EDGE_CURVE('',#10764,#10693,#10787,.T.);
#10787 = SURFACE_CURVE('',#10788,(#10792,#10799),.PCURVE_S1.);
#10788 = LINE('',#10789,#10790);
#10789 = CARTESIAN_POINT('',(86.,-43.,-1.));
#10790 = VECTOR('',#10791,1.);
#10791 = DIRECTION('',(-1.,0.,0.));
#10792 = PCURVE('',#1783,#10793);
#10793 = DEFINITIONAL_REPRESENTATION('',(#10794),#10798);
#10794 = LINE('',#10795,#10796);
#10795 = CARTESIAN_POINT('',(0.,-2.));
#10796 = VECTOR('',#10797,1.);
#10797 = DIRECTION('',(1.,0.));
#10798 = ( GEOMETRIC_REPRESENTATION_CONTEXT(2) 
PARAMETRIC_REPRESENTATION_CONTEXT() REPRESENTATION_CONTEXT('2D SPACE',''
  ) );
#10799 = PCURVE('',#7938,#10800);
#10800 = DEFINITIONAL_REPRESENTATION('',(#10801),#10805);
#10801 = LINE('',#10802,#10803);
#10802 = CARTESIAN_POINT('',(152.,-43.));
#10803 = VECTOR('',#10804,1.);
#10804 = DIRECTION('',(-1.,0.));
#10805 = ( GEOMETRIC_REPRESENTATION_CONTEXT(2) 
PARAMETRIC_REPRESENTATION_CONTEXT() REPRESENTATION_CONTEXT('2D SPACE',''
  ) );
#10806 = ORIENTED_EDGE('',*,*,#10692,.F.);
#10807 = ADVANCED_FACE('',(#10808),#1729,.F.);
#10808 = FACE_BOUND('',#10809,.F.);
#10809 = EDGE_LOOP('',(#10810,#10811,#10812,#10835));
#10810 = ORIENTED_EDGE('',*,*,#1713,.F.);
#10811 = ORIENTED_EDGE('',*,*,#10738,.F.);
#10812 = ORIENTED_EDGE('',*,*,#10813,.T.);
#10813 = EDGE_CURVE('',#10716,#10814,#10816,.T.);
#10814 = VERTEX_POINT('',#10815);
#10815 = CARTESIAN_POINT('',(-23.,-23.,-1.));
#10816 = SURFACE_CURVE('',#10817,(#10821,#10828),.PCURVE_S1.);
#10817 = LINE('',#10818,#10819);
#10818 = CARTESIAN_POINT('',(-86.,-23.,-1.));
#10819 = VECTOR('',#10820,1.);
#10820 = DIRECTION('',(1.,0.,0.));
#10821 = PCURVE('',#1729,#10822);
#10822 = DEFINITIONAL_REPRESENTATION('',(#10823),#10827);
#10823 = LINE('',#10824,#10825);
#10824 = CARTESIAN_POINT('',(0.,-2.));
#10825 = VECTOR('',#10826,1.);
#10826 = DIRECTION('',(1.,0.));
#10827 = ( GEOMETRIC_REPRESENTATION_CONTEXT(2) 
PARAMETRIC_REPRESENTATION_CONTEXT() REPRESENTATION_CONTEXT('2D SPACE',''
  ) );
#10828 = PCURVE('',#7938,#10829);
#10829 = DEFINITIONAL_REPRESENTATION('',(#10830),#10834);
#10830 = LINE('',#10831,#10832);
#10831 = CARTESIAN_POINT('',(-20.,-23.));
#10832 = VECTOR('',#10833,1.);
#10833 = DIRECTION('',(1.,0.));
#10834 = ( GEOMETRIC_REPRESENTATION_CONTEXT(2) 
PARAMETRIC_REPRESENTATION_CONTEXT() REPRESENTATION_CONTEXT('2D SPACE',''
  ) );
#10835 = ORIENTED_EDGE('',*,*,#10836,.F.);
#10836 = EDGE_CURVE('',#1714,#10814,#10837,.T.);
#10837 = SURFACE_CURVE('',#10838,(#10842,#10849),.PCURVE_S1.);
#10838 = LINE('',#10839,#10840);
#10839 = CARTESIAN_POINT('',(-23.,-23.,-3.));
#10840 = VECTOR('',#10841,1.);
#10841 = DIRECTION('',(0.,-0.,1.));
#10842 = PCURVE('',#1729,#10843);
#10843 = DEFINITIONAL_REPRESENTATION('',(#10844),#10848);
#10844 = LINE('',#10845,#10846);
#10845 = CARTESIAN_POINT('',(63.,0.));
#10846 = VECTOR('',#10847,1.);
#10847 = DIRECTION('',(0.,-1.));
#10848 = ( GEOMETRIC_REPRESENTATION_CONTEXT(2) 
PARAMETRIC_REPRESENTATION_CONTEXT() REPRESENTATION_CONTEXT('2D SPACE',''
  ) );
#10849 = PCURVE('',#1757,#10850);
#10850 = DEFINITIONAL_REPRESENTATION('',(#10851),#10855);
#10851 = LINE('',#10852,#10853);
#10852 = CARTESIAN_POINT('',(109.,0.));
#10853 = VECTOR('',#10854,1.);
#10854 = DIRECTION('',(0.,-1.));
#10855 = ( GEOMETRIC_REPRESENTATION_CONTEXT(2) 
PARAMETRIC_REPRESENTATION_CONTEXT() REPRESENTATION_CONTEXT('2D SPACE',''
  ) );
#10856 = ADVANCED_FACE('',(#10857),#1757,.F.);
#10857 = FACE_BOUND('',#10858,.F.);
#10858 = EDGE_LOOP('',(#10859,#10860,#10861,#10882));
#10859 = ORIENTED_EDGE('',*,*,#1741,.F.);
#10860 = ORIENTED_EDGE('',*,*,#10836,.T.);
#10861 = ORIENTED_EDGE('',*,*,#10862,.T.);
#10862 = EDGE_CURVE('',#10814,#10764,#10863,.T.);
#10863 = SURFACE_CURVE('',#10864,(#10868,#10875),.PCURVE_S1.);
#10864 = LINE('',#10865,#10866);
#10865 = CARTESIAN_POINT('',(-23.,86.,-1.));
#10866 = VECTOR('',#10867,1.);
#10867 = DIRECTION('',(0.,-1.,0.));
#10868 = PCURVE('',#1757,#10869);
#10869 = DEFINITIONAL_REPRESENTATION('',(#10870),#10874);
#10870 = LINE('',#10871,#10872);
#10871 = CARTESIAN_POINT('',(0.,-2.));
#10872 = VECTOR('',#10873,1.);
#10873 = DIRECTION('',(1.,0.));
#10874 = ( GEOMETRIC_REPRESENTATION_CONTEXT(2) 
PARAMETRIC_REPRESENTATION_CONTEXT() REPRESENTATION_CONTEXT('2D SPACE',''
  ) );
#10875 = PCURVE('',#7938,#10876);
#10876 = DEFINITIONAL_REPRESENTATION('',(#10877),#10881);
#10877 = LINE('',#10878,#10879);
#10878 = CARTESIAN_POINT('',(43.,86.));
#10879 = VECTOR('',#10880,1.);
#10880 = DIRECTION('',(0.,-1.));
#10881 = ( GEOMETRIC_REPRESENTATION_CONTEXT(2) 
PARAMETRIC_REPRESENTATION_CONTEXT() REPRESENTATION_CONTEXT('2D SPACE',''
  ) );
#10882 = ORIENTED_EDGE('',*,*,#10763,.F.);
#10883 = ADVANCED_FACE('',(#10884),#1815,.F.);
#10884 = FACE_BOUND('',#10885,.F.);
#10885 = EDGE_LOOP('',(#10886,#10887,#10910,#10933));
#10886 = ORIENTED_EDGE('',*,*,#1797,.F.);
#10887 = ORIENTED_EDGE('',*,*,#10888,.F.);
#10888 = EDGE_CURVE('',#10889,#1798,#10891,.T.);
#10889 = VERTEX_POINT('',#10890);
#10890 = CARTESIAN_POINT('',(-21.,-23.,-1.));
#10891 = SURFACE_CURVE('',#10892,(#10896,#10903),.PCURVE_S1.);
#10892 = LINE('',#10893,#10894);
#10893 = CARTESIAN_POINT('',(-21.,-23.,-3.));
#10894 = VECTOR('',#10895,1.);
#10895 = DIRECTION('',(0.,0.,-1.));
#10896 = PCURVE('',#1815,#10897);
#10897 = DEFINITIONAL_REPRESENTATION('',(#10898),#10902);
#10898 = LINE('',#10899,#10900);
#10899 = CARTESIAN_POINT('',(65.,0.));
#10900 = VECTOR('',#10901,1.);
#10901 = DIRECTION('',(0.,1.));
#10902 = ( GEOMETRIC_REPRESENTATION_CONTEXT(2) 
PARAMETRIC_REPRESENTATION_CONTEXT() REPRESENTATION_CONTEXT('2D SPACE',''
  ) );
#10903 = PCURVE('',#1897,#10904);
#10904 = DEFINITIONAL_REPRESENTATION('',(#10905),#10909);
#10905 = LINE('',#10906,#10907);
#10906 = CARTESIAN_POINT('',(63.,0.));
#10907 = VECTOR('',#10908,1.);
#10908 = DIRECTION('',(0.,1.));
#10909 = ( GEOMETRIC_REPRESENTATION_CONTEXT(2) 
PARAMETRIC_REPRESENTATION_CONTEXT() REPRESENTATION_CONTEXT('2D SPACE',''
  ) );
#10910 = ORIENTED_EDGE('',*,*,#10911,.T.);
#10911 = EDGE_CURVE('',#10889,#10912,#10914,.T.);
#10912 = VERTEX_POINT('',#10913);
#10913 = CARTESIAN_POINT('',(-1.,-23.,-1.));
#10914 = SURFACE_CURVE('',#10915,(#10919,#10926),.PCURVE_S1.);
#10915 = LINE('',#10916,#10917);
#10916 = CARTESIAN_POINT('',(-86.,-23.,-1.));
#10917 = VECTOR('',#10918,1.);
#10918 = DIRECTION('',(1.,0.,0.));
#10919 = PCURVE('',#1815,#10920);
#10920 = DEFINITIONAL_REPRESENTATION('',(#10921),#10925);
#10921 = LINE('',#10922,#10923);
#10922 = CARTESIAN_POINT('',(0.,-2.));
#10923 = VECTOR('',#10924,1.);
#10924 = DIRECTION('',(1.,0.));
#10925 = ( GEOMETRIC_REPRESENTATION_CONTEXT(2) 
PARAMETRIC_REPRESENTATION_CONTEXT() REPRESENTATION_CONTEXT('2D SPACE',''
  ) );
#10926 = PCURVE('',#7938,#10927);
#10927 = DEFINITIONAL_REPRESENTATION('',(#10928),#10932);
#10928 = LINE('',#10929,#10930);
#10929 = CARTESIAN_POINT('',(-20.,-23.));
#10930 = VECTOR('',#10931,1.);
#10931 = DIRECTION('',(1.,0.));
#10932 = ( GEOMETRIC_REPRESENTATION_CONTEXT(2) 
PARAMETRIC_REPRESENTATION_CONTEXT() REPRESENTATION_CONTEXT('2D SPACE',''
  ) );
#10933 = ORIENTED_EDGE('',*,*,#10934,.T.);
#10934 = EDGE_CURVE('',#10912,#1800,#10935,.T.);
#10935 = SURFACE_CURVE('',#10936,(#10940,#10947),.PCURVE_S1.);
#10936 = LINE('',#10937,#10938);
#10937 = CARTESIAN_POINT('',(-1.,-23.,-3.));
#10938 = VECTOR('',#10939,1.);
#10939 = DIRECTION('',(-0.,0.,-1.));
#10940 = PCURVE('',#1815,#10941);
#10941 = DEFINITIONAL_REPRESENTATION('',(#10942),#10946);
#10942 = LINE('',#10943,#10944);
#10943 = CARTESIAN_POINT('',(85.,0.));
#10944 = VECTOR('',#10945,1.);
#10945 = DIRECTION('',(0.,1.));
#10946 = ( GEOMETRIC_REPRESENTATION_CONTEXT(2) 
PARAMETRIC_REPRESENTATION_CONTEXT() REPRESENTATION_CONTEXT('2D SPACE',''
  ) );
#10947 = PCURVE('',#1843,#10948);
#10948 = DEFINITIONAL_REPRESENTATION('',(#10949),#10953);
#10949 = LINE('',#10950,#10951);
#10950 = CARTESIAN_POINT('',(109.,0.));
#10951 = VECTOR('',#10952,1.);
#10952 = DIRECTION('',(-0.,1.));
#10953 = ( GEOMETRIC_REPRESENTATION_CONTEXT(2) 
PARAMETRIC_REPRESENTATION_CONTEXT() REPRESENTATION_CONTEXT('2D SPACE',''
  ) );
#10954 = ADVANCED_FACE('',(#10955),#1897,.F.);
#10955 = FACE_BOUND('',#10956,.F.);
#10956 = EDGE_LOOP('',(#10957,#10958,#10981,#11002));
#10957 = ORIENTED_EDGE('',*,*,#1883,.F.);
#10958 = ORIENTED_EDGE('',*,*,#10959,.F.);
#10959 = EDGE_CURVE('',#10960,#1856,#10962,.T.);
#10960 = VERTEX_POINT('',#10961);
#10961 = CARTESIAN_POINT('',(-21.,-43.,-1.));
#10962 = SURFACE_CURVE('',#10963,(#10967,#10974),.PCURVE_S1.);
#10963 = LINE('',#10964,#10965);
#10964 = CARTESIAN_POINT('',(-21.,-43.,-3.));
#10965 = VECTOR('',#10966,1.);
#10966 = DIRECTION('',(-0.,-0.,-1.));
#10967 = PCURVE('',#1897,#10968);
#10968 = DEFINITIONAL_REPRESENTATION('',(#10969),#10973);
#10969 = LINE('',#10970,#10971);
#10970 = CARTESIAN_POINT('',(43.,0.));
#10971 = VECTOR('',#10972,1.);
#10972 = DIRECTION('',(0.,1.));
#10973 = ( GEOMETRIC_REPRESENTATION_CONTEXT(2) 
PARAMETRIC_REPRESENTATION_CONTEXT() REPRESENTATION_CONTEXT('2D SPACE',''
  ) );
#10974 = PCURVE('',#1871,#10975);
#10975 = DEFINITIONAL_REPRESENTATION('',(#10976),#10980);
#10976 = LINE('',#10977,#10978);
#10977 = CARTESIAN_POINT('',(107.,0.));
#10978 = VECTOR('',#10979,1.);
#10979 = DIRECTION('',(0.,1.));
#10980 = ( GEOMETRIC_REPRESENTATION_CONTEXT(2) 
PARAMETRIC_REPRESENTATION_CONTEXT() REPRESENTATION_CONTEXT('2D SPACE',''
  ) );
#10981 = ORIENTED_EDGE('',*,*,#10982,.T.);
#10982 = EDGE_CURVE('',#10960,#10889,#10983,.T.);
#10983 = SURFACE_CURVE('',#10984,(#10988,#10995),.PCURVE_S1.);
#10984 = LINE('',#10985,#10986);
#10985 = CARTESIAN_POINT('',(-21.,-86.,-1.));
#10986 = VECTOR('',#10987,1.);
#10987 = DIRECTION('',(0.,1.,0.));
#10988 = PCURVE('',#1897,#10989);
#10989 = DEFINITIONAL_REPRESENTATION('',(#10990),#10994);
#10990 = LINE('',#10991,#10992);
#10991 = CARTESIAN_POINT('',(0.,-2.));
#10992 = VECTOR('',#10993,1.);
#10993 = DIRECTION('',(1.,0.));
#10994 = ( GEOMETRIC_REPRESENTATION_CONTEXT(2) 
PARAMETRIC_REPRESENTATION_CONTEXT() REPRESENTATION_CONTEXT('2D SPACE',''
  ) );
#10995 = PCURVE('',#7938,#10996);
#10996 = DEFINITIONAL_REPRESENTATION('',(#10997),#11001);
#10997 = LINE('',#10998,#10999);
#10998 = CARTESIAN_POINT('',(45.,-86.));
#10999 = VECTOR('',#11000,1.);
#11000 = DIRECTION('',(0.,1.));
#11001 = ( GEOMETRIC_REPRESENTATION_CONTEXT(2) 
PARAMETRIC_REPRESENTATION_CONTEXT() REPRESENTATION_CONTEXT('2D SPACE',''
  ) );
#11002 = ORIENTED_EDGE('',*,*,#10888,.T.);
#11003 = ADVANCED_FACE('',(#11004),#1843,.F.);
#11004 = FACE_BOUND('',#11005,.F.);
#11005 = EDGE_LOOP('',(#11006,#11007,#11008,#11031));
#11006 = ORIENTED_EDGE('',*,*,#1827,.F.);
#11007 = ORIENTED_EDGE('',*,*,#10934,.F.);
#11008 = ORIENTED_EDGE('',*,*,#11009,.T.);
#11009 = EDGE_CURVE('',#10912,#11010,#11012,.T.);
#11010 = VERTEX_POINT('',#11011);
#11011 = CARTESIAN_POINT('',(-1.,-43.,-1.));
#11012 = SURFACE_CURVE('',#11013,(#11017,#11024),.PCURVE_S1.);
#11013 = LINE('',#11014,#11015);
#11014 = CARTESIAN_POINT('',(-1.,86.,-1.));
#11015 = VECTOR('',#11016,1.);
#11016 = DIRECTION('',(0.,-1.,0.));
#11017 = PCURVE('',#1843,#11018);
#11018 = DEFINITIONAL_REPRESENTATION('',(#11019),#11023);
#11019 = LINE('',#11020,#11021);
#11020 = CARTESIAN_POINT('',(0.,-2.));
#11021 = VECTOR('',#11022,1.);
#11022 = DIRECTION('',(1.,0.));
#11023 = ( GEOMETRIC_REPRESENTATION_CONTEXT(2) 
PARAMETRIC_REPRESENTATION_CONTEXT() REPRESENTATION_CONTEXT('2D SPACE',''
  ) );
#11024 = PCURVE('',#7938,#11025);
#11025 = DEFINITIONAL_REPRESENTATION('',(#11026),#11030);
#11026 = LINE('',#11027,#11028);
#11027 = CARTESIAN_POINT('',(65.,86.));
#11028 = VECTOR('',#11029,1.);
#11029 = DIRECTION('',(0.,-1.));
#11030 = ( GEOMETRIC_REPRESENTATION_CONTEXT(2) 
PARAMETRIC_REPRESENTATION_CONTEXT() REPRESENTATION_CONTEXT('2D SPACE',''
  ) );
#11031 = ORIENTED_EDGE('',*,*,#11032,.F.);
#11032 = EDGE_CURVE('',#1828,#11010,#11033,.T.);
#11033 = SURFACE_CURVE('',#11034,(#11038,#11045),.PCURVE_S1.);
#11034 = LINE('',#11035,#11036);
#11035 = CARTESIAN_POINT('',(-1.,-43.,-3.));
#11036 = VECTOR('',#11037,1.);
#11037 = DIRECTION('',(0.,0.,1.));
#11038 = PCURVE('',#1843,#11039);
#11039 = DEFINITIONAL_REPRESENTATION('',(#11040),#11044);
#11040 = LINE('',#11041,#11042);
#11041 = CARTESIAN_POINT('',(129.,0.));
#11042 = VECTOR('',#11043,1.);
#11043 = DIRECTION('',(0.,-1.));
#11044 = ( GEOMETRIC_REPRESENTATION_CONTEXT(2) 
PARAMETRIC_REPRESENTATION_CONTEXT() REPRESENTATION_CONTEXT('2D SPACE',''
  ) );
#11045 = PCURVE('',#1871,#11046);
#11046 = DEFINITIONAL_REPRESENTATION('',(#11047),#11051);
#11047 = LINE('',#11048,#11049);
#11048 = CARTESIAN_POINT('',(87.,0.));
#11049 = VECTOR('',#11050,1.);
#11050 = DIRECTION('',(0.,-1.));
#11051 = ( GEOMETRIC_REPRESENTATION_CONTEXT(2) 
PARAMETRIC_REPRESENTATION_CONTEXT() REPRESENTATION_CONTEXT('2D SPACE',''
  ) );
#11052 = ADVANCED_FACE('',(#11053),#1871,.F.);
#11053 = FACE_BOUND('',#11054,.F.);
#11054 = EDGE_LOOP('',(#11055,#11056,#11057,#11078));
#11055 = ORIENTED_EDGE('',*,*,#1855,.F.);
#11056 = ORIENTED_EDGE('',*,*,#11032,.T.);
#11057 = ORIENTED_EDGE('',*,*,#11058,.T.);
#11058 = EDGE_CURVE('',#11010,#10960,#11059,.T.);
#11059 = SURFACE_CURVE('',#11060,(#11064,#11071),.PCURVE_S1.);
#11060 = LINE('',#11061,#11062);
#11061 = CARTESIAN_POINT('',(86.,-43.,-1.));
#11062 = VECTOR('',#11063,1.);
#11063 = DIRECTION('',(-1.,0.,0.));
#11064 = PCURVE('',#1871,#11065);
#11065 = DEFINITIONAL_REPRESENTATION('',(#11066),#11070);
#11066 = LINE('',#11067,#11068);
#11067 = CARTESIAN_POINT('',(0.,-2.));
#11068 = VECTOR('',#11069,1.);
#11069 = DIRECTION('',(1.,0.));
#11070 = ( GEOMETRIC_REPRESENTATION_CONTEXT(2) 
PARAMETRIC_REPRESENTATION_CONTEXT() REPRESENTATION_CONTEXT('2D SPACE',''
  ) );
#11071 = PCURVE('',#7938,#11072);
#11072 = DEFINITIONAL_REPRESENTATION('',(#11073),#11077);
#11073 = LINE('',#11074,#11075);
#11074 = CARTESIAN_POINT('',(152.,-43.));
#11075 = VECTOR('',#11076,1.);
#11076 = DIRECTION('',(-1.,0.));
#11077 = ( GEOMETRIC_REPRESENTATION_CONTEXT(2) 
PARAMETRIC_REPRESENTATION_CONTEXT() REPRESENTATION_CONTEXT('2D SPACE',''
  ) );
#11078 = ORIENTED_EDGE('',*,*,#10959,.T.);
#11079 = ADVANCED_FACE('',(#11080),#1929,.F.);
#11080 = FACE_BOUND('',#11081,.F.);
#11081 = EDGE_LOOP('',(#11082,#11083,#11106,#11129));
#11082 = ORIENTED_EDGE('',*,*,#1911,.F.);
#11083 = ORIENTED_EDGE('',*,*,#11084,.T.);
#11084 = EDGE_CURVE('',#1912,#11085,#11087,.T.);
#11085 = VERTEX_POINT('',#11086);
#11086 = CARTESIAN_POINT('',(-43.,-21.,-1.));
#11087 = SURFACE_CURVE('',#11088,(#11092,#11099),.PCURVE_S1.);
#11088 = LINE('',#11089,#11090);
#11089 = CARTESIAN_POINT('',(-43.,-21.,-3.));
#11090 = VECTOR('',#11091,1.);
#11091 = DIRECTION('',(0.,0.,1.));
#11092 = PCURVE('',#1929,#11093);
#11093 = DEFINITIONAL_REPRESENTATION('',(#11094),#11098);
#11094 = LINE('',#11095,#11096);
#11095 = CARTESIAN_POINT('',(65.,0.));
#11096 = VECTOR('',#11097,1.);
#11097 = DIRECTION('',(0.,-1.));
#11098 = ( GEOMETRIC_REPRESENTATION_CONTEXT(2) 
PARAMETRIC_REPRESENTATION_CONTEXT() REPRESENTATION_CONTEXT('2D SPACE',''
  ) );
#11099 = PCURVE('',#2011,#11100);
#11100 = DEFINITIONAL_REPRESENTATION('',(#11101),#11105);
#11101 = LINE('',#11102,#11103);
#11102 = CARTESIAN_POINT('',(129.,0.));
#11103 = VECTOR('',#11104,1.);
#11104 = DIRECTION('',(0.,-1.));
#11105 = ( GEOMETRIC_REPRESENTATION_CONTEXT(2) 
PARAMETRIC_REPRESENTATION_CONTEXT() REPRESENTATION_CONTEXT('2D SPACE',''
  ) );
#11106 = ORIENTED_EDGE('',*,*,#11107,.T.);
#11107 = EDGE_CURVE('',#11085,#11108,#11110,.T.);
#11108 = VERTEX_POINT('',#11109);
#11109 = CARTESIAN_POINT('',(-43.,-1.,-1.));
#11110 = SURFACE_CURVE('',#11111,(#11115,#11122),.PCURVE_S1.);
#11111 = LINE('',#11112,#11113);
#11112 = CARTESIAN_POINT('',(-43.,-86.,-1.));
#11113 = VECTOR('',#11114,1.);
#11114 = DIRECTION('',(0.,1.,0.));
#11115 = PCURVE('',#1929,#11116);
#11116 = DEFINITIONAL_REPRESENTATION('',(#11117),#11121);
#11117 = LINE('',#11118,#11119);
#11118 = CARTESIAN_POINT('',(0.,-2.));
#11119 = VECTOR('',#11120,1.);
#11120 = DIRECTION('',(1.,0.));
#11121 = ( GEOMETRIC_REPRESENTATION_CONTEXT(2) 
PARAMETRIC_REPRESENTATION_CONTEXT() REPRESENTATION_CONTEXT('2D SPACE',''
  ) );
#11122 = PCURVE('',#7938,#11123);
#11123 = DEFINITIONAL_REPRESENTATION('',(#11124),#11128);
#11124 = LINE('',#11125,#11126);
#11125 = CARTESIAN_POINT('',(23.,-86.));
#11126 = VECTOR('',#11127,1.);
#11127 = DIRECTION('',(0.,1.));
#11128 = ( GEOMETRIC_REPRESENTATION_CONTEXT(2) 
PARAMETRIC_REPRESENTATION_CONTEXT() REPRESENTATION_CONTEXT('2D SPACE',''
  ) );
#11129 = ORIENTED_EDGE('',*,*,#11130,.T.);
#11130 = EDGE_CURVE('',#11108,#1914,#11131,.T.);
#11131 = SURFACE_CURVE('',#11132,(#11136,#11143),.PCURVE_S1.);
#11132 = LINE('',#11133,#11134);
#11133 = CARTESIAN_POINT('',(-43.,-1.,-3.));
#11134 = VECTOR('',#11135,1.);
#11135 = DIRECTION('',(0.,0.,-1.));
#11136 = PCURVE('',#1929,#11137);
#11137 = DEFINITIONAL_REPRESENTATION('',(#11138),#11142);
#11138 = LINE('',#11139,#11140);
#11139 = CARTESIAN_POINT('',(85.,0.));
#11140 = VECTOR('',#11141,1.);
#11141 = DIRECTION('',(0.,1.));
#11142 = ( GEOMETRIC_REPRESENTATION_CONTEXT(2) 
PARAMETRIC_REPRESENTATION_CONTEXT() REPRESENTATION_CONTEXT('2D SPACE',''
  ) );
#11143 = PCURVE('',#1957,#11144);
#11144 = DEFINITIONAL_REPRESENTATION('',(#11145),#11149);
#11145 = LINE('',#11146,#11147);
#11146 = CARTESIAN_POINT('',(43.,0.));
#11147 = VECTOR('',#11148,1.);
#11148 = DIRECTION('',(0.,1.));
#11149 = ( GEOMETRIC_REPRESENTATION_CONTEXT(2) 
PARAMETRIC_REPRESENTATION_CONTEXT() REPRESENTATION_CONTEXT('2D SPACE',''
  ) );
#11150 = ADVANCED_FACE('',(#11151),#2011,.F.);
#11151 = FACE_BOUND('',#11152,.F.);
#11152 = EDGE_LOOP('',(#11153,#11154,#11177,#11198));
#11153 = ORIENTED_EDGE('',*,*,#1997,.F.);
#11154 = ORIENTED_EDGE('',*,*,#11155,.F.);
#11155 = EDGE_CURVE('',#11156,#1970,#11158,.T.);
#11156 = VERTEX_POINT('',#11157);
#11157 = CARTESIAN_POINT('',(-23.,-21.,-1.));
#11158 = SURFACE_CURVE('',#11159,(#11163,#11170),.PCURVE_S1.);
#11159 = LINE('',#11160,#11161);
#11160 = CARTESIAN_POINT('',(-23.,-21.,-3.));
#11161 = VECTOR('',#11162,1.);
#11162 = DIRECTION('',(0.,-0.,-1.));
#11163 = PCURVE('',#2011,#11164);
#11164 = DEFINITIONAL_REPRESENTATION('',(#11165),#11169);
#11165 = LINE('',#11166,#11167);
#11166 = CARTESIAN_POINT('',(109.,0.));
#11167 = VECTOR('',#11168,1.);
#11168 = DIRECTION('',(0.,1.));
#11169 = ( GEOMETRIC_REPRESENTATION_CONTEXT(2) 
PARAMETRIC_REPRESENTATION_CONTEXT() REPRESENTATION_CONTEXT('2D SPACE',''
  ) );
#11170 = PCURVE('',#1985,#11171);
#11171 = DEFINITIONAL_REPRESENTATION('',(#11172),#11176);
#11172 = LINE('',#11173,#11174);
#11173 = CARTESIAN_POINT('',(107.,0.));
#11174 = VECTOR('',#11175,1.);
#11175 = DIRECTION('',(0.,1.));
#11176 = ( GEOMETRIC_REPRESENTATION_CONTEXT(2) 
PARAMETRIC_REPRESENTATION_CONTEXT() REPRESENTATION_CONTEXT('2D SPACE',''
  ) );
#11177 = ORIENTED_EDGE('',*,*,#11178,.T.);
#11178 = EDGE_CURVE('',#11156,#11085,#11179,.T.);
#11179 = SURFACE_CURVE('',#11180,(#11184,#11191),.PCURVE_S1.);
#11180 = LINE('',#11181,#11182);
#11181 = CARTESIAN_POINT('',(86.,-21.,-1.));
#11182 = VECTOR('',#11183,1.);
#11183 = DIRECTION('',(-1.,0.,0.));
#11184 = PCURVE('',#2011,#11185);
#11185 = DEFINITIONAL_REPRESENTATION('',(#11186),#11190);
#11186 = LINE('',#11187,#11188);
#11187 = CARTESIAN_POINT('',(0.,-2.));
#11188 = VECTOR('',#11189,1.);
#11189 = DIRECTION('',(1.,0.));
#11190 = ( GEOMETRIC_REPRESENTATION_CONTEXT(2) 
PARAMETRIC_REPRESENTATION_CONTEXT() REPRESENTATION_CONTEXT('2D SPACE',''
  ) );
#11191 = PCURVE('',#7938,#11192);
#11192 = DEFINITIONAL_REPRESENTATION('',(#11193),#11197);
#11193 = LINE('',#11194,#11195);
#11194 = CARTESIAN_POINT('',(152.,-21.));
#11195 = VECTOR('',#11196,1.);
#11196 = DIRECTION('',(-1.,0.));
#11197 = ( GEOMETRIC_REPRESENTATION_CONTEXT(2) 
PARAMETRIC_REPRESENTATION_CONTEXT() REPRESENTATION_CONTEXT('2D SPACE',''
  ) );
#11198 = ORIENTED_EDGE('',*,*,#11084,.F.);
#11199 = ADVANCED_FACE('',(#11200),#1957,.F.);
#11200 = FACE_BOUND('',#11201,.F.);
#11201 = EDGE_LOOP('',(#11202,#11203,#11204,#11227));
#11202 = ORIENTED_EDGE('',*,*,#1941,.F.);
#11203 = ORIENTED_EDGE('',*,*,#11130,.F.);
#11204 = ORIENTED_EDGE('',*,*,#11205,.T.);
#11205 = EDGE_CURVE('',#11108,#11206,#11208,.T.);
#11206 = VERTEX_POINT('',#11207);
#11207 = CARTESIAN_POINT('',(-23.,-1.,-1.));
#11208 = SURFACE_CURVE('',#11209,(#11213,#11220),.PCURVE_S1.);
#11209 = LINE('',#11210,#11211);
#11210 = CARTESIAN_POINT('',(-86.,-1.,-1.));
#11211 = VECTOR('',#11212,1.);
#11212 = DIRECTION('',(1.,0.,0.));
#11213 = PCURVE('',#1957,#11214);
#11214 = DEFINITIONAL_REPRESENTATION('',(#11215),#11219);
#11215 = LINE('',#11216,#11217);
#11216 = CARTESIAN_POINT('',(0.,-2.));
#11217 = VECTOR('',#11218,1.);
#11218 = DIRECTION('',(1.,0.));
#11219 = ( GEOMETRIC_REPRESENTATION_CONTEXT(2) 
PARAMETRIC_REPRESENTATION_CONTEXT() REPRESENTATION_CONTEXT('2D SPACE',''
  ) );
#11220 = PCURVE('',#7938,#11221);
#11221 = DEFINITIONAL_REPRESENTATION('',(#11222),#11226);
#11222 = LINE('',#11223,#11224);
#11223 = CARTESIAN_POINT('',(-20.,-1.));
#11224 = VECTOR('',#11225,1.);
#11225 = DIRECTION('',(1.,0.));
#11226 = ( GEOMETRIC_REPRESENTATION_CONTEXT(2) 
PARAMETRIC_REPRESENTATION_CONTEXT() REPRESENTATION_CONTEXT('2D SPACE',''
  ) );
#11227 = ORIENTED_EDGE('',*,*,#11228,.F.);
#11228 = EDGE_CURVE('',#1942,#11206,#11229,.T.);
#11229 = SURFACE_CURVE('',#11230,(#11234,#11241),.PCURVE_S1.);
#11230 = LINE('',#11231,#11232);
#11231 = CARTESIAN_POINT('',(-23.,-1.,-3.));
#11232 = VECTOR('',#11233,1.);
#11233 = DIRECTION('',(0.,-0.,1.));
#11234 = PCURVE('',#1957,#11235);
#11235 = DEFINITIONAL_REPRESENTATION('',(#11236),#11240);
#11236 = LINE('',#11237,#11238);
#11237 = CARTESIAN_POINT('',(63.,0.));
#11238 = VECTOR('',#11239,1.);
#11239 = DIRECTION('',(0.,-1.));
#11240 = ( GEOMETRIC_REPRESENTATION_CONTEXT(2) 
PARAMETRIC_REPRESENTATION_CONTEXT() REPRESENTATION_CONTEXT('2D SPACE',''
  ) );
#11241 = PCURVE('',#1985,#11242);
#11242 = DEFINITIONAL_REPRESENTATION('',(#11243),#11247);
#11243 = LINE('',#11244,#11245);
#11244 = CARTESIAN_POINT('',(87.,0.));
#11245 = VECTOR('',#11246,1.);
#11246 = DIRECTION('',(0.,-1.));
#11247 = ( GEOMETRIC_REPRESENTATION_CONTEXT(2) 
PARAMETRIC_REPRESENTATION_CONTEXT() REPRESENTATION_CONTEXT('2D SPACE',''
  ) );
#11248 = ADVANCED_FACE('',(#11249),#1985,.F.);
#11249 = FACE_BOUND('',#11250,.F.);
#11250 = EDGE_LOOP('',(#11251,#11252,#11253,#11274));
#11251 = ORIENTED_EDGE('',*,*,#1969,.F.);
#11252 = ORIENTED_EDGE('',*,*,#11228,.T.);
#11253 = ORIENTED_EDGE('',*,*,#11254,.T.);
#11254 = EDGE_CURVE('',#11206,#11156,#11255,.T.);
#11255 = SURFACE_CURVE('',#11256,(#11260,#11267),.PCURVE_S1.);
#11256 = LINE('',#11257,#11258);
#11257 = CARTESIAN_POINT('',(-23.,86.,-1.));
#11258 = VECTOR('',#11259,1.);
#11259 = DIRECTION('',(0.,-1.,0.));
#11260 = PCURVE('',#1985,#11261);
#11261 = DEFINITIONAL_REPRESENTATION('',(#11262),#11266);
#11262 = LINE('',#11263,#11264);
#11263 = CARTESIAN_POINT('',(0.,-2.));
#11264 = VECTOR('',#11265,1.);
#11265 = DIRECTION('',(1.,0.));
#11266 = ( GEOMETRIC_REPRESENTATION_CONTEXT(2) 
PARAMETRIC_REPRESENTATION_CONTEXT() REPRESENTATION_CONTEXT('2D SPACE',''
  ) );
#11267 = PCURVE('',#7938,#11268);
#11268 = DEFINITIONAL_REPRESENTATION('',(#11269),#11273);
#11269 = LINE('',#11270,#11271);
#11270 = CARTESIAN_POINT('',(43.,86.));
#11271 = VECTOR('',#11272,1.);
#11272 = DIRECTION('',(0.,-1.));
#11273 = ( GEOMETRIC_REPRESENTATION_CONTEXT(2) 
PARAMETRIC_REPRESENTATION_CONTEXT() REPRESENTATION_CONTEXT('2D SPACE',''
  ) );
#11274 = ORIENTED_EDGE('',*,*,#11155,.T.);
#11275 = ADVANCED_FACE('',(#11276),#2043,.F.);
#11276 = FACE_BOUND('',#11277,.F.);
#11277 = EDGE_LOOP('',(#11278,#11279,#11302,#11325));
#11278 = ORIENTED_EDGE('',*,*,#2025,.F.);
#11279 = ORIENTED_EDGE('',*,*,#11280,.T.);
#11280 = EDGE_CURVE('',#2026,#11281,#11283,.T.);
#11281 = VERTEX_POINT('',#11282);
#11282 = CARTESIAN_POINT('',(-21.,-21.,-1.));
#11283 = SURFACE_CURVE('',#11284,(#11288,#11295),.PCURVE_S1.);
#11284 = LINE('',#11285,#11286);
#11285 = CARTESIAN_POINT('',(-21.,-21.,-3.));
#11286 = VECTOR('',#11287,1.);
#11287 = DIRECTION('',(0.,0.,1.));
#11288 = PCURVE('',#2043,#11289);
#11289 = DEFINITIONAL_REPRESENTATION('',(#11290),#11294);
#11290 = LINE('',#11291,#11292);
#11291 = CARTESIAN_POINT('',(65.,0.));
#11292 = VECTOR('',#11293,1.);
#11293 = DIRECTION('',(0.,-1.));
#11294 = ( GEOMETRIC_REPRESENTATION_CONTEXT(2) 
PARAMETRIC_REPRESENTATION_CONTEXT() REPRESENTATION_CONTEXT('2D SPACE',''
  ) );
#11295 = PCURVE('',#2125,#11296);
#11296 = DEFINITIONAL_REPRESENTATION('',(#11297),#11301);
#11297 = LINE('',#11298,#11299);
#11298 = CARTESIAN_POINT('',(107.,0.));
#11299 = VECTOR('',#11300,1.);
#11300 = DIRECTION('',(0.,-1.));
#11301 = ( GEOMETRIC_REPRESENTATION_CONTEXT(2) 
PARAMETRIC_REPRESENTATION_CONTEXT() REPRESENTATION_CONTEXT('2D SPACE',''
  ) );
#11302 = ORIENTED_EDGE('',*,*,#11303,.T.);
#11303 = EDGE_CURVE('',#11281,#11304,#11306,.T.);
#11304 = VERTEX_POINT('',#11305);
#11305 = CARTESIAN_POINT('',(-21.,-1.,-1.));
#11306 = SURFACE_CURVE('',#11307,(#11311,#11318),.PCURVE_S1.);
#11307 = LINE('',#11308,#11309);
#11308 = CARTESIAN_POINT('',(-21.,-86.,-1.));
#11309 = VECTOR('',#11310,1.);
#11310 = DIRECTION('',(0.,1.,0.));
#11311 = PCURVE('',#2043,#11312);
#11312 = DEFINITIONAL_REPRESENTATION('',(#11313),#11317);
#11313 = LINE('',#11314,#11315);
#11314 = CARTESIAN_POINT('',(0.,-2.));
#11315 = VECTOR('',#11316,1.);
#11316 = DIRECTION('',(1.,0.));
#11317 = ( GEOMETRIC_REPRESENTATION_CONTEXT(2) 
PARAMETRIC_REPRESENTATION_CONTEXT() REPRESENTATION_CONTEXT('2D SPACE',''
  ) );
#11318 = PCURVE('',#7938,#11319);
#11319 = DEFINITIONAL_REPRESENTATION('',(#11320),#11324);
#11320 = LINE('',#11321,#11322);
#11321 = CARTESIAN_POINT('',(45.,-86.));
#11322 = VECTOR('',#11323,1.);
#11323 = DIRECTION('',(0.,1.));
#11324 = ( GEOMETRIC_REPRESENTATION_CONTEXT(2) 
PARAMETRIC_REPRESENTATION_CONTEXT() REPRESENTATION_CONTEXT('2D SPACE',''
  ) );
#11325 = ORIENTED_EDGE('',*,*,#11326,.T.);
#11326 = EDGE_CURVE('',#11304,#2028,#11327,.T.);
#11327 = SURFACE_CURVE('',#11328,(#11332,#11339),.PCURVE_S1.);
#11328 = LINE('',#11329,#11330);
#11329 = CARTESIAN_POINT('',(-21.,-1.,-3.));
#11330 = VECTOR('',#11331,1.);
#11331 = DIRECTION('',(0.,0.,-1.));
#11332 = PCURVE('',#2043,#11333);
#11333 = DEFINITIONAL_REPRESENTATION('',(#11334),#11338);
#11334 = LINE('',#11335,#11336);
#11335 = CARTESIAN_POINT('',(85.,0.));
#11336 = VECTOR('',#11337,1.);
#11337 = DIRECTION('',(0.,1.));
#11338 = ( GEOMETRIC_REPRESENTATION_CONTEXT(2) 
PARAMETRIC_REPRESENTATION_CONTEXT() REPRESENTATION_CONTEXT('2D SPACE',''
  ) );
#11339 = PCURVE('',#2071,#11340);
#11340 = DEFINITIONAL_REPRESENTATION('',(#11341),#11345);
#11341 = LINE('',#11342,#11343);
#11342 = CARTESIAN_POINT('',(65.,0.));
#11343 = VECTOR('',#11344,1.);
#11344 = DIRECTION('',(0.,1.));
#11345 = ( GEOMETRIC_REPRESENTATION_CONTEXT(2) 
PARAMETRIC_REPRESENTATION_CONTEXT() REPRESENTATION_CONTEXT('2D SPACE',''
  ) );
#11346 = ADVANCED_FACE('',(#11347),#2125,.F.);
#11347 = FACE_BOUND('',#11348,.F.);
#11348 = EDGE_LOOP('',(#11349,#11350,#11373,#11394));
#11349 = ORIENTED_EDGE('',*,*,#2111,.F.);
#11350 = ORIENTED_EDGE('',*,*,#11351,.T.);
#11351 = EDGE_CURVE('',#2084,#11352,#11354,.T.);
#11352 = VERTEX_POINT('',#11353);
#11353 = CARTESIAN_POINT('',(-1.,-21.,-1.));
#11354 = SURFACE_CURVE('',#11355,(#11359,#11366),.PCURVE_S1.);
#11355 = LINE('',#11356,#11357);
#11356 = CARTESIAN_POINT('',(-1.,-21.,-3.));
#11357 = VECTOR('',#11358,1.);
#11358 = DIRECTION('',(0.,0.,1.));
#11359 = PCURVE('',#2125,#11360);
#11360 = DEFINITIONAL_REPRESENTATION('',(#11361),#11365);
#11361 = LINE('',#11362,#11363);
#11362 = CARTESIAN_POINT('',(87.,0.));
#11363 = VECTOR('',#11364,1.);
#11364 = DIRECTION('',(0.,-1.));
#11365 = ( GEOMETRIC_REPRESENTATION_CONTEXT(2) 
PARAMETRIC_REPRESENTATION_CONTEXT() REPRESENTATION_CONTEXT('2D SPACE',''
  ) );
#11366 = PCURVE('',#2099,#11367);
#11367 = DEFINITIONAL_REPRESENTATION('',(#11368),#11372);
#11368 = LINE('',#11369,#11370);
#11369 = CARTESIAN_POINT('',(107.,0.));
#11370 = VECTOR('',#11371,1.);
#11371 = DIRECTION('',(0.,-1.));
#11372 = ( GEOMETRIC_REPRESENTATION_CONTEXT(2) 
PARAMETRIC_REPRESENTATION_CONTEXT() REPRESENTATION_CONTEXT('2D SPACE',''
  ) );
#11373 = ORIENTED_EDGE('',*,*,#11374,.T.);
#11374 = EDGE_CURVE('',#11352,#11281,#11375,.T.);
#11375 = SURFACE_CURVE('',#11376,(#11380,#11387),.PCURVE_S1.);
#11376 = LINE('',#11377,#11378);
#11377 = CARTESIAN_POINT('',(86.,-21.,-1.));
#11378 = VECTOR('',#11379,1.);
#11379 = DIRECTION('',(-1.,0.,0.));
#11380 = PCURVE('',#2125,#11381);
#11381 = DEFINITIONAL_REPRESENTATION('',(#11382),#11386);
#11382 = LINE('',#11383,#11384);
#11383 = CARTESIAN_POINT('',(0.,-2.));
#11384 = VECTOR('',#11385,1.);
#11385 = DIRECTION('',(1.,0.));
#11386 = ( GEOMETRIC_REPRESENTATION_CONTEXT(2) 
PARAMETRIC_REPRESENTATION_CONTEXT() REPRESENTATION_CONTEXT('2D SPACE',''
  ) );
#11387 = PCURVE('',#7938,#11388);
#11388 = DEFINITIONAL_REPRESENTATION('',(#11389),#11393);
#11389 = LINE('',#11390,#11391);
#11390 = CARTESIAN_POINT('',(152.,-21.));
#11391 = VECTOR('',#11392,1.);
#11392 = DIRECTION('',(-1.,0.));
#11393 = ( GEOMETRIC_REPRESENTATION_CONTEXT(2) 
PARAMETRIC_REPRESENTATION_CONTEXT() REPRESENTATION_CONTEXT('2D SPACE',''
  ) );
#11394 = ORIENTED_EDGE('',*,*,#11280,.F.);
#11395 = ADVANCED_FACE('',(#11396),#2071,.F.);
#11396 = FACE_BOUND('',#11397,.F.);
#11397 = EDGE_LOOP('',(#11398,#11399,#11400,#11423));
#11398 = ORIENTED_EDGE('',*,*,#2055,.F.);
#11399 = ORIENTED_EDGE('',*,*,#11326,.F.);
#11400 = ORIENTED_EDGE('',*,*,#11401,.T.);
#11401 = EDGE_CURVE('',#11304,#11402,#11404,.T.);
#11402 = VERTEX_POINT('',#11403);
#11403 = CARTESIAN_POINT('',(-1.,-1.,-1.));
#11404 = SURFACE_CURVE('',#11405,(#11409,#11416),.PCURVE_S1.);
#11405 = LINE('',#11406,#11407);
#11406 = CARTESIAN_POINT('',(-86.,-1.,-1.));
#11407 = VECTOR('',#11408,1.);
#11408 = DIRECTION('',(1.,0.,0.));
#11409 = PCURVE('',#2071,#11410);
#11410 = DEFINITIONAL_REPRESENTATION('',(#11411),#11415);
#11411 = LINE('',#11412,#11413);
#11412 = CARTESIAN_POINT('',(0.,-2.));
#11413 = VECTOR('',#11414,1.);
#11414 = DIRECTION('',(1.,0.));
#11415 = ( GEOMETRIC_REPRESENTATION_CONTEXT(2) 
PARAMETRIC_REPRESENTATION_CONTEXT() REPRESENTATION_CONTEXT('2D SPACE',''
  ) );
#11416 = PCURVE('',#7938,#11417);
#11417 = DEFINITIONAL_REPRESENTATION('',(#11418),#11422);
#11418 = LINE('',#11419,#11420);
#11419 = CARTESIAN_POINT('',(-20.,-1.));
#11420 = VECTOR('',#11421,1.);
#11421 = DIRECTION('',(1.,0.));
#11422 = ( GEOMETRIC_REPRESENTATION_CONTEXT(2) 
PARAMETRIC_REPRESENTATION_CONTEXT() REPRESENTATION_CONTEXT('2D SPACE',''
  ) );
#11423 = ORIENTED_EDGE('',*,*,#11424,.F.);
#11424 = EDGE_CURVE('',#2056,#11402,#11425,.T.);
#11425 = SURFACE_CURVE('',#11426,(#11430,#11437),.PCURVE_S1.);
#11426 = LINE('',#11427,#11428);
#11427 = CARTESIAN_POINT('',(-1.,-1.,-3.));
#11428 = VECTOR('',#11429,1.);
#11429 = DIRECTION('',(0.,-0.,1.));
#11430 = PCURVE('',#2071,#11431);
#11431 = DEFINITIONAL_REPRESENTATION('',(#11432),#11436);
#11432 = LINE('',#11433,#11434);
#11433 = CARTESIAN_POINT('',(85.,0.));
#11434 = VECTOR('',#11435,1.);
#11435 = DIRECTION('',(0.,-1.));
#11436 = ( GEOMETRIC_REPRESENTATION_CONTEXT(2) 
PARAMETRIC_REPRESENTATION_CONTEXT() REPRESENTATION_CONTEXT('2D SPACE',''
  ) );
#11437 = PCURVE('',#2099,#11438);
#11438 = DEFINITIONAL_REPRESENTATION('',(#11439),#11443);
#11439 = LINE('',#11440,#11441);
#11440 = CARTESIAN_POINT('',(87.,0.));
#11441 = VECTOR('',#11442,1.);
#11442 = DIRECTION('',(0.,-1.));
#11443 = ( GEOMETRIC_REPRESENTATION_CONTEXT(2) 
PARAMETRIC_REPRESENTATION_CONTEXT() REPRESENTATION_CONTEXT('2D SPACE',''
  ) );
#11444 = ADVANCED_FACE('',(#11445),#2099,.F.);
#11445 = FACE_BOUND('',#11446,.F.);
#11446 = EDGE_LOOP('',(#11447,#11448,#11449,#11470));
#11447 = ORIENTED_EDGE('',*,*,#2083,.F.);
#11448 = ORIENTED_EDGE('',*,*,#11424,.T.);
#11449 = ORIENTED_EDGE('',*,*,#11450,.T.);
#11450 = EDGE_CURVE('',#11402,#11352,#11451,.T.);
#11451 = SURFACE_CURVE('',#11452,(#11456,#11463),.PCURVE_S1.);
#11452 = LINE('',#11453,#11454);
#11453 = CARTESIAN_POINT('',(-1.,86.,-1.));
#11454 = VECTOR('',#11455,1.);
#11455 = DIRECTION('',(0.,-1.,0.));
#11456 = PCURVE('',#2099,#11457);
#11457 = DEFINITIONAL_REPRESENTATION('',(#11458),#11462);
#11458 = LINE('',#11459,#11460);
#11459 = CARTESIAN_POINT('',(0.,-2.));
#11460 = VECTOR('',#11461,1.);
#11461 = DIRECTION('',(1.,0.));
#11462 = ( GEOMETRIC_REPRESENTATION_CONTEXT(2) 
PARAMETRIC_REPRESENTATION_CONTEXT() REPRESENTATION_CONTEXT('2D SPACE',''
  ) );
#11463 = PCURVE('',#7938,#11464);
#11464 = DEFINITIONAL_REPRESENTATION('',(#11465),#11469);
#11465 = LINE('',#11466,#11467);
#11466 = CARTESIAN_POINT('',(65.,86.));
#11467 = VECTOR('',#11468,1.);
#11468 = DIRECTION('',(0.,-1.));
#11469 = ( GEOMETRIC_REPRESENTATION_CONTEXT(2) 
PARAMETRIC_REPRESENTATION_CONTEXT() REPRESENTATION_CONTEXT('2D SPACE',''
  ) );
#11470 = ORIENTED_EDGE('',*,*,#11351,.F.);
#11471 = ADVANCED_FACE('',(#11472),#2180,.F.);
#11472 = FACE_BOUND('',#11473,.F.);
#11473 = EDGE_LOOP('',(#11474,#11475,#11476,#11499));
#11474 = ORIENTED_EDGE('',*,*,#2164,.F.);
#11475 = ORIENTED_EDGE('',*,*,#8108,.T.);
#11476 = ORIENTED_EDGE('',*,*,#11477,.T.);
#11477 = EDGE_CURVE('',#8109,#11478,#11480,.T.);
#11478 = VERTEX_POINT('',#11479);
#11479 = CARTESIAN_POINT('',(1.,-67.,-1.));
#11480 = SURFACE_CURVE('',#11481,(#11485,#11492),.PCURVE_S1.);
#11481 = LINE('',#11482,#11483);
#11482 = CARTESIAN_POINT('',(1.,-86.,-1.));
#11483 = VECTOR('',#11484,1.);
#11484 = DIRECTION('',(0.,1.,0.));
#11485 = PCURVE('',#2180,#11486);
#11486 = DEFINITIONAL_REPRESENTATION('',(#11487),#11491);
#11487 = LINE('',#11488,#11489);
#11488 = CARTESIAN_POINT('',(0.,-2.));
#11489 = VECTOR('',#11490,1.);
#11490 = DIRECTION('',(1.,0.));
#11491 = ( GEOMETRIC_REPRESENTATION_CONTEXT(2) 
PARAMETRIC_REPRESENTATION_CONTEXT() REPRESENTATION_CONTEXT('2D SPACE',''
  ) );
#11492 = PCURVE('',#7938,#11493);
#11493 = DEFINITIONAL_REPRESENTATION('',(#11494),#11498);
#11494 = LINE('',#11495,#11496);
#11495 = CARTESIAN_POINT('',(67.,-86.));
#11496 = VECTOR('',#11497,1.);
#11497 = DIRECTION('',(0.,1.));
#11498 = ( GEOMETRIC_REPRESENTATION_CONTEXT(2) 
PARAMETRIC_REPRESENTATION_CONTEXT() REPRESENTATION_CONTEXT('2D SPACE',''
  ) );
#11499 = ORIENTED_EDGE('',*,*,#11500,.F.);
#11500 = EDGE_CURVE('',#2165,#11478,#11501,.T.);
#11501 = SURFACE_CURVE('',#11502,(#11506,#11513),.PCURVE_S1.);
#11502 = LINE('',#11503,#11504);
#11503 = CARTESIAN_POINT('',(1.,-67.,-3.));
#11504 = VECTOR('',#11505,1.);
#11505 = DIRECTION('',(0.,-0.,1.));
#11506 = PCURVE('',#2180,#11507);
#11507 = DEFINITIONAL_REPRESENTATION('',(#11508),#11512);
#11508 = LINE('',#11509,#11510);
#11509 = CARTESIAN_POINT('',(19.,0.));
#11510 = VECTOR('',#11511,1.);
#11511 = DIRECTION('',(0.,-1.));
#11512 = ( GEOMETRIC_REPRESENTATION_CONTEXT(2) 
PARAMETRIC_REPRESENTATION_CONTEXT() REPRESENTATION_CONTEXT('2D SPACE',''
  ) );
#11513 = PCURVE('',#2208,#11514);
#11514 = DEFINITIONAL_REPRESENTATION('',(#11515),#11519);
#11515 = LINE('',#11516,#11517);
#11516 = CARTESIAN_POINT('',(87.,0.));
#11517 = VECTOR('',#11518,1.);
#11518 = DIRECTION('',(0.,-1.));
#11519 = ( GEOMETRIC_REPRESENTATION_CONTEXT(2) 
PARAMETRIC_REPRESENTATION_CONTEXT() REPRESENTATION_CONTEXT('2D SPACE',''
  ) );
#11520 = ADVANCED_FACE('',(#11521),#2234,.F.);
#11521 = FACE_BOUND('',#11522,.F.);
#11522 = EDGE_LOOP('',(#11523,#11524,#11547,#11568));
#11523 = ORIENTED_EDGE('',*,*,#2220,.F.);
#11524 = ORIENTED_EDGE('',*,*,#11525,.F.);
#11525 = EDGE_CURVE('',#11526,#2193,#11528,.T.);
#11526 = VERTEX_POINT('',#11527);
#11527 = CARTESIAN_POINT('',(21.,-67.,-1.));
#11528 = SURFACE_CURVE('',#11529,(#11533,#11540),.PCURVE_S1.);
#11529 = LINE('',#11530,#11531);
#11530 = CARTESIAN_POINT('',(21.,-67.,-3.));
#11531 = VECTOR('',#11532,1.);
#11532 = DIRECTION('',(-0.,0.,-1.));
#11533 = PCURVE('',#2234,#11534);
#11534 = DEFINITIONAL_REPRESENTATION('',(#11535),#11539);
#11535 = LINE('',#11536,#11537);
#11536 = CARTESIAN_POINT('',(153.,0.));
#11537 = VECTOR('',#11538,1.);
#11538 = DIRECTION('',(-0.,1.));
#11539 = ( GEOMETRIC_REPRESENTATION_CONTEXT(2) 
PARAMETRIC_REPRESENTATION_CONTEXT() REPRESENTATION_CONTEXT('2D SPACE',''
  ) );
#11540 = PCURVE('',#2208,#11541);
#11541 = DEFINITIONAL_REPRESENTATION('',(#11542),#11546);
#11542 = LINE('',#11543,#11544);
#11543 = CARTESIAN_POINT('',(107.,0.));
#11544 = VECTOR('',#11545,1.);
#11545 = DIRECTION('',(0.,1.));
#11546 = ( GEOMETRIC_REPRESENTATION_CONTEXT(2) 
PARAMETRIC_REPRESENTATION_CONTEXT() REPRESENTATION_CONTEXT('2D SPACE',''
  ) );
#11547 = ORIENTED_EDGE('',*,*,#11548,.T.);
#11548 = EDGE_CURVE('',#11526,#8064,#11549,.T.);
#11549 = SURFACE_CURVE('',#11550,(#11554,#11561),.PCURVE_S1.);
#11550 = LINE('',#11551,#11552);
#11551 = CARTESIAN_POINT('',(21.,86.,-1.));
#11552 = VECTOR('',#11553,1.);
#11553 = DIRECTION('',(0.,-1.,0.));
#11554 = PCURVE('',#2234,#11555);
#11555 = DEFINITIONAL_REPRESENTATION('',(#11556),#11560);
#11556 = LINE('',#11557,#11558);
#11557 = CARTESIAN_POINT('',(0.,-2.));
#11558 = VECTOR('',#11559,1.);
#11559 = DIRECTION('',(1.,0.));
#11560 = ( GEOMETRIC_REPRESENTATION_CONTEXT(2) 
PARAMETRIC_REPRESENTATION_CONTEXT() REPRESENTATION_CONTEXT('2D SPACE',''
  ) );
#11561 = PCURVE('',#7938,#11562);
#11562 = DEFINITIONAL_REPRESENTATION('',(#11563),#11567);
#11563 = LINE('',#11564,#11565);
#11564 = CARTESIAN_POINT('',(87.,86.));
#11565 = VECTOR('',#11566,1.);
#11566 = DIRECTION('',(0.,-1.));
#11567 = ( GEOMETRIC_REPRESENTATION_CONTEXT(2) 
PARAMETRIC_REPRESENTATION_CONTEXT() REPRESENTATION_CONTEXT('2D SPACE',''
  ) );
#11568 = ORIENTED_EDGE('',*,*,#8086,.F.);
#11569 = ADVANCED_FACE('',(#11570),#2208,.F.);
#11570 = FACE_BOUND('',#11571,.F.);
#11571 = EDGE_LOOP('',(#11572,#11573,#11574,#11595));
#11572 = ORIENTED_EDGE('',*,*,#2192,.F.);
#11573 = ORIENTED_EDGE('',*,*,#11500,.T.);
#11574 = ORIENTED_EDGE('',*,*,#11575,.T.);
#11575 = EDGE_CURVE('',#11478,#11526,#11576,.T.);
#11576 = SURFACE_CURVE('',#11577,(#11581,#11588),.PCURVE_S1.);
#11577 = LINE('',#11578,#11579);
#11578 = CARTESIAN_POINT('',(-86.,-67.,-1.));
#11579 = VECTOR('',#11580,1.);
#11580 = DIRECTION('',(1.,0.,0.));
#11581 = PCURVE('',#2208,#11582);
#11582 = DEFINITIONAL_REPRESENTATION('',(#11583),#11587);
#11583 = LINE('',#11584,#11585);
#11584 = CARTESIAN_POINT('',(0.,-2.));
#11585 = VECTOR('',#11586,1.);
#11586 = DIRECTION('',(1.,0.));
#11587 = ( GEOMETRIC_REPRESENTATION_CONTEXT(2) 
PARAMETRIC_REPRESENTATION_CONTEXT() REPRESENTATION_CONTEXT('2D SPACE',''
  ) );
#11588 = PCURVE('',#7938,#11589);
#11589 = DEFINITIONAL_REPRESENTATION('',(#11590),#11594);
#11590 = LINE('',#11591,#11592);
#11591 = CARTESIAN_POINT('',(-20.,-67.));
#11592 = VECTOR('',#11593,1.);
#11593 = DIRECTION('',(1.,0.));
#11594 = ( GEOMETRIC_REPRESENTATION_CONTEXT(2) 
PARAMETRIC_REPRESENTATION_CONTEXT() REPRESENTATION_CONTEXT('2D SPACE',''
  ) );
#11595 = ORIENTED_EDGE('',*,*,#11525,.T.);
#11596 = ADVANCED_FACE('',(#11597),#2289,.F.);
#11597 = FACE_BOUND('',#11598,.F.);
#11598 = EDGE_LOOP('',(#11599,#11600,#11601,#11624));
#11599 = ORIENTED_EDGE('',*,*,#2273,.F.);
#11600 = ORIENTED_EDGE('',*,*,#8040,.T.);
#11601 = ORIENTED_EDGE('',*,*,#11602,.T.);
#11602 = EDGE_CURVE('',#8041,#11603,#11605,.T.);
#11603 = VERTEX_POINT('',#11604);
#11604 = CARTESIAN_POINT('',(23.,-67.,-1.));
#11605 = SURFACE_CURVE('',#11606,(#11610,#11617),.PCURVE_S1.);
#11606 = LINE('',#11607,#11608);
#11607 = CARTESIAN_POINT('',(23.,-86.,-1.));
#11608 = VECTOR('',#11609,1.);
#11609 = DIRECTION('',(0.,1.,0.));
#11610 = PCURVE('',#2289,#11611);
#11611 = DEFINITIONAL_REPRESENTATION('',(#11612),#11616);
#11612 = LINE('',#11613,#11614);
#11613 = CARTESIAN_POINT('',(0.,-2.));
#11614 = VECTOR('',#11615,1.);
#11615 = DIRECTION('',(1.,0.));
#11616 = ( GEOMETRIC_REPRESENTATION_CONTEXT(2) 
PARAMETRIC_REPRESENTATION_CONTEXT() REPRESENTATION_CONTEXT('2D SPACE',''
  ) );
#11617 = PCURVE('',#7938,#11618);
#11618 = DEFINITIONAL_REPRESENTATION('',(#11619),#11623);
#11619 = LINE('',#11620,#11621);
#11620 = CARTESIAN_POINT('',(89.,-86.));
#11621 = VECTOR('',#11622,1.);
#11622 = DIRECTION('',(0.,1.));
#11623 = ( GEOMETRIC_REPRESENTATION_CONTEXT(2) 
PARAMETRIC_REPRESENTATION_CONTEXT() REPRESENTATION_CONTEXT('2D SPACE',''
  ) );
#11624 = ORIENTED_EDGE('',*,*,#11625,.F.);
#11625 = EDGE_CURVE('',#2274,#11603,#11626,.T.);
#11626 = SURFACE_CURVE('',#11627,(#11631,#11638),.PCURVE_S1.);
#11627 = LINE('',#11628,#11629);
#11628 = CARTESIAN_POINT('',(23.,-67.,-3.));
#11629 = VECTOR('',#11630,1.);
#11630 = DIRECTION('',(0.,-0.,1.));
#11631 = PCURVE('',#2289,#11632);
#11632 = DEFINITIONAL_REPRESENTATION('',(#11633),#11637);
#11633 = LINE('',#11634,#11635);
#11634 = CARTESIAN_POINT('',(19.,0.));
#11635 = VECTOR('',#11636,1.);
#11636 = DIRECTION('',(0.,-1.));
#11637 = ( GEOMETRIC_REPRESENTATION_CONTEXT(2) 
PARAMETRIC_REPRESENTATION_CONTEXT() REPRESENTATION_CONTEXT('2D SPACE',''
  ) );
#11638 = PCURVE('',#2317,#11639);
#11639 = DEFINITIONAL_REPRESENTATION('',(#11640),#11644);
#11640 = LINE('',#11641,#11642);
#11641 = CARTESIAN_POINT('',(109.,0.));
#11642 = VECTOR('',#11643,1.);
#11643 = DIRECTION('',(0.,-1.));
#11644 = ( GEOMETRIC_REPRESENTATION_CONTEXT(2) 
PARAMETRIC_REPRESENTATION_CONTEXT() REPRESENTATION_CONTEXT('2D SPACE',''
  ) );
#11645 = ADVANCED_FACE('',(#11646),#2343,.F.);
#11646 = FACE_BOUND('',#11647,.F.);
#11647 = EDGE_LOOP('',(#11648,#11649,#11672,#11693));
#11648 = ORIENTED_EDGE('',*,*,#2329,.F.);
#11649 = ORIENTED_EDGE('',*,*,#11650,.F.);
#11650 = EDGE_CURVE('',#11651,#2302,#11653,.T.);
#11651 = VERTEX_POINT('',#11652);
#11652 = CARTESIAN_POINT('',(43.,-67.,-1.));
#11653 = SURFACE_CURVE('',#11654,(#11658,#11665),.PCURVE_S1.);
#11654 = LINE('',#11655,#11656);
#11655 = CARTESIAN_POINT('',(43.,-67.,-3.));
#11656 = VECTOR('',#11657,1.);
#11657 = DIRECTION('',(-0.,0.,-1.));
#11658 = PCURVE('',#2343,#11659);
#11659 = DEFINITIONAL_REPRESENTATION('',(#11660),#11664);
#11660 = LINE('',#11661,#11662);
#11661 = CARTESIAN_POINT('',(153.,0.));
#11662 = VECTOR('',#11663,1.);
#11663 = DIRECTION('',(-0.,1.));
#11664 = ( GEOMETRIC_REPRESENTATION_CONTEXT(2) 
PARAMETRIC_REPRESENTATION_CONTEXT() REPRESENTATION_CONTEXT('2D SPACE',''
  ) );
#11665 = PCURVE('',#2317,#11666);
#11666 = DEFINITIONAL_REPRESENTATION('',(#11667),#11671);
#11667 = LINE('',#11668,#11669);
#11668 = CARTESIAN_POINT('',(129.,0.));
#11669 = VECTOR('',#11670,1.);
#11670 = DIRECTION('',(0.,1.));
#11671 = ( GEOMETRIC_REPRESENTATION_CONTEXT(2) 
PARAMETRIC_REPRESENTATION_CONTEXT() REPRESENTATION_CONTEXT('2D SPACE',''
  ) );
#11672 = ORIENTED_EDGE('',*,*,#11673,.T.);
#11673 = EDGE_CURVE('',#11651,#7996,#11674,.T.);
#11674 = SURFACE_CURVE('',#11675,(#11679,#11686),.PCURVE_S1.);
#11675 = LINE('',#11676,#11677);
#11676 = CARTESIAN_POINT('',(43.,86.,-1.));
#11677 = VECTOR('',#11678,1.);
#11678 = DIRECTION('',(0.,-1.,0.));
#11679 = PCURVE('',#2343,#11680);
#11680 = DEFINITIONAL_REPRESENTATION('',(#11681),#11685);
#11681 = LINE('',#11682,#11683);
#11682 = CARTESIAN_POINT('',(0.,-2.));
#11683 = VECTOR('',#11684,1.);
#11684 = DIRECTION('',(1.,0.));
#11685 = ( GEOMETRIC_REPRESENTATION_CONTEXT(2) 
PARAMETRIC_REPRESENTATION_CONTEXT() REPRESENTATION_CONTEXT('2D SPACE',''
  ) );
#11686 = PCURVE('',#7938,#11687);
#11687 = DEFINITIONAL_REPRESENTATION('',(#11688),#11692);
#11688 = LINE('',#11689,#11690);
#11689 = CARTESIAN_POINT('',(109.,86.));
#11690 = VECTOR('',#11691,1.);
#11691 = DIRECTION('',(0.,-1.));
#11692 = ( GEOMETRIC_REPRESENTATION_CONTEXT(2) 
PARAMETRIC_REPRESENTATION_CONTEXT() REPRESENTATION_CONTEXT('2D SPACE',''
  ) );
#11693 = ORIENTED_EDGE('',*,*,#8018,.F.);
#11694 = ADVANCED_FACE('',(#11695),#2317,.F.);
#11695 = FACE_BOUND('',#11696,.F.);
#11696 = EDGE_LOOP('',(#11697,#11698,#11699,#11720));
#11697 = ORIENTED_EDGE('',*,*,#2301,.F.);
#11698 = ORIENTED_EDGE('',*,*,#11625,.T.);
#11699 = ORIENTED_EDGE('',*,*,#11700,.T.);
#11700 = EDGE_CURVE('',#11603,#11651,#11701,.T.);
#11701 = SURFACE_CURVE('',#11702,(#11706,#11713),.PCURVE_S1.);
#11702 = LINE('',#11703,#11704);
#11703 = CARTESIAN_POINT('',(-86.,-67.,-1.));
#11704 = VECTOR('',#11705,1.);
#11705 = DIRECTION('',(1.,0.,0.));
#11706 = PCURVE('',#2317,#11707);
#11707 = DEFINITIONAL_REPRESENTATION('',(#11708),#11712);
#11708 = LINE('',#11709,#11710);
#11709 = CARTESIAN_POINT('',(0.,-2.));
#11710 = VECTOR('',#11711,1.);
#11711 = DIRECTION('',(1.,0.));
#11712 = ( GEOMETRIC_REPRESENTATION_CONTEXT(2) 
PARAMETRIC_REPRESENTATION_CONTEXT() REPRESENTATION_CONTEXT('2D SPACE',''
  ) );
#11713 = PCURVE('',#7938,#11714);
#11714 = DEFINITIONAL_REPRESENTATION('',(#11715),#11719);
#11715 = LINE('',#11716,#11717);
#11716 = CARTESIAN_POINT('',(-20.,-67.));
#11717 = VECTOR('',#11718,1.);
#11718 = DIRECTION('',(1.,0.));
#11719 = ( GEOMETRIC_REPRESENTATION_CONTEXT(2) 
PARAMETRIC_REPRESENTATION_CONTEXT() REPRESENTATION_CONTEXT('2D SPACE',''
  ) );
#11720 = ORIENTED_EDGE('',*,*,#11650,.T.);
#11721 = ADVANCED_FACE('',(#11722),#2375,.F.);
#11722 = FACE_BOUND('',#11723,.F.);
#11723 = EDGE_LOOP('',(#11724,#11725,#11748,#11771));
#11724 = ORIENTED_EDGE('',*,*,#2357,.F.);
#11725 = ORIENTED_EDGE('',*,*,#11726,.T.);
#11726 = EDGE_CURVE('',#2358,#11727,#11729,.T.);
#11727 = VERTEX_POINT('',#11728);
#11728 = CARTESIAN_POINT('',(1.,-45.,-1.));
#11729 = SURFACE_CURVE('',#11730,(#11734,#11741),.PCURVE_S1.);
#11730 = LINE('',#11731,#11732);
#11731 = CARTESIAN_POINT('',(1.,-45.,-3.));
#11732 = VECTOR('',#11733,1.);
#11733 = DIRECTION('',(0.,-0.,1.));
#11734 = PCURVE('',#2375,#11735);
#11735 = DEFINITIONAL_REPRESENTATION('',(#11736),#11740);
#11736 = LINE('',#11737,#11738);
#11737 = CARTESIAN_POINT('',(87.,0.));
#11738 = VECTOR('',#11739,1.);
#11739 = DIRECTION('',(0.,-1.));
#11740 = ( GEOMETRIC_REPRESENTATION_CONTEXT(2) 
PARAMETRIC_REPRESENTATION_CONTEXT() REPRESENTATION_CONTEXT('2D SPACE',''
  ) );
#11741 = PCURVE('',#2457,#11742);
#11742 = DEFINITIONAL_REPRESENTATION('',(#11743),#11747);
#11743 = LINE('',#11744,#11745);
#11744 = CARTESIAN_POINT('',(41.,0.));
#11745 = VECTOR('',#11746,1.);
#11746 = DIRECTION('',(0.,-1.));
#11747 = ( GEOMETRIC_REPRESENTATION_CONTEXT(2) 
PARAMETRIC_REPRESENTATION_CONTEXT() REPRESENTATION_CONTEXT('2D SPACE',''
  ) );
#11748 = ORIENTED_EDGE('',*,*,#11749,.T.);
#11749 = EDGE_CURVE('',#11727,#11750,#11752,.T.);
#11750 = VERTEX_POINT('',#11751);
#11751 = CARTESIAN_POINT('',(21.,-45.,-1.));
#11752 = SURFACE_CURVE('',#11753,(#11757,#11764),.PCURVE_S1.);
#11753 = LINE('',#11754,#11755);
#11754 = CARTESIAN_POINT('',(-86.,-45.,-1.));
#11755 = VECTOR('',#11756,1.);
#11756 = DIRECTION('',(1.,0.,0.));
#11757 = PCURVE('',#2375,#11758);
#11758 = DEFINITIONAL_REPRESENTATION('',(#11759),#11763);
#11759 = LINE('',#11760,#11761);
#11760 = CARTESIAN_POINT('',(0.,-2.));
#11761 = VECTOR('',#11762,1.);
#11762 = DIRECTION('',(1.,0.));
#11763 = ( GEOMETRIC_REPRESENTATION_CONTEXT(2) 
PARAMETRIC_REPRESENTATION_CONTEXT() REPRESENTATION_CONTEXT('2D SPACE',''
  ) );
#11764 = PCURVE('',#7938,#11765);
#11765 = DEFINITIONAL_REPRESENTATION('',(#11766),#11770);
#11766 = LINE('',#11767,#11768);
#11767 = CARTESIAN_POINT('',(-20.,-45.));
#11768 = VECTOR('',#11769,1.);
#11769 = DIRECTION('',(1.,0.));
#11770 = ( GEOMETRIC_REPRESENTATION_CONTEXT(2) 
PARAMETRIC_REPRESENTATION_CONTEXT() REPRESENTATION_CONTEXT('2D SPACE',''
  ) );
#11771 = ORIENTED_EDGE('',*,*,#11772,.T.);
#11772 = EDGE_CURVE('',#11750,#2360,#11773,.T.);
#11773 = SURFACE_CURVE('',#11774,(#11778,#11785),.PCURVE_S1.);
#11774 = LINE('',#11775,#11776);
#11775 = CARTESIAN_POINT('',(21.,-45.,-3.));
#11776 = VECTOR('',#11777,1.);
#11777 = DIRECTION('',(-0.,0.,-1.));
#11778 = PCURVE('',#2375,#11779);
#11779 = DEFINITIONAL_REPRESENTATION('',(#11780),#11784);
#11780 = LINE('',#11781,#11782);
#11781 = CARTESIAN_POINT('',(107.,0.));
#11782 = VECTOR('',#11783,1.);
#11783 = DIRECTION('',(0.,1.));
#11784 = ( GEOMETRIC_REPRESENTATION_CONTEXT(2) 
PARAMETRIC_REPRESENTATION_CONTEXT() REPRESENTATION_CONTEXT('2D SPACE',''
  ) );
#11785 = PCURVE('',#2403,#11786);
#11786 = DEFINITIONAL_REPRESENTATION('',(#11787),#11791);
#11787 = LINE('',#11788,#11789);
#11788 = CARTESIAN_POINT('',(131.,0.));
#11789 = VECTOR('',#11790,1.);
#11790 = DIRECTION('',(-0.,1.));
#11791 = ( GEOMETRIC_REPRESENTATION_CONTEXT(2) 
PARAMETRIC_REPRESENTATION_CONTEXT() REPRESENTATION_CONTEXT('2D SPACE',''
  ) );
#11792 = ADVANCED_FACE('',(#11793),#2457,.F.);
#11793 = FACE_BOUND('',#11794,.F.);
#11794 = EDGE_LOOP('',(#11795,#11796,#11819,#11840));
#11795 = ORIENTED_EDGE('',*,*,#2443,.F.);
#11796 = ORIENTED_EDGE('',*,*,#11797,.F.);
#11797 = EDGE_CURVE('',#11798,#2416,#11800,.T.);
#11798 = VERTEX_POINT('',#11799);
#11799 = CARTESIAN_POINT('',(1.,-65.,-1.));
#11800 = SURFACE_CURVE('',#11801,(#11805,#11812),.PCURVE_S1.);
#11801 = LINE('',#11802,#11803);
#11802 = CARTESIAN_POINT('',(1.,-65.,-3.));
#11803 = VECTOR('',#11804,1.);
#11804 = DIRECTION('',(-0.,-0.,-1.));
#11805 = PCURVE('',#2457,#11806);
#11806 = DEFINITIONAL_REPRESENTATION('',(#11807),#11811);
#11807 = LINE('',#11808,#11809);
#11808 = CARTESIAN_POINT('',(21.,0.));
#11809 = VECTOR('',#11810,1.);
#11810 = DIRECTION('',(0.,1.));
#11811 = ( GEOMETRIC_REPRESENTATION_CONTEXT(2) 
PARAMETRIC_REPRESENTATION_CONTEXT() REPRESENTATION_CONTEXT('2D SPACE',''
  ) );
#11812 = PCURVE('',#2431,#11813);
#11813 = DEFINITIONAL_REPRESENTATION('',(#11814),#11818);
#11814 = LINE('',#11815,#11816);
#11815 = CARTESIAN_POINT('',(85.,0.));
#11816 = VECTOR('',#11817,1.);
#11817 = DIRECTION('',(0.,1.));
#11818 = ( GEOMETRIC_REPRESENTATION_CONTEXT(2) 
PARAMETRIC_REPRESENTATION_CONTEXT() REPRESENTATION_CONTEXT('2D SPACE',''
  ) );
#11819 = ORIENTED_EDGE('',*,*,#11820,.T.);
#11820 = EDGE_CURVE('',#11798,#11727,#11821,.T.);
#11821 = SURFACE_CURVE('',#11822,(#11826,#11833),.PCURVE_S1.);
#11822 = LINE('',#11823,#11824);
#11823 = CARTESIAN_POINT('',(1.,-86.,-1.));
#11824 = VECTOR('',#11825,1.);
#11825 = DIRECTION('',(0.,1.,0.));
#11826 = PCURVE('',#2457,#11827);
#11827 = DEFINITIONAL_REPRESENTATION('',(#11828),#11832);
#11828 = LINE('',#11829,#11830);
#11829 = CARTESIAN_POINT('',(0.,-2.));
#11830 = VECTOR('',#11831,1.);
#11831 = DIRECTION('',(1.,0.));
#11832 = ( GEOMETRIC_REPRESENTATION_CONTEXT(2) 
PARAMETRIC_REPRESENTATION_CONTEXT() REPRESENTATION_CONTEXT('2D SPACE',''
  ) );
#11833 = PCURVE('',#7938,#11834);
#11834 = DEFINITIONAL_REPRESENTATION('',(#11835),#11839);
#11835 = LINE('',#11836,#11837);
#11836 = CARTESIAN_POINT('',(67.,-86.));
#11837 = VECTOR('',#11838,1.);
#11838 = DIRECTION('',(0.,1.));
#11839 = ( GEOMETRIC_REPRESENTATION_CONTEXT(2) 
PARAMETRIC_REPRESENTATION_CONTEXT() REPRESENTATION_CONTEXT('2D SPACE',''
  ) );
#11840 = ORIENTED_EDGE('',*,*,#11726,.F.);
#11841 = ADVANCED_FACE('',(#11842),#2403,.F.);
#11842 = FACE_BOUND('',#11843,.F.);
#11843 = EDGE_LOOP('',(#11844,#11845,#11846,#11869));
#11844 = ORIENTED_EDGE('',*,*,#2387,.F.);
#11845 = ORIENTED_EDGE('',*,*,#11772,.F.);
#11846 = ORIENTED_EDGE('',*,*,#11847,.T.);
#11847 = EDGE_CURVE('',#11750,#11848,#11850,.T.);
#11848 = VERTEX_POINT('',#11849);
#11849 = CARTESIAN_POINT('',(21.,-65.,-1.));
#11850 = SURFACE_CURVE('',#11851,(#11855,#11862),.PCURVE_S1.);
#11851 = LINE('',#11852,#11853);
#11852 = CARTESIAN_POINT('',(21.,86.,-1.));
#11853 = VECTOR('',#11854,1.);
#11854 = DIRECTION('',(0.,-1.,0.));
#11855 = PCURVE('',#2403,#11856);
#11856 = DEFINITIONAL_REPRESENTATION('',(#11857),#11861);
#11857 = LINE('',#11858,#11859);
#11858 = CARTESIAN_POINT('',(0.,-2.));
#11859 = VECTOR('',#11860,1.);
#11860 = DIRECTION('',(1.,0.));
#11861 = ( GEOMETRIC_REPRESENTATION_CONTEXT(2) 
PARAMETRIC_REPRESENTATION_CONTEXT() REPRESENTATION_CONTEXT('2D SPACE',''
  ) );
#11862 = PCURVE('',#7938,#11863);
#11863 = DEFINITIONAL_REPRESENTATION('',(#11864),#11868);
#11864 = LINE('',#11865,#11866);
#11865 = CARTESIAN_POINT('',(87.,86.));
#11866 = VECTOR('',#11867,1.);
#11867 = DIRECTION('',(0.,-1.));
#11868 = ( GEOMETRIC_REPRESENTATION_CONTEXT(2) 
PARAMETRIC_REPRESENTATION_CONTEXT() REPRESENTATION_CONTEXT('2D SPACE',''
  ) );
#11869 = ORIENTED_EDGE('',*,*,#11870,.F.);
#11870 = EDGE_CURVE('',#2388,#11848,#11871,.T.);
#11871 = SURFACE_CURVE('',#11872,(#11876,#11883),.PCURVE_S1.);
#11872 = LINE('',#11873,#11874);
#11873 = CARTESIAN_POINT('',(21.,-65.,-3.));
#11874 = VECTOR('',#11875,1.);
#11875 = DIRECTION('',(0.,0.,1.));
#11876 = PCURVE('',#2403,#11877);
#11877 = DEFINITIONAL_REPRESENTATION('',(#11878),#11882);
#11878 = LINE('',#11879,#11880);
#11879 = CARTESIAN_POINT('',(151.,0.));
#11880 = VECTOR('',#11881,1.);
#11881 = DIRECTION('',(0.,-1.));
#11882 = ( GEOMETRIC_REPRESENTATION_CONTEXT(2) 
PARAMETRIC_REPRESENTATION_CONTEXT() REPRESENTATION_CONTEXT('2D SPACE',''
  ) );
#11883 = PCURVE('',#2431,#11884);
#11884 = DEFINITIONAL_REPRESENTATION('',(#11885),#11889);
#11885 = LINE('',#11886,#11887);
#11886 = CARTESIAN_POINT('',(65.,0.));
#11887 = VECTOR('',#11888,1.);
#11888 = DIRECTION('',(0.,-1.));
#11889 = ( GEOMETRIC_REPRESENTATION_CONTEXT(2) 
PARAMETRIC_REPRESENTATION_CONTEXT() REPRESENTATION_CONTEXT('2D SPACE',''
  ) );
#11890 = ADVANCED_FACE('',(#11891),#2431,.F.);
#11891 = FACE_BOUND('',#11892,.F.);
#11892 = EDGE_LOOP('',(#11893,#11894,#11895,#11916));
#11893 = ORIENTED_EDGE('',*,*,#2415,.F.);
#11894 = ORIENTED_EDGE('',*,*,#11870,.T.);
#11895 = ORIENTED_EDGE('',*,*,#11896,.T.);
#11896 = EDGE_CURVE('',#11848,#11798,#11897,.T.);
#11897 = SURFACE_CURVE('',#11898,(#11902,#11909),.PCURVE_S1.);
#11898 = LINE('',#11899,#11900);
#11899 = CARTESIAN_POINT('',(86.,-65.,-1.));
#11900 = VECTOR('',#11901,1.);
#11901 = DIRECTION('',(-1.,0.,0.));
#11902 = PCURVE('',#2431,#11903);
#11903 = DEFINITIONAL_REPRESENTATION('',(#11904),#11908);
#11904 = LINE('',#11905,#11906);
#11905 = CARTESIAN_POINT('',(0.,-2.));
#11906 = VECTOR('',#11907,1.);
#11907 = DIRECTION('',(1.,0.));
#11908 = ( GEOMETRIC_REPRESENTATION_CONTEXT(2) 
PARAMETRIC_REPRESENTATION_CONTEXT() REPRESENTATION_CONTEXT('2D SPACE',''
  ) );
#11909 = PCURVE('',#7938,#11910);
#11910 = DEFINITIONAL_REPRESENTATION('',(#11911),#11915);
#11911 = LINE('',#11912,#11913);
#11912 = CARTESIAN_POINT('',(152.,-65.));
#11913 = VECTOR('',#11914,1.);
#11914 = DIRECTION('',(-1.,0.));
#11915 = ( GEOMETRIC_REPRESENTATION_CONTEXT(2) 
PARAMETRIC_REPRESENTATION_CONTEXT() REPRESENTATION_CONTEXT('2D SPACE',''
  ) );
#11916 = ORIENTED_EDGE('',*,*,#11797,.T.);
#11917 = ADVANCED_FACE('',(#11918),#2489,.F.);
#11918 = FACE_BOUND('',#11919,.F.);
#11919 = EDGE_LOOP('',(#11920,#11921,#11944,#11967));
#11920 = ORIENTED_EDGE('',*,*,#2471,.F.);
#11921 = ORIENTED_EDGE('',*,*,#11922,.T.);
#11922 = EDGE_CURVE('',#2472,#11923,#11925,.T.);
#11923 = VERTEX_POINT('',#11924);
#11924 = CARTESIAN_POINT('',(23.,-45.,-1.));
#11925 = SURFACE_CURVE('',#11926,(#11930,#11937),.PCURVE_S1.);
#11926 = LINE('',#11927,#11928);
#11927 = CARTESIAN_POINT('',(23.,-45.,-3.));
#11928 = VECTOR('',#11929,1.);
#11929 = DIRECTION('',(0.,-0.,1.));
#11930 = PCURVE('',#2489,#11931);
#11931 = DEFINITIONAL_REPRESENTATION('',(#11932),#11936);
#11932 = LINE('',#11933,#11934);
#11933 = CARTESIAN_POINT('',(109.,0.));
#11934 = VECTOR('',#11935,1.);
#11935 = DIRECTION('',(0.,-1.));
#11936 = ( GEOMETRIC_REPRESENTATION_CONTEXT(2) 
PARAMETRIC_REPRESENTATION_CONTEXT() REPRESENTATION_CONTEXT('2D SPACE',''
  ) );
#11937 = PCURVE('',#2571,#11938);
#11938 = DEFINITIONAL_REPRESENTATION('',(#11939),#11943);
#11939 = LINE('',#11940,#11941);
#11940 = CARTESIAN_POINT('',(41.,0.));
#11941 = VECTOR('',#11942,1.);
#11942 = DIRECTION('',(0.,-1.));
#11943 = ( GEOMETRIC_REPRESENTATION_CONTEXT(2) 
PARAMETRIC_REPRESENTATION_CONTEXT() REPRESENTATION_CONTEXT('2D SPACE',''
  ) );
#11944 = ORIENTED_EDGE('',*,*,#11945,.T.);
#11945 = EDGE_CURVE('',#11923,#11946,#11948,.T.);
#11946 = VERTEX_POINT('',#11947);
#11947 = CARTESIAN_POINT('',(43.,-45.,-1.));
#11948 = SURFACE_CURVE('',#11949,(#11953,#11960),.PCURVE_S1.);
#11949 = LINE('',#11950,#11951);
#11950 = CARTESIAN_POINT('',(-86.,-45.,-1.));
#11951 = VECTOR('',#11952,1.);
#11952 = DIRECTION('',(1.,0.,0.));
#11953 = PCURVE('',#2489,#11954);
#11954 = DEFINITIONAL_REPRESENTATION('',(#11955),#11959);
#11955 = LINE('',#11956,#11957);
#11956 = CARTESIAN_POINT('',(0.,-2.));
#11957 = VECTOR('',#11958,1.);
#11958 = DIRECTION('',(1.,0.));
#11959 = ( GEOMETRIC_REPRESENTATION_CONTEXT(2) 
PARAMETRIC_REPRESENTATION_CONTEXT() REPRESENTATION_CONTEXT('2D SPACE',''
  ) );
#11960 = PCURVE('',#7938,#11961);
#11961 = DEFINITIONAL_REPRESENTATION('',(#11962),#11966);
#11962 = LINE('',#11963,#11964);
#11963 = CARTESIAN_POINT('',(-20.,-45.));
#11964 = VECTOR('',#11965,1.);
#11965 = DIRECTION('',(1.,0.));
#11966 = ( GEOMETRIC_REPRESENTATION_CONTEXT(2) 
PARAMETRIC_REPRESENTATION_CONTEXT() REPRESENTATION_CONTEXT('2D SPACE',''
  ) );
#11967 = ORIENTED_EDGE('',*,*,#11968,.T.);
#11968 = EDGE_CURVE('',#11946,#2474,#11969,.T.);
#11969 = SURFACE_CURVE('',#11970,(#11974,#11981),.PCURVE_S1.);
#11970 = LINE('',#11971,#11972);
#11971 = CARTESIAN_POINT('',(43.,-45.,-3.));
#11972 = VECTOR('',#11973,1.);
#11973 = DIRECTION('',(-0.,0.,-1.));
#11974 = PCURVE('',#2489,#11975);
#11975 = DEFINITIONAL_REPRESENTATION('',(#11976),#11980);
#11976 = LINE('',#11977,#11978);
#11977 = CARTESIAN_POINT('',(129.,0.));
#11978 = VECTOR('',#11979,1.);
#11979 = DIRECTION('',(0.,1.));
#11980 = ( GEOMETRIC_REPRESENTATION_CONTEXT(2) 
PARAMETRIC_REPRESENTATION_CONTEXT() REPRESENTATION_CONTEXT('2D SPACE',''
  ) );
#11981 = PCURVE('',#2517,#11982);
#11982 = DEFINITIONAL_REPRESENTATION('',(#11983),#11987);
#11983 = LINE('',#11984,#11985);
#11984 = CARTESIAN_POINT('',(131.,0.));
#11985 = VECTOR('',#11986,1.);
#11986 = DIRECTION('',(-0.,1.));
#11987 = ( GEOMETRIC_REPRESENTATION_CONTEXT(2) 
PARAMETRIC_REPRESENTATION_CONTEXT() REPRESENTATION_CONTEXT('2D SPACE',''
  ) );
#11988 = ADVANCED_FACE('',(#11989),#2571,.F.);
#11989 = FACE_BOUND('',#11990,.F.);
#11990 = EDGE_LOOP('',(#11991,#11992,#12015,#12036));
#11991 = ORIENTED_EDGE('',*,*,#2557,.F.);
#11992 = ORIENTED_EDGE('',*,*,#11993,.F.);
#11993 = EDGE_CURVE('',#11994,#2530,#11996,.T.);
#11994 = VERTEX_POINT('',#11995);
#11995 = CARTESIAN_POINT('',(23.,-65.,-1.));
#11996 = SURFACE_CURVE('',#11997,(#12001,#12008),.PCURVE_S1.);
#11997 = LINE('',#11998,#11999);
#11998 = CARTESIAN_POINT('',(23.,-65.,-3.));
#11999 = VECTOR('',#12000,1.);
#12000 = DIRECTION('',(-0.,-0.,-1.));
#12001 = PCURVE('',#2571,#12002);
#12002 = DEFINITIONAL_REPRESENTATION('',(#12003),#12007);
#12003 = LINE('',#12004,#12005);
#12004 = CARTESIAN_POINT('',(21.,0.));
#12005 = VECTOR('',#12006,1.);
#12006 = DIRECTION('',(0.,1.));
#12007 = ( GEOMETRIC_REPRESENTATION_CONTEXT(2) 
PARAMETRIC_REPRESENTATION_CONTEXT() REPRESENTATION_CONTEXT('2D SPACE',''
  ) );
#12008 = PCURVE('',#2545,#12009);
#12009 = DEFINITIONAL_REPRESENTATION('',(#12010),#12014);
#12010 = LINE('',#12011,#12012);
#12011 = CARTESIAN_POINT('',(63.,0.));
#12012 = VECTOR('',#12013,1.);
#12013 = DIRECTION('',(0.,1.));
#12014 = ( GEOMETRIC_REPRESENTATION_CONTEXT(2) 
PARAMETRIC_REPRESENTATION_CONTEXT() REPRESENTATION_CONTEXT('2D SPACE',''
  ) );
#12015 = ORIENTED_EDGE('',*,*,#12016,.T.);
#12016 = EDGE_CURVE('',#11994,#11923,#12017,.T.);
#12017 = SURFACE_CURVE('',#12018,(#12022,#12029),.PCURVE_S1.);
#12018 = LINE('',#12019,#12020);
#12019 = CARTESIAN_POINT('',(23.,-86.,-1.));
#12020 = VECTOR('',#12021,1.);
#12021 = DIRECTION('',(0.,1.,0.));
#12022 = PCURVE('',#2571,#12023);
#12023 = DEFINITIONAL_REPRESENTATION('',(#12024),#12028);
#12024 = LINE('',#12025,#12026);
#12025 = CARTESIAN_POINT('',(0.,-2.));
#12026 = VECTOR('',#12027,1.);
#12027 = DIRECTION('',(1.,0.));
#12028 = ( GEOMETRIC_REPRESENTATION_CONTEXT(2) 
PARAMETRIC_REPRESENTATION_CONTEXT() REPRESENTATION_CONTEXT('2D SPACE',''
  ) );
#12029 = PCURVE('',#7938,#12030);
#12030 = DEFINITIONAL_REPRESENTATION('',(#12031),#12035);
#12031 = LINE('',#12032,#12033);
#12032 = CARTESIAN_POINT('',(89.,-86.));
#12033 = VECTOR('',#12034,1.);
#12034 = DIRECTION('',(0.,1.));
#12035 = ( GEOMETRIC_REPRESENTATION_CONTEXT(2) 
PARAMETRIC_REPRESENTATION_CONTEXT() REPRESENTATION_CONTEXT('2D SPACE',''
  ) );
#12036 = ORIENTED_EDGE('',*,*,#11922,.F.);
#12037 = ADVANCED_FACE('',(#12038),#2517,.F.);
#12038 = FACE_BOUND('',#12039,.F.);
#12039 = EDGE_LOOP('',(#12040,#12041,#12042,#12065));
#12040 = ORIENTED_EDGE('',*,*,#2501,.F.);
#12041 = ORIENTED_EDGE('',*,*,#11968,.F.);
#12042 = ORIENTED_EDGE('',*,*,#12043,.T.);
#12043 = EDGE_CURVE('',#11946,#12044,#12046,.T.);
#12044 = VERTEX_POINT('',#12045);
#12045 = CARTESIAN_POINT('',(43.,-65.,-1.));
#12046 = SURFACE_CURVE('',#12047,(#12051,#12058),.PCURVE_S1.);
#12047 = LINE('',#12048,#12049);
#12048 = CARTESIAN_POINT('',(43.,86.,-1.));
#12049 = VECTOR('',#12050,1.);
#12050 = DIRECTION('',(0.,-1.,0.));
#12051 = PCURVE('',#2517,#12052);
#12052 = DEFINITIONAL_REPRESENTATION('',(#12053),#12057);
#12053 = LINE('',#12054,#12055);
#12054 = CARTESIAN_POINT('',(0.,-2.));
#12055 = VECTOR('',#12056,1.);
#12056 = DIRECTION('',(1.,0.));
#12057 = ( GEOMETRIC_REPRESENTATION_CONTEXT(2) 
PARAMETRIC_REPRESENTATION_CONTEXT() REPRESENTATION_CONTEXT('2D SPACE',''
  ) );
#12058 = PCURVE('',#7938,#12059);
#12059 = DEFINITIONAL_REPRESENTATION('',(#12060),#12064);
#12060 = LINE('',#12061,#12062);
#12061 = CARTESIAN_POINT('',(109.,86.));
#12062 = VECTOR('',#12063,1.);
#12063 = DIRECTION('',(0.,-1.));
#12064 = ( GEOMETRIC_REPRESENTATION_CONTEXT(2) 
PARAMETRIC_REPRESENTATION_CONTEXT() REPRESENTATION_CONTEXT('2D SPACE',''
  ) );
#12065 = ORIENTED_EDGE('',*,*,#12066,.F.);
#12066 = EDGE_CURVE('',#2502,#12044,#12067,.T.);
#12067 = SURFACE_CURVE('',#12068,(#12072,#12079),.PCURVE_S1.);
#12068 = LINE('',#12069,#12070);
#12069 = CARTESIAN_POINT('',(43.,-65.,-3.));
#12070 = VECTOR('',#12071,1.);
#12071 = DIRECTION('',(0.,0.,1.));
#12072 = PCURVE('',#2517,#12073);
#12073 = DEFINITIONAL_REPRESENTATION('',(#12074),#12078);
#12074 = LINE('',#12075,#12076);
#12075 = CARTESIAN_POINT('',(151.,0.));
#12076 = VECTOR('',#12077,1.);
#12077 = DIRECTION('',(0.,-1.));
#12078 = ( GEOMETRIC_REPRESENTATION_CONTEXT(2) 
PARAMETRIC_REPRESENTATION_CONTEXT() REPRESENTATION_CONTEXT('2D SPACE',''
  ) );
#12079 = PCURVE('',#2545,#12080);
#12080 = DEFINITIONAL_REPRESENTATION('',(#12081),#12085);
#12081 = LINE('',#12082,#12083);
#12082 = CARTESIAN_POINT('',(43.,0.));
#12083 = VECTOR('',#12084,1.);
#12084 = DIRECTION('',(0.,-1.));
#12085 = ( GEOMETRIC_REPRESENTATION_CONTEXT(2) 
PARAMETRIC_REPRESENTATION_CONTEXT() REPRESENTATION_CONTEXT('2D SPACE',''
  ) );
#12086 = ADVANCED_FACE('',(#12087),#2545,.F.);
#12087 = FACE_BOUND('',#12088,.F.);
#12088 = EDGE_LOOP('',(#12089,#12090,#12091,#12112));
#12089 = ORIENTED_EDGE('',*,*,#2529,.F.);
#12090 = ORIENTED_EDGE('',*,*,#12066,.T.);
#12091 = ORIENTED_EDGE('',*,*,#12092,.T.);
#12092 = EDGE_CURVE('',#12044,#11994,#12093,.T.);
#12093 = SURFACE_CURVE('',#12094,(#12098,#12105),.PCURVE_S1.);
#12094 = LINE('',#12095,#12096);
#12095 = CARTESIAN_POINT('',(86.,-65.,-1.));
#12096 = VECTOR('',#12097,1.);
#12097 = DIRECTION('',(-1.,0.,0.));
#12098 = PCURVE('',#2545,#12099);
#12099 = DEFINITIONAL_REPRESENTATION('',(#12100),#12104);
#12100 = LINE('',#12101,#12102);
#12101 = CARTESIAN_POINT('',(0.,-2.));
#12102 = VECTOR('',#12103,1.);
#12103 = DIRECTION('',(1.,0.));
#12104 = ( GEOMETRIC_REPRESENTATION_CONTEXT(2) 
PARAMETRIC_REPRESENTATION_CONTEXT() REPRESENTATION_CONTEXT('2D SPACE',''
  ) );
#12105 = PCURVE('',#7938,#12106);
#12106 = DEFINITIONAL_REPRESENTATION('',(#12107),#12111);
#12107 = LINE('',#12108,#12109);
#12108 = CARTESIAN_POINT('',(152.,-65.));
#12109 = VECTOR('',#12110,1.);
#12110 = DIRECTION('',(-1.,0.));
#12111 = ( GEOMETRIC_REPRESENTATION_CONTEXT(2) 
PARAMETRIC_REPRESENTATION_CONTEXT() REPRESENTATION_CONTEXT('2D SPACE',''
  ) );
#12112 = ORIENTED_EDGE('',*,*,#11993,.T.);
#12113 = ADVANCED_FACE('',(#12114),#2626,.F.);
#12114 = FACE_BOUND('',#12115,.F.);
#12115 = EDGE_LOOP('',(#12116,#12117,#12118,#12141));
#12116 = ORIENTED_EDGE('',*,*,#2610,.F.);
#12117 = ORIENTED_EDGE('',*,*,#7972,.T.);
#12118 = ORIENTED_EDGE('',*,*,#12119,.T.);
#12119 = EDGE_CURVE('',#7973,#12120,#12122,.T.);
#12120 = VERTEX_POINT('',#12121);
#12121 = CARTESIAN_POINT('',(45.,-67.,-1.));
#12122 = SURFACE_CURVE('',#12123,(#12127,#12134),.PCURVE_S1.);
#12123 = LINE('',#12124,#12125);
#12124 = CARTESIAN_POINT('',(45.,-86.,-1.));
#12125 = VECTOR('',#12126,1.);
#12126 = DIRECTION('',(0.,1.,0.));
#12127 = PCURVE('',#2626,#12128);
#12128 = DEFINITIONAL_REPRESENTATION('',(#12129),#12133);
#12129 = LINE('',#12130,#12131);
#12130 = CARTESIAN_POINT('',(0.,-2.));
#12131 = VECTOR('',#12132,1.);
#12132 = DIRECTION('',(1.,0.));
#12133 = ( GEOMETRIC_REPRESENTATION_CONTEXT(2) 
PARAMETRIC_REPRESENTATION_CONTEXT() REPRESENTATION_CONTEXT('2D SPACE',''
  ) );
#12134 = PCURVE('',#7938,#12135);
#12135 = DEFINITIONAL_REPRESENTATION('',(#12136),#12140);
#12136 = LINE('',#12137,#12138);
#12137 = CARTESIAN_POINT('',(111.,-86.));
#12138 = VECTOR('',#12139,1.);
#12139 = DIRECTION('',(0.,1.));
#12140 = ( GEOMETRIC_REPRESENTATION_CONTEXT(2) 
PARAMETRIC_REPRESENTATION_CONTEXT() REPRESENTATION_CONTEXT('2D SPACE',''
  ) );
#12141 = ORIENTED_EDGE('',*,*,#12142,.F.);
#12142 = EDGE_CURVE('',#2611,#12120,#12143,.T.);
#12143 = SURFACE_CURVE('',#12144,(#12148,#12155),.PCURVE_S1.);
#12144 = LINE('',#12145,#12146);
#12145 = CARTESIAN_POINT('',(45.,-67.,-3.));
#12146 = VECTOR('',#12147,1.);
#12147 = DIRECTION('',(0.,-0.,1.));
#12148 = PCURVE('',#2626,#12149);
#12149 = DEFINITIONAL_REPRESENTATION('',(#12150),#12154);
#12150 = LINE('',#12151,#12152);
#12151 = CARTESIAN_POINT('',(19.,0.));
#12152 = VECTOR('',#12153,1.);
#12153 = DIRECTION('',(0.,-1.));
#12154 = ( GEOMETRIC_REPRESENTATION_CONTEXT(2) 
PARAMETRIC_REPRESENTATION_CONTEXT() REPRESENTATION_CONTEXT('2D SPACE',''
  ) );
#12155 = PCURVE('',#2654,#12156);
#12156 = DEFINITIONAL_REPRESENTATION('',(#12157),#12161);
#12157 = LINE('',#12158,#12159);
#12158 = CARTESIAN_POINT('',(131.,0.));
#12159 = VECTOR('',#12160,1.);
#12160 = DIRECTION('',(0.,-1.));
#12161 = ( GEOMETRIC_REPRESENTATION_CONTEXT(2) 
PARAMETRIC_REPRESENTATION_CONTEXT() REPRESENTATION_CONTEXT('2D SPACE',''
  ) );
#12162 = ADVANCED_FACE('',(#12163),#2680,.F.);
#12163 = FACE_BOUND('',#12164,.F.);
#12164 = EDGE_LOOP('',(#12165,#12166,#12189,#12210));
#12165 = ORIENTED_EDGE('',*,*,#2666,.F.);
#12166 = ORIENTED_EDGE('',*,*,#12167,.F.);
#12167 = EDGE_CURVE('',#12168,#2639,#12170,.T.);
#12168 = VERTEX_POINT('',#12169);
#12169 = CARTESIAN_POINT('',(65.,-67.,-1.));
#12170 = SURFACE_CURVE('',#12171,(#12175,#12182),.PCURVE_S1.);
#12171 = LINE('',#12172,#12173);
#12172 = CARTESIAN_POINT('',(65.,-67.,-3.));
#12173 = VECTOR('',#12174,1.);
#12174 = DIRECTION('',(-0.,0.,-1.));
#12175 = PCURVE('',#2680,#12176);
#12176 = DEFINITIONAL_REPRESENTATION('',(#12177),#12181);
#12177 = LINE('',#12178,#12179);
#12178 = CARTESIAN_POINT('',(153.,0.));
#12179 = VECTOR('',#12180,1.);
#12180 = DIRECTION('',(-0.,1.));
#12181 = ( GEOMETRIC_REPRESENTATION_CONTEXT(2) 
PARAMETRIC_REPRESENTATION_CONTEXT() REPRESENTATION_CONTEXT('2D SPACE',''
  ) );
#12182 = PCURVE('',#2654,#12183);
#12183 = DEFINITIONAL_REPRESENTATION('',(#12184),#12188);
#12184 = LINE('',#12185,#12186);
#12185 = CARTESIAN_POINT('',(151.,0.));
#12186 = VECTOR('',#12187,1.);
#12187 = DIRECTION('',(0.,1.));
#12188 = ( GEOMETRIC_REPRESENTATION_CONTEXT(2) 
PARAMETRIC_REPRESENTATION_CONTEXT() REPRESENTATION_CONTEXT('2D SPACE',''
  ) );
#12189 = ORIENTED_EDGE('',*,*,#12190,.T.);
#12190 = EDGE_CURVE('',#12168,#7923,#12191,.T.);
#12191 = SURFACE_CURVE('',#12192,(#12196,#12203),.PCURVE_S1.);
#12192 = LINE('',#12193,#12194);
#12193 = CARTESIAN_POINT('',(65.,86.,-1.));
#12194 = VECTOR('',#12195,1.);
#12195 = DIRECTION('',(0.,-1.,0.));
#12196 = PCURVE('',#2680,#12197);
#12197 = DEFINITIONAL_REPRESENTATION('',(#12198),#12202);
#12198 = LINE('',#12199,#12200);
#12199 = CARTESIAN_POINT('',(0.,-2.));
#12200 = VECTOR('',#12201,1.);
#12201 = DIRECTION('',(1.,0.));
#12202 = ( GEOMETRIC_REPRESENTATION_CONTEXT(2) 
PARAMETRIC_REPRESENTATION_CONTEXT() REPRESENTATION_CONTEXT('2D SPACE',''
  ) );
#12203 = PCURVE('',#7938,#12204);
#12204 = DEFINITIONAL_REPRESENTATION('',(#12205),#12209);
#12205 = LINE('',#12206,#12207);
#12206 = CARTESIAN_POINT('',(131.,86.));
#12207 = VECTOR('',#12208,1.);
#12208 = DIRECTION('',(0.,-1.));
#12209 = ( GEOMETRIC_REPRESENTATION_CONTEXT(2) 
PARAMETRIC_REPRESENTATION_CONTEXT() REPRESENTATION_CONTEXT('2D SPACE',''
  ) );
#12210 = ORIENTED_EDGE('',*,*,#7950,.F.);
#12211 = ADVANCED_FACE('',(#12212),#2654,.F.);
#12212 = FACE_BOUND('',#12213,.F.);
#12213 = EDGE_LOOP('',(#12214,#12215,#12216,#12237));
#12214 = ORIENTED_EDGE('',*,*,#2638,.F.);
#12215 = ORIENTED_EDGE('',*,*,#12142,.T.);
#12216 = ORIENTED_EDGE('',*,*,#12217,.T.);
#12217 = EDGE_CURVE('',#12120,#12168,#12218,.T.);
#12218 = SURFACE_CURVE('',#12219,(#12223,#12230),.PCURVE_S1.);
#12219 = LINE('',#12220,#12221);
#12220 = CARTESIAN_POINT('',(-86.,-67.,-1.));
#12221 = VECTOR('',#12222,1.);
#12222 = DIRECTION('',(1.,0.,0.));
#12223 = PCURVE('',#2654,#12224);
#12224 = DEFINITIONAL_REPRESENTATION('',(#12225),#12229);
#12225 = LINE('',#12226,#12227);
#12226 = CARTESIAN_POINT('',(0.,-2.));
#12227 = VECTOR('',#12228,1.);
#12228 = DIRECTION('',(1.,0.));
#12229 = ( GEOMETRIC_REPRESENTATION_CONTEXT(2) 
PARAMETRIC_REPRESENTATION_CONTEXT() REPRESENTATION_CONTEXT('2D SPACE',''
  ) );
#12230 = PCURVE('',#7938,#12231);
#12231 = DEFINITIONAL_REPRESENTATION('',(#12232),#12236);
#12232 = LINE('',#12233,#12234);
#12233 = CARTESIAN_POINT('',(-20.,-67.));
#12234 = VECTOR('',#12235,1.);
#12235 = DIRECTION('',(1.,0.));
#12236 = ( GEOMETRIC_REPRESENTATION_CONTEXT(2) 
PARAMETRIC_REPRESENTATION_CONTEXT() REPRESENTATION_CONTEXT('2D SPACE',''
  ) );
#12237 = ORIENTED_EDGE('',*,*,#12167,.T.);
#12238 = ADVANCED_FACE('',(#12239),#2711,.F.);
#12239 = FACE_BOUND('',#12240,.T.);
#12240 = EDGE_LOOP('',(#12241,#12262,#12263,#12264));
#12241 = ORIENTED_EDGE('',*,*,#12242,.T.);
#12242 = EDGE_CURVE('',#2695,#7648,#12243,.T.);
#12243 = SEAM_CURVE('',#12244,(#12248,#12255),.PCURVE_S1.);
#12244 = LINE('',#12245,#12246);
#12245 = CARTESIAN_POINT('',(95.1,-93.,-3.));
#12246 = VECTOR('',#12247,1.);
#12247 = DIRECTION('',(0.,0.,1.));
#12248 = PCURVE('',#2711,#12249);
#12249 = DEFINITIONAL_REPRESENTATION('',(#12250),#12254);
#12250 = LINE('',#12251,#12252);
#12251 = CARTESIAN_POINT('',(-0.,0.));
#12252 = VECTOR('',#12253,1.);
#12253 = DIRECTION('',(-0.,-1.));
#12254 = ( GEOMETRIC_REPRESENTATION_CONTEXT(2) 
PARAMETRIC_REPRESENTATION_CONTEXT() REPRESENTATION_CONTEXT('2D SPACE',''
  ) );
#12255 = PCURVE('',#2711,#12256);
#12256 = DEFINITIONAL_REPRESENTATION('',(#12257),#12261);
#12257 = LINE('',#12258,#12259);
#12258 = CARTESIAN_POINT('',(-6.28318530718,0.));
#12259 = VECTOR('',#12260,1.);
#12260 = DIRECTION('',(-0.,-1.));
#12261 = ( GEOMETRIC_REPRESENTATION_CONTEXT(2) 
PARAMETRIC_REPRESENTATION_CONTEXT() REPRESENTATION_CONTEXT('2D SPACE',''
  ) );
#12262 = ORIENTED_EDGE('',*,*,#7647,.T.);
#12263 = ORIENTED_EDGE('',*,*,#12242,.F.);
#12264 = ORIENTED_EDGE('',*,*,#2694,.F.);
#12265 = ADVANCED_FACE('',(#12266),#2766,.F.);
#12266 = FACE_BOUND('',#12267,.F.);
#12267 = EDGE_LOOP('',(#12268,#12269,#12270,#12293));
#12268 = ORIENTED_EDGE('',*,*,#2750,.F.);
#12269 = ORIENTED_EDGE('',*,*,#7899,.T.);
#12270 = ORIENTED_EDGE('',*,*,#12271,.T.);
#12271 = EDGE_CURVE('',#7900,#12272,#12274,.T.);
#12272 = VERTEX_POINT('',#12273);
#12273 = CARTESIAN_POINT('',(67.,-67.,-1.));
#12274 = SURFACE_CURVE('',#12275,(#12279,#12286),.PCURVE_S1.);
#12275 = LINE('',#12276,#12277);
#12276 = CARTESIAN_POINT('',(67.,-86.,-1.));
#12277 = VECTOR('',#12278,1.);
#12278 = DIRECTION('',(0.,1.,0.));
#12279 = PCURVE('',#2766,#12280);
#12280 = DEFINITIONAL_REPRESENTATION('',(#12281),#12285);
#12281 = LINE('',#12282,#12283);
#12282 = CARTESIAN_POINT('',(0.,-2.));
#12283 = VECTOR('',#12284,1.);
#12284 = DIRECTION('',(1.,0.));
#12285 = ( GEOMETRIC_REPRESENTATION_CONTEXT(2) 
PARAMETRIC_REPRESENTATION_CONTEXT() REPRESENTATION_CONTEXT('2D SPACE',''
  ) );
#12286 = PCURVE('',#7938,#12287);
#12287 = DEFINITIONAL_REPRESENTATION('',(#12288),#12292);
#12288 = LINE('',#12289,#12290);
#12289 = CARTESIAN_POINT('',(133.,-86.));
#12290 = VECTOR('',#12291,1.);
#12291 = DIRECTION('',(0.,1.));
#12292 = ( GEOMETRIC_REPRESENTATION_CONTEXT(2) 
PARAMETRIC_REPRESENTATION_CONTEXT() REPRESENTATION_CONTEXT('2D SPACE',''
  ) );
#12293 = ORIENTED_EDGE('',*,*,#12294,.F.);
#12294 = EDGE_CURVE('',#2751,#12272,#12295,.T.);
#12295 = SURFACE_CURVE('',#12296,(#12300,#12307),.PCURVE_S1.);
#12296 = LINE('',#12297,#12298);
#12297 = CARTESIAN_POINT('',(67.,-67.,-3.));
#12298 = VECTOR('',#12299,1.);
#12299 = DIRECTION('',(0.,-0.,1.));
#12300 = PCURVE('',#2766,#12301);
#12301 = DEFINITIONAL_REPRESENTATION('',(#12302),#12306);
#12302 = LINE('',#12303,#12304);
#12303 = CARTESIAN_POINT('',(19.,0.));
#12304 = VECTOR('',#12305,1.);
#12305 = DIRECTION('',(0.,-1.));
#12306 = ( GEOMETRIC_REPRESENTATION_CONTEXT(2) 
PARAMETRIC_REPRESENTATION_CONTEXT() REPRESENTATION_CONTEXT('2D SPACE',''
  ) );
#12307 = PCURVE('',#2794,#12308);
#12308 = DEFINITIONAL_REPRESENTATION('',(#12309),#12313);
#12309 = LINE('',#12310,#12311);
#12310 = CARTESIAN_POINT('',(153.,0.));
#12311 = VECTOR('',#12312,1.);
#12312 = DIRECTION('',(0.,-1.));
#12313 = ( GEOMETRIC_REPRESENTATION_CONTEXT(2) 
PARAMETRIC_REPRESENTATION_CONTEXT() REPRESENTATION_CONTEXT('2D SPACE',''
  ) );
#12314 = ADVANCED_FACE('',(#12315),#2820,.T.);
#12315 = FACE_BOUND('',#12316,.T.);
#12316 = EDGE_LOOP('',(#12317,#12318,#12319,#12320,#12341,#12342,#12365,
    #12388,#12409,#12410,#12433,#12456,#12477,#12478,#12501,#12524,
    #12545,#12546,#12569,#12592,#12613,#12614,#12637,#12660,#12681,
    #12682,#12705,#12728,#12749,#12750,#12773,#12796));
#12317 = ORIENTED_EDGE('',*,*,#2806,.F.);
#12318 = ORIENTED_EDGE('',*,*,#7877,.T.);
#12319 = ORIENTED_EDGE('',*,*,#7770,.T.);
#12320 = ORIENTED_EDGE('',*,*,#12321,.F.);
#12321 = EDGE_CURVE('',#7462,#7748,#12322,.T.);
#12322 = SURFACE_CURVE('',#12323,(#12327,#12334),.PCURVE_S1.);
#12323 = LINE('',#12324,#12325);
#12324 = CARTESIAN_POINT('',(86.,86.,-3.));
#12325 = VECTOR('',#12326,1.);
#12326 = DIRECTION('',(0.,0.,1.));
#12327 = PCURVE('',#2820,#12328);
#12328 = DEFINITIONAL_REPRESENTATION('',(#12329),#12333);
#12329 = LINE('',#12330,#12331);
#12330 = CARTESIAN_POINT('',(172.,0.));
#12331 = VECTOR('',#12332,1.);
#12332 = DIRECTION('',(0.,-1.));
#12333 = ( GEOMETRIC_REPRESENTATION_CONTEXT(2) 
PARAMETRIC_REPRESENTATION_CONTEXT() REPRESENTATION_CONTEXT('2D SPACE',''
  ) );
#12334 = PCURVE('',#5125,#12335);
#12335 = DEFINITIONAL_REPRESENTATION('',(#12336),#12340);
#12336 = LINE('',#12337,#12338);
#12337 = CARTESIAN_POINT('',(0.,-0.));
#12338 = VECTOR('',#12339,1.);
#12339 = DIRECTION('',(0.,-1.));
#12340 = ( GEOMETRIC_REPRESENTATION_CONTEXT(2) 
PARAMETRIC_REPRESENTATION_CONTEXT() REPRESENTATION_CONTEXT('2D SPACE',''
  ) );
#12341 = ORIENTED_EDGE('',*,*,#7459,.F.);
#12342 = ORIENTED_EDGE('',*,*,#12343,.T.);
#12343 = EDGE_CURVE('',#7460,#12344,#12346,.T.);
#12344 = VERTEX_POINT('',#12345);
#12345 = CARTESIAN_POINT('',(86.,67.,-1.));
#12346 = SURFACE_CURVE('',#12347,(#12351,#12358),.PCURVE_S1.);
#12347 = LINE('',#12348,#12349);
#12348 = CARTESIAN_POINT('',(86.,67.,-3.));
#12349 = VECTOR('',#12350,1.);
#12350 = DIRECTION('',(0.,0.,1.));
#12351 = PCURVE('',#2820,#12352);
#12352 = DEFINITIONAL_REPRESENTATION('',(#12353),#12357);
#12353 = LINE('',#12354,#12355);
#12354 = CARTESIAN_POINT('',(153.,0.));
#12355 = VECTOR('',#12356,1.);
#12356 = DIRECTION('',(0.,-1.));
#12357 = ( GEOMETRIC_REPRESENTATION_CONTEXT(2) 
PARAMETRIC_REPRESENTATION_CONTEXT() REPRESENTATION_CONTEXT('2D SPACE',''
  ) );
#12358 = PCURVE('',#7500,#12359);
#12359 = DEFINITIONAL_REPRESENTATION('',(#12360),#12364);
#12360 = LINE('',#12361,#12362);
#12361 = CARTESIAN_POINT('',(0.,-0.));
#12362 = VECTOR('',#12363,1.);
#12363 = DIRECTION('',(0.,-1.));
#12364 = ( GEOMETRIC_REPRESENTATION_CONTEXT(2) 
PARAMETRIC_REPRESENTATION_CONTEXT() REPRESENTATION_CONTEXT('2D SPACE',''
  ) );
#12365 = ORIENTED_EDGE('',*,*,#12366,.F.);
#12366 = EDGE_CURVE('',#12367,#12344,#12369,.T.);
#12367 = VERTEX_POINT('',#12368);
#12368 = CARTESIAN_POINT('',(86.,65.,-1.));
#12369 = SURFACE_CURVE('',#12370,(#12374,#12381),.PCURVE_S1.);
#12370 = LINE('',#12371,#12372);
#12371 = CARTESIAN_POINT('',(86.,65.,-1.));
#12372 = VECTOR('',#12373,1.);
#12373 = DIRECTION('',(0.,1.,0.));
#12374 = PCURVE('',#2820,#12375);
#12375 = DEFINITIONAL_REPRESENTATION('',(#12376),#12380);
#12376 = LINE('',#12377,#12378);
#12377 = CARTESIAN_POINT('',(151.,-2.));
#12378 = VECTOR('',#12379,1.);
#12379 = DIRECTION('',(1.,0.));
#12380 = ( GEOMETRIC_REPRESENTATION_CONTEXT(2) 
PARAMETRIC_REPRESENTATION_CONTEXT() REPRESENTATION_CONTEXT('2D SPACE',''
  ) );
#12381 = PCURVE('',#7938,#12382);
#12382 = DEFINITIONAL_REPRESENTATION('',(#12383),#12387);
#12383 = LINE('',#12384,#12385);
#12384 = CARTESIAN_POINT('',(152.,65.));
#12385 = VECTOR('',#12386,1.);
#12386 = DIRECTION('',(0.,1.));
#12387 = ( GEOMETRIC_REPRESENTATION_CONTEXT(2) 
PARAMETRIC_REPRESENTATION_CONTEXT() REPRESENTATION_CONTEXT('2D SPACE',''
  ) );
#12388 = ORIENTED_EDGE('',*,*,#12389,.F.);
#12389 = EDGE_CURVE('',#7244,#12367,#12390,.T.);
#12390 = SURFACE_CURVE('',#12391,(#12395,#12402),.PCURVE_S1.);
#12391 = LINE('',#12392,#12393);
#12392 = CARTESIAN_POINT('',(86.,65.,-3.));
#12393 = VECTOR('',#12394,1.);
#12394 = DIRECTION('',(0.,0.,1.));
#12395 = PCURVE('',#2820,#12396);
#12396 = DEFINITIONAL_REPRESENTATION('',(#12397),#12401);
#12397 = LINE('',#12398,#12399);
#12398 = CARTESIAN_POINT('',(151.,0.));
#12399 = VECTOR('',#12400,1.);
#12400 = DIRECTION('',(0.,-1.));
#12401 = ( GEOMETRIC_REPRESENTATION_CONTEXT(2) 
PARAMETRIC_REPRESENTATION_CONTEXT() REPRESENTATION_CONTEXT('2D SPACE',''
  ) );
#12402 = PCURVE('',#7336,#12403);
#12403 = DEFINITIONAL_REPRESENTATION('',(#12404),#12408);
#12404 = LINE('',#12405,#12406);
#12405 = CARTESIAN_POINT('',(172.,0.));
#12406 = VECTOR('',#12407,1.);
#12407 = DIRECTION('',(0.,-1.));
#12408 = ( GEOMETRIC_REPRESENTATION_CONTEXT(2) 
PARAMETRIC_REPRESENTATION_CONTEXT() REPRESENTATION_CONTEXT('2D SPACE',''
  ) );
#12409 = ORIENTED_EDGE('',*,*,#7241,.F.);
#12410 = ORIENTED_EDGE('',*,*,#12411,.T.);
#12411 = EDGE_CURVE('',#7242,#12412,#12414,.T.);
#12412 = VERTEX_POINT('',#12413);
#12413 = CARTESIAN_POINT('',(86.,45.,-1.));
#12414 = SURFACE_CURVE('',#12415,(#12419,#12426),.PCURVE_S1.);
#12415 = LINE('',#12416,#12417);
#12416 = CARTESIAN_POINT('',(86.,45.,-3.));
#12417 = VECTOR('',#12418,1.);
#12418 = DIRECTION('',(0.,0.,1.));
#12419 = PCURVE('',#2820,#12420);
#12420 = DEFINITIONAL_REPRESENTATION('',(#12421),#12425);
#12421 = LINE('',#12422,#12423);
#12422 = CARTESIAN_POINT('',(131.,0.));
#12423 = VECTOR('',#12424,1.);
#12424 = DIRECTION('',(0.,-1.));
#12425 = ( GEOMETRIC_REPRESENTATION_CONTEXT(2) 
PARAMETRIC_REPRESENTATION_CONTEXT() REPRESENTATION_CONTEXT('2D SPACE',''
  ) );
#12426 = PCURVE('',#7282,#12427);
#12427 = DEFINITIONAL_REPRESENTATION('',(#12428),#12432);
#12428 = LINE('',#12429,#12430);
#12429 = CARTESIAN_POINT('',(0.,-0.));
#12430 = VECTOR('',#12431,1.);
#12431 = DIRECTION('',(0.,-1.));
#12432 = ( GEOMETRIC_REPRESENTATION_CONTEXT(2) 
PARAMETRIC_REPRESENTATION_CONTEXT() REPRESENTATION_CONTEXT('2D SPACE',''
  ) );
#12433 = ORIENTED_EDGE('',*,*,#12434,.F.);
#12434 = EDGE_CURVE('',#12435,#12412,#12437,.T.);
#12435 = VERTEX_POINT('',#12436);
#12436 = CARTESIAN_POINT('',(86.,43.,-1.));
#12437 = SURFACE_CURVE('',#12438,(#12442,#12449),.PCURVE_S1.);
#12438 = LINE('',#12439,#12440);
#12439 = CARTESIAN_POINT('',(86.,43.,-1.));
#12440 = VECTOR('',#12441,1.);
#12441 = DIRECTION('',(0.,1.,0.));
#12442 = PCURVE('',#2820,#12443);
#12443 = DEFINITIONAL_REPRESENTATION('',(#12444),#12448);
#12444 = LINE('',#12445,#12446);
#12445 = CARTESIAN_POINT('',(129.,-2.));
#12446 = VECTOR('',#12447,1.);
#12447 = DIRECTION('',(1.,0.));
#12448 = ( GEOMETRIC_REPRESENTATION_CONTEXT(2) 
PARAMETRIC_REPRESENTATION_CONTEXT() REPRESENTATION_CONTEXT('2D SPACE',''
  ) );
#12449 = PCURVE('',#7938,#12450);
#12450 = DEFINITIONAL_REPRESENTATION('',(#12451),#12455);
#12451 = LINE('',#12452,#12453);
#12452 = CARTESIAN_POINT('',(152.,43.));
#12453 = VECTOR('',#12454,1.);
#12454 = DIRECTION('',(0.,1.));
#12455 = ( GEOMETRIC_REPRESENTATION_CONTEXT(2) 
PARAMETRIC_REPRESENTATION_CONTEXT() REPRESENTATION_CONTEXT('2D SPACE',''
  ) );
#12456 = ORIENTED_EDGE('',*,*,#12457,.F.);
#12457 = EDGE_CURVE('',#6575,#12435,#12458,.T.);
#12458 = SURFACE_CURVE('',#12459,(#12463,#12470),.PCURVE_S1.);
#12459 = LINE('',#12460,#12461);
#12460 = CARTESIAN_POINT('',(86.,43.,-3.));
#12461 = VECTOR('',#12462,1.);
#12462 = DIRECTION('',(0.,0.,1.));
#12463 = PCURVE('',#2820,#12464);
#12464 = DEFINITIONAL_REPRESENTATION('',(#12465),#12469);
#12465 = LINE('',#12466,#12467);
#12466 = CARTESIAN_POINT('',(129.,0.));
#12467 = VECTOR('',#12468,1.);
#12468 = DIRECTION('',(0.,-1.));
#12469 = ( GEOMETRIC_REPRESENTATION_CONTEXT(2) 
PARAMETRIC_REPRESENTATION_CONTEXT() REPRESENTATION_CONTEXT('2D SPACE',''
  ) );
#12470 = PCURVE('',#6667,#12471);
#12471 = DEFINITIONAL_REPRESENTATION('',(#12472),#12476);
#12472 = LINE('',#12473,#12474);
#12473 = CARTESIAN_POINT('',(172.,0.));
#12474 = VECTOR('',#12475,1.);
#12475 = DIRECTION('',(0.,-1.));
#12476 = ( GEOMETRIC_REPRESENTATION_CONTEXT(2) 
PARAMETRIC_REPRESENTATION_CONTEXT() REPRESENTATION_CONTEXT('2D SPACE',''
  ) );
#12477 = ORIENTED_EDGE('',*,*,#6572,.F.);
#12478 = ORIENTED_EDGE('',*,*,#12479,.T.);
#12479 = EDGE_CURVE('',#6573,#12480,#12482,.T.);
#12480 = VERTEX_POINT('',#12481);
#12481 = CARTESIAN_POINT('',(86.,23.,-1.));
#12482 = SURFACE_CURVE('',#12483,(#12487,#12494),.PCURVE_S1.);
#12483 = LINE('',#12484,#12485);
#12484 = CARTESIAN_POINT('',(86.,23.,-3.));
#12485 = VECTOR('',#12486,1.);
#12486 = DIRECTION('',(0.,0.,1.));
#12487 = PCURVE('',#2820,#12488);
#12488 = DEFINITIONAL_REPRESENTATION('',(#12489),#12493);
#12489 = LINE('',#12490,#12491);
#12490 = CARTESIAN_POINT('',(109.,0.));
#12491 = VECTOR('',#12492,1.);
#12492 = DIRECTION('',(0.,-1.));
#12493 = ( GEOMETRIC_REPRESENTATION_CONTEXT(2) 
PARAMETRIC_REPRESENTATION_CONTEXT() REPRESENTATION_CONTEXT('2D SPACE',''
  ) );
#12494 = PCURVE('',#6613,#12495);
#12495 = DEFINITIONAL_REPRESENTATION('',(#12496),#12500);
#12496 = LINE('',#12497,#12498);
#12497 = CARTESIAN_POINT('',(0.,-0.));
#12498 = VECTOR('',#12499,1.);
#12499 = DIRECTION('',(0.,-1.));
#12500 = ( GEOMETRIC_REPRESENTATION_CONTEXT(2) 
PARAMETRIC_REPRESENTATION_CONTEXT() REPRESENTATION_CONTEXT('2D SPACE',''
  ) );
#12501 = ORIENTED_EDGE('',*,*,#12502,.F.);
#12502 = EDGE_CURVE('',#12503,#12480,#12505,.T.);
#12503 = VERTEX_POINT('',#12504);
#12504 = CARTESIAN_POINT('',(86.,21.,-1.));
#12505 = SURFACE_CURVE('',#12506,(#12510,#12517),.PCURVE_S1.);
#12506 = LINE('',#12507,#12508);
#12507 = CARTESIAN_POINT('',(86.,21.,-1.));
#12508 = VECTOR('',#12509,1.);
#12509 = DIRECTION('',(0.,1.,0.));
#12510 = PCURVE('',#2820,#12511);
#12511 = DEFINITIONAL_REPRESENTATION('',(#12512),#12516);
#12512 = LINE('',#12513,#12514);
#12513 = CARTESIAN_POINT('',(107.,-2.));
#12514 = VECTOR('',#12515,1.);
#12515 = DIRECTION('',(1.,0.));
#12516 = ( GEOMETRIC_REPRESENTATION_CONTEXT(2) 
PARAMETRIC_REPRESENTATION_CONTEXT() REPRESENTATION_CONTEXT('2D SPACE',''
  ) );
#12517 = PCURVE('',#7938,#12518);
#12518 = DEFINITIONAL_REPRESENTATION('',(#12519),#12523);
#12519 = LINE('',#12520,#12521);
#12520 = CARTESIAN_POINT('',(152.,21.));
#12521 = VECTOR('',#12522,1.);
#12522 = DIRECTION('',(0.,1.));
#12523 = ( GEOMETRIC_REPRESENTATION_CONTEXT(2) 
PARAMETRIC_REPRESENTATION_CONTEXT() REPRESENTATION_CONTEXT('2D SPACE',''
  ) );
#12524 = ORIENTED_EDGE('',*,*,#12525,.F.);
#12525 = EDGE_CURVE('',#6352,#12503,#12526,.T.);
#12526 = SURFACE_CURVE('',#12527,(#12531,#12538),.PCURVE_S1.);
#12527 = LINE('',#12528,#12529);
#12528 = CARTESIAN_POINT('',(86.,21.,-3.));
#12529 = VECTOR('',#12530,1.);
#12530 = DIRECTION('',(0.,0.,1.));
#12531 = PCURVE('',#2820,#12532);
#12532 = DEFINITIONAL_REPRESENTATION('',(#12533),#12537);
#12533 = LINE('',#12534,#12535);
#12534 = CARTESIAN_POINT('',(107.,0.));
#12535 = VECTOR('',#12536,1.);
#12536 = DIRECTION('',(0.,-1.));
#12537 = ( GEOMETRIC_REPRESENTATION_CONTEXT(2) 
PARAMETRIC_REPRESENTATION_CONTEXT() REPRESENTATION_CONTEXT('2D SPACE',''
  ) );
#12538 = PCURVE('',#6444,#12539);
#12539 = DEFINITIONAL_REPRESENTATION('',(#12540),#12544);
#12540 = LINE('',#12541,#12542);
#12541 = CARTESIAN_POINT('',(172.,0.));
#12542 = VECTOR('',#12543,1.);
#12543 = DIRECTION('',(0.,-1.));
#12544 = ( GEOMETRIC_REPRESENTATION_CONTEXT(2) 
PARAMETRIC_REPRESENTATION_CONTEXT() REPRESENTATION_CONTEXT('2D SPACE',''
  ) );
#12545 = ORIENTED_EDGE('',*,*,#6349,.F.);
#12546 = ORIENTED_EDGE('',*,*,#12547,.T.);
#12547 = EDGE_CURVE('',#6350,#12548,#12550,.T.);
#12548 = VERTEX_POINT('',#12549);
#12549 = CARTESIAN_POINT('',(86.,1.,-1.));
#12550 = SURFACE_CURVE('',#12551,(#12555,#12562),.PCURVE_S1.);
#12551 = LINE('',#12552,#12553);
#12552 = CARTESIAN_POINT('',(86.,1.,-3.));
#12553 = VECTOR('',#12554,1.);
#12554 = DIRECTION('',(0.,0.,1.));
#12555 = PCURVE('',#2820,#12556);
#12556 = DEFINITIONAL_REPRESENTATION('',(#12557),#12561);
#12557 = LINE('',#12558,#12559);
#12558 = CARTESIAN_POINT('',(87.,0.));
#12559 = VECTOR('',#12560,1.);
#12560 = DIRECTION('',(0.,-1.));
#12561 = ( GEOMETRIC_REPRESENTATION_CONTEXT(2) 
PARAMETRIC_REPRESENTATION_CONTEXT() REPRESENTATION_CONTEXT('2D SPACE',''
  ) );
#12562 = PCURVE('',#6390,#12563);
#12563 = DEFINITIONAL_REPRESENTATION('',(#12564),#12568);
#12564 = LINE('',#12565,#12566);
#12565 = CARTESIAN_POINT('',(0.,-0.));
#12566 = VECTOR('',#12567,1.);
#12567 = DIRECTION('',(0.,-1.));
#12568 = ( GEOMETRIC_REPRESENTATION_CONTEXT(2) 
PARAMETRIC_REPRESENTATION_CONTEXT() REPRESENTATION_CONTEXT('2D SPACE',''
  ) );
#12569 = ORIENTED_EDGE('',*,*,#12570,.F.);
#12570 = EDGE_CURVE('',#12571,#12548,#12573,.T.);
#12571 = VERTEX_POINT('',#12572);
#12572 = CARTESIAN_POINT('',(86.,-1.,-1.));
#12573 = SURFACE_CURVE('',#12574,(#12578,#12585),.PCURVE_S1.);
#12574 = LINE('',#12575,#12576);
#12575 = CARTESIAN_POINT('',(86.,-1.,-1.));
#12576 = VECTOR('',#12577,1.);
#12577 = DIRECTION('',(0.,1.,0.));
#12578 = PCURVE('',#2820,#12579);
#12579 = DEFINITIONAL_REPRESENTATION('',(#12580),#12584);
#12580 = LINE('',#12581,#12582);
#12581 = CARTESIAN_POINT('',(85.,-2.));
#12582 = VECTOR('',#12583,1.);
#12583 = DIRECTION('',(1.,0.));
#12584 = ( GEOMETRIC_REPRESENTATION_CONTEXT(2) 
PARAMETRIC_REPRESENTATION_CONTEXT() REPRESENTATION_CONTEXT('2D SPACE',''
  ) );
#12585 = PCURVE('',#7938,#12586);
#12586 = DEFINITIONAL_REPRESENTATION('',(#12587),#12591);
#12587 = LINE('',#12588,#12589);
#12588 = CARTESIAN_POINT('',(152.,-1.));
#12589 = VECTOR('',#12590,1.);
#12590 = DIRECTION('',(0.,1.));
#12591 = ( GEOMETRIC_REPRESENTATION_CONTEXT(2) 
PARAMETRIC_REPRESENTATION_CONTEXT() REPRESENTATION_CONTEXT('2D SPACE',''
  ) );
#12592 = ORIENTED_EDGE('',*,*,#12593,.F.);
#12593 = EDGE_CURVE('',#3853,#12571,#12594,.T.);
#12594 = SURFACE_CURVE('',#12595,(#12599,#12606),.PCURVE_S1.);
#12595 = LINE('',#12596,#12597);
#12596 = CARTESIAN_POINT('',(86.,-1.,-3.));
#12597 = VECTOR('',#12598,1.);
#12598 = DIRECTION('',(0.,0.,1.));
#12599 = PCURVE('',#2820,#12600);
#12600 = DEFINITIONAL_REPRESENTATION('',(#12601),#12605);
#12601 = LINE('',#12602,#12603);
#12602 = CARTESIAN_POINT('',(85.,0.));
#12603 = VECTOR('',#12604,1.);
#12604 = DIRECTION('',(0.,-1.));
#12605 = ( GEOMETRIC_REPRESENTATION_CONTEXT(2) 
PARAMETRIC_REPRESENTATION_CONTEXT() REPRESENTATION_CONTEXT('2D SPACE',''
  ) );
#12606 = PCURVE('',#3945,#12607);
#12607 = DEFINITIONAL_REPRESENTATION('',(#12608),#12612);
#12608 = LINE('',#12609,#12610);
#12609 = CARTESIAN_POINT('',(172.,0.));
#12610 = VECTOR('',#12611,1.);
#12611 = DIRECTION('',(0.,-1.));
#12612 = ( GEOMETRIC_REPRESENTATION_CONTEXT(2) 
PARAMETRIC_REPRESENTATION_CONTEXT() REPRESENTATION_CONTEXT('2D SPACE',''
  ) );
#12613 = ORIENTED_EDGE('',*,*,#3850,.F.);
#12614 = ORIENTED_EDGE('',*,*,#12615,.T.);
#12615 = EDGE_CURVE('',#3851,#12616,#12618,.T.);
#12616 = VERTEX_POINT('',#12617);
#12617 = CARTESIAN_POINT('',(86.,-21.,-1.));
#12618 = SURFACE_CURVE('',#12619,(#12623,#12630),.PCURVE_S1.);
#12619 = LINE('',#12620,#12621);
#12620 = CARTESIAN_POINT('',(86.,-21.,-3.));
#12621 = VECTOR('',#12622,1.);
#12622 = DIRECTION('',(0.,0.,1.));
#12623 = PCURVE('',#2820,#12624);
#12624 = DEFINITIONAL_REPRESENTATION('',(#12625),#12629);
#12625 = LINE('',#12626,#12627);
#12626 = CARTESIAN_POINT('',(65.,0.));
#12627 = VECTOR('',#12628,1.);
#12628 = DIRECTION('',(0.,-1.));
#12629 = ( GEOMETRIC_REPRESENTATION_CONTEXT(2) 
PARAMETRIC_REPRESENTATION_CONTEXT() REPRESENTATION_CONTEXT('2D SPACE',''
  ) );
#12630 = PCURVE('',#3891,#12631);
#12631 = DEFINITIONAL_REPRESENTATION('',(#12632),#12636);
#12632 = LINE('',#12633,#12634);
#12633 = CARTESIAN_POINT('',(0.,-0.));
#12634 = VECTOR('',#12635,1.);
#12635 = DIRECTION('',(0.,-1.));
#12636 = ( GEOMETRIC_REPRESENTATION_CONTEXT(2) 
PARAMETRIC_REPRESENTATION_CONTEXT() REPRESENTATION_CONTEXT('2D SPACE',''
  ) );
#12637 = ORIENTED_EDGE('',*,*,#12638,.F.);
#12638 = EDGE_CURVE('',#12639,#12616,#12641,.T.);
#12639 = VERTEX_POINT('',#12640);
#12640 = CARTESIAN_POINT('',(86.,-23.,-1.));
#12641 = SURFACE_CURVE('',#12642,(#12646,#12653),.PCURVE_S1.);
#12642 = LINE('',#12643,#12644);
#12643 = CARTESIAN_POINT('',(86.,-23.,-1.));
#12644 = VECTOR('',#12645,1.);
#12645 = DIRECTION('',(0.,1.,0.));
#12646 = PCURVE('',#2820,#12647);
#12647 = DEFINITIONAL_REPRESENTATION('',(#12648),#12652);
#12648 = LINE('',#12649,#12650);
#12649 = CARTESIAN_POINT('',(63.,-2.));
#12650 = VECTOR('',#12651,1.);
#12651 = DIRECTION('',(1.,0.));
#12652 = ( GEOMETRIC_REPRESENTATION_CONTEXT(2) 
PARAMETRIC_REPRESENTATION_CONTEXT() REPRESENTATION_CONTEXT('2D SPACE',''
  ) );
#12653 = PCURVE('',#7938,#12654);
#12654 = DEFINITIONAL_REPRESENTATION('',(#12655),#12659);
#12655 = LINE('',#12656,#12657);
#12656 = CARTESIAN_POINT('',(152.,-23.));
#12657 = VECTOR('',#12658,1.);
#12658 = DIRECTION('',(0.,1.));
#12659 = ( GEOMETRIC_REPRESENTATION_CONTEXT(2) 
PARAMETRIC_REPRESENTATION_CONTEXT() REPRESENTATION_CONTEXT('2D SPACE',''
  ) );
#12660 = ORIENTED_EDGE('',*,*,#12661,.F.);
#12661 = EDGE_CURVE('',#3630,#12639,#12662,.T.);
#12662 = SURFACE_CURVE('',#12663,(#12667,#12674),.PCURVE_S1.);
#12663 = LINE('',#12664,#12665);
#12664 = CARTESIAN_POINT('',(86.,-23.,-3.));
#12665 = VECTOR('',#12666,1.);
#12666 = DIRECTION('',(0.,0.,1.));
#12667 = PCURVE('',#2820,#12668);
#12668 = DEFINITIONAL_REPRESENTATION('',(#12669),#12673);
#12669 = LINE('',#12670,#12671);
#12670 = CARTESIAN_POINT('',(63.,0.));
#12671 = VECTOR('',#12672,1.);
#12672 = DIRECTION('',(0.,-1.));
#12673 = ( GEOMETRIC_REPRESENTATION_CONTEXT(2) 
PARAMETRIC_REPRESENTATION_CONTEXT() REPRESENTATION_CONTEXT('2D SPACE',''
  ) );
#12674 = PCURVE('',#3722,#12675);
#12675 = DEFINITIONAL_REPRESENTATION('',(#12676),#12680);
#12676 = LINE('',#12677,#12678);
#12677 = CARTESIAN_POINT('',(172.,0.));
#12678 = VECTOR('',#12679,1.);
#12679 = DIRECTION('',(0.,-1.));
#12680 = ( GEOMETRIC_REPRESENTATION_CONTEXT(2) 
PARAMETRIC_REPRESENTATION_CONTEXT() REPRESENTATION_CONTEXT('2D SPACE',''
  ) );
#12681 = ORIENTED_EDGE('',*,*,#3627,.F.);
#12682 = ORIENTED_EDGE('',*,*,#12683,.T.);
#12683 = EDGE_CURVE('',#3628,#12684,#12686,.T.);
#12684 = VERTEX_POINT('',#12685);
#12685 = CARTESIAN_POINT('',(86.,-43.,-1.));
#12686 = SURFACE_CURVE('',#12687,(#12691,#12698),.PCURVE_S1.);
#12687 = LINE('',#12688,#12689);
#12688 = CARTESIAN_POINT('',(86.,-43.,-3.));
#12689 = VECTOR('',#12690,1.);
#12690 = DIRECTION('',(0.,0.,1.));
#12691 = PCURVE('',#2820,#12692);
#12692 = DEFINITIONAL_REPRESENTATION('',(#12693),#12697);
#12693 = LINE('',#12694,#12695);
#12694 = CARTESIAN_POINT('',(43.,0.));
#12695 = VECTOR('',#12696,1.);
#12696 = DIRECTION('',(0.,-1.));
#12697 = ( GEOMETRIC_REPRESENTATION_CONTEXT(2) 
PARAMETRIC_REPRESENTATION_CONTEXT() REPRESENTATION_CONTEXT('2D SPACE',''
  ) );
#12698 = PCURVE('',#3668,#12699);
#12699 = DEFINITIONAL_REPRESENTATION('',(#12700),#12704);
#12700 = LINE('',#12701,#12702);
#12701 = CARTESIAN_POINT('',(0.,-0.));
#12702 = VECTOR('',#12703,1.);
#12703 = DIRECTION('',(0.,-1.));
#12704 = ( GEOMETRIC_REPRESENTATION_CONTEXT(2) 
PARAMETRIC_REPRESENTATION_CONTEXT() REPRESENTATION_CONTEXT('2D SPACE',''
  ) );
#12705 = ORIENTED_EDGE('',*,*,#12706,.F.);
#12706 = EDGE_CURVE('',#12707,#12684,#12709,.T.);
#12707 = VERTEX_POINT('',#12708);
#12708 = CARTESIAN_POINT('',(86.,-45.,-1.));
#12709 = SURFACE_CURVE('',#12710,(#12714,#12721),.PCURVE_S1.);
#12710 = LINE('',#12711,#12712);
#12711 = CARTESIAN_POINT('',(86.,-45.,-1.));
#12712 = VECTOR('',#12713,1.);
#12713 = DIRECTION('',(0.,1.,0.));
#12714 = PCURVE('',#2820,#12715);
#12715 = DEFINITIONAL_REPRESENTATION('',(#12716),#12720);
#12716 = LINE('',#12717,#12718);
#12717 = CARTESIAN_POINT('',(41.,-2.));
#12718 = VECTOR('',#12719,1.);
#12719 = DIRECTION('',(1.,0.));
#12720 = ( GEOMETRIC_REPRESENTATION_CONTEXT(2) 
PARAMETRIC_REPRESENTATION_CONTEXT() REPRESENTATION_CONTEXT('2D SPACE',''
  ) );
#12721 = PCURVE('',#7938,#12722);
#12722 = DEFINITIONAL_REPRESENTATION('',(#12723),#12727);
#12723 = LINE('',#12724,#12725);
#12724 = CARTESIAN_POINT('',(152.,-45.));
#12725 = VECTOR('',#12726,1.);
#12726 = DIRECTION('',(0.,1.));
#12727 = ( GEOMETRIC_REPRESENTATION_CONTEXT(2) 
PARAMETRIC_REPRESENTATION_CONTEXT() REPRESENTATION_CONTEXT('2D SPACE',''
  ) );
#12728 = ORIENTED_EDGE('',*,*,#12729,.F.);
#12729 = EDGE_CURVE('',#2951,#12707,#12730,.T.);
#12730 = SURFACE_CURVE('',#12731,(#12735,#12742),.PCURVE_S1.);
#12731 = LINE('',#12732,#12733);
#12732 = CARTESIAN_POINT('',(86.,-45.,-3.));
#12733 = VECTOR('',#12734,1.);
#12734 = DIRECTION('',(0.,0.,1.));
#12735 = PCURVE('',#2820,#12736);
#12736 = DEFINITIONAL_REPRESENTATION('',(#12737),#12741);
#12737 = LINE('',#12738,#12739);
#12738 = CARTESIAN_POINT('',(41.,0.));
#12739 = VECTOR('',#12740,1.);
#12740 = DIRECTION('',(0.,-1.));
#12741 = ( GEOMETRIC_REPRESENTATION_CONTEXT(2) 
PARAMETRIC_REPRESENTATION_CONTEXT() REPRESENTATION_CONTEXT('2D SPACE',''
  ) );
#12742 = PCURVE('',#3043,#12743);
#12743 = DEFINITIONAL_REPRESENTATION('',(#12744),#12748);
#12744 = LINE('',#12745,#12746);
#12745 = CARTESIAN_POINT('',(172.,0.));
#12746 = VECTOR('',#12747,1.);
#12747 = DIRECTION('',(0.,-1.));
#12748 = ( GEOMETRIC_REPRESENTATION_CONTEXT(2) 
PARAMETRIC_REPRESENTATION_CONTEXT() REPRESENTATION_CONTEXT('2D SPACE',''
  ) );
#12749 = ORIENTED_EDGE('',*,*,#2948,.F.);
#12750 = ORIENTED_EDGE('',*,*,#12751,.T.);
#12751 = EDGE_CURVE('',#2949,#12752,#12754,.T.);
#12752 = VERTEX_POINT('',#12753);
#12753 = CARTESIAN_POINT('',(86.,-65.,-1.));
#12754 = SURFACE_CURVE('',#12755,(#12759,#12766),.PCURVE_S1.);
#12755 = LINE('',#12756,#12757);
#12756 = CARTESIAN_POINT('',(86.,-65.,-3.));
#12757 = VECTOR('',#12758,1.);
#12758 = DIRECTION('',(0.,0.,1.));
#12759 = PCURVE('',#2820,#12760);
#12760 = DEFINITIONAL_REPRESENTATION('',(#12761),#12765);
#12761 = LINE('',#12762,#12763);
#12762 = CARTESIAN_POINT('',(21.,0.));
#12763 = VECTOR('',#12764,1.);
#12764 = DIRECTION('',(0.,-1.));
#12765 = ( GEOMETRIC_REPRESENTATION_CONTEXT(2) 
PARAMETRIC_REPRESENTATION_CONTEXT() REPRESENTATION_CONTEXT('2D SPACE',''
  ) );
#12766 = PCURVE('',#2989,#12767);
#12767 = DEFINITIONAL_REPRESENTATION('',(#12768),#12772);
#12768 = LINE('',#12769,#12770);
#12769 = CARTESIAN_POINT('',(0.,-0.));
#12770 = VECTOR('',#12771,1.);
#12771 = DIRECTION('',(0.,-1.));
#12772 = ( GEOMETRIC_REPRESENTATION_CONTEXT(2) 
PARAMETRIC_REPRESENTATION_CONTEXT() REPRESENTATION_CONTEXT('2D SPACE',''
  ) );
#12773 = ORIENTED_EDGE('',*,*,#12774,.F.);
#12774 = EDGE_CURVE('',#12775,#12752,#12777,.T.);
#12775 = VERTEX_POINT('',#12776);
#12776 = CARTESIAN_POINT('',(86.,-67.,-1.));
#12777 = SURFACE_CURVE('',#12778,(#12782,#12789),.PCURVE_S1.);
#12778 = LINE('',#12779,#12780);
#12779 = CARTESIAN_POINT('',(86.,-67.,-1.));
#12780 = VECTOR('',#12781,1.);
#12781 = DIRECTION('',(0.,1.,0.));
#12782 = PCURVE('',#2820,#12783);
#12783 = DEFINITIONAL_REPRESENTATION('',(#12784),#12788);
#12784 = LINE('',#12785,#12786);
#12785 = CARTESIAN_POINT('',(19.,-2.));
#12786 = VECTOR('',#12787,1.);
#12787 = DIRECTION('',(1.,0.));
#12788 = ( GEOMETRIC_REPRESENTATION_CONTEXT(2) 
PARAMETRIC_REPRESENTATION_CONTEXT() REPRESENTATION_CONTEXT('2D SPACE',''
  ) );
#12789 = PCURVE('',#7938,#12790);
#12790 = DEFINITIONAL_REPRESENTATION('',(#12791),#12795);
#12791 = LINE('',#12792,#12793);
#12792 = CARTESIAN_POINT('',(152.,-67.));
#12793 = VECTOR('',#12794,1.);
#12794 = DIRECTION('',(0.,1.));
#12795 = ( GEOMETRIC_REPRESENTATION_CONTEXT(2) 
PARAMETRIC_REPRESENTATION_CONTEXT() REPRESENTATION_CONTEXT('2D SPACE',''
  ) );
#12796 = ORIENTED_EDGE('',*,*,#12797,.F.);
#12797 = EDGE_CURVE('',#2779,#12775,#12798,.T.);
#12798 = SURFACE_CURVE('',#12799,(#12803,#12810),.PCURVE_S1.);
#12799 = LINE('',#12800,#12801);
#12800 = CARTESIAN_POINT('',(86.,-67.,-3.));
#12801 = VECTOR('',#12802,1.);
#12802 = DIRECTION('',(0.,0.,1.));
#12803 = PCURVE('',#2820,#12804);
#12804 = DEFINITIONAL_REPRESENTATION('',(#12805),#12809);
#12805 = LINE('',#12806,#12807);
#12806 = CARTESIAN_POINT('',(19.,0.));
#12807 = VECTOR('',#12808,1.);
#12808 = DIRECTION('',(0.,-1.));
#12809 = ( GEOMETRIC_REPRESENTATION_CONTEXT(2) 
PARAMETRIC_REPRESENTATION_CONTEXT() REPRESENTATION_CONTEXT('2D SPACE',''
  ) );
#12810 = PCURVE('',#2794,#12811);
#12811 = DEFINITIONAL_REPRESENTATION('',(#12812),#12816);
#12812 = LINE('',#12813,#12814);
#12813 = CARTESIAN_POINT('',(172.,0.));
#12814 = VECTOR('',#12815,1.);
#12815 = DIRECTION('',(0.,-1.));
#12816 = ( GEOMETRIC_REPRESENTATION_CONTEXT(2) 
PARAMETRIC_REPRESENTATION_CONTEXT() REPRESENTATION_CONTEXT('2D SPACE',''
  ) );
#12817 = ADVANCED_FACE('',(#12818),#2794,.F.);
#12818 = FACE_BOUND('',#12819,.F.);
#12819 = EDGE_LOOP('',(#12820,#12821,#12822,#12843));
#12820 = ORIENTED_EDGE('',*,*,#2778,.F.);
#12821 = ORIENTED_EDGE('',*,*,#12294,.T.);
#12822 = ORIENTED_EDGE('',*,*,#12823,.T.);
#12823 = EDGE_CURVE('',#12272,#12775,#12824,.T.);
#12824 = SURFACE_CURVE('',#12825,(#12829,#12836),.PCURVE_S1.);
#12825 = LINE('',#12826,#12827);
#12826 = CARTESIAN_POINT('',(-86.,-67.,-1.));
#12827 = VECTOR('',#12828,1.);
#12828 = DIRECTION('',(1.,0.,0.));
#12829 = PCURVE('',#2794,#12830);
#12830 = DEFINITIONAL_REPRESENTATION('',(#12831),#12835);
#12831 = LINE('',#12832,#12833);
#12832 = CARTESIAN_POINT('',(0.,-2.));
#12833 = VECTOR('',#12834,1.);
#12834 = DIRECTION('',(1.,0.));
#12835 = ( GEOMETRIC_REPRESENTATION_CONTEXT(2) 
PARAMETRIC_REPRESENTATION_CONTEXT() REPRESENTATION_CONTEXT('2D SPACE',''
  ) );
#12836 = PCURVE('',#7938,#12837);
#12837 = DEFINITIONAL_REPRESENTATION('',(#12838),#12842);
#12838 = LINE('',#12839,#12840);
#12839 = CARTESIAN_POINT('',(-20.,-67.));
#12840 = VECTOR('',#12841,1.);
#12841 = DIRECTION('',(1.,0.));
#12842 = ( GEOMETRIC_REPRESENTATION_CONTEXT(2) 
PARAMETRIC_REPRESENTATION_CONTEXT() REPRESENTATION_CONTEXT('2D SPACE',''
  ) );
#12843 = ORIENTED_EDGE('',*,*,#12797,.F.);
#12844 = ADVANCED_FACE('',(#12845),#2852,.F.);
#12845 = FACE_BOUND('',#12846,.F.);
#12846 = EDGE_LOOP('',(#12847,#12848,#12871,#12894));
#12847 = ORIENTED_EDGE('',*,*,#2834,.F.);
#12848 = ORIENTED_EDGE('',*,*,#12849,.T.);
#12849 = EDGE_CURVE('',#2835,#12850,#12852,.T.);
#12850 = VERTEX_POINT('',#12851);
#12851 = CARTESIAN_POINT('',(45.,-45.,-1.));
#12852 = SURFACE_CURVE('',#12853,(#12857,#12864),.PCURVE_S1.);
#12853 = LINE('',#12854,#12855);
#12854 = CARTESIAN_POINT('',(45.,-45.,-3.));
#12855 = VECTOR('',#12856,1.);
#12856 = DIRECTION('',(0.,-0.,1.));
#12857 = PCURVE('',#2852,#12858);
#12858 = DEFINITIONAL_REPRESENTATION('',(#12859),#12863);
#12859 = LINE('',#12860,#12861);
#12860 = CARTESIAN_POINT('',(131.,0.));
#12861 = VECTOR('',#12862,1.);
#12862 = DIRECTION('',(0.,-1.));
#12863 = ( GEOMETRIC_REPRESENTATION_CONTEXT(2) 
PARAMETRIC_REPRESENTATION_CONTEXT() REPRESENTATION_CONTEXT('2D SPACE',''
  ) );
#12864 = PCURVE('',#2934,#12865);
#12865 = DEFINITIONAL_REPRESENTATION('',(#12866),#12870);
#12866 = LINE('',#12867,#12868);
#12867 = CARTESIAN_POINT('',(41.,0.));
#12868 = VECTOR('',#12869,1.);
#12869 = DIRECTION('',(0.,-1.));
#12870 = ( GEOMETRIC_REPRESENTATION_CONTEXT(2) 
PARAMETRIC_REPRESENTATION_CONTEXT() REPRESENTATION_CONTEXT('2D SPACE',''
  ) );
#12871 = ORIENTED_EDGE('',*,*,#12872,.T.);
#12872 = EDGE_CURVE('',#12850,#12873,#12875,.T.);
#12873 = VERTEX_POINT('',#12874);
#12874 = CARTESIAN_POINT('',(65.,-45.,-1.));
#12875 = SURFACE_CURVE('',#12876,(#12880,#12887),.PCURVE_S1.);
#12876 = LINE('',#12877,#12878);
#12877 = CARTESIAN_POINT('',(-86.,-45.,-1.));
#12878 = VECTOR('',#12879,1.);
#12879 = DIRECTION('',(1.,0.,0.));
#12880 = PCURVE('',#2852,#12881);
#12881 = DEFINITIONAL_REPRESENTATION('',(#12882),#12886);
#12882 = LINE('',#12883,#12884);
#12883 = CARTESIAN_POINT('',(0.,-2.));
#12884 = VECTOR('',#12885,1.);
#12885 = DIRECTION('',(1.,0.));
#12886 = ( GEOMETRIC_REPRESENTATION_CONTEXT(2) 
PARAMETRIC_REPRESENTATION_CONTEXT() REPRESENTATION_CONTEXT('2D SPACE',''
  ) );
#12887 = PCURVE('',#7938,#12888);
#12888 = DEFINITIONAL_REPRESENTATION('',(#12889),#12893);
#12889 = LINE('',#12890,#12891);
#12890 = CARTESIAN_POINT('',(-20.,-45.));
#12891 = VECTOR('',#12892,1.);
#12892 = DIRECTION('',(1.,0.));
#12893 = ( GEOMETRIC_REPRESENTATION_CONTEXT(2) 
PARAMETRIC_REPRESENTATION_CONTEXT() REPRESENTATION_CONTEXT('2D SPACE',''
  ) );
#12894 = ORIENTED_EDGE('',*,*,#12895,.T.);
#12895 = EDGE_CURVE('',#12873,#2837,#12896,.T.);
#12896 = SURFACE_CURVE('',#12897,(#12901,#12908),.PCURVE_S1.);
#12897 = LINE('',#12898,#12899);
#12898 = CARTESIAN_POINT('',(65.,-45.,-3.));
#12899 = VECTOR('',#12900,1.);
#12900 = DIRECTION('',(-0.,0.,-1.));
#12901 = PCURVE('',#2852,#12902);
#12902 = DEFINITIONAL_REPRESENTATION('',(#12903),#12907);
#12903 = LINE('',#12904,#12905);
#12904 = CARTESIAN_POINT('',(151.,0.));
#12905 = VECTOR('',#12906,1.);
#12906 = DIRECTION('',(0.,1.));
#12907 = ( GEOMETRIC_REPRESENTATION_CONTEXT(2) 
PARAMETRIC_REPRESENTATION_CONTEXT() REPRESENTATION_CONTEXT('2D SPACE',''
  ) );
#12908 = PCURVE('',#2880,#12909);
#12909 = DEFINITIONAL_REPRESENTATION('',(#12910),#12914);
#12910 = LINE('',#12911,#12912);
#12911 = CARTESIAN_POINT('',(131.,0.));
#12912 = VECTOR('',#12913,1.);
#12913 = DIRECTION('',(-0.,1.));
#12914 = ( GEOMETRIC_REPRESENTATION_CONTEXT(2) 
PARAMETRIC_REPRESENTATION_CONTEXT() REPRESENTATION_CONTEXT('2D SPACE',''
  ) );
#12915 = ADVANCED_FACE('',(#12916),#2934,.F.);
#12916 = FACE_BOUND('',#12917,.F.);
#12917 = EDGE_LOOP('',(#12918,#12919,#12942,#12963));
#12918 = ORIENTED_EDGE('',*,*,#2920,.F.);
#12919 = ORIENTED_EDGE('',*,*,#12920,.F.);
#12920 = EDGE_CURVE('',#12921,#2893,#12923,.T.);
#12921 = VERTEX_POINT('',#12922);
#12922 = CARTESIAN_POINT('',(45.,-65.,-1.));
#12923 = SURFACE_CURVE('',#12924,(#12928,#12935),.PCURVE_S1.);
#12924 = LINE('',#12925,#12926);
#12925 = CARTESIAN_POINT('',(45.,-65.,-3.));
#12926 = VECTOR('',#12927,1.);
#12927 = DIRECTION('',(-0.,-0.,-1.));
#12928 = PCURVE('',#2934,#12929);
#12929 = DEFINITIONAL_REPRESENTATION('',(#12930),#12934);
#12930 = LINE('',#12931,#12932);
#12931 = CARTESIAN_POINT('',(21.,0.));
#12932 = VECTOR('',#12933,1.);
#12933 = DIRECTION('',(0.,1.));
#12934 = ( GEOMETRIC_REPRESENTATION_CONTEXT(2) 
PARAMETRIC_REPRESENTATION_CONTEXT() REPRESENTATION_CONTEXT('2D SPACE',''
  ) );
#12935 = PCURVE('',#2908,#12936);
#12936 = DEFINITIONAL_REPRESENTATION('',(#12937),#12941);
#12937 = LINE('',#12938,#12939);
#12938 = CARTESIAN_POINT('',(41.,0.));
#12939 = VECTOR('',#12940,1.);
#12940 = DIRECTION('',(0.,1.));
#12941 = ( GEOMETRIC_REPRESENTATION_CONTEXT(2) 
PARAMETRIC_REPRESENTATION_CONTEXT() REPRESENTATION_CONTEXT('2D SPACE',''
  ) );
#12942 = ORIENTED_EDGE('',*,*,#12943,.T.);
#12943 = EDGE_CURVE('',#12921,#12850,#12944,.T.);
#12944 = SURFACE_CURVE('',#12945,(#12949,#12956),.PCURVE_S1.);
#12945 = LINE('',#12946,#12947);
#12946 = CARTESIAN_POINT('',(45.,-86.,-1.));
#12947 = VECTOR('',#12948,1.);
#12948 = DIRECTION('',(0.,1.,0.));
#12949 = PCURVE('',#2934,#12950);
#12950 = DEFINITIONAL_REPRESENTATION('',(#12951),#12955);
#12951 = LINE('',#12952,#12953);
#12952 = CARTESIAN_POINT('',(0.,-2.));
#12953 = VECTOR('',#12954,1.);
#12954 = DIRECTION('',(1.,0.));
#12955 = ( GEOMETRIC_REPRESENTATION_CONTEXT(2) 
PARAMETRIC_REPRESENTATION_CONTEXT() REPRESENTATION_CONTEXT('2D SPACE',''
  ) );
#12956 = PCURVE('',#7938,#12957);
#12957 = DEFINITIONAL_REPRESENTATION('',(#12958),#12962);
#12958 = LINE('',#12959,#12960);
#12959 = CARTESIAN_POINT('',(111.,-86.));
#12960 = VECTOR('',#12961,1.);
#12961 = DIRECTION('',(0.,1.));
#12962 = ( GEOMETRIC_REPRESENTATION_CONTEXT(2) 
PARAMETRIC_REPRESENTATION_CONTEXT() REPRESENTATION_CONTEXT('2D SPACE',''
  ) );
#12963 = ORIENTED_EDGE('',*,*,#12849,.F.);
#12964 = ADVANCED_FACE('',(#12965),#2880,.F.);
#12965 = FACE_BOUND('',#12966,.F.);
#12966 = EDGE_LOOP('',(#12967,#12968,#12969,#12992));
#12967 = ORIENTED_EDGE('',*,*,#2864,.F.);
#12968 = ORIENTED_EDGE('',*,*,#12895,.F.);
#12969 = ORIENTED_EDGE('',*,*,#12970,.T.);
#12970 = EDGE_CURVE('',#12873,#12971,#12973,.T.);
#12971 = VERTEX_POINT('',#12972);
#12972 = CARTESIAN_POINT('',(65.,-65.,-1.));
#12973 = SURFACE_CURVE('',#12974,(#12978,#12985),.PCURVE_S1.);
#12974 = LINE('',#12975,#12976);
#12975 = CARTESIAN_POINT('',(65.,86.,-1.));
#12976 = VECTOR('',#12977,1.);
#12977 = DIRECTION('',(0.,-1.,0.));
#12978 = PCURVE('',#2880,#12979);
#12979 = DEFINITIONAL_REPRESENTATION('',(#12980),#12984);
#12980 = LINE('',#12981,#12982);
#12981 = CARTESIAN_POINT('',(0.,-2.));
#12982 = VECTOR('',#12983,1.);
#12983 = DIRECTION('',(1.,0.));
#12984 = ( GEOMETRIC_REPRESENTATION_CONTEXT(2) 
PARAMETRIC_REPRESENTATION_CONTEXT() REPRESENTATION_CONTEXT('2D SPACE',''
  ) );
#12985 = PCURVE('',#7938,#12986);
#12986 = DEFINITIONAL_REPRESENTATION('',(#12987),#12991);
#12987 = LINE('',#12988,#12989);
#12988 = CARTESIAN_POINT('',(131.,86.));
#12989 = VECTOR('',#12990,1.);
#12990 = DIRECTION('',(0.,-1.));
#12991 = ( GEOMETRIC_REPRESENTATION_CONTEXT(2) 
PARAMETRIC_REPRESENTATION_CONTEXT() REPRESENTATION_CONTEXT('2D SPACE',''
  ) );
#12992 = ORIENTED_EDGE('',*,*,#12993,.F.);
#12993 = EDGE_CURVE('',#2865,#12971,#12994,.T.);
#12994 = SURFACE_CURVE('',#12995,(#12999,#13006),.PCURVE_S1.);
#12995 = LINE('',#12996,#12997);
#12996 = CARTESIAN_POINT('',(65.,-65.,-3.));
#12997 = VECTOR('',#12998,1.);
#12998 = DIRECTION('',(0.,0.,1.));
#12999 = PCURVE('',#2880,#13000);
#13000 = DEFINITIONAL_REPRESENTATION('',(#13001),#13005);
#13001 = LINE('',#13002,#13003);
#13002 = CARTESIAN_POINT('',(151.,0.));
#13003 = VECTOR('',#13004,1.);
#13004 = DIRECTION('',(0.,-1.));
#13005 = ( GEOMETRIC_REPRESENTATION_CONTEXT(2) 
PARAMETRIC_REPRESENTATION_CONTEXT() REPRESENTATION_CONTEXT('2D SPACE',''
  ) );
#13006 = PCURVE('',#2908,#13007);
#13007 = DEFINITIONAL_REPRESENTATION('',(#13008),#13012);
#13008 = LINE('',#13009,#13010);
#13009 = CARTESIAN_POINT('',(21.,0.));
#13010 = VECTOR('',#13011,1.);
#13011 = DIRECTION('',(0.,-1.));
#13012 = ( GEOMETRIC_REPRESENTATION_CONTEXT(2) 
PARAMETRIC_REPRESENTATION_CONTEXT() REPRESENTATION_CONTEXT('2D SPACE',''
  ) );
#13013 = ADVANCED_FACE('',(#13014),#2908,.F.);
#13014 = FACE_BOUND('',#13015,.F.);
#13015 = EDGE_LOOP('',(#13016,#13017,#13018,#13039));
#13016 = ORIENTED_EDGE('',*,*,#2892,.F.);
#13017 = ORIENTED_EDGE('',*,*,#12993,.T.);
#13018 = ORIENTED_EDGE('',*,*,#13019,.T.);
#13019 = EDGE_CURVE('',#12971,#12921,#13020,.T.);
#13020 = SURFACE_CURVE('',#13021,(#13025,#13032),.PCURVE_S1.);
#13021 = LINE('',#13022,#13023);
#13022 = CARTESIAN_POINT('',(86.,-65.,-1.));
#13023 = VECTOR('',#13024,1.);
#13024 = DIRECTION('',(-1.,0.,0.));
#13025 = PCURVE('',#2908,#13026);
#13026 = DEFINITIONAL_REPRESENTATION('',(#13027),#13031);
#13027 = LINE('',#13028,#13029);
#13028 = CARTESIAN_POINT('',(0.,-2.));
#13029 = VECTOR('',#13030,1.);
#13030 = DIRECTION('',(1.,0.));
#13031 = ( GEOMETRIC_REPRESENTATION_CONTEXT(2) 
PARAMETRIC_REPRESENTATION_CONTEXT() REPRESENTATION_CONTEXT('2D SPACE',''
  ) );
#13032 = PCURVE('',#7938,#13033);
#13033 = DEFINITIONAL_REPRESENTATION('',(#13034),#13038);
#13034 = LINE('',#13035,#13036);
#13035 = CARTESIAN_POINT('',(152.,-65.));
#13036 = VECTOR('',#13037,1.);
#13037 = DIRECTION('',(-1.,0.));
#13038 = ( GEOMETRIC_REPRESENTATION_CONTEXT(2) 
PARAMETRIC_REPRESENTATION_CONTEXT() REPRESENTATION_CONTEXT('2D SPACE',''
  ) );
#13039 = ORIENTED_EDGE('',*,*,#12920,.T.);
#13040 = ADVANCED_FACE('',(#13041),#2989,.F.);
#13041 = FACE_BOUND('',#13042,.F.);
#13042 = EDGE_LOOP('',(#13043,#13044,#13045,#13068));
#13043 = ORIENTED_EDGE('',*,*,#2973,.F.);
#13044 = ORIENTED_EDGE('',*,*,#12751,.T.);
#13045 = ORIENTED_EDGE('',*,*,#13046,.T.);
#13046 = EDGE_CURVE('',#12752,#13047,#13049,.T.);
#13047 = VERTEX_POINT('',#13048);
#13048 = CARTESIAN_POINT('',(67.,-65.,-1.));
#13049 = SURFACE_CURVE('',#13050,(#13054,#13061),.PCURVE_S1.);
#13050 = LINE('',#13051,#13052);
#13051 = CARTESIAN_POINT('',(86.,-65.,-1.));
#13052 = VECTOR('',#13053,1.);
#13053 = DIRECTION('',(-1.,0.,0.));
#13054 = PCURVE('',#2989,#13055);
#13055 = DEFINITIONAL_REPRESENTATION('',(#13056),#13060);
#13056 = LINE('',#13057,#13058);
#13057 = CARTESIAN_POINT('',(0.,-2.));
#13058 = VECTOR('',#13059,1.);
#13059 = DIRECTION('',(1.,0.));
#13060 = ( GEOMETRIC_REPRESENTATION_CONTEXT(2) 
PARAMETRIC_REPRESENTATION_CONTEXT() REPRESENTATION_CONTEXT('2D SPACE',''
  ) );
#13061 = PCURVE('',#7938,#13062);
#13062 = DEFINITIONAL_REPRESENTATION('',(#13063),#13067);
#13063 = LINE('',#13064,#13065);
#13064 = CARTESIAN_POINT('',(152.,-65.));
#13065 = VECTOR('',#13066,1.);
#13066 = DIRECTION('',(-1.,0.));
#13067 = ( GEOMETRIC_REPRESENTATION_CONTEXT(2) 
PARAMETRIC_REPRESENTATION_CONTEXT() REPRESENTATION_CONTEXT('2D SPACE',''
  ) );
#13068 = ORIENTED_EDGE('',*,*,#13069,.T.);
#13069 = EDGE_CURVE('',#13047,#2974,#13070,.T.);
#13070 = SURFACE_CURVE('',#13071,(#13075,#13082),.PCURVE_S1.);
#13071 = LINE('',#13072,#13073);
#13072 = CARTESIAN_POINT('',(67.,-65.,-3.));
#13073 = VECTOR('',#13074,1.);
#13074 = DIRECTION('',(-0.,-0.,-1.));
#13075 = PCURVE('',#2989,#13076);
#13076 = DEFINITIONAL_REPRESENTATION('',(#13077),#13081);
#13077 = LINE('',#13078,#13079);
#13078 = CARTESIAN_POINT('',(19.,0.));
#13079 = VECTOR('',#13080,1.);
#13080 = DIRECTION('',(0.,1.));
#13081 = ( GEOMETRIC_REPRESENTATION_CONTEXT(2) 
PARAMETRIC_REPRESENTATION_CONTEXT() REPRESENTATION_CONTEXT('2D SPACE',''
  ) );
#13082 = PCURVE('',#3017,#13083);
#13083 = DEFINITIONAL_REPRESENTATION('',(#13084),#13088);
#13084 = LINE('',#13085,#13086);
#13085 = CARTESIAN_POINT('',(21.,0.));
#13086 = VECTOR('',#13087,1.);
#13087 = DIRECTION('',(0.,1.));
#13088 = ( GEOMETRIC_REPRESENTATION_CONTEXT(2) 
PARAMETRIC_REPRESENTATION_CONTEXT() REPRESENTATION_CONTEXT('2D SPACE',''
  ) );
#13089 = ADVANCED_FACE('',(#13090),#3043,.F.);
#13090 = FACE_BOUND('',#13091,.F.);
#13091 = EDGE_LOOP('',(#13092,#13093,#13116,#13137));
#13092 = ORIENTED_EDGE('',*,*,#3029,.F.);
#13093 = ORIENTED_EDGE('',*,*,#13094,.T.);
#13094 = EDGE_CURVE('',#3002,#13095,#13097,.T.);
#13095 = VERTEX_POINT('',#13096);
#13096 = CARTESIAN_POINT('',(67.,-45.,-1.));
#13097 = SURFACE_CURVE('',#13098,(#13102,#13109),.PCURVE_S1.);
#13098 = LINE('',#13099,#13100);
#13099 = CARTESIAN_POINT('',(67.,-45.,-3.));
#13100 = VECTOR('',#13101,1.);
#13101 = DIRECTION('',(0.,-0.,1.));
#13102 = PCURVE('',#3043,#13103);
#13103 = DEFINITIONAL_REPRESENTATION('',(#13104),#13108);
#13104 = LINE('',#13105,#13106);
#13105 = CARTESIAN_POINT('',(153.,0.));
#13106 = VECTOR('',#13107,1.);
#13107 = DIRECTION('',(0.,-1.));
#13108 = ( GEOMETRIC_REPRESENTATION_CONTEXT(2) 
PARAMETRIC_REPRESENTATION_CONTEXT() REPRESENTATION_CONTEXT('2D SPACE',''
  ) );
#13109 = PCURVE('',#3017,#13110);
#13110 = DEFINITIONAL_REPRESENTATION('',(#13111),#13115);
#13111 = LINE('',#13112,#13113);
#13112 = CARTESIAN_POINT('',(41.,0.));
#13113 = VECTOR('',#13114,1.);
#13114 = DIRECTION('',(0.,-1.));
#13115 = ( GEOMETRIC_REPRESENTATION_CONTEXT(2) 
PARAMETRIC_REPRESENTATION_CONTEXT() REPRESENTATION_CONTEXT('2D SPACE',''
  ) );
#13116 = ORIENTED_EDGE('',*,*,#13117,.T.);
#13117 = EDGE_CURVE('',#13095,#12707,#13118,.T.);
#13118 = SURFACE_CURVE('',#13119,(#13123,#13130),.PCURVE_S1.);
#13119 = LINE('',#13120,#13121);
#13120 = CARTESIAN_POINT('',(-86.,-45.,-1.));
#13121 = VECTOR('',#13122,1.);
#13122 = DIRECTION('',(1.,0.,0.));
#13123 = PCURVE('',#3043,#13124);
#13124 = DEFINITIONAL_REPRESENTATION('',(#13125),#13129);
#13125 = LINE('',#13126,#13127);
#13126 = CARTESIAN_POINT('',(0.,-2.));
#13127 = VECTOR('',#13128,1.);
#13128 = DIRECTION('',(1.,0.));
#13129 = ( GEOMETRIC_REPRESENTATION_CONTEXT(2) 
PARAMETRIC_REPRESENTATION_CONTEXT() REPRESENTATION_CONTEXT('2D SPACE',''
  ) );
#13130 = PCURVE('',#7938,#13131);
#13131 = DEFINITIONAL_REPRESENTATION('',(#13132),#13136);
#13132 = LINE('',#13133,#13134);
#13133 = CARTESIAN_POINT('',(-20.,-45.));
#13134 = VECTOR('',#13135,1.);
#13135 = DIRECTION('',(1.,0.));
#13136 = ( GEOMETRIC_REPRESENTATION_CONTEXT(2) 
PARAMETRIC_REPRESENTATION_CONTEXT() REPRESENTATION_CONTEXT('2D SPACE',''
  ) );
#13137 = ORIENTED_EDGE('',*,*,#12729,.F.);
#13138 = ADVANCED_FACE('',(#13139),#3017,.F.);
#13139 = FACE_BOUND('',#13140,.F.);
#13140 = EDGE_LOOP('',(#13141,#13142,#13143,#13164));
#13141 = ORIENTED_EDGE('',*,*,#3001,.F.);
#13142 = ORIENTED_EDGE('',*,*,#13069,.F.);
#13143 = ORIENTED_EDGE('',*,*,#13144,.T.);
#13144 = EDGE_CURVE('',#13047,#13095,#13145,.T.);
#13145 = SURFACE_CURVE('',#13146,(#13150,#13157),.PCURVE_S1.);
#13146 = LINE('',#13147,#13148);
#13147 = CARTESIAN_POINT('',(67.,-86.,-1.));
#13148 = VECTOR('',#13149,1.);
#13149 = DIRECTION('',(0.,1.,0.));
#13150 = PCURVE('',#3017,#13151);
#13151 = DEFINITIONAL_REPRESENTATION('',(#13152),#13156);
#13152 = LINE('',#13153,#13154);
#13153 = CARTESIAN_POINT('',(0.,-2.));
#13154 = VECTOR('',#13155,1.);
#13155 = DIRECTION('',(1.,0.));
#13156 = ( GEOMETRIC_REPRESENTATION_CONTEXT(2) 
PARAMETRIC_REPRESENTATION_CONTEXT() REPRESENTATION_CONTEXT('2D SPACE',''
  ) );
#13157 = PCURVE('',#7938,#13158);
#13158 = DEFINITIONAL_REPRESENTATION('',(#13159),#13163);
#13159 = LINE('',#13160,#13161);
#13160 = CARTESIAN_POINT('',(133.,-86.));
#13161 = VECTOR('',#13162,1.);
#13162 = DIRECTION('',(0.,1.));
#13163 = ( GEOMETRIC_REPRESENTATION_CONTEXT(2) 
PARAMETRIC_REPRESENTATION_CONTEXT() REPRESENTATION_CONTEXT('2D SPACE',''
  ) );
#13164 = ORIENTED_EDGE('',*,*,#13094,.F.);
#13165 = ADVANCED_FACE('',(#13166),#3075,.F.);
#13166 = FACE_BOUND('',#13167,.F.);
#13167 = EDGE_LOOP('',(#13168,#13169,#13192,#13215));
#13168 = ORIENTED_EDGE('',*,*,#3057,.F.);
#13169 = ORIENTED_EDGE('',*,*,#13170,.T.);
#13170 = EDGE_CURVE('',#3058,#13171,#13173,.T.);
#13171 = VERTEX_POINT('',#13172);
#13172 = CARTESIAN_POINT('',(1.,-23.,-1.));
#13173 = SURFACE_CURVE('',#13174,(#13178,#13185),.PCURVE_S1.);
#13174 = LINE('',#13175,#13176);
#13175 = CARTESIAN_POINT('',(1.,-23.,-3.));
#13176 = VECTOR('',#13177,1.);
#13177 = DIRECTION('',(0.,-0.,1.));
#13178 = PCURVE('',#3075,#13179);
#13179 = DEFINITIONAL_REPRESENTATION('',(#13180),#13184);
#13180 = LINE('',#13181,#13182);
#13181 = CARTESIAN_POINT('',(87.,0.));
#13182 = VECTOR('',#13183,1.);
#13183 = DIRECTION('',(0.,-1.));
#13184 = ( GEOMETRIC_REPRESENTATION_CONTEXT(2) 
PARAMETRIC_REPRESENTATION_CONTEXT() REPRESENTATION_CONTEXT('2D SPACE',''
  ) );
#13185 = PCURVE('',#3157,#13186);
#13186 = DEFINITIONAL_REPRESENTATION('',(#13187),#13191);
#13187 = LINE('',#13188,#13189);
#13188 = CARTESIAN_POINT('',(63.,0.));
#13189 = VECTOR('',#13190,1.);
#13190 = DIRECTION('',(0.,-1.));
#13191 = ( GEOMETRIC_REPRESENTATION_CONTEXT(2) 
PARAMETRIC_REPRESENTATION_CONTEXT() REPRESENTATION_CONTEXT('2D SPACE',''
  ) );
#13192 = ORIENTED_EDGE('',*,*,#13193,.T.);
#13193 = EDGE_CURVE('',#13171,#13194,#13196,.T.);
#13194 = VERTEX_POINT('',#13195);
#13195 = CARTESIAN_POINT('',(21.,-23.,-1.));
#13196 = SURFACE_CURVE('',#13197,(#13201,#13208),.PCURVE_S1.);
#13197 = LINE('',#13198,#13199);
#13198 = CARTESIAN_POINT('',(-86.,-23.,-1.));
#13199 = VECTOR('',#13200,1.);
#13200 = DIRECTION('',(1.,0.,0.));
#13201 = PCURVE('',#3075,#13202);
#13202 = DEFINITIONAL_REPRESENTATION('',(#13203),#13207);
#13203 = LINE('',#13204,#13205);
#13204 = CARTESIAN_POINT('',(0.,-2.));
#13205 = VECTOR('',#13206,1.);
#13206 = DIRECTION('',(1.,0.));
#13207 = ( GEOMETRIC_REPRESENTATION_CONTEXT(2) 
PARAMETRIC_REPRESENTATION_CONTEXT() REPRESENTATION_CONTEXT('2D SPACE',''
  ) );
#13208 = PCURVE('',#7938,#13209);
#13209 = DEFINITIONAL_REPRESENTATION('',(#13210),#13214);
#13210 = LINE('',#13211,#13212);
#13211 = CARTESIAN_POINT('',(-20.,-23.));
#13212 = VECTOR('',#13213,1.);
#13213 = DIRECTION('',(1.,0.));
#13214 = ( GEOMETRIC_REPRESENTATION_CONTEXT(2) 
PARAMETRIC_REPRESENTATION_CONTEXT() REPRESENTATION_CONTEXT('2D SPACE',''
  ) );
#13215 = ORIENTED_EDGE('',*,*,#13216,.T.);
#13216 = EDGE_CURVE('',#13194,#3060,#13217,.T.);
#13217 = SURFACE_CURVE('',#13218,(#13222,#13229),.PCURVE_S1.);
#13218 = LINE('',#13219,#13220);
#13219 = CARTESIAN_POINT('',(21.,-23.,-3.));
#13220 = VECTOR('',#13221,1.);
#13221 = DIRECTION('',(-0.,0.,-1.));
#13222 = PCURVE('',#3075,#13223);
#13223 = DEFINITIONAL_REPRESENTATION('',(#13224),#13228);
#13224 = LINE('',#13225,#13226);
#13225 = CARTESIAN_POINT('',(107.,0.));
#13226 = VECTOR('',#13227,1.);
#13227 = DIRECTION('',(0.,1.));
#13228 = ( GEOMETRIC_REPRESENTATION_CONTEXT(2) 
PARAMETRIC_REPRESENTATION_CONTEXT() REPRESENTATION_CONTEXT('2D SPACE',''
  ) );
#13229 = PCURVE('',#3103,#13230);
#13230 = DEFINITIONAL_REPRESENTATION('',(#13231),#13235);
#13231 = LINE('',#13232,#13233);
#13232 = CARTESIAN_POINT('',(109.,0.));
#13233 = VECTOR('',#13234,1.);
#13234 = DIRECTION('',(-0.,1.));
#13235 = ( GEOMETRIC_REPRESENTATION_CONTEXT(2) 
PARAMETRIC_REPRESENTATION_CONTEXT() REPRESENTATION_CONTEXT('2D SPACE',''
  ) );
#13236 = ADVANCED_FACE('',(#13237),#3157,.F.);
#13237 = FACE_BOUND('',#13238,.F.);
#13238 = EDGE_LOOP('',(#13239,#13240,#13263,#13284));
#13239 = ORIENTED_EDGE('',*,*,#3143,.F.);
#13240 = ORIENTED_EDGE('',*,*,#13241,.F.);
#13241 = EDGE_CURVE('',#13242,#3116,#13244,.T.);
#13242 = VERTEX_POINT('',#13243);
#13243 = CARTESIAN_POINT('',(1.,-43.,-1.));
#13244 = SURFACE_CURVE('',#13245,(#13249,#13256),.PCURVE_S1.);
#13245 = LINE('',#13246,#13247);
#13246 = CARTESIAN_POINT('',(1.,-43.,-3.));
#13247 = VECTOR('',#13248,1.);
#13248 = DIRECTION('',(-0.,-0.,-1.));
#13249 = PCURVE('',#3157,#13250);
#13250 = DEFINITIONAL_REPRESENTATION('',(#13251),#13255);
#13251 = LINE('',#13252,#13253);
#13252 = CARTESIAN_POINT('',(43.,0.));
#13253 = VECTOR('',#13254,1.);
#13254 = DIRECTION('',(0.,1.));
#13255 = ( GEOMETRIC_REPRESENTATION_CONTEXT(2) 
PARAMETRIC_REPRESENTATION_CONTEXT() REPRESENTATION_CONTEXT('2D SPACE',''
  ) );
#13256 = PCURVE('',#3131,#13257);
#13257 = DEFINITIONAL_REPRESENTATION('',(#13258),#13262);
#13258 = LINE('',#13259,#13260);
#13259 = CARTESIAN_POINT('',(85.,0.));
#13260 = VECTOR('',#13261,1.);
#13261 = DIRECTION('',(0.,1.));
#13262 = ( GEOMETRIC_REPRESENTATION_CONTEXT(2) 
PARAMETRIC_REPRESENTATION_CONTEXT() REPRESENTATION_CONTEXT('2D SPACE',''
  ) );
#13263 = ORIENTED_EDGE('',*,*,#13264,.T.);
#13264 = EDGE_CURVE('',#13242,#13171,#13265,.T.);
#13265 = SURFACE_CURVE('',#13266,(#13270,#13277),.PCURVE_S1.);
#13266 = LINE('',#13267,#13268);
#13267 = CARTESIAN_POINT('',(1.,-86.,-1.));
#13268 = VECTOR('',#13269,1.);
#13269 = DIRECTION('',(0.,1.,0.));
#13270 = PCURVE('',#3157,#13271);
#13271 = DEFINITIONAL_REPRESENTATION('',(#13272),#13276);
#13272 = LINE('',#13273,#13274);
#13273 = CARTESIAN_POINT('',(0.,-2.));
#13274 = VECTOR('',#13275,1.);
#13275 = DIRECTION('',(1.,0.));
#13276 = ( GEOMETRIC_REPRESENTATION_CONTEXT(2) 
PARAMETRIC_REPRESENTATION_CONTEXT() REPRESENTATION_CONTEXT('2D SPACE',''
  ) );
#13277 = PCURVE('',#7938,#13278);
#13278 = DEFINITIONAL_REPRESENTATION('',(#13279),#13283);
#13279 = LINE('',#13280,#13281);
#13280 = CARTESIAN_POINT('',(67.,-86.));
#13281 = VECTOR('',#13282,1.);
#13282 = DIRECTION('',(0.,1.));
#13283 = ( GEOMETRIC_REPRESENTATION_CONTEXT(2) 
PARAMETRIC_REPRESENTATION_CONTEXT() REPRESENTATION_CONTEXT('2D SPACE',''
  ) );
#13284 = ORIENTED_EDGE('',*,*,#13170,.F.);
#13285 = ADVANCED_FACE('',(#13286),#3103,.F.);
#13286 = FACE_BOUND('',#13287,.F.);
#13287 = EDGE_LOOP('',(#13288,#13289,#13290,#13313));
#13288 = ORIENTED_EDGE('',*,*,#3087,.F.);
#13289 = ORIENTED_EDGE('',*,*,#13216,.F.);
#13290 = ORIENTED_EDGE('',*,*,#13291,.T.);
#13291 = EDGE_CURVE('',#13194,#13292,#13294,.T.);
#13292 = VERTEX_POINT('',#13293);
#13293 = CARTESIAN_POINT('',(21.,-43.,-1.));
#13294 = SURFACE_CURVE('',#13295,(#13299,#13306),.PCURVE_S1.);
#13295 = LINE('',#13296,#13297);
#13296 = CARTESIAN_POINT('',(21.,86.,-1.));
#13297 = VECTOR('',#13298,1.);
#13298 = DIRECTION('',(0.,-1.,0.));
#13299 = PCURVE('',#3103,#13300);
#13300 = DEFINITIONAL_REPRESENTATION('',(#13301),#13305);
#13301 = LINE('',#13302,#13303);
#13302 = CARTESIAN_POINT('',(0.,-2.));
#13303 = VECTOR('',#13304,1.);
#13304 = DIRECTION('',(1.,0.));
#13305 = ( GEOMETRIC_REPRESENTATION_CONTEXT(2) 
PARAMETRIC_REPRESENTATION_CONTEXT() REPRESENTATION_CONTEXT('2D SPACE',''
  ) );
#13306 = PCURVE('',#7938,#13307);
#13307 = DEFINITIONAL_REPRESENTATION('',(#13308),#13312);
#13308 = LINE('',#13309,#13310);
#13309 = CARTESIAN_POINT('',(87.,86.));
#13310 = VECTOR('',#13311,1.);
#13311 = DIRECTION('',(0.,-1.));
#13312 = ( GEOMETRIC_REPRESENTATION_CONTEXT(2) 
PARAMETRIC_REPRESENTATION_CONTEXT() REPRESENTATION_CONTEXT('2D SPACE',''
  ) );
#13313 = ORIENTED_EDGE('',*,*,#13314,.F.);
#13314 = EDGE_CURVE('',#3088,#13292,#13315,.T.);
#13315 = SURFACE_CURVE('',#13316,(#13320,#13327),.PCURVE_S1.);
#13316 = LINE('',#13317,#13318);
#13317 = CARTESIAN_POINT('',(21.,-43.,-3.));
#13318 = VECTOR('',#13319,1.);
#13319 = DIRECTION('',(0.,0.,1.));
#13320 = PCURVE('',#3103,#13321);
#13321 = DEFINITIONAL_REPRESENTATION('',(#13322),#13326);
#13322 = LINE('',#13323,#13324);
#13323 = CARTESIAN_POINT('',(129.,0.));
#13324 = VECTOR('',#13325,1.);
#13325 = DIRECTION('',(0.,-1.));
#13326 = ( GEOMETRIC_REPRESENTATION_CONTEXT(2) 
PARAMETRIC_REPRESENTATION_CONTEXT() REPRESENTATION_CONTEXT('2D SPACE',''
  ) );
#13327 = PCURVE('',#3131,#13328);
#13328 = DEFINITIONAL_REPRESENTATION('',(#13329),#13333);
#13329 = LINE('',#13330,#13331);
#13330 = CARTESIAN_POINT('',(65.,0.));
#13331 = VECTOR('',#13332,1.);
#13332 = DIRECTION('',(0.,-1.));
#13333 = ( GEOMETRIC_REPRESENTATION_CONTEXT(2) 
PARAMETRIC_REPRESENTATION_CONTEXT() REPRESENTATION_CONTEXT('2D SPACE',''
  ) );
#13334 = ADVANCED_FACE('',(#13335),#3131,.F.);
#13335 = FACE_BOUND('',#13336,.F.);
#13336 = EDGE_LOOP('',(#13337,#13338,#13339,#13360));
#13337 = ORIENTED_EDGE('',*,*,#3115,.F.);
#13338 = ORIENTED_EDGE('',*,*,#13314,.T.);
#13339 = ORIENTED_EDGE('',*,*,#13340,.T.);
#13340 = EDGE_CURVE('',#13292,#13242,#13341,.T.);
#13341 = SURFACE_CURVE('',#13342,(#13346,#13353),.PCURVE_S1.);
#13342 = LINE('',#13343,#13344);
#13343 = CARTESIAN_POINT('',(86.,-43.,-1.));
#13344 = VECTOR('',#13345,1.);
#13345 = DIRECTION('',(-1.,0.,0.));
#13346 = PCURVE('',#3131,#13347);
#13347 = DEFINITIONAL_REPRESENTATION('',(#13348),#13352);
#13348 = LINE('',#13349,#13350);
#13349 = CARTESIAN_POINT('',(0.,-2.));
#13350 = VECTOR('',#13351,1.);
#13351 = DIRECTION('',(1.,0.));
#13352 = ( GEOMETRIC_REPRESENTATION_CONTEXT(2) 
PARAMETRIC_REPRESENTATION_CONTEXT() REPRESENTATION_CONTEXT('2D SPACE',''
  ) );
#13353 = PCURVE('',#7938,#13354);
#13354 = DEFINITIONAL_REPRESENTATION('',(#13355),#13359);
#13355 = LINE('',#13356,#13357);
#13356 = CARTESIAN_POINT('',(152.,-43.));
#13357 = VECTOR('',#13358,1.);
#13358 = DIRECTION('',(-1.,0.));
#13359 = ( GEOMETRIC_REPRESENTATION_CONTEXT(2) 
PARAMETRIC_REPRESENTATION_CONTEXT() REPRESENTATION_CONTEXT('2D SPACE',''
  ) );
#13360 = ORIENTED_EDGE('',*,*,#13241,.T.);
#13361 = ADVANCED_FACE('',(#13362),#3189,.F.);
#13362 = FACE_BOUND('',#13363,.F.);
#13363 = EDGE_LOOP('',(#13364,#13365,#13388,#13411));
#13364 = ORIENTED_EDGE('',*,*,#3171,.F.);
#13365 = ORIENTED_EDGE('',*,*,#13366,.T.);
#13366 = EDGE_CURVE('',#3172,#13367,#13369,.T.);
#13367 = VERTEX_POINT('',#13368);
#13368 = CARTESIAN_POINT('',(23.,-23.,-1.));
#13369 = SURFACE_CURVE('',#13370,(#13374,#13381),.PCURVE_S1.);
#13370 = LINE('',#13371,#13372);
#13371 = CARTESIAN_POINT('',(23.,-23.,-3.));
#13372 = VECTOR('',#13373,1.);
#13373 = DIRECTION('',(0.,-0.,1.));
#13374 = PCURVE('',#3189,#13375);
#13375 = DEFINITIONAL_REPRESENTATION('',(#13376),#13380);
#13376 = LINE('',#13377,#13378);
#13377 = CARTESIAN_POINT('',(109.,0.));
#13378 = VECTOR('',#13379,1.);
#13379 = DIRECTION('',(0.,-1.));
#13380 = ( GEOMETRIC_REPRESENTATION_CONTEXT(2) 
PARAMETRIC_REPRESENTATION_CONTEXT() REPRESENTATION_CONTEXT('2D SPACE',''
  ) );
#13381 = PCURVE('',#3271,#13382);
#13382 = DEFINITIONAL_REPRESENTATION('',(#13383),#13387);
#13383 = LINE('',#13384,#13385);
#13384 = CARTESIAN_POINT('',(63.,0.));
#13385 = VECTOR('',#13386,1.);
#13386 = DIRECTION('',(0.,-1.));
#13387 = ( GEOMETRIC_REPRESENTATION_CONTEXT(2) 
PARAMETRIC_REPRESENTATION_CONTEXT() REPRESENTATION_CONTEXT('2D SPACE',''
  ) );
#13388 = ORIENTED_EDGE('',*,*,#13389,.T.);
#13389 = EDGE_CURVE('',#13367,#13390,#13392,.T.);
#13390 = VERTEX_POINT('',#13391);
#13391 = CARTESIAN_POINT('',(43.,-23.,-1.));
#13392 = SURFACE_CURVE('',#13393,(#13397,#13404),.PCURVE_S1.);
#13393 = LINE('',#13394,#13395);
#13394 = CARTESIAN_POINT('',(-86.,-23.,-1.));
#13395 = VECTOR('',#13396,1.);
#13396 = DIRECTION('',(1.,0.,0.));
#13397 = PCURVE('',#3189,#13398);
#13398 = DEFINITIONAL_REPRESENTATION('',(#13399),#13403);
#13399 = LINE('',#13400,#13401);
#13400 = CARTESIAN_POINT('',(0.,-2.));
#13401 = VECTOR('',#13402,1.);
#13402 = DIRECTION('',(1.,0.));
#13403 = ( GEOMETRIC_REPRESENTATION_CONTEXT(2) 
PARAMETRIC_REPRESENTATION_CONTEXT() REPRESENTATION_CONTEXT('2D SPACE',''
  ) );
#13404 = PCURVE('',#7938,#13405);
#13405 = DEFINITIONAL_REPRESENTATION('',(#13406),#13410);
#13406 = LINE('',#13407,#13408);
#13407 = CARTESIAN_POINT('',(-20.,-23.));
#13408 = VECTOR('',#13409,1.);
#13409 = DIRECTION('',(1.,0.));
#13410 = ( GEOMETRIC_REPRESENTATION_CONTEXT(2) 
PARAMETRIC_REPRESENTATION_CONTEXT() REPRESENTATION_CONTEXT('2D SPACE',''
  ) );
#13411 = ORIENTED_EDGE('',*,*,#13412,.T.);
#13412 = EDGE_CURVE('',#13390,#3174,#13413,.T.);
#13413 = SURFACE_CURVE('',#13414,(#13418,#13425),.PCURVE_S1.);
#13414 = LINE('',#13415,#13416);
#13415 = CARTESIAN_POINT('',(43.,-23.,-3.));
#13416 = VECTOR('',#13417,1.);
#13417 = DIRECTION('',(-0.,0.,-1.));
#13418 = PCURVE('',#3189,#13419);
#13419 = DEFINITIONAL_REPRESENTATION('',(#13420),#13424);
#13420 = LINE('',#13421,#13422);
#13421 = CARTESIAN_POINT('',(129.,0.));
#13422 = VECTOR('',#13423,1.);
#13423 = DIRECTION('',(0.,1.));
#13424 = ( GEOMETRIC_REPRESENTATION_CONTEXT(2) 
PARAMETRIC_REPRESENTATION_CONTEXT() REPRESENTATION_CONTEXT('2D SPACE',''
  ) );
#13425 = PCURVE('',#3217,#13426);
#13426 = DEFINITIONAL_REPRESENTATION('',(#13427),#13431);
#13427 = LINE('',#13428,#13429);
#13428 = CARTESIAN_POINT('',(109.,0.));
#13429 = VECTOR('',#13430,1.);
#13430 = DIRECTION('',(-0.,1.));
#13431 = ( GEOMETRIC_REPRESENTATION_CONTEXT(2) 
PARAMETRIC_REPRESENTATION_CONTEXT() REPRESENTATION_CONTEXT('2D SPACE',''
  ) );
#13432 = ADVANCED_FACE('',(#13433),#3271,.F.);
#13433 = FACE_BOUND('',#13434,.F.);
#13434 = EDGE_LOOP('',(#13435,#13436,#13459,#13480));
#13435 = ORIENTED_EDGE('',*,*,#3257,.F.);
#13436 = ORIENTED_EDGE('',*,*,#13437,.F.);
#13437 = EDGE_CURVE('',#13438,#3230,#13440,.T.);
#13438 = VERTEX_POINT('',#13439);
#13439 = CARTESIAN_POINT('',(23.,-43.,-1.));
#13440 = SURFACE_CURVE('',#13441,(#13445,#13452),.PCURVE_S1.);
#13441 = LINE('',#13442,#13443);
#13442 = CARTESIAN_POINT('',(23.,-43.,-3.));
#13443 = VECTOR('',#13444,1.);
#13444 = DIRECTION('',(-0.,-0.,-1.));
#13445 = PCURVE('',#3271,#13446);
#13446 = DEFINITIONAL_REPRESENTATION('',(#13447),#13451);
#13447 = LINE('',#13448,#13449);
#13448 = CARTESIAN_POINT('',(43.,0.));
#13449 = VECTOR('',#13450,1.);
#13450 = DIRECTION('',(0.,1.));
#13451 = ( GEOMETRIC_REPRESENTATION_CONTEXT(2) 
PARAMETRIC_REPRESENTATION_CONTEXT() REPRESENTATION_CONTEXT('2D SPACE',''
  ) );
#13452 = PCURVE('',#3245,#13453);
#13453 = DEFINITIONAL_REPRESENTATION('',(#13454),#13458);
#13454 = LINE('',#13455,#13456);
#13455 = CARTESIAN_POINT('',(63.,0.));
#13456 = VECTOR('',#13457,1.);
#13457 = DIRECTION('',(0.,1.));
#13458 = ( GEOMETRIC_REPRESENTATION_CONTEXT(2) 
PARAMETRIC_REPRESENTATION_CONTEXT() REPRESENTATION_CONTEXT('2D SPACE',''
  ) );
#13459 = ORIENTED_EDGE('',*,*,#13460,.T.);
#13460 = EDGE_CURVE('',#13438,#13367,#13461,.T.);
#13461 = SURFACE_CURVE('',#13462,(#13466,#13473),.PCURVE_S1.);
#13462 = LINE('',#13463,#13464);
#13463 = CARTESIAN_POINT('',(23.,-86.,-1.));
#13464 = VECTOR('',#13465,1.);
#13465 = DIRECTION('',(0.,1.,0.));
#13466 = PCURVE('',#3271,#13467);
#13467 = DEFINITIONAL_REPRESENTATION('',(#13468),#13472);
#13468 = LINE('',#13469,#13470);
#13469 = CARTESIAN_POINT('',(0.,-2.));
#13470 = VECTOR('',#13471,1.);
#13471 = DIRECTION('',(1.,0.));
#13472 = ( GEOMETRIC_REPRESENTATION_CONTEXT(2) 
PARAMETRIC_REPRESENTATION_CONTEXT() REPRESENTATION_CONTEXT('2D SPACE',''
  ) );
#13473 = PCURVE('',#7938,#13474);
#13474 = DEFINITIONAL_REPRESENTATION('',(#13475),#13479);
#13475 = LINE('',#13476,#13477);
#13476 = CARTESIAN_POINT('',(89.,-86.));
#13477 = VECTOR('',#13478,1.);
#13478 = DIRECTION('',(0.,1.));
#13479 = ( GEOMETRIC_REPRESENTATION_CONTEXT(2) 
PARAMETRIC_REPRESENTATION_CONTEXT() REPRESENTATION_CONTEXT('2D SPACE',''
  ) );
#13480 = ORIENTED_EDGE('',*,*,#13366,.F.);
#13481 = ADVANCED_FACE('',(#13482),#3217,.F.);
#13482 = FACE_BOUND('',#13483,.F.);
#13483 = EDGE_LOOP('',(#13484,#13485,#13486,#13509));
#13484 = ORIENTED_EDGE('',*,*,#3201,.F.);
#13485 = ORIENTED_EDGE('',*,*,#13412,.F.);
#13486 = ORIENTED_EDGE('',*,*,#13487,.T.);
#13487 = EDGE_CURVE('',#13390,#13488,#13490,.T.);
#13488 = VERTEX_POINT('',#13489);
#13489 = CARTESIAN_POINT('',(43.,-43.,-1.));
#13490 = SURFACE_CURVE('',#13491,(#13495,#13502),.PCURVE_S1.);
#13491 = LINE('',#13492,#13493);
#13492 = CARTESIAN_POINT('',(43.,86.,-1.));
#13493 = VECTOR('',#13494,1.);
#13494 = DIRECTION('',(0.,-1.,0.));
#13495 = PCURVE('',#3217,#13496);
#13496 = DEFINITIONAL_REPRESENTATION('',(#13497),#13501);
#13497 = LINE('',#13498,#13499);
#13498 = CARTESIAN_POINT('',(0.,-2.));
#13499 = VECTOR('',#13500,1.);
#13500 = DIRECTION('',(1.,0.));
#13501 = ( GEOMETRIC_REPRESENTATION_CONTEXT(2) 
PARAMETRIC_REPRESENTATION_CONTEXT() REPRESENTATION_CONTEXT('2D SPACE',''
  ) );
#13502 = PCURVE('',#7938,#13503);
#13503 = DEFINITIONAL_REPRESENTATION('',(#13504),#13508);
#13504 = LINE('',#13505,#13506);
#13505 = CARTESIAN_POINT('',(109.,86.));
#13506 = VECTOR('',#13507,1.);
#13507 = DIRECTION('',(0.,-1.));
#13508 = ( GEOMETRIC_REPRESENTATION_CONTEXT(2) 
PARAMETRIC_REPRESENTATION_CONTEXT() REPRESENTATION_CONTEXT('2D SPACE',''
  ) );
#13509 = ORIENTED_EDGE('',*,*,#13510,.F.);
#13510 = EDGE_CURVE('',#3202,#13488,#13511,.T.);
#13511 = SURFACE_CURVE('',#13512,(#13516,#13523),.PCURVE_S1.);
#13512 = LINE('',#13513,#13514);
#13513 = CARTESIAN_POINT('',(43.,-43.,-3.));
#13514 = VECTOR('',#13515,1.);
#13515 = DIRECTION('',(0.,0.,1.));
#13516 = PCURVE('',#3217,#13517);
#13517 = DEFINITIONAL_REPRESENTATION('',(#13518),#13522);
#13518 = LINE('',#13519,#13520);
#13519 = CARTESIAN_POINT('',(129.,0.));
#13520 = VECTOR('',#13521,1.);
#13521 = DIRECTION('',(0.,-1.));
#13522 = ( GEOMETRIC_REPRESENTATION_CONTEXT(2) 
PARAMETRIC_REPRESENTATION_CONTEXT() REPRESENTATION_CONTEXT('2D SPACE',''
  ) );
#13523 = PCURVE('',#3245,#13524);
#13524 = DEFINITIONAL_REPRESENTATION('',(#13525),#13529);
#13525 = LINE('',#13526,#13527);
#13526 = CARTESIAN_POINT('',(43.,0.));
#13527 = VECTOR('',#13528,1.);
#13528 = DIRECTION('',(0.,-1.));
#13529 = ( GEOMETRIC_REPRESENTATION_CONTEXT(2) 
PARAMETRIC_REPRESENTATION_CONTEXT() REPRESENTATION_CONTEXT('2D SPACE',''
  ) );
#13530 = ADVANCED_FACE('',(#13531),#3245,.F.);
#13531 = FACE_BOUND('',#13532,.F.);
#13532 = EDGE_LOOP('',(#13533,#13534,#13535,#13556));
#13533 = ORIENTED_EDGE('',*,*,#3229,.F.);
#13534 = ORIENTED_EDGE('',*,*,#13510,.T.);
#13535 = ORIENTED_EDGE('',*,*,#13536,.T.);
#13536 = EDGE_CURVE('',#13488,#13438,#13537,.T.);
#13537 = SURFACE_CURVE('',#13538,(#13542,#13549),.PCURVE_S1.);
#13538 = LINE('',#13539,#13540);
#13539 = CARTESIAN_POINT('',(86.,-43.,-1.));
#13540 = VECTOR('',#13541,1.);
#13541 = DIRECTION('',(-1.,0.,0.));
#13542 = PCURVE('',#3245,#13543);
#13543 = DEFINITIONAL_REPRESENTATION('',(#13544),#13548);
#13544 = LINE('',#13545,#13546);
#13545 = CARTESIAN_POINT('',(0.,-2.));
#13546 = VECTOR('',#13547,1.);
#13547 = DIRECTION('',(1.,0.));
#13548 = ( GEOMETRIC_REPRESENTATION_CONTEXT(2) 
PARAMETRIC_REPRESENTATION_CONTEXT() REPRESENTATION_CONTEXT('2D SPACE',''
  ) );
#13549 = PCURVE('',#7938,#13550);
#13550 = DEFINITIONAL_REPRESENTATION('',(#13551),#13555);
#13551 = LINE('',#13552,#13553);
#13552 = CARTESIAN_POINT('',(152.,-43.));
#13553 = VECTOR('',#13554,1.);
#13554 = DIRECTION('',(-1.,0.));
#13555 = ( GEOMETRIC_REPRESENTATION_CONTEXT(2) 
PARAMETRIC_REPRESENTATION_CONTEXT() REPRESENTATION_CONTEXT('2D SPACE',''
  ) );
#13556 = ORIENTED_EDGE('',*,*,#13437,.T.);
#13557 = ADVANCED_FACE('',(#13558),#3303,.F.);
#13558 = FACE_BOUND('',#13559,.F.);
#13559 = EDGE_LOOP('',(#13560,#13561,#13584,#13607));
#13560 = ORIENTED_EDGE('',*,*,#3285,.F.);
#13561 = ORIENTED_EDGE('',*,*,#13562,.F.);
#13562 = EDGE_CURVE('',#13563,#3286,#13565,.T.);
#13563 = VERTEX_POINT('',#13564);
#13564 = CARTESIAN_POINT('',(1.,-1.,-1.));
#13565 = SURFACE_CURVE('',#13566,(#13570,#13577),.PCURVE_S1.);
#13566 = LINE('',#13567,#13568);
#13567 = CARTESIAN_POINT('',(1.,-1.,-3.));
#13568 = VECTOR('',#13569,1.);
#13569 = DIRECTION('',(0.,0.,-1.));
#13570 = PCURVE('',#3303,#13571);
#13571 = DEFINITIONAL_REPRESENTATION('',(#13572),#13576);
#13572 = LINE('',#13573,#13574);
#13573 = CARTESIAN_POINT('',(87.,0.));
#13574 = VECTOR('',#13575,1.);
#13575 = DIRECTION('',(0.,1.));
#13576 = ( GEOMETRIC_REPRESENTATION_CONTEXT(2) 
PARAMETRIC_REPRESENTATION_CONTEXT() REPRESENTATION_CONTEXT('2D SPACE',''
  ) );
#13577 = PCURVE('',#3385,#13578);
#13578 = DEFINITIONAL_REPRESENTATION('',(#13579),#13583);
#13579 = LINE('',#13580,#13581);
#13580 = CARTESIAN_POINT('',(85.,0.));
#13581 = VECTOR('',#13582,1.);
#13582 = DIRECTION('',(0.,1.));
#13583 = ( GEOMETRIC_REPRESENTATION_CONTEXT(2) 
PARAMETRIC_REPRESENTATION_CONTEXT() REPRESENTATION_CONTEXT('2D SPACE',''
  ) );
#13584 = ORIENTED_EDGE('',*,*,#13585,.T.);
#13585 = EDGE_CURVE('',#13563,#13586,#13588,.T.);
#13586 = VERTEX_POINT('',#13587);
#13587 = CARTESIAN_POINT('',(21.,-1.,-1.));
#13588 = SURFACE_CURVE('',#13589,(#13593,#13600),.PCURVE_S1.);
#13589 = LINE('',#13590,#13591);
#13590 = CARTESIAN_POINT('',(-86.,-1.,-1.));
#13591 = VECTOR('',#13592,1.);
#13592 = DIRECTION('',(1.,0.,0.));
#13593 = PCURVE('',#3303,#13594);
#13594 = DEFINITIONAL_REPRESENTATION('',(#13595),#13599);
#13595 = LINE('',#13596,#13597);
#13596 = CARTESIAN_POINT('',(0.,-2.));
#13597 = VECTOR('',#13598,1.);
#13598 = DIRECTION('',(1.,0.));
#13599 = ( GEOMETRIC_REPRESENTATION_CONTEXT(2) 
PARAMETRIC_REPRESENTATION_CONTEXT() REPRESENTATION_CONTEXT('2D SPACE',''
  ) );
#13600 = PCURVE('',#7938,#13601);
#13601 = DEFINITIONAL_REPRESENTATION('',(#13602),#13606);
#13602 = LINE('',#13603,#13604);
#13603 = CARTESIAN_POINT('',(-20.,-1.));
#13604 = VECTOR('',#13605,1.);
#13605 = DIRECTION('',(1.,0.));
#13606 = ( GEOMETRIC_REPRESENTATION_CONTEXT(2) 
PARAMETRIC_REPRESENTATION_CONTEXT() REPRESENTATION_CONTEXT('2D SPACE',''
  ) );
#13607 = ORIENTED_EDGE('',*,*,#13608,.T.);
#13608 = EDGE_CURVE('',#13586,#3288,#13609,.T.);
#13609 = SURFACE_CURVE('',#13610,(#13614,#13621),.PCURVE_S1.);
#13610 = LINE('',#13611,#13612);
#13611 = CARTESIAN_POINT('',(21.,-1.,-3.));
#13612 = VECTOR('',#13613,1.);
#13613 = DIRECTION('',(-0.,0.,-1.));
#13614 = PCURVE('',#3303,#13615);
#13615 = DEFINITIONAL_REPRESENTATION('',(#13616),#13620);
#13616 = LINE('',#13617,#13618);
#13617 = CARTESIAN_POINT('',(107.,0.));
#13618 = VECTOR('',#13619,1.);
#13619 = DIRECTION('',(0.,1.));
#13620 = ( GEOMETRIC_REPRESENTATION_CONTEXT(2) 
PARAMETRIC_REPRESENTATION_CONTEXT() REPRESENTATION_CONTEXT('2D SPACE',''
  ) );
#13621 = PCURVE('',#3331,#13622);
#13622 = DEFINITIONAL_REPRESENTATION('',(#13623),#13627);
#13623 = LINE('',#13624,#13625);
#13624 = CARTESIAN_POINT('',(87.,0.));
#13625 = VECTOR('',#13626,1.);
#13626 = DIRECTION('',(-0.,1.));
#13627 = ( GEOMETRIC_REPRESENTATION_CONTEXT(2) 
PARAMETRIC_REPRESENTATION_CONTEXT() REPRESENTATION_CONTEXT('2D SPACE',''
  ) );
#13628 = ADVANCED_FACE('',(#13629),#3385,.F.);
#13629 = FACE_BOUND('',#13630,.F.);
#13630 = EDGE_LOOP('',(#13631,#13632,#13655,#13676));
#13631 = ORIENTED_EDGE('',*,*,#3371,.F.);
#13632 = ORIENTED_EDGE('',*,*,#13633,.F.);
#13633 = EDGE_CURVE('',#13634,#3344,#13636,.T.);
#13634 = VERTEX_POINT('',#13635);
#13635 = CARTESIAN_POINT('',(1.,-21.,-1.));
#13636 = SURFACE_CURVE('',#13637,(#13641,#13648),.PCURVE_S1.);
#13637 = LINE('',#13638,#13639);
#13638 = CARTESIAN_POINT('',(1.,-21.,-3.));
#13639 = VECTOR('',#13640,1.);
#13640 = DIRECTION('',(-0.,-0.,-1.));
#13641 = PCURVE('',#3385,#13642);
#13642 = DEFINITIONAL_REPRESENTATION('',(#13643),#13647);
#13643 = LINE('',#13644,#13645);
#13644 = CARTESIAN_POINT('',(65.,0.));
#13645 = VECTOR('',#13646,1.);
#13646 = DIRECTION('',(0.,1.));
#13647 = ( GEOMETRIC_REPRESENTATION_CONTEXT(2) 
PARAMETRIC_REPRESENTATION_CONTEXT() REPRESENTATION_CONTEXT('2D SPACE',''
  ) );
#13648 = PCURVE('',#3359,#13649);
#13649 = DEFINITIONAL_REPRESENTATION('',(#13650),#13654);
#13650 = LINE('',#13651,#13652);
#13651 = CARTESIAN_POINT('',(85.,0.));
#13652 = VECTOR('',#13653,1.);
#13653 = DIRECTION('',(0.,1.));
#13654 = ( GEOMETRIC_REPRESENTATION_CONTEXT(2) 
PARAMETRIC_REPRESENTATION_CONTEXT() REPRESENTATION_CONTEXT('2D SPACE',''
  ) );
#13655 = ORIENTED_EDGE('',*,*,#13656,.T.);
#13656 = EDGE_CURVE('',#13634,#13563,#13657,.T.);
#13657 = SURFACE_CURVE('',#13658,(#13662,#13669),.PCURVE_S1.);
#13658 = LINE('',#13659,#13660);
#13659 = CARTESIAN_POINT('',(1.,-86.,-1.));
#13660 = VECTOR('',#13661,1.);
#13661 = DIRECTION('',(0.,1.,0.));
#13662 = PCURVE('',#3385,#13663);
#13663 = DEFINITIONAL_REPRESENTATION('',(#13664),#13668);
#13664 = LINE('',#13665,#13666);
#13665 = CARTESIAN_POINT('',(0.,-2.));
#13666 = VECTOR('',#13667,1.);
#13667 = DIRECTION('',(1.,0.));
#13668 = ( GEOMETRIC_REPRESENTATION_CONTEXT(2) 
PARAMETRIC_REPRESENTATION_CONTEXT() REPRESENTATION_CONTEXT('2D SPACE',''
  ) );
#13669 = PCURVE('',#7938,#13670);
#13670 = DEFINITIONAL_REPRESENTATION('',(#13671),#13675);
#13671 = LINE('',#13672,#13673);
#13672 = CARTESIAN_POINT('',(67.,-86.));
#13673 = VECTOR('',#13674,1.);
#13674 = DIRECTION('',(0.,1.));
#13675 = ( GEOMETRIC_REPRESENTATION_CONTEXT(2) 
PARAMETRIC_REPRESENTATION_CONTEXT() REPRESENTATION_CONTEXT('2D SPACE',''
  ) );
#13676 = ORIENTED_EDGE('',*,*,#13562,.T.);
#13677 = ADVANCED_FACE('',(#13678),#3331,.F.);
#13678 = FACE_BOUND('',#13679,.F.);
#13679 = EDGE_LOOP('',(#13680,#13681,#13682,#13705));
#13680 = ORIENTED_EDGE('',*,*,#3315,.F.);
#13681 = ORIENTED_EDGE('',*,*,#13608,.F.);
#13682 = ORIENTED_EDGE('',*,*,#13683,.T.);
#13683 = EDGE_CURVE('',#13586,#13684,#13686,.T.);
#13684 = VERTEX_POINT('',#13685);
#13685 = CARTESIAN_POINT('',(21.,-21.,-1.));
#13686 = SURFACE_CURVE('',#13687,(#13691,#13698),.PCURVE_S1.);
#13687 = LINE('',#13688,#13689);
#13688 = CARTESIAN_POINT('',(21.,86.,-1.));
#13689 = VECTOR('',#13690,1.);
#13690 = DIRECTION('',(0.,-1.,0.));
#13691 = PCURVE('',#3331,#13692);
#13692 = DEFINITIONAL_REPRESENTATION('',(#13693),#13697);
#13693 = LINE('',#13694,#13695);
#13694 = CARTESIAN_POINT('',(0.,-2.));
#13695 = VECTOR('',#13696,1.);
#13696 = DIRECTION('',(1.,0.));
#13697 = ( GEOMETRIC_REPRESENTATION_CONTEXT(2) 
PARAMETRIC_REPRESENTATION_CONTEXT() REPRESENTATION_CONTEXT('2D SPACE',''
  ) );
#13698 = PCURVE('',#7938,#13699);
#13699 = DEFINITIONAL_REPRESENTATION('',(#13700),#13704);
#13700 = LINE('',#13701,#13702);
#13701 = CARTESIAN_POINT('',(87.,86.));
#13702 = VECTOR('',#13703,1.);
#13703 = DIRECTION('',(0.,-1.));
#13704 = ( GEOMETRIC_REPRESENTATION_CONTEXT(2) 
PARAMETRIC_REPRESENTATION_CONTEXT() REPRESENTATION_CONTEXT('2D SPACE',''
  ) );
#13705 = ORIENTED_EDGE('',*,*,#13706,.F.);
#13706 = EDGE_CURVE('',#3316,#13684,#13707,.T.);
#13707 = SURFACE_CURVE('',#13708,(#13712,#13719),.PCURVE_S1.);
#13708 = LINE('',#13709,#13710);
#13709 = CARTESIAN_POINT('',(21.,-21.,-3.));
#13710 = VECTOR('',#13711,1.);
#13711 = DIRECTION('',(0.,0.,1.));
#13712 = PCURVE('',#3331,#13713);
#13713 = DEFINITIONAL_REPRESENTATION('',(#13714),#13718);
#13714 = LINE('',#13715,#13716);
#13715 = CARTESIAN_POINT('',(107.,0.));
#13716 = VECTOR('',#13717,1.);
#13717 = DIRECTION('',(0.,-1.));
#13718 = ( GEOMETRIC_REPRESENTATION_CONTEXT(2) 
PARAMETRIC_REPRESENTATION_CONTEXT() REPRESENTATION_CONTEXT('2D SPACE',''
  ) );
#13719 = PCURVE('',#3359,#13720);
#13720 = DEFINITIONAL_REPRESENTATION('',(#13721),#13725);
#13721 = LINE('',#13722,#13723);
#13722 = CARTESIAN_POINT('',(65.,0.));
#13723 = VECTOR('',#13724,1.);
#13724 = DIRECTION('',(0.,-1.));
#13725 = ( GEOMETRIC_REPRESENTATION_CONTEXT(2) 
PARAMETRIC_REPRESENTATION_CONTEXT() REPRESENTATION_CONTEXT('2D SPACE',''
  ) );
#13726 = ADVANCED_FACE('',(#13727),#3359,.F.);
#13727 = FACE_BOUND('',#13728,.F.);
#13728 = EDGE_LOOP('',(#13729,#13730,#13731,#13752));
#13729 = ORIENTED_EDGE('',*,*,#3343,.F.);
#13730 = ORIENTED_EDGE('',*,*,#13706,.T.);
#13731 = ORIENTED_EDGE('',*,*,#13732,.T.);
#13732 = EDGE_CURVE('',#13684,#13634,#13733,.T.);
#13733 = SURFACE_CURVE('',#13734,(#13738,#13745),.PCURVE_S1.);
#13734 = LINE('',#13735,#13736);
#13735 = CARTESIAN_POINT('',(86.,-21.,-1.));
#13736 = VECTOR('',#13737,1.);
#13737 = DIRECTION('',(-1.,0.,0.));
#13738 = PCURVE('',#3359,#13739);
#13739 = DEFINITIONAL_REPRESENTATION('',(#13740),#13744);
#13740 = LINE('',#13741,#13742);
#13741 = CARTESIAN_POINT('',(0.,-2.));
#13742 = VECTOR('',#13743,1.);
#13743 = DIRECTION('',(1.,0.));
#13744 = ( GEOMETRIC_REPRESENTATION_CONTEXT(2) 
PARAMETRIC_REPRESENTATION_CONTEXT() REPRESENTATION_CONTEXT('2D SPACE',''
  ) );
#13745 = PCURVE('',#7938,#13746);
#13746 = DEFINITIONAL_REPRESENTATION('',(#13747),#13751);
#13747 = LINE('',#13748,#13749);
#13748 = CARTESIAN_POINT('',(152.,-21.));
#13749 = VECTOR('',#13750,1.);
#13750 = DIRECTION('',(-1.,0.));
#13751 = ( GEOMETRIC_REPRESENTATION_CONTEXT(2) 
PARAMETRIC_REPRESENTATION_CONTEXT() REPRESENTATION_CONTEXT('2D SPACE',''
  ) );
#13752 = ORIENTED_EDGE('',*,*,#13633,.T.);
#13753 = ADVANCED_FACE('',(#13754),#3417,.F.);
#13754 = FACE_BOUND('',#13755,.F.);
#13755 = EDGE_LOOP('',(#13756,#13757,#13780,#13803));
#13756 = ORIENTED_EDGE('',*,*,#3399,.F.);
#13757 = ORIENTED_EDGE('',*,*,#13758,.F.);
#13758 = EDGE_CURVE('',#13759,#3400,#13761,.T.);
#13759 = VERTEX_POINT('',#13760);
#13760 = CARTESIAN_POINT('',(23.,-21.,-1.));
#13761 = SURFACE_CURVE('',#13762,(#13766,#13773),.PCURVE_S1.);
#13762 = LINE('',#13763,#13764);
#13763 = CARTESIAN_POINT('',(23.,-21.,-3.));
#13764 = VECTOR('',#13765,1.);
#13765 = DIRECTION('',(-0.,-0.,-1.));
#13766 = PCURVE('',#3417,#13767);
#13767 = DEFINITIONAL_REPRESENTATION('',(#13768),#13772);
#13768 = LINE('',#13769,#13770);
#13769 = CARTESIAN_POINT('',(65.,0.));
#13770 = VECTOR('',#13771,1.);
#13771 = DIRECTION('',(0.,1.));
#13772 = ( GEOMETRIC_REPRESENTATION_CONTEXT(2) 
PARAMETRIC_REPRESENTATION_CONTEXT() REPRESENTATION_CONTEXT('2D SPACE',''
  ) );
#13773 = PCURVE('',#3499,#13774);
#13774 = DEFINITIONAL_REPRESENTATION('',(#13775),#13779);
#13775 = LINE('',#13776,#13777);
#13776 = CARTESIAN_POINT('',(63.,0.));
#13777 = VECTOR('',#13778,1.);
#13778 = DIRECTION('',(0.,1.));
#13779 = ( GEOMETRIC_REPRESENTATION_CONTEXT(2) 
PARAMETRIC_REPRESENTATION_CONTEXT() REPRESENTATION_CONTEXT('2D SPACE',''
  ) );
#13780 = ORIENTED_EDGE('',*,*,#13781,.T.);
#13781 = EDGE_CURVE('',#13759,#13782,#13784,.T.);
#13782 = VERTEX_POINT('',#13783);
#13783 = CARTESIAN_POINT('',(23.,-1.,-1.));
#13784 = SURFACE_CURVE('',#13785,(#13789,#13796),.PCURVE_S1.);
#13785 = LINE('',#13786,#13787);
#13786 = CARTESIAN_POINT('',(23.,-86.,-1.));
#13787 = VECTOR('',#13788,1.);
#13788 = DIRECTION('',(0.,1.,0.));
#13789 = PCURVE('',#3417,#13790);
#13790 = DEFINITIONAL_REPRESENTATION('',(#13791),#13795);
#13791 = LINE('',#13792,#13793);
#13792 = CARTESIAN_POINT('',(0.,-2.));
#13793 = VECTOR('',#13794,1.);
#13794 = DIRECTION('',(1.,0.));
#13795 = ( GEOMETRIC_REPRESENTATION_CONTEXT(2) 
PARAMETRIC_REPRESENTATION_CONTEXT() REPRESENTATION_CONTEXT('2D SPACE',''
  ) );
#13796 = PCURVE('',#7938,#13797);
#13797 = DEFINITIONAL_REPRESENTATION('',(#13798),#13802);
#13798 = LINE('',#13799,#13800);
#13799 = CARTESIAN_POINT('',(89.,-86.));
#13800 = VECTOR('',#13801,1.);
#13801 = DIRECTION('',(0.,1.));
#13802 = ( GEOMETRIC_REPRESENTATION_CONTEXT(2) 
PARAMETRIC_REPRESENTATION_CONTEXT() REPRESENTATION_CONTEXT('2D SPACE',''
  ) );
#13803 = ORIENTED_EDGE('',*,*,#13804,.F.);
#13804 = EDGE_CURVE('',#3402,#13782,#13805,.T.);
#13805 = SURFACE_CURVE('',#13806,(#13810,#13817),.PCURVE_S1.);
#13806 = LINE('',#13807,#13808);
#13807 = CARTESIAN_POINT('',(23.,-1.,-3.));
#13808 = VECTOR('',#13809,1.);
#13809 = DIRECTION('',(0.,-0.,1.));
#13810 = PCURVE('',#3417,#13811);
#13811 = DEFINITIONAL_REPRESENTATION('',(#13812),#13816);
#13812 = LINE('',#13813,#13814);
#13813 = CARTESIAN_POINT('',(85.,0.));
#13814 = VECTOR('',#13815,1.);
#13815 = DIRECTION('',(0.,-1.));
#13816 = ( GEOMETRIC_REPRESENTATION_CONTEXT(2) 
PARAMETRIC_REPRESENTATION_CONTEXT() REPRESENTATION_CONTEXT('2D SPACE',''
  ) );
#13817 = PCURVE('',#3445,#13818);
#13818 = DEFINITIONAL_REPRESENTATION('',(#13819),#13823);
#13819 = LINE('',#13820,#13821);
#13820 = CARTESIAN_POINT('',(109.,0.));
#13821 = VECTOR('',#13822,1.);
#13822 = DIRECTION('',(0.,-1.));
#13823 = ( GEOMETRIC_REPRESENTATION_CONTEXT(2) 
PARAMETRIC_REPRESENTATION_CONTEXT() REPRESENTATION_CONTEXT('2D SPACE',''
  ) );
#13824 = ADVANCED_FACE('',(#13825),#3499,.F.);
#13825 = FACE_BOUND('',#13826,.F.);
#13826 = EDGE_LOOP('',(#13827,#13828,#13851,#13872));
#13827 = ORIENTED_EDGE('',*,*,#3485,.F.);
#13828 = ORIENTED_EDGE('',*,*,#13829,.T.);
#13829 = EDGE_CURVE('',#3458,#13830,#13832,.T.);
#13830 = VERTEX_POINT('',#13831);
#13831 = CARTESIAN_POINT('',(43.,-21.,-1.));
#13832 = SURFACE_CURVE('',#13833,(#13837,#13844),.PCURVE_S1.);
#13833 = LINE('',#13834,#13835);
#13834 = CARTESIAN_POINT('',(43.,-21.,-3.));
#13835 = VECTOR('',#13836,1.);
#13836 = DIRECTION('',(0.,0.,1.));
#13837 = PCURVE('',#3499,#13838);
#13838 = DEFINITIONAL_REPRESENTATION('',(#13839),#13843);
#13839 = LINE('',#13840,#13841);
#13840 = CARTESIAN_POINT('',(43.,0.));
#13841 = VECTOR('',#13842,1.);
#13842 = DIRECTION('',(0.,-1.));
#13843 = ( GEOMETRIC_REPRESENTATION_CONTEXT(2) 
PARAMETRIC_REPRESENTATION_CONTEXT() REPRESENTATION_CONTEXT('2D SPACE',''
  ) );
#13844 = PCURVE('',#3473,#13845);
#13845 = DEFINITIONAL_REPRESENTATION('',(#13846),#13850);
#13846 = LINE('',#13847,#13848);
#13847 = CARTESIAN_POINT('',(107.,0.));
#13848 = VECTOR('',#13849,1.);
#13849 = DIRECTION('',(0.,-1.));
#13850 = ( GEOMETRIC_REPRESENTATION_CONTEXT(2) 
PARAMETRIC_REPRESENTATION_CONTEXT() REPRESENTATION_CONTEXT('2D SPACE',''
  ) );
#13851 = ORIENTED_EDGE('',*,*,#13852,.T.);
#13852 = EDGE_CURVE('',#13830,#13759,#13853,.T.);
#13853 = SURFACE_CURVE('',#13854,(#13858,#13865),.PCURVE_S1.);
#13854 = LINE('',#13855,#13856);
#13855 = CARTESIAN_POINT('',(86.,-21.,-1.));
#13856 = VECTOR('',#13857,1.);
#13857 = DIRECTION('',(-1.,0.,0.));
#13858 = PCURVE('',#3499,#13859);
#13859 = DEFINITIONAL_REPRESENTATION('',(#13860),#13864);
#13860 = LINE('',#13861,#13862);
#13861 = CARTESIAN_POINT('',(0.,-2.));
#13862 = VECTOR('',#13863,1.);
#13863 = DIRECTION('',(1.,0.));
#13864 = ( GEOMETRIC_REPRESENTATION_CONTEXT(2) 
PARAMETRIC_REPRESENTATION_CONTEXT() REPRESENTATION_CONTEXT('2D SPACE',''
  ) );
#13865 = PCURVE('',#7938,#13866);
#13866 = DEFINITIONAL_REPRESENTATION('',(#13867),#13871);
#13867 = LINE('',#13868,#13869);
#13868 = CARTESIAN_POINT('',(152.,-21.));
#13869 = VECTOR('',#13870,1.);
#13870 = DIRECTION('',(-1.,0.));
#13871 = ( GEOMETRIC_REPRESENTATION_CONTEXT(2) 
PARAMETRIC_REPRESENTATION_CONTEXT() REPRESENTATION_CONTEXT('2D SPACE',''
  ) );
#13872 = ORIENTED_EDGE('',*,*,#13758,.T.);
#13873 = ADVANCED_FACE('',(#13874),#3445,.F.);
#13874 = FACE_BOUND('',#13875,.F.);
#13875 = EDGE_LOOP('',(#13876,#13877,#13878,#13901));
#13876 = ORIENTED_EDGE('',*,*,#3429,.F.);
#13877 = ORIENTED_EDGE('',*,*,#13804,.T.);
#13878 = ORIENTED_EDGE('',*,*,#13879,.T.);
#13879 = EDGE_CURVE('',#13782,#13880,#13882,.T.);
#13880 = VERTEX_POINT('',#13881);
#13881 = CARTESIAN_POINT('',(43.,-1.,-1.));
#13882 = SURFACE_CURVE('',#13883,(#13887,#13894),.PCURVE_S1.);
#13883 = LINE('',#13884,#13885);
#13884 = CARTESIAN_POINT('',(-86.,-1.,-1.));
#13885 = VECTOR('',#13886,1.);
#13886 = DIRECTION('',(1.,0.,0.));
#13887 = PCURVE('',#3445,#13888);
#13888 = DEFINITIONAL_REPRESENTATION('',(#13889),#13893);
#13889 = LINE('',#13890,#13891);
#13890 = CARTESIAN_POINT('',(0.,-2.));
#13891 = VECTOR('',#13892,1.);
#13892 = DIRECTION('',(1.,0.));
#13893 = ( GEOMETRIC_REPRESENTATION_CONTEXT(2) 
PARAMETRIC_REPRESENTATION_CONTEXT() REPRESENTATION_CONTEXT('2D SPACE',''
  ) );
#13894 = PCURVE('',#7938,#13895);
#13895 = DEFINITIONAL_REPRESENTATION('',(#13896),#13900);
#13896 = LINE('',#13897,#13898);
#13897 = CARTESIAN_POINT('',(-20.,-1.));
#13898 = VECTOR('',#13899,1.);
#13899 = DIRECTION('',(1.,0.));
#13900 = ( GEOMETRIC_REPRESENTATION_CONTEXT(2) 
PARAMETRIC_REPRESENTATION_CONTEXT() REPRESENTATION_CONTEXT('2D SPACE',''
  ) );
#13901 = ORIENTED_EDGE('',*,*,#13902,.T.);
#13902 = EDGE_CURVE('',#13880,#3430,#13903,.T.);
#13903 = SURFACE_CURVE('',#13904,(#13908,#13915),.PCURVE_S1.);
#13904 = LINE('',#13905,#13906);
#13905 = CARTESIAN_POINT('',(43.,-1.,-3.));
#13906 = VECTOR('',#13907,1.);
#13907 = DIRECTION('',(-0.,0.,-1.));
#13908 = PCURVE('',#3445,#13909);
#13909 = DEFINITIONAL_REPRESENTATION('',(#13910),#13914);
#13910 = LINE('',#13911,#13912);
#13911 = CARTESIAN_POINT('',(129.,0.));
#13912 = VECTOR('',#13913,1.);
#13913 = DIRECTION('',(0.,1.));
#13914 = ( GEOMETRIC_REPRESENTATION_CONTEXT(2) 
PARAMETRIC_REPRESENTATION_CONTEXT() REPRESENTATION_CONTEXT('2D SPACE',''
  ) );
#13915 = PCURVE('',#3473,#13916);
#13916 = DEFINITIONAL_REPRESENTATION('',(#13917),#13921);
#13917 = LINE('',#13918,#13919);
#13918 = CARTESIAN_POINT('',(87.,0.));
#13919 = VECTOR('',#13920,1.);
#13920 = DIRECTION('',(-0.,1.));
#13921 = ( GEOMETRIC_REPRESENTATION_CONTEXT(2) 
PARAMETRIC_REPRESENTATION_CONTEXT() REPRESENTATION_CONTEXT('2D SPACE',''
  ) );
#13922 = ADVANCED_FACE('',(#13923),#3473,.F.);
#13923 = FACE_BOUND('',#13924,.F.);
#13924 = EDGE_LOOP('',(#13925,#13926,#13927,#13948));
#13925 = ORIENTED_EDGE('',*,*,#3457,.F.);
#13926 = ORIENTED_EDGE('',*,*,#13902,.F.);
#13927 = ORIENTED_EDGE('',*,*,#13928,.T.);
#13928 = EDGE_CURVE('',#13880,#13830,#13929,.T.);
#13929 = SURFACE_CURVE('',#13930,(#13934,#13941),.PCURVE_S1.);
#13930 = LINE('',#13931,#13932);
#13931 = CARTESIAN_POINT('',(43.,86.,-1.));
#13932 = VECTOR('',#13933,1.);
#13933 = DIRECTION('',(0.,-1.,0.));
#13934 = PCURVE('',#3473,#13935);
#13935 = DEFINITIONAL_REPRESENTATION('',(#13936),#13940);
#13936 = LINE('',#13937,#13938);
#13937 = CARTESIAN_POINT('',(0.,-2.));
#13938 = VECTOR('',#13939,1.);
#13939 = DIRECTION('',(1.,0.));
#13940 = ( GEOMETRIC_REPRESENTATION_CONTEXT(2) 
PARAMETRIC_REPRESENTATION_CONTEXT() REPRESENTATION_CONTEXT('2D SPACE',''
  ) );
#13941 = PCURVE('',#7938,#13942);
#13942 = DEFINITIONAL_REPRESENTATION('',(#13943),#13947);
#13943 = LINE('',#13944,#13945);
#13944 = CARTESIAN_POINT('',(109.,86.));
#13945 = VECTOR('',#13946,1.);
#13946 = DIRECTION('',(0.,-1.));
#13947 = ( GEOMETRIC_REPRESENTATION_CONTEXT(2) 
PARAMETRIC_REPRESENTATION_CONTEXT() REPRESENTATION_CONTEXT('2D SPACE',''
  ) );
#13948 = ORIENTED_EDGE('',*,*,#13829,.F.);
#13949 = ADVANCED_FACE('',(#13950),#3531,.F.);
#13950 = FACE_BOUND('',#13951,.F.);
#13951 = EDGE_LOOP('',(#13952,#13953,#13976,#13999));
#13952 = ORIENTED_EDGE('',*,*,#3513,.F.);
#13953 = ORIENTED_EDGE('',*,*,#13954,.T.);
#13954 = EDGE_CURVE('',#3514,#13955,#13957,.T.);
#13955 = VERTEX_POINT('',#13956);
#13956 = CARTESIAN_POINT('',(45.,-23.,-1.));
#13957 = SURFACE_CURVE('',#13958,(#13962,#13969),.PCURVE_S1.);
#13958 = LINE('',#13959,#13960);
#13959 = CARTESIAN_POINT('',(45.,-23.,-3.));
#13960 = VECTOR('',#13961,1.);
#13961 = DIRECTION('',(0.,-0.,1.));
#13962 = PCURVE('',#3531,#13963);
#13963 = DEFINITIONAL_REPRESENTATION('',(#13964),#13968);
#13964 = LINE('',#13965,#13966);
#13965 = CARTESIAN_POINT('',(131.,0.));
#13966 = VECTOR('',#13967,1.);
#13967 = DIRECTION('',(0.,-1.));
#13968 = ( GEOMETRIC_REPRESENTATION_CONTEXT(2) 
PARAMETRIC_REPRESENTATION_CONTEXT() REPRESENTATION_CONTEXT('2D SPACE',''
  ) );
#13969 = PCURVE('',#3613,#13970);
#13970 = DEFINITIONAL_REPRESENTATION('',(#13971),#13975);
#13971 = LINE('',#13972,#13973);
#13972 = CARTESIAN_POINT('',(63.,0.));
#13973 = VECTOR('',#13974,1.);
#13974 = DIRECTION('',(0.,-1.));
#13975 = ( GEOMETRIC_REPRESENTATION_CONTEXT(2) 
PARAMETRIC_REPRESENTATION_CONTEXT() REPRESENTATION_CONTEXT('2D SPACE',''
  ) );
#13976 = ORIENTED_EDGE('',*,*,#13977,.T.);
#13977 = EDGE_CURVE('',#13955,#13978,#13980,.T.);
#13978 = VERTEX_POINT('',#13979);
#13979 = CARTESIAN_POINT('',(65.,-23.,-1.));
#13980 = SURFACE_CURVE('',#13981,(#13985,#13992),.PCURVE_S1.);
#13981 = LINE('',#13982,#13983);
#13982 = CARTESIAN_POINT('',(-86.,-23.,-1.));
#13983 = VECTOR('',#13984,1.);
#13984 = DIRECTION('',(1.,0.,0.));
#13985 = PCURVE('',#3531,#13986);
#13986 = DEFINITIONAL_REPRESENTATION('',(#13987),#13991);
#13987 = LINE('',#13988,#13989);
#13988 = CARTESIAN_POINT('',(0.,-2.));
#13989 = VECTOR('',#13990,1.);
#13990 = DIRECTION('',(1.,0.));
#13991 = ( GEOMETRIC_REPRESENTATION_CONTEXT(2) 
PARAMETRIC_REPRESENTATION_CONTEXT() REPRESENTATION_CONTEXT('2D SPACE',''
  ) );
#13992 = PCURVE('',#7938,#13993);
#13993 = DEFINITIONAL_REPRESENTATION('',(#13994),#13998);
#13994 = LINE('',#13995,#13996);
#13995 = CARTESIAN_POINT('',(-20.,-23.));
#13996 = VECTOR('',#13997,1.);
#13997 = DIRECTION('',(1.,0.));
#13998 = ( GEOMETRIC_REPRESENTATION_CONTEXT(2) 
PARAMETRIC_REPRESENTATION_CONTEXT() REPRESENTATION_CONTEXT('2D SPACE',''
  ) );
#13999 = ORIENTED_EDGE('',*,*,#14000,.T.);
#14000 = EDGE_CURVE('',#13978,#3516,#14001,.T.);
#14001 = SURFACE_CURVE('',#14002,(#14006,#14013),.PCURVE_S1.);
#14002 = LINE('',#14003,#14004);
#14003 = CARTESIAN_POINT('',(65.,-23.,-3.));
#14004 = VECTOR('',#14005,1.);
#14005 = DIRECTION('',(-0.,0.,-1.));
#14006 = PCURVE('',#3531,#14007);
#14007 = DEFINITIONAL_REPRESENTATION('',(#14008),#14012);
#14008 = LINE('',#14009,#14010);
#14009 = CARTESIAN_POINT('',(151.,0.));
#14010 = VECTOR('',#14011,1.);
#14011 = DIRECTION('',(0.,1.));
#14012 = ( GEOMETRIC_REPRESENTATION_CONTEXT(2) 
PARAMETRIC_REPRESENTATION_CONTEXT() REPRESENTATION_CONTEXT('2D SPACE',''
  ) );
#14013 = PCURVE('',#3559,#14014);
#14014 = DEFINITIONAL_REPRESENTATION('',(#14015),#14019);
#14015 = LINE('',#14016,#14017);
#14016 = CARTESIAN_POINT('',(109.,0.));
#14017 = VECTOR('',#14018,1.);
#14018 = DIRECTION('',(-0.,1.));
#14019 = ( GEOMETRIC_REPRESENTATION_CONTEXT(2) 
PARAMETRIC_REPRESENTATION_CONTEXT() REPRESENTATION_CONTEXT('2D SPACE',''
  ) );
#14020 = ADVANCED_FACE('',(#14021),#3613,.F.);
#14021 = FACE_BOUND('',#14022,.F.);
#14022 = EDGE_LOOP('',(#14023,#14024,#14047,#14068));
#14023 = ORIENTED_EDGE('',*,*,#3599,.F.);
#14024 = ORIENTED_EDGE('',*,*,#14025,.F.);
#14025 = EDGE_CURVE('',#14026,#3572,#14028,.T.);
#14026 = VERTEX_POINT('',#14027);
#14027 = CARTESIAN_POINT('',(45.,-43.,-1.));
#14028 = SURFACE_CURVE('',#14029,(#14033,#14040),.PCURVE_S1.);
#14029 = LINE('',#14030,#14031);
#14030 = CARTESIAN_POINT('',(45.,-43.,-3.));
#14031 = VECTOR('',#14032,1.);
#14032 = DIRECTION('',(-0.,-0.,-1.));
#14033 = PCURVE('',#3613,#14034);
#14034 = DEFINITIONAL_REPRESENTATION('',(#14035),#14039);
#14035 = LINE('',#14036,#14037);
#14036 = CARTESIAN_POINT('',(43.,0.));
#14037 = VECTOR('',#14038,1.);
#14038 = DIRECTION('',(0.,1.));
#14039 = ( GEOMETRIC_REPRESENTATION_CONTEXT(2) 
PARAMETRIC_REPRESENTATION_CONTEXT() REPRESENTATION_CONTEXT('2D SPACE',''
  ) );
#14040 = PCURVE('',#3587,#14041);
#14041 = DEFINITIONAL_REPRESENTATION('',(#14042),#14046);
#14042 = LINE('',#14043,#14044);
#14043 = CARTESIAN_POINT('',(41.,0.));
#14044 = VECTOR('',#14045,1.);
#14045 = DIRECTION('',(0.,1.));
#14046 = ( GEOMETRIC_REPRESENTATION_CONTEXT(2) 
PARAMETRIC_REPRESENTATION_CONTEXT() REPRESENTATION_CONTEXT('2D SPACE',''
  ) );
#14047 = ORIENTED_EDGE('',*,*,#14048,.T.);
#14048 = EDGE_CURVE('',#14026,#13955,#14049,.T.);
#14049 = SURFACE_CURVE('',#14050,(#14054,#14061),.PCURVE_S1.);
#14050 = LINE('',#14051,#14052);
#14051 = CARTESIAN_POINT('',(45.,-86.,-1.));
#14052 = VECTOR('',#14053,1.);
#14053 = DIRECTION('',(0.,1.,0.));
#14054 = PCURVE('',#3613,#14055);
#14055 = DEFINITIONAL_REPRESENTATION('',(#14056),#14060);
#14056 = LINE('',#14057,#14058);
#14057 = CARTESIAN_POINT('',(0.,-2.));
#14058 = VECTOR('',#14059,1.);
#14059 = DIRECTION('',(1.,0.));
#14060 = ( GEOMETRIC_REPRESENTATION_CONTEXT(2) 
PARAMETRIC_REPRESENTATION_CONTEXT() REPRESENTATION_CONTEXT('2D SPACE',''
  ) );
#14061 = PCURVE('',#7938,#14062);
#14062 = DEFINITIONAL_REPRESENTATION('',(#14063),#14067);
#14063 = LINE('',#14064,#14065);
#14064 = CARTESIAN_POINT('',(111.,-86.));
#14065 = VECTOR('',#14066,1.);
#14066 = DIRECTION('',(0.,1.));
#14067 = ( GEOMETRIC_REPRESENTATION_CONTEXT(2) 
PARAMETRIC_REPRESENTATION_CONTEXT() REPRESENTATION_CONTEXT('2D SPACE',''
  ) );
#14068 = ORIENTED_EDGE('',*,*,#13954,.F.);
#14069 = ADVANCED_FACE('',(#14070),#3559,.F.);
#14070 = FACE_BOUND('',#14071,.F.);
#14071 = EDGE_LOOP('',(#14072,#14073,#14074,#14097));
#14072 = ORIENTED_EDGE('',*,*,#3543,.F.);
#14073 = ORIENTED_EDGE('',*,*,#14000,.F.);
#14074 = ORIENTED_EDGE('',*,*,#14075,.T.);
#14075 = EDGE_CURVE('',#13978,#14076,#14078,.T.);
#14076 = VERTEX_POINT('',#14077);
#14077 = CARTESIAN_POINT('',(65.,-43.,-1.));
#14078 = SURFACE_CURVE('',#14079,(#14083,#14090),.PCURVE_S1.);
#14079 = LINE('',#14080,#14081);
#14080 = CARTESIAN_POINT('',(65.,86.,-1.));
#14081 = VECTOR('',#14082,1.);
#14082 = DIRECTION('',(0.,-1.,0.));
#14083 = PCURVE('',#3559,#14084);
#14084 = DEFINITIONAL_REPRESENTATION('',(#14085),#14089);
#14085 = LINE('',#14086,#14087);
#14086 = CARTESIAN_POINT('',(0.,-2.));
#14087 = VECTOR('',#14088,1.);
#14088 = DIRECTION('',(1.,0.));
#14089 = ( GEOMETRIC_REPRESENTATION_CONTEXT(2) 
PARAMETRIC_REPRESENTATION_CONTEXT() REPRESENTATION_CONTEXT('2D SPACE',''
  ) );
#14090 = PCURVE('',#7938,#14091);
#14091 = DEFINITIONAL_REPRESENTATION('',(#14092),#14096);
#14092 = LINE('',#14093,#14094);
#14093 = CARTESIAN_POINT('',(131.,86.));
#14094 = VECTOR('',#14095,1.);
#14095 = DIRECTION('',(0.,-1.));
#14096 = ( GEOMETRIC_REPRESENTATION_CONTEXT(2) 
PARAMETRIC_REPRESENTATION_CONTEXT() REPRESENTATION_CONTEXT('2D SPACE',''
  ) );
#14097 = ORIENTED_EDGE('',*,*,#14098,.F.);
#14098 = EDGE_CURVE('',#3544,#14076,#14099,.T.);
#14099 = SURFACE_CURVE('',#14100,(#14104,#14111),.PCURVE_S1.);
#14100 = LINE('',#14101,#14102);
#14101 = CARTESIAN_POINT('',(65.,-43.,-3.));
#14102 = VECTOR('',#14103,1.);
#14103 = DIRECTION('',(0.,0.,1.));
#14104 = PCURVE('',#3559,#14105);
#14105 = DEFINITIONAL_REPRESENTATION('',(#14106),#14110);
#14106 = LINE('',#14107,#14108);
#14107 = CARTESIAN_POINT('',(129.,0.));
#14108 = VECTOR('',#14109,1.);
#14109 = DIRECTION('',(0.,-1.));
#14110 = ( GEOMETRIC_REPRESENTATION_CONTEXT(2) 
PARAMETRIC_REPRESENTATION_CONTEXT() REPRESENTATION_CONTEXT('2D SPACE',''
  ) );
#14111 = PCURVE('',#3587,#14112);
#14112 = DEFINITIONAL_REPRESENTATION('',(#14113),#14117);
#14113 = LINE('',#14114,#14115);
#14114 = CARTESIAN_POINT('',(21.,0.));
#14115 = VECTOR('',#14116,1.);
#14116 = DIRECTION('',(0.,-1.));
#14117 = ( GEOMETRIC_REPRESENTATION_CONTEXT(2) 
PARAMETRIC_REPRESENTATION_CONTEXT() REPRESENTATION_CONTEXT('2D SPACE',''
  ) );
#14118 = ADVANCED_FACE('',(#14119),#3587,.F.);
#14119 = FACE_BOUND('',#14120,.F.);
#14120 = EDGE_LOOP('',(#14121,#14122,#14123,#14144));
#14121 = ORIENTED_EDGE('',*,*,#3571,.F.);
#14122 = ORIENTED_EDGE('',*,*,#14098,.T.);
#14123 = ORIENTED_EDGE('',*,*,#14124,.T.);
#14124 = EDGE_CURVE('',#14076,#14026,#14125,.T.);
#14125 = SURFACE_CURVE('',#14126,(#14130,#14137),.PCURVE_S1.);
#14126 = LINE('',#14127,#14128);
#14127 = CARTESIAN_POINT('',(86.,-43.,-1.));
#14128 = VECTOR('',#14129,1.);
#14129 = DIRECTION('',(-1.,0.,0.));
#14130 = PCURVE('',#3587,#14131);
#14131 = DEFINITIONAL_REPRESENTATION('',(#14132),#14136);
#14132 = LINE('',#14133,#14134);
#14133 = CARTESIAN_POINT('',(0.,-2.));
#14134 = VECTOR('',#14135,1.);
#14135 = DIRECTION('',(1.,0.));
#14136 = ( GEOMETRIC_REPRESENTATION_CONTEXT(2) 
PARAMETRIC_REPRESENTATION_CONTEXT() REPRESENTATION_CONTEXT('2D SPACE',''
  ) );
#14137 = PCURVE('',#7938,#14138);
#14138 = DEFINITIONAL_REPRESENTATION('',(#14139),#14143);
#14139 = LINE('',#14140,#14141);
#14140 = CARTESIAN_POINT('',(152.,-43.));
#14141 = VECTOR('',#14142,1.);
#14142 = DIRECTION('',(-1.,0.));
#14143 = ( GEOMETRIC_REPRESENTATION_CONTEXT(2) 
PARAMETRIC_REPRESENTATION_CONTEXT() REPRESENTATION_CONTEXT('2D SPACE',''
  ) );
#14144 = ORIENTED_EDGE('',*,*,#14025,.T.);
#14145 = ADVANCED_FACE('',(#14146),#3668,.F.);
#14146 = FACE_BOUND('',#14147,.F.);
#14147 = EDGE_LOOP('',(#14148,#14149,#14150,#14173));
#14148 = ORIENTED_EDGE('',*,*,#3652,.F.);
#14149 = ORIENTED_EDGE('',*,*,#12683,.T.);
#14150 = ORIENTED_EDGE('',*,*,#14151,.T.);
#14151 = EDGE_CURVE('',#12684,#14152,#14154,.T.);
#14152 = VERTEX_POINT('',#14153);
#14153 = CARTESIAN_POINT('',(67.,-43.,-1.));
#14154 = SURFACE_CURVE('',#14155,(#14159,#14166),.PCURVE_S1.);
#14155 = LINE('',#14156,#14157);
#14156 = CARTESIAN_POINT('',(86.,-43.,-1.));
#14157 = VECTOR('',#14158,1.);
#14158 = DIRECTION('',(-1.,0.,0.));
#14159 = PCURVE('',#3668,#14160);
#14160 = DEFINITIONAL_REPRESENTATION('',(#14161),#14165);
#14161 = LINE('',#14162,#14163);
#14162 = CARTESIAN_POINT('',(0.,-2.));
#14163 = VECTOR('',#14164,1.);
#14164 = DIRECTION('',(1.,0.));
#14165 = ( GEOMETRIC_REPRESENTATION_CONTEXT(2) 
PARAMETRIC_REPRESENTATION_CONTEXT() REPRESENTATION_CONTEXT('2D SPACE',''
  ) );
#14166 = PCURVE('',#7938,#14167);
#14167 = DEFINITIONAL_REPRESENTATION('',(#14168),#14172);
#14168 = LINE('',#14169,#14170);
#14169 = CARTESIAN_POINT('',(152.,-43.));
#14170 = VECTOR('',#14171,1.);
#14171 = DIRECTION('',(-1.,0.));
#14172 = ( GEOMETRIC_REPRESENTATION_CONTEXT(2) 
PARAMETRIC_REPRESENTATION_CONTEXT() REPRESENTATION_CONTEXT('2D SPACE',''
  ) );
#14173 = ORIENTED_EDGE('',*,*,#14174,.T.);
#14174 = EDGE_CURVE('',#14152,#3653,#14175,.T.);
#14175 = SURFACE_CURVE('',#14176,(#14180,#14187),.PCURVE_S1.);
#14176 = LINE('',#14177,#14178);
#14177 = CARTESIAN_POINT('',(67.,-43.,-3.));
#14178 = VECTOR('',#14179,1.);
#14179 = DIRECTION('',(-0.,-0.,-1.));
#14180 = PCURVE('',#3668,#14181);
#14181 = DEFINITIONAL_REPRESENTATION('',(#14182),#14186);
#14182 = LINE('',#14183,#14184);
#14183 = CARTESIAN_POINT('',(19.,0.));
#14184 = VECTOR('',#14185,1.);
#14185 = DIRECTION('',(0.,1.));
#14186 = ( GEOMETRIC_REPRESENTATION_CONTEXT(2) 
PARAMETRIC_REPRESENTATION_CONTEXT() REPRESENTATION_CONTEXT('2D SPACE',''
  ) );
#14187 = PCURVE('',#3696,#14188);
#14188 = DEFINITIONAL_REPRESENTATION('',(#14189),#14193);
#14189 = LINE('',#14190,#14191);
#14190 = CARTESIAN_POINT('',(43.,0.));
#14191 = VECTOR('',#14192,1.);
#14192 = DIRECTION('',(0.,1.));
#14193 = ( GEOMETRIC_REPRESENTATION_CONTEXT(2) 
PARAMETRIC_REPRESENTATION_CONTEXT() REPRESENTATION_CONTEXT('2D SPACE',''
  ) );
#14194 = ADVANCED_FACE('',(#14195),#3722,.F.);
#14195 = FACE_BOUND('',#14196,.F.);
#14196 = EDGE_LOOP('',(#14197,#14198,#14221,#14242));
#14197 = ORIENTED_EDGE('',*,*,#3708,.F.);
#14198 = ORIENTED_EDGE('',*,*,#14199,.T.);
#14199 = EDGE_CURVE('',#3681,#14200,#14202,.T.);
#14200 = VERTEX_POINT('',#14201);
#14201 = CARTESIAN_POINT('',(67.,-23.,-1.));
#14202 = SURFACE_CURVE('',#14203,(#14207,#14214),.PCURVE_S1.);
#14203 = LINE('',#14204,#14205);
#14204 = CARTESIAN_POINT('',(67.,-23.,-3.));
#14205 = VECTOR('',#14206,1.);
#14206 = DIRECTION('',(0.,-0.,1.));
#14207 = PCURVE('',#3722,#14208);
#14208 = DEFINITIONAL_REPRESENTATION('',(#14209),#14213);
#14209 = LINE('',#14210,#14211);
#14210 = CARTESIAN_POINT('',(153.,0.));
#14211 = VECTOR('',#14212,1.);
#14212 = DIRECTION('',(0.,-1.));
#14213 = ( GEOMETRIC_REPRESENTATION_CONTEXT(2) 
PARAMETRIC_REPRESENTATION_CONTEXT() REPRESENTATION_CONTEXT('2D SPACE',''
  ) );
#14214 = PCURVE('',#3696,#14215);
#14215 = DEFINITIONAL_REPRESENTATION('',(#14216),#14220);
#14216 = LINE('',#14217,#14218);
#14217 = CARTESIAN_POINT('',(63.,0.));
#14218 = VECTOR('',#14219,1.);
#14219 = DIRECTION('',(0.,-1.));
#14220 = ( GEOMETRIC_REPRESENTATION_CONTEXT(2) 
PARAMETRIC_REPRESENTATION_CONTEXT() REPRESENTATION_CONTEXT('2D SPACE',''
  ) );
#14221 = ORIENTED_EDGE('',*,*,#14222,.T.);
#14222 = EDGE_CURVE('',#14200,#12639,#14223,.T.);
#14223 = SURFACE_CURVE('',#14224,(#14228,#14235),.PCURVE_S1.);
#14224 = LINE('',#14225,#14226);
#14225 = CARTESIAN_POINT('',(-86.,-23.,-1.));
#14226 = VECTOR('',#14227,1.);
#14227 = DIRECTION('',(1.,0.,0.));
#14228 = PCURVE('',#3722,#14229);
#14229 = DEFINITIONAL_REPRESENTATION('',(#14230),#14234);
#14230 = LINE('',#14231,#14232);
#14231 = CARTESIAN_POINT('',(0.,-2.));
#14232 = VECTOR('',#14233,1.);
#14233 = DIRECTION('',(1.,0.));
#14234 = ( GEOMETRIC_REPRESENTATION_CONTEXT(2) 
PARAMETRIC_REPRESENTATION_CONTEXT() REPRESENTATION_CONTEXT('2D SPACE',''
  ) );
#14235 = PCURVE('',#7938,#14236);
#14236 = DEFINITIONAL_REPRESENTATION('',(#14237),#14241);
#14237 = LINE('',#14238,#14239);
#14238 = CARTESIAN_POINT('',(-20.,-23.));
#14239 = VECTOR('',#14240,1.);
#14240 = DIRECTION('',(1.,0.));
#14241 = ( GEOMETRIC_REPRESENTATION_CONTEXT(2) 
PARAMETRIC_REPRESENTATION_CONTEXT() REPRESENTATION_CONTEXT('2D SPACE',''
  ) );
#14242 = ORIENTED_EDGE('',*,*,#12661,.F.);
#14243 = ADVANCED_FACE('',(#14244),#3696,.F.);
#14244 = FACE_BOUND('',#14245,.F.);
#14245 = EDGE_LOOP('',(#14246,#14247,#14248,#14269));
#14246 = ORIENTED_EDGE('',*,*,#3680,.F.);
#14247 = ORIENTED_EDGE('',*,*,#14174,.F.);
#14248 = ORIENTED_EDGE('',*,*,#14249,.T.);
#14249 = EDGE_CURVE('',#14152,#14200,#14250,.T.);
#14250 = SURFACE_CURVE('',#14251,(#14255,#14262),.PCURVE_S1.);
#14251 = LINE('',#14252,#14253);
#14252 = CARTESIAN_POINT('',(67.,-86.,-1.));
#14253 = VECTOR('',#14254,1.);
#14254 = DIRECTION('',(0.,1.,0.));
#14255 = PCURVE('',#3696,#14256);
#14256 = DEFINITIONAL_REPRESENTATION('',(#14257),#14261);
#14257 = LINE('',#14258,#14259);
#14258 = CARTESIAN_POINT('',(0.,-2.));
#14259 = VECTOR('',#14260,1.);
#14260 = DIRECTION('',(1.,0.));
#14261 = ( GEOMETRIC_REPRESENTATION_CONTEXT(2) 
PARAMETRIC_REPRESENTATION_CONTEXT() REPRESENTATION_CONTEXT('2D SPACE',''
  ) );
#14262 = PCURVE('',#7938,#14263);
#14263 = DEFINITIONAL_REPRESENTATION('',(#14264),#14268);
#14264 = LINE('',#14265,#14266);
#14265 = CARTESIAN_POINT('',(133.,-86.));
#14266 = VECTOR('',#14267,1.);
#14267 = DIRECTION('',(0.,1.));
#14268 = ( GEOMETRIC_REPRESENTATION_CONTEXT(2) 
PARAMETRIC_REPRESENTATION_CONTEXT() REPRESENTATION_CONTEXT('2D SPACE',''
  ) );
#14269 = ORIENTED_EDGE('',*,*,#14199,.F.);
#14270 = ADVANCED_FACE('',(#14271),#3754,.F.);
#14271 = FACE_BOUND('',#14272,.F.);
#14272 = EDGE_LOOP('',(#14273,#14274,#14297,#14320));
#14273 = ORIENTED_EDGE('',*,*,#3736,.F.);
#14274 = ORIENTED_EDGE('',*,*,#14275,.F.);
#14275 = EDGE_CURVE('',#14276,#3737,#14278,.T.);
#14276 = VERTEX_POINT('',#14277);
#14277 = CARTESIAN_POINT('',(45.,-21.,-1.));
#14278 = SURFACE_CURVE('',#14279,(#14283,#14290),.PCURVE_S1.);
#14279 = LINE('',#14280,#14281);
#14280 = CARTESIAN_POINT('',(45.,-21.,-3.));
#14281 = VECTOR('',#14282,1.);
#14282 = DIRECTION('',(-0.,-0.,-1.));
#14283 = PCURVE('',#3754,#14284);
#14284 = DEFINITIONAL_REPRESENTATION('',(#14285),#14289);
#14285 = LINE('',#14286,#14287);
#14286 = CARTESIAN_POINT('',(65.,0.));
#14287 = VECTOR('',#14288,1.);
#14288 = DIRECTION('',(0.,1.));
#14289 = ( GEOMETRIC_REPRESENTATION_CONTEXT(2) 
PARAMETRIC_REPRESENTATION_CONTEXT() REPRESENTATION_CONTEXT('2D SPACE',''
  ) );
#14290 = PCURVE('',#3836,#14291);
#14291 = DEFINITIONAL_REPRESENTATION('',(#14292),#14296);
#14292 = LINE('',#14293,#14294);
#14293 = CARTESIAN_POINT('',(41.,0.));
#14294 = VECTOR('',#14295,1.);
#14295 = DIRECTION('',(0.,1.));
#14296 = ( GEOMETRIC_REPRESENTATION_CONTEXT(2) 
PARAMETRIC_REPRESENTATION_CONTEXT() REPRESENTATION_CONTEXT('2D SPACE',''
  ) );
#14297 = ORIENTED_EDGE('',*,*,#14298,.T.);
#14298 = EDGE_CURVE('',#14276,#14299,#14301,.T.);
#14299 = VERTEX_POINT('',#14300);
#14300 = CARTESIAN_POINT('',(45.,-1.,-1.));
#14301 = SURFACE_CURVE('',#14302,(#14306,#14313),.PCURVE_S1.);
#14302 = LINE('',#14303,#14304);
#14303 = CARTESIAN_POINT('',(45.,-86.,-1.));
#14304 = VECTOR('',#14305,1.);
#14305 = DIRECTION('',(0.,1.,0.));
#14306 = PCURVE('',#3754,#14307);
#14307 = DEFINITIONAL_REPRESENTATION('',(#14308),#14312);
#14308 = LINE('',#14309,#14310);
#14309 = CARTESIAN_POINT('',(0.,-2.));
#14310 = VECTOR('',#14311,1.);
#14311 = DIRECTION('',(1.,0.));
#14312 = ( GEOMETRIC_REPRESENTATION_CONTEXT(2) 
PARAMETRIC_REPRESENTATION_CONTEXT() REPRESENTATION_CONTEXT('2D SPACE',''
  ) );
#14313 = PCURVE('',#7938,#14314);
#14314 = DEFINITIONAL_REPRESENTATION('',(#14315),#14319);
#14315 = LINE('',#14316,#14317);
#14316 = CARTESIAN_POINT('',(111.,-86.));
#14317 = VECTOR('',#14318,1.);
#14318 = DIRECTION('',(0.,1.));
#14319 = ( GEOMETRIC_REPRESENTATION_CONTEXT(2) 
PARAMETRIC_REPRESENTATION_CONTEXT() REPRESENTATION_CONTEXT('2D SPACE',''
  ) );
#14320 = ORIENTED_EDGE('',*,*,#14321,.F.);
#14321 = EDGE_CURVE('',#3739,#14299,#14322,.T.);
#14322 = SURFACE_CURVE('',#14323,(#14327,#14334),.PCURVE_S1.);
#14323 = LINE('',#14324,#14325);
#14324 = CARTESIAN_POINT('',(45.,-1.,-3.));
#14325 = VECTOR('',#14326,1.);
#14326 = DIRECTION('',(0.,-0.,1.));
#14327 = PCURVE('',#3754,#14328);
#14328 = DEFINITIONAL_REPRESENTATION('',(#14329),#14333);
#14329 = LINE('',#14330,#14331);
#14330 = CARTESIAN_POINT('',(85.,0.));
#14331 = VECTOR('',#14332,1.);
#14332 = DIRECTION('',(0.,-1.));
#14333 = ( GEOMETRIC_REPRESENTATION_CONTEXT(2) 
PARAMETRIC_REPRESENTATION_CONTEXT() REPRESENTATION_CONTEXT('2D SPACE',''
  ) );
#14334 = PCURVE('',#3782,#14335);
#14335 = DEFINITIONAL_REPRESENTATION('',(#14336),#14340);
#14336 = LINE('',#14337,#14338);
#14337 = CARTESIAN_POINT('',(131.,0.));
#14338 = VECTOR('',#14339,1.);
#14339 = DIRECTION('',(0.,-1.));
#14340 = ( GEOMETRIC_REPRESENTATION_CONTEXT(2) 
PARAMETRIC_REPRESENTATION_CONTEXT() REPRESENTATION_CONTEXT('2D SPACE',''
  ) );
#14341 = ADVANCED_FACE('',(#14342),#3836,.F.);
#14342 = FACE_BOUND('',#14343,.F.);
#14343 = EDGE_LOOP('',(#14344,#14345,#14368,#14389));
#14344 = ORIENTED_EDGE('',*,*,#3822,.F.);
#14345 = ORIENTED_EDGE('',*,*,#14346,.T.);
#14346 = EDGE_CURVE('',#3795,#14347,#14349,.T.);
#14347 = VERTEX_POINT('',#14348);
#14348 = CARTESIAN_POINT('',(65.,-21.,-1.));
#14349 = SURFACE_CURVE('',#14350,(#14354,#14361),.PCURVE_S1.);
#14350 = LINE('',#14351,#14352);
#14351 = CARTESIAN_POINT('',(65.,-21.,-3.));
#14352 = VECTOR('',#14353,1.);
#14353 = DIRECTION('',(0.,0.,1.));
#14354 = PCURVE('',#3836,#14355);
#14355 = DEFINITIONAL_REPRESENTATION('',(#14356),#14360);
#14356 = LINE('',#14357,#14358);
#14357 = CARTESIAN_POINT('',(21.,0.));
#14358 = VECTOR('',#14359,1.);
#14359 = DIRECTION('',(0.,-1.));
#14360 = ( GEOMETRIC_REPRESENTATION_CONTEXT(2) 
PARAMETRIC_REPRESENTATION_CONTEXT() REPRESENTATION_CONTEXT('2D SPACE',''
  ) );
#14361 = PCURVE('',#3810,#14362);
#14362 = DEFINITIONAL_REPRESENTATION('',(#14363),#14367);
#14363 = LINE('',#14364,#14365);
#14364 = CARTESIAN_POINT('',(107.,0.));
#14365 = VECTOR('',#14366,1.);
#14366 = DIRECTION('',(0.,-1.));
#14367 = ( GEOMETRIC_REPRESENTATION_CONTEXT(2) 
PARAMETRIC_REPRESENTATION_CONTEXT() REPRESENTATION_CONTEXT('2D SPACE',''
  ) );
#14368 = ORIENTED_EDGE('',*,*,#14369,.T.);
#14369 = EDGE_CURVE('',#14347,#14276,#14370,.T.);
#14370 = SURFACE_CURVE('',#14371,(#14375,#14382),.PCURVE_S1.);
#14371 = LINE('',#14372,#14373);
#14372 = CARTESIAN_POINT('',(86.,-21.,-1.));
#14373 = VECTOR('',#14374,1.);
#14374 = DIRECTION('',(-1.,0.,0.));
#14375 = PCURVE('',#3836,#14376);
#14376 = DEFINITIONAL_REPRESENTATION('',(#14377),#14381);
#14377 = LINE('',#14378,#14379);
#14378 = CARTESIAN_POINT('',(0.,-2.));
#14379 = VECTOR('',#14380,1.);
#14380 = DIRECTION('',(1.,0.));
#14381 = ( GEOMETRIC_REPRESENTATION_CONTEXT(2) 
PARAMETRIC_REPRESENTATION_CONTEXT() REPRESENTATION_CONTEXT('2D SPACE',''
  ) );
#14382 = PCURVE('',#7938,#14383);
#14383 = DEFINITIONAL_REPRESENTATION('',(#14384),#14388);
#14384 = LINE('',#14385,#14386);
#14385 = CARTESIAN_POINT('',(152.,-21.));
#14386 = VECTOR('',#14387,1.);
#14387 = DIRECTION('',(-1.,0.));
#14388 = ( GEOMETRIC_REPRESENTATION_CONTEXT(2) 
PARAMETRIC_REPRESENTATION_CONTEXT() REPRESENTATION_CONTEXT('2D SPACE',''
  ) );
#14389 = ORIENTED_EDGE('',*,*,#14275,.T.);
#14390 = ADVANCED_FACE('',(#14391),#3782,.F.);
#14391 = FACE_BOUND('',#14392,.F.);
#14392 = EDGE_LOOP('',(#14393,#14394,#14395,#14418));
#14393 = ORIENTED_EDGE('',*,*,#3766,.F.);
#14394 = ORIENTED_EDGE('',*,*,#14321,.T.);
#14395 = ORIENTED_EDGE('',*,*,#14396,.T.);
#14396 = EDGE_CURVE('',#14299,#14397,#14399,.T.);
#14397 = VERTEX_POINT('',#14398);
#14398 = CARTESIAN_POINT('',(65.,-1.,-1.));
#14399 = SURFACE_CURVE('',#14400,(#14404,#14411),.PCURVE_S1.);
#14400 = LINE('',#14401,#14402);
#14401 = CARTESIAN_POINT('',(-86.,-1.,-1.));
#14402 = VECTOR('',#14403,1.);
#14403 = DIRECTION('',(1.,0.,0.));
#14404 = PCURVE('',#3782,#14405);
#14405 = DEFINITIONAL_REPRESENTATION('',(#14406),#14410);
#14406 = LINE('',#14407,#14408);
#14407 = CARTESIAN_POINT('',(0.,-2.));
#14408 = VECTOR('',#14409,1.);
#14409 = DIRECTION('',(1.,0.));
#14410 = ( GEOMETRIC_REPRESENTATION_CONTEXT(2) 
PARAMETRIC_REPRESENTATION_CONTEXT() REPRESENTATION_CONTEXT('2D SPACE',''
  ) );
#14411 = PCURVE('',#7938,#14412);
#14412 = DEFINITIONAL_REPRESENTATION('',(#14413),#14417);
#14413 = LINE('',#14414,#14415);
#14414 = CARTESIAN_POINT('',(-20.,-1.));
#14415 = VECTOR('',#14416,1.);
#14416 = DIRECTION('',(1.,0.));
#14417 = ( GEOMETRIC_REPRESENTATION_CONTEXT(2) 
PARAMETRIC_REPRESENTATION_CONTEXT() REPRESENTATION_CONTEXT('2D SPACE',''
  ) );
#14418 = ORIENTED_EDGE('',*,*,#14419,.T.);
#14419 = EDGE_CURVE('',#14397,#3767,#14420,.T.);
#14420 = SURFACE_CURVE('',#14421,(#14425,#14432),.PCURVE_S1.);
#14421 = LINE('',#14422,#14423);
#14422 = CARTESIAN_POINT('',(65.,-1.,-3.));
#14423 = VECTOR('',#14424,1.);
#14424 = DIRECTION('',(-0.,0.,-1.));
#14425 = PCURVE('',#3782,#14426);
#14426 = DEFINITIONAL_REPRESENTATION('',(#14427),#14431);
#14427 = LINE('',#14428,#14429);
#14428 = CARTESIAN_POINT('',(151.,0.));
#14429 = VECTOR('',#14430,1.);
#14430 = DIRECTION('',(0.,1.));
#14431 = ( GEOMETRIC_REPRESENTATION_CONTEXT(2) 
PARAMETRIC_REPRESENTATION_CONTEXT() REPRESENTATION_CONTEXT('2D SPACE',''
  ) );
#14432 = PCURVE('',#3810,#14433);
#14433 = DEFINITIONAL_REPRESENTATION('',(#14434),#14438);
#14434 = LINE('',#14435,#14436);
#14435 = CARTESIAN_POINT('',(87.,0.));
#14436 = VECTOR('',#14437,1.);
#14437 = DIRECTION('',(-0.,1.));
#14438 = ( GEOMETRIC_REPRESENTATION_CONTEXT(2) 
PARAMETRIC_REPRESENTATION_CONTEXT() REPRESENTATION_CONTEXT('2D SPACE',''
  ) );
#14439 = ADVANCED_FACE('',(#14440),#3810,.F.);
#14440 = FACE_BOUND('',#14441,.F.);
#14441 = EDGE_LOOP('',(#14442,#14443,#14444,#14465));
#14442 = ORIENTED_EDGE('',*,*,#3794,.F.);
#14443 = ORIENTED_EDGE('',*,*,#14419,.F.);
#14444 = ORIENTED_EDGE('',*,*,#14445,.T.);
#14445 = EDGE_CURVE('',#14397,#14347,#14446,.T.);
#14446 = SURFACE_CURVE('',#14447,(#14451,#14458),.PCURVE_S1.);
#14447 = LINE('',#14448,#14449);
#14448 = CARTESIAN_POINT('',(65.,86.,-1.));
#14449 = VECTOR('',#14450,1.);
#14450 = DIRECTION('',(0.,-1.,0.));
#14451 = PCURVE('',#3810,#14452);
#14452 = DEFINITIONAL_REPRESENTATION('',(#14453),#14457);
#14453 = LINE('',#14454,#14455);
#14454 = CARTESIAN_POINT('',(0.,-2.));
#14455 = VECTOR('',#14456,1.);
#14456 = DIRECTION('',(1.,0.));
#14457 = ( GEOMETRIC_REPRESENTATION_CONTEXT(2) 
PARAMETRIC_REPRESENTATION_CONTEXT() REPRESENTATION_CONTEXT('2D SPACE',''
  ) );
#14458 = PCURVE('',#7938,#14459);
#14459 = DEFINITIONAL_REPRESENTATION('',(#14460),#14464);
#14460 = LINE('',#14461,#14462);
#14461 = CARTESIAN_POINT('',(131.,86.));
#14462 = VECTOR('',#14463,1.);
#14463 = DIRECTION('',(0.,-1.));
#14464 = ( GEOMETRIC_REPRESENTATION_CONTEXT(2) 
PARAMETRIC_REPRESENTATION_CONTEXT() REPRESENTATION_CONTEXT('2D SPACE',''
  ) );
#14465 = ORIENTED_EDGE('',*,*,#14346,.F.);
#14466 = ADVANCED_FACE('',(#14467),#3891,.F.);
#14467 = FACE_BOUND('',#14468,.F.);
#14468 = EDGE_LOOP('',(#14469,#14470,#14471,#14494));
#14469 = ORIENTED_EDGE('',*,*,#3875,.F.);
#14470 = ORIENTED_EDGE('',*,*,#12615,.T.);
#14471 = ORIENTED_EDGE('',*,*,#14472,.T.);
#14472 = EDGE_CURVE('',#12616,#14473,#14475,.T.);
#14473 = VERTEX_POINT('',#14474);
#14474 = CARTESIAN_POINT('',(67.,-21.,-1.));
#14475 = SURFACE_CURVE('',#14476,(#14480,#14487),.PCURVE_S1.);
#14476 = LINE('',#14477,#14478);
#14477 = CARTESIAN_POINT('',(86.,-21.,-1.));
#14478 = VECTOR('',#14479,1.);
#14479 = DIRECTION('',(-1.,0.,0.));
#14480 = PCURVE('',#3891,#14481);
#14481 = DEFINITIONAL_REPRESENTATION('',(#14482),#14486);
#14482 = LINE('',#14483,#14484);
#14483 = CARTESIAN_POINT('',(0.,-2.));
#14484 = VECTOR('',#14485,1.);
#14485 = DIRECTION('',(1.,0.));
#14486 = ( GEOMETRIC_REPRESENTATION_CONTEXT(2) 
PARAMETRIC_REPRESENTATION_CONTEXT() REPRESENTATION_CONTEXT('2D SPACE',''
  ) );
#14487 = PCURVE('',#7938,#14488);
#14488 = DEFINITIONAL_REPRESENTATION('',(#14489),#14493);
#14489 = LINE('',#14490,#14491);
#14490 = CARTESIAN_POINT('',(152.,-21.));
#14491 = VECTOR('',#14492,1.);
#14492 = DIRECTION('',(-1.,0.));
#14493 = ( GEOMETRIC_REPRESENTATION_CONTEXT(2) 
PARAMETRIC_REPRESENTATION_CONTEXT() REPRESENTATION_CONTEXT('2D SPACE',''
  ) );
#14494 = ORIENTED_EDGE('',*,*,#14495,.T.);
#14495 = EDGE_CURVE('',#14473,#3876,#14496,.T.);
#14496 = SURFACE_CURVE('',#14497,(#14501,#14508),.PCURVE_S1.);
#14497 = LINE('',#14498,#14499);
#14498 = CARTESIAN_POINT('',(67.,-21.,-3.));
#14499 = VECTOR('',#14500,1.);
#14500 = DIRECTION('',(-0.,-0.,-1.));
#14501 = PCURVE('',#3891,#14502);
#14502 = DEFINITIONAL_REPRESENTATION('',(#14503),#14507);
#14503 = LINE('',#14504,#14505);
#14504 = CARTESIAN_POINT('',(19.,0.));
#14505 = VECTOR('',#14506,1.);
#14506 = DIRECTION('',(0.,1.));
#14507 = ( GEOMETRIC_REPRESENTATION_CONTEXT(2) 
PARAMETRIC_REPRESENTATION_CONTEXT() REPRESENTATION_CONTEXT('2D SPACE',''
  ) );
#14508 = PCURVE('',#3919,#14509);
#14509 = DEFINITIONAL_REPRESENTATION('',(#14510),#14514);
#14510 = LINE('',#14511,#14512);
#14511 = CARTESIAN_POINT('',(65.,0.));
#14512 = VECTOR('',#14513,1.);
#14513 = DIRECTION('',(0.,1.));
#14514 = ( GEOMETRIC_REPRESENTATION_CONTEXT(2) 
PARAMETRIC_REPRESENTATION_CONTEXT() REPRESENTATION_CONTEXT('2D SPACE',''
  ) );
#14515 = ADVANCED_FACE('',(#14516),#3945,.F.);
#14516 = FACE_BOUND('',#14517,.F.);
#14517 = EDGE_LOOP('',(#14518,#14519,#14542,#14563));
#14518 = ORIENTED_EDGE('',*,*,#3931,.F.);
#14519 = ORIENTED_EDGE('',*,*,#14520,.T.);
#14520 = EDGE_CURVE('',#3904,#14521,#14523,.T.);
#14521 = VERTEX_POINT('',#14522);
#14522 = CARTESIAN_POINT('',(67.,-1.,-1.));
#14523 = SURFACE_CURVE('',#14524,(#14528,#14535),.PCURVE_S1.);
#14524 = LINE('',#14525,#14526);
#14525 = CARTESIAN_POINT('',(67.,-1.,-3.));
#14526 = VECTOR('',#14527,1.);
#14527 = DIRECTION('',(0.,-0.,1.));
#14528 = PCURVE('',#3945,#14529);
#14529 = DEFINITIONAL_REPRESENTATION('',(#14530),#14534);
#14530 = LINE('',#14531,#14532);
#14531 = CARTESIAN_POINT('',(153.,0.));
#14532 = VECTOR('',#14533,1.);
#14533 = DIRECTION('',(0.,-1.));
#14534 = ( GEOMETRIC_REPRESENTATION_CONTEXT(2) 
PARAMETRIC_REPRESENTATION_CONTEXT() REPRESENTATION_CONTEXT('2D SPACE',''
  ) );
#14535 = PCURVE('',#3919,#14536);
#14536 = DEFINITIONAL_REPRESENTATION('',(#14537),#14541);
#14537 = LINE('',#14538,#14539);
#14538 = CARTESIAN_POINT('',(85.,0.));
#14539 = VECTOR('',#14540,1.);
#14540 = DIRECTION('',(0.,-1.));
#14541 = ( GEOMETRIC_REPRESENTATION_CONTEXT(2) 
PARAMETRIC_REPRESENTATION_CONTEXT() REPRESENTATION_CONTEXT('2D SPACE',''
  ) );
#14542 = ORIENTED_EDGE('',*,*,#14543,.T.);
#14543 = EDGE_CURVE('',#14521,#12571,#14544,.T.);
#14544 = SURFACE_CURVE('',#14545,(#14549,#14556),.PCURVE_S1.);
#14545 = LINE('',#14546,#14547);
#14546 = CARTESIAN_POINT('',(-86.,-1.,-1.));
#14547 = VECTOR('',#14548,1.);
#14548 = DIRECTION('',(1.,0.,0.));
#14549 = PCURVE('',#3945,#14550);
#14550 = DEFINITIONAL_REPRESENTATION('',(#14551),#14555);
#14551 = LINE('',#14552,#14553);
#14552 = CARTESIAN_POINT('',(0.,-2.));
#14553 = VECTOR('',#14554,1.);
#14554 = DIRECTION('',(1.,0.));
#14555 = ( GEOMETRIC_REPRESENTATION_CONTEXT(2) 
PARAMETRIC_REPRESENTATION_CONTEXT() REPRESENTATION_CONTEXT('2D SPACE',''
  ) );
#14556 = PCURVE('',#7938,#14557);
#14557 = DEFINITIONAL_REPRESENTATION('',(#14558),#14562);
#14558 = LINE('',#14559,#14560);
#14559 = CARTESIAN_POINT('',(-20.,-1.));
#14560 = VECTOR('',#14561,1.);
#14561 = DIRECTION('',(1.,0.));
#14562 = ( GEOMETRIC_REPRESENTATION_CONTEXT(2) 
PARAMETRIC_REPRESENTATION_CONTEXT() REPRESENTATION_CONTEXT('2D SPACE',''
  ) );
#14563 = ORIENTED_EDGE('',*,*,#12593,.F.);
#14564 = ADVANCED_FACE('',(#14565),#3919,.F.);
#14565 = FACE_BOUND('',#14566,.F.);
#14566 = EDGE_LOOP('',(#14567,#14568,#14569,#14590));
#14567 = ORIENTED_EDGE('',*,*,#3903,.F.);
#14568 = ORIENTED_EDGE('',*,*,#14495,.F.);
#14569 = ORIENTED_EDGE('',*,*,#14570,.T.);
#14570 = EDGE_CURVE('',#14473,#14521,#14571,.T.);
#14571 = SURFACE_CURVE('',#14572,(#14576,#14583),.PCURVE_S1.);
#14572 = LINE('',#14573,#14574);
#14573 = CARTESIAN_POINT('',(67.,-86.,-1.));
#14574 = VECTOR('',#14575,1.);
#14575 = DIRECTION('',(0.,1.,0.));
#14576 = PCURVE('',#3919,#14577);
#14577 = DEFINITIONAL_REPRESENTATION('',(#14578),#14582);
#14578 = LINE('',#14579,#14580);
#14579 = CARTESIAN_POINT('',(0.,-2.));
#14580 = VECTOR('',#14581,1.);
#14581 = DIRECTION('',(1.,0.));
#14582 = ( GEOMETRIC_REPRESENTATION_CONTEXT(2) 
PARAMETRIC_REPRESENTATION_CONTEXT() REPRESENTATION_CONTEXT('2D SPACE',''
  ) );
#14583 = PCURVE('',#7938,#14584);
#14584 = DEFINITIONAL_REPRESENTATION('',(#14585),#14589);
#14585 = LINE('',#14586,#14587);
#14586 = CARTESIAN_POINT('',(133.,-86.));
#14587 = VECTOR('',#14588,1.);
#14588 = DIRECTION('',(0.,1.));
#14589 = ( GEOMETRIC_REPRESENTATION_CONTEXT(2) 
PARAMETRIC_REPRESENTATION_CONTEXT() REPRESENTATION_CONTEXT('2D SPACE',''
  ) );
#14590 = ORIENTED_EDGE('',*,*,#14520,.F.);
#14591 = ADVANCED_FACE('',(#14592),#4000,.F.);
#14592 = FACE_BOUND('',#14593,.F.);
#14593 = EDGE_LOOP('',(#14594,#14595,#14596,#14619));
#14594 = ORIENTED_EDGE('',*,*,#3984,.F.);
#14595 = ORIENTED_EDGE('',*,*,#8679,.T.);
#14596 = ORIENTED_EDGE('',*,*,#14597,.T.);
#14597 = EDGE_CURVE('',#8680,#14598,#14600,.T.);
#14598 = VERTEX_POINT('',#14599);
#14599 = CARTESIAN_POINT('',(-67.,21.,-1.));
#14600 = SURFACE_CURVE('',#14601,(#14605,#14612),.PCURVE_S1.);
#14601 = LINE('',#14602,#14603);
#14602 = CARTESIAN_POINT('',(-86.,21.,-1.));
#14603 = VECTOR('',#14604,1.);
#14604 = DIRECTION('',(1.,0.,0.));
#14605 = PCURVE('',#4000,#14606);
#14606 = DEFINITIONAL_REPRESENTATION('',(#14607),#14611);
#14607 = LINE('',#14608,#14609);
#14608 = CARTESIAN_POINT('',(0.,-2.));
#14609 = VECTOR('',#14610,1.);
#14610 = DIRECTION('',(1.,0.));
#14611 = ( GEOMETRIC_REPRESENTATION_CONTEXT(2) 
PARAMETRIC_REPRESENTATION_CONTEXT() REPRESENTATION_CONTEXT('2D SPACE',''
  ) );
#14612 = PCURVE('',#7938,#14613);
#14613 = DEFINITIONAL_REPRESENTATION('',(#14614),#14618);
#14614 = LINE('',#14615,#14616);
#14615 = CARTESIAN_POINT('',(-20.,21.));
#14616 = VECTOR('',#14617,1.);
#14617 = DIRECTION('',(1.,0.));
#14618 = ( GEOMETRIC_REPRESENTATION_CONTEXT(2) 
PARAMETRIC_REPRESENTATION_CONTEXT() REPRESENTATION_CONTEXT('2D SPACE',''
  ) );
#14619 = ORIENTED_EDGE('',*,*,#14620,.F.);
#14620 = EDGE_CURVE('',#3985,#14598,#14621,.T.);
#14621 = SURFACE_CURVE('',#14622,(#14626,#14633),.PCURVE_S1.);
#14622 = LINE('',#14623,#14624);
#14623 = CARTESIAN_POINT('',(-67.,21.,-3.));
#14624 = VECTOR('',#14625,1.);
#14625 = DIRECTION('',(0.,-0.,1.));
#14626 = PCURVE('',#4000,#14627);
#14627 = DEFINITIONAL_REPRESENTATION('',(#14628),#14632);
#14628 = LINE('',#14629,#14630);
#14629 = CARTESIAN_POINT('',(19.,0.));
#14630 = VECTOR('',#14631,1.);
#14631 = DIRECTION('',(0.,-1.));
#14632 = ( GEOMETRIC_REPRESENTATION_CONTEXT(2) 
PARAMETRIC_REPRESENTATION_CONTEXT() REPRESENTATION_CONTEXT('2D SPACE',''
  ) );
#14633 = PCURVE('',#4028,#14634);
#14634 = DEFINITIONAL_REPRESENTATION('',(#14635),#14639);
#14635 = LINE('',#14636,#14637);
#14636 = CARTESIAN_POINT('',(65.,0.));
#14637 = VECTOR('',#14638,1.);
#14638 = DIRECTION('',(0.,-1.));
#14639 = ( GEOMETRIC_REPRESENTATION_CONTEXT(2) 
PARAMETRIC_REPRESENTATION_CONTEXT() REPRESENTATION_CONTEXT('2D SPACE',''
  ) );
#14640 = ADVANCED_FACE('',(#14641),#4054,.F.);
#14641 = FACE_BOUND('',#14642,.F.);
#14642 = EDGE_LOOP('',(#14643,#14644,#14667,#14688));
#14643 = ORIENTED_EDGE('',*,*,#4040,.F.);
#14644 = ORIENTED_EDGE('',*,*,#14645,.F.);
#14645 = EDGE_CURVE('',#14646,#4013,#14648,.T.);
#14646 = VERTEX_POINT('',#14647);
#14647 = CARTESIAN_POINT('',(-67.,1.,-1.));
#14648 = SURFACE_CURVE('',#14649,(#14653,#14660),.PCURVE_S1.);
#14649 = LINE('',#14650,#14651);
#14650 = CARTESIAN_POINT('',(-67.,1.,-3.));
#14651 = VECTOR('',#14652,1.);
#14652 = DIRECTION('',(0.,-0.,-1.));
#14653 = PCURVE('',#4054,#14654);
#14654 = DEFINITIONAL_REPRESENTATION('',(#14655),#14659);
#14655 = LINE('',#14656,#14657);
#14656 = CARTESIAN_POINT('',(153.,0.));
#14657 = VECTOR('',#14658,1.);
#14658 = DIRECTION('',(0.,1.));
#14659 = ( GEOMETRIC_REPRESENTATION_CONTEXT(2) 
PARAMETRIC_REPRESENTATION_CONTEXT() REPRESENTATION_CONTEXT('2D SPACE',''
  ) );
#14660 = PCURVE('',#4028,#14661);
#14661 = DEFINITIONAL_REPRESENTATION('',(#14662),#14666);
#14662 = LINE('',#14663,#14664);
#14663 = CARTESIAN_POINT('',(85.,0.));
#14664 = VECTOR('',#14665,1.);
#14665 = DIRECTION('',(0.,1.));
#14666 = ( GEOMETRIC_REPRESENTATION_CONTEXT(2) 
PARAMETRIC_REPRESENTATION_CONTEXT() REPRESENTATION_CONTEXT('2D SPACE',''
  ) );
#14667 = ORIENTED_EDGE('',*,*,#14668,.T.);
#14668 = EDGE_CURVE('',#14646,#8635,#14669,.T.);
#14669 = SURFACE_CURVE('',#14670,(#14674,#14681),.PCURVE_S1.);
#14670 = LINE('',#14671,#14672);
#14671 = CARTESIAN_POINT('',(86.,1.,-1.));
#14672 = VECTOR('',#14673,1.);
#14673 = DIRECTION('',(-1.,0.,0.));
#14674 = PCURVE('',#4054,#14675);
#14675 = DEFINITIONAL_REPRESENTATION('',(#14676),#14680);
#14676 = LINE('',#14677,#14678);
#14677 = CARTESIAN_POINT('',(0.,-2.));
#14678 = VECTOR('',#14679,1.);
#14679 = DIRECTION('',(1.,0.));
#14680 = ( GEOMETRIC_REPRESENTATION_CONTEXT(2) 
PARAMETRIC_REPRESENTATION_CONTEXT() REPRESENTATION_CONTEXT('2D SPACE',''
  ) );
#14681 = PCURVE('',#7938,#14682);
#14682 = DEFINITIONAL_REPRESENTATION('',(#14683),#14687);
#14683 = LINE('',#14684,#14685);
#14684 = CARTESIAN_POINT('',(152.,1.));
#14685 = VECTOR('',#14686,1.);
#14686 = DIRECTION('',(-1.,0.));
#14687 = ( GEOMETRIC_REPRESENTATION_CONTEXT(2) 
PARAMETRIC_REPRESENTATION_CONTEXT() REPRESENTATION_CONTEXT('2D SPACE',''
  ) );
#14688 = ORIENTED_EDGE('',*,*,#8657,.F.);
#14689 = ADVANCED_FACE('',(#14690),#4028,.F.);
#14690 = FACE_BOUND('',#14691,.F.);
#14691 = EDGE_LOOP('',(#14692,#14693,#14694,#14715));
#14692 = ORIENTED_EDGE('',*,*,#4012,.F.);
#14693 = ORIENTED_EDGE('',*,*,#14620,.T.);
#14694 = ORIENTED_EDGE('',*,*,#14695,.T.);
#14695 = EDGE_CURVE('',#14598,#14646,#14696,.T.);
#14696 = SURFACE_CURVE('',#14697,(#14701,#14708),.PCURVE_S1.);
#14697 = LINE('',#14698,#14699);
#14698 = CARTESIAN_POINT('',(-67.,86.,-1.));
#14699 = VECTOR('',#14700,1.);
#14700 = DIRECTION('',(0.,-1.,0.));
#14701 = PCURVE('',#4028,#14702);
#14702 = DEFINITIONAL_REPRESENTATION('',(#14703),#14707);
#14703 = LINE('',#14704,#14705);
#14704 = CARTESIAN_POINT('',(0.,-2.));
#14705 = VECTOR('',#14706,1.);
#14706 = DIRECTION('',(1.,0.));
#14707 = ( GEOMETRIC_REPRESENTATION_CONTEXT(2) 
PARAMETRIC_REPRESENTATION_CONTEXT() REPRESENTATION_CONTEXT('2D SPACE',''
  ) );
#14708 = PCURVE('',#7938,#14709);
#14709 = DEFINITIONAL_REPRESENTATION('',(#14710),#14714);
#14710 = LINE('',#14711,#14712);
#14711 = CARTESIAN_POINT('',(-1.,86.));
#14712 = VECTOR('',#14713,1.);
#14713 = DIRECTION('',(0.,-1.));
#14714 = ( GEOMETRIC_REPRESENTATION_CONTEXT(2) 
PARAMETRIC_REPRESENTATION_CONTEXT() REPRESENTATION_CONTEXT('2D SPACE',''
  ) );
#14715 = ORIENTED_EDGE('',*,*,#14645,.T.);
#14716 = ADVANCED_FACE('',(#14717),#4086,.F.);
#14717 = FACE_BOUND('',#14718,.F.);
#14718 = EDGE_LOOP('',(#14719,#14720,#14743,#14766));
#14719 = ORIENTED_EDGE('',*,*,#4068,.F.);
#14720 = ORIENTED_EDGE('',*,*,#14721,.T.);
#14721 = EDGE_CURVE('',#4069,#14722,#14724,.T.);
#14722 = VERTEX_POINT('',#14723);
#14723 = CARTESIAN_POINT('',(-65.,1.,-1.));
#14724 = SURFACE_CURVE('',#14725,(#14729,#14736),.PCURVE_S1.);
#14725 = LINE('',#14726,#14727);
#14726 = CARTESIAN_POINT('',(-65.,1.,-3.));
#14727 = VECTOR('',#14728,1.);
#14728 = DIRECTION('',(0.,0.,1.));
#14729 = PCURVE('',#4086,#14730);
#14730 = DEFINITIONAL_REPRESENTATION('',(#14731),#14735);
#14731 = LINE('',#14732,#14733);
#14732 = CARTESIAN_POINT('',(87.,0.));
#14733 = VECTOR('',#14734,1.);
#14734 = DIRECTION('',(0.,-1.));
#14735 = ( GEOMETRIC_REPRESENTATION_CONTEXT(2) 
PARAMETRIC_REPRESENTATION_CONTEXT() REPRESENTATION_CONTEXT('2D SPACE',''
  ) );
#14736 = PCURVE('',#4168,#14737);
#14737 = DEFINITIONAL_REPRESENTATION('',(#14738),#14742);
#14738 = LINE('',#14739,#14740);
#14739 = CARTESIAN_POINT('',(151.,0.));
#14740 = VECTOR('',#14741,1.);
#14741 = DIRECTION('',(0.,-1.));
#14742 = ( GEOMETRIC_REPRESENTATION_CONTEXT(2) 
PARAMETRIC_REPRESENTATION_CONTEXT() REPRESENTATION_CONTEXT('2D SPACE',''
  ) );
#14743 = ORIENTED_EDGE('',*,*,#14744,.T.);
#14744 = EDGE_CURVE('',#14722,#14745,#14747,.T.);
#14745 = VERTEX_POINT('',#14746);
#14746 = CARTESIAN_POINT('',(-65.,21.,-1.));
#14747 = SURFACE_CURVE('',#14748,(#14752,#14759),.PCURVE_S1.);
#14748 = LINE('',#14749,#14750);
#14749 = CARTESIAN_POINT('',(-65.,-86.,-1.));
#14750 = VECTOR('',#14751,1.);
#14751 = DIRECTION('',(0.,1.,0.));
#14752 = PCURVE('',#4086,#14753);
#14753 = DEFINITIONAL_REPRESENTATION('',(#14754),#14758);
#14754 = LINE('',#14755,#14756);
#14755 = CARTESIAN_POINT('',(0.,-2.));
#14756 = VECTOR('',#14757,1.);
#14757 = DIRECTION('',(1.,0.));
#14758 = ( GEOMETRIC_REPRESENTATION_CONTEXT(2) 
PARAMETRIC_REPRESENTATION_CONTEXT() REPRESENTATION_CONTEXT('2D SPACE',''
  ) );
#14759 = PCURVE('',#7938,#14760);
#14760 = DEFINITIONAL_REPRESENTATION('',(#14761),#14765);
#14761 = LINE('',#14762,#14763);
#14762 = CARTESIAN_POINT('',(1.,-86.));
#14763 = VECTOR('',#14764,1.);
#14764 = DIRECTION('',(0.,1.));
#14765 = ( GEOMETRIC_REPRESENTATION_CONTEXT(2) 
PARAMETRIC_REPRESENTATION_CONTEXT() REPRESENTATION_CONTEXT('2D SPACE',''
  ) );
#14766 = ORIENTED_EDGE('',*,*,#14767,.T.);
#14767 = EDGE_CURVE('',#14745,#4071,#14768,.T.);
#14768 = SURFACE_CURVE('',#14769,(#14773,#14780),.PCURVE_S1.);
#14769 = LINE('',#14770,#14771);
#14770 = CARTESIAN_POINT('',(-65.,21.,-3.));
#14771 = VECTOR('',#14772,1.);
#14772 = DIRECTION('',(0.,0.,-1.));
#14773 = PCURVE('',#4086,#14774);
#14774 = DEFINITIONAL_REPRESENTATION('',(#14775),#14779);
#14775 = LINE('',#14776,#14777);
#14776 = CARTESIAN_POINT('',(107.,0.));
#14777 = VECTOR('',#14778,1.);
#14778 = DIRECTION('',(0.,1.));
#14779 = ( GEOMETRIC_REPRESENTATION_CONTEXT(2) 
PARAMETRIC_REPRESENTATION_CONTEXT() REPRESENTATION_CONTEXT('2D SPACE',''
  ) );
#14780 = PCURVE('',#4114,#14781);
#14781 = DEFINITIONAL_REPRESENTATION('',(#14782),#14786);
#14782 = LINE('',#14783,#14784);
#14783 = CARTESIAN_POINT('',(21.,0.));
#14784 = VECTOR('',#14785,1.);
#14785 = DIRECTION('',(0.,1.));
#14786 = ( GEOMETRIC_REPRESENTATION_CONTEXT(2) 
PARAMETRIC_REPRESENTATION_CONTEXT() REPRESENTATION_CONTEXT('2D SPACE',''
  ) );
#14787 = ADVANCED_FACE('',(#14788),#4168,.F.);
#14788 = FACE_BOUND('',#14789,.F.);
#14789 = EDGE_LOOP('',(#14790,#14791,#14814,#14835));
#14790 = ORIENTED_EDGE('',*,*,#4154,.F.);
#14791 = ORIENTED_EDGE('',*,*,#14792,.F.);
#14792 = EDGE_CURVE('',#14793,#4127,#14795,.T.);
#14793 = VERTEX_POINT('',#14794);
#14794 = CARTESIAN_POINT('',(-45.,1.,-1.));
#14795 = SURFACE_CURVE('',#14796,(#14800,#14807),.PCURVE_S1.);
#14796 = LINE('',#14797,#14798);
#14797 = CARTESIAN_POINT('',(-45.,1.,-3.));
#14798 = VECTOR('',#14799,1.);
#14799 = DIRECTION('',(0.,-0.,-1.));
#14800 = PCURVE('',#4168,#14801);
#14801 = DEFINITIONAL_REPRESENTATION('',(#14802),#14806);
#14802 = LINE('',#14803,#14804);
#14803 = CARTESIAN_POINT('',(131.,0.));
#14804 = VECTOR('',#14805,1.);
#14805 = DIRECTION('',(0.,1.));
#14806 = ( GEOMETRIC_REPRESENTATION_CONTEXT(2) 
PARAMETRIC_REPRESENTATION_CONTEXT() REPRESENTATION_CONTEXT('2D SPACE',''
  ) );
#14807 = PCURVE('',#4142,#14808);
#14808 = DEFINITIONAL_REPRESENTATION('',(#14809),#14813);
#14809 = LINE('',#14810,#14811);
#14810 = CARTESIAN_POINT('',(85.,0.));
#14811 = VECTOR('',#14812,1.);
#14812 = DIRECTION('',(0.,1.));
#14813 = ( GEOMETRIC_REPRESENTATION_CONTEXT(2) 
PARAMETRIC_REPRESENTATION_CONTEXT() REPRESENTATION_CONTEXT('2D SPACE',''
  ) );
#14814 = ORIENTED_EDGE('',*,*,#14815,.T.);
#14815 = EDGE_CURVE('',#14793,#14722,#14816,.T.);
#14816 = SURFACE_CURVE('',#14817,(#14821,#14828),.PCURVE_S1.);
#14817 = LINE('',#14818,#14819);
#14818 = CARTESIAN_POINT('',(86.,1.,-1.));
#14819 = VECTOR('',#14820,1.);
#14820 = DIRECTION('',(-1.,0.,0.));
#14821 = PCURVE('',#4168,#14822);
#14822 = DEFINITIONAL_REPRESENTATION('',(#14823),#14827);
#14823 = LINE('',#14824,#14825);
#14824 = CARTESIAN_POINT('',(0.,-2.));
#14825 = VECTOR('',#14826,1.);
#14826 = DIRECTION('',(1.,0.));
#14827 = ( GEOMETRIC_REPRESENTATION_CONTEXT(2) 
PARAMETRIC_REPRESENTATION_CONTEXT() REPRESENTATION_CONTEXT('2D SPACE',''
  ) );
#14828 = PCURVE('',#7938,#14829);
#14829 = DEFINITIONAL_REPRESENTATION('',(#14830),#14834);
#14830 = LINE('',#14831,#14832);
#14831 = CARTESIAN_POINT('',(152.,1.));
#14832 = VECTOR('',#14833,1.);
#14833 = DIRECTION('',(-1.,0.));
#14834 = ( GEOMETRIC_REPRESENTATION_CONTEXT(2) 
PARAMETRIC_REPRESENTATION_CONTEXT() REPRESENTATION_CONTEXT('2D SPACE',''
  ) );
#14835 = ORIENTED_EDGE('',*,*,#14721,.F.);
#14836 = ADVANCED_FACE('',(#14837),#4114,.F.);
#14837 = FACE_BOUND('',#14838,.F.);
#14838 = EDGE_LOOP('',(#14839,#14840,#14841,#14864));
#14839 = ORIENTED_EDGE('',*,*,#4098,.F.);
#14840 = ORIENTED_EDGE('',*,*,#14767,.F.);
#14841 = ORIENTED_EDGE('',*,*,#14842,.T.);
#14842 = EDGE_CURVE('',#14745,#14843,#14845,.T.);
#14843 = VERTEX_POINT('',#14844);
#14844 = CARTESIAN_POINT('',(-45.,21.,-1.));
#14845 = SURFACE_CURVE('',#14846,(#14850,#14857),.PCURVE_S1.);
#14846 = LINE('',#14847,#14848);
#14847 = CARTESIAN_POINT('',(-86.,21.,-1.));
#14848 = VECTOR('',#14849,1.);
#14849 = DIRECTION('',(1.,0.,0.));
#14850 = PCURVE('',#4114,#14851);
#14851 = DEFINITIONAL_REPRESENTATION('',(#14852),#14856);
#14852 = LINE('',#14853,#14854);
#14853 = CARTESIAN_POINT('',(0.,-2.));
#14854 = VECTOR('',#14855,1.);
#14855 = DIRECTION('',(1.,0.));
#14856 = ( GEOMETRIC_REPRESENTATION_CONTEXT(2) 
PARAMETRIC_REPRESENTATION_CONTEXT() REPRESENTATION_CONTEXT('2D SPACE',''
  ) );
#14857 = PCURVE('',#7938,#14858);
#14858 = DEFINITIONAL_REPRESENTATION('',(#14859),#14863);
#14859 = LINE('',#14860,#14861);
#14860 = CARTESIAN_POINT('',(-20.,21.));
#14861 = VECTOR('',#14862,1.);
#14862 = DIRECTION('',(1.,0.));
#14863 = ( GEOMETRIC_REPRESENTATION_CONTEXT(2) 
PARAMETRIC_REPRESENTATION_CONTEXT() REPRESENTATION_CONTEXT('2D SPACE',''
  ) );
#14864 = ORIENTED_EDGE('',*,*,#14865,.F.);
#14865 = EDGE_CURVE('',#4099,#14843,#14866,.T.);
#14866 = SURFACE_CURVE('',#14867,(#14871,#14878),.PCURVE_S1.);
#14867 = LINE('',#14868,#14869);
#14868 = CARTESIAN_POINT('',(-45.,21.,-3.));
#14869 = VECTOR('',#14870,1.);
#14870 = DIRECTION('',(0.,-0.,1.));
#14871 = PCURVE('',#4114,#14872);
#14872 = DEFINITIONAL_REPRESENTATION('',(#14873),#14877);
#14873 = LINE('',#14874,#14875);
#14874 = CARTESIAN_POINT('',(41.,0.));
#14875 = VECTOR('',#14876,1.);
#14876 = DIRECTION('',(0.,-1.));
#14877 = ( GEOMETRIC_REPRESENTATION_CONTEXT(2) 
PARAMETRIC_REPRESENTATION_CONTEXT() REPRESENTATION_CONTEXT('2D SPACE',''
  ) );
#14878 = PCURVE('',#4142,#14879);
#14879 = DEFINITIONAL_REPRESENTATION('',(#14880),#14884);
#14880 = LINE('',#14881,#14882);
#14881 = CARTESIAN_POINT('',(65.,0.));
#14882 = VECTOR('',#14883,1.);
#14883 = DIRECTION('',(0.,-1.));
#14884 = ( GEOMETRIC_REPRESENTATION_CONTEXT(2) 
PARAMETRIC_REPRESENTATION_CONTEXT() REPRESENTATION_CONTEXT('2D SPACE',''
  ) );
#14885 = ADVANCED_FACE('',(#14886),#4142,.F.);
#14886 = FACE_BOUND('',#14887,.F.);
#14887 = EDGE_LOOP('',(#14888,#14889,#14890,#14911));
#14888 = ORIENTED_EDGE('',*,*,#4126,.F.);
#14889 = ORIENTED_EDGE('',*,*,#14865,.T.);
#14890 = ORIENTED_EDGE('',*,*,#14891,.T.);
#14891 = EDGE_CURVE('',#14843,#14793,#14892,.T.);
#14892 = SURFACE_CURVE('',#14893,(#14897,#14904),.PCURVE_S1.);
#14893 = LINE('',#14894,#14895);
#14894 = CARTESIAN_POINT('',(-45.,86.,-1.));
#14895 = VECTOR('',#14896,1.);
#14896 = DIRECTION('',(0.,-1.,0.));
#14897 = PCURVE('',#4142,#14898);
#14898 = DEFINITIONAL_REPRESENTATION('',(#14899),#14903);
#14899 = LINE('',#14900,#14901);
#14900 = CARTESIAN_POINT('',(0.,-2.));
#14901 = VECTOR('',#14902,1.);
#14902 = DIRECTION('',(1.,0.));
#14903 = ( GEOMETRIC_REPRESENTATION_CONTEXT(2) 
PARAMETRIC_REPRESENTATION_CONTEXT() REPRESENTATION_CONTEXT('2D SPACE',''
  ) );
#14904 = PCURVE('',#7938,#14905);
#14905 = DEFINITIONAL_REPRESENTATION('',(#14906),#14910);
#14906 = LINE('',#14907,#14908);
#14907 = CARTESIAN_POINT('',(21.,86.));
#14908 = VECTOR('',#14909,1.);
#14909 = DIRECTION('',(0.,-1.));
#14910 = ( GEOMETRIC_REPRESENTATION_CONTEXT(2) 
PARAMETRIC_REPRESENTATION_CONTEXT() REPRESENTATION_CONTEXT('2D SPACE',''
  ) );
#14911 = ORIENTED_EDGE('',*,*,#14792,.T.);
#14912 = ADVANCED_FACE('',(#14913),#4223,.F.);
#14913 = FACE_BOUND('',#14914,.F.);
#14914 = EDGE_LOOP('',(#14915,#14916,#14917,#14940));
#14915 = ORIENTED_EDGE('',*,*,#4207,.F.);
#14916 = ORIENTED_EDGE('',*,*,#8747,.T.);
#14917 = ORIENTED_EDGE('',*,*,#14918,.T.);
#14918 = EDGE_CURVE('',#8748,#14919,#14921,.T.);
#14919 = VERTEX_POINT('',#14920);
#14920 = CARTESIAN_POINT('',(-67.,43.,-1.));
#14921 = SURFACE_CURVE('',#14922,(#14926,#14933),.PCURVE_S1.);
#14922 = LINE('',#14923,#14924);
#14923 = CARTESIAN_POINT('',(-86.,43.,-1.));
#14924 = VECTOR('',#14925,1.);
#14925 = DIRECTION('',(1.,0.,0.));
#14926 = PCURVE('',#4223,#14927);
#14927 = DEFINITIONAL_REPRESENTATION('',(#14928),#14932);
#14928 = LINE('',#14929,#14930);
#14929 = CARTESIAN_POINT('',(0.,-2.));
#14930 = VECTOR('',#14931,1.);
#14931 = DIRECTION('',(1.,0.));
#14932 = ( GEOMETRIC_REPRESENTATION_CONTEXT(2) 
PARAMETRIC_REPRESENTATION_CONTEXT() REPRESENTATION_CONTEXT('2D SPACE',''
  ) );
#14933 = PCURVE('',#7938,#14934);
#14934 = DEFINITIONAL_REPRESENTATION('',(#14935),#14939);
#14935 = LINE('',#14936,#14937);
#14936 = CARTESIAN_POINT('',(-20.,43.));
#14937 = VECTOR('',#14938,1.);
#14938 = DIRECTION('',(1.,0.));
#14939 = ( GEOMETRIC_REPRESENTATION_CONTEXT(2) 
PARAMETRIC_REPRESENTATION_CONTEXT() REPRESENTATION_CONTEXT('2D SPACE',''
  ) );
#14940 = ORIENTED_EDGE('',*,*,#14941,.F.);
#14941 = EDGE_CURVE('',#4208,#14919,#14942,.T.);
#14942 = SURFACE_CURVE('',#14943,(#14947,#14954),.PCURVE_S1.);
#14943 = LINE('',#14944,#14945);
#14944 = CARTESIAN_POINT('',(-67.,43.,-3.));
#14945 = VECTOR('',#14946,1.);
#14946 = DIRECTION('',(0.,-0.,1.));
#14947 = PCURVE('',#4223,#14948);
#14948 = DEFINITIONAL_REPRESENTATION('',(#14949),#14953);
#14949 = LINE('',#14950,#14951);
#14950 = CARTESIAN_POINT('',(19.,0.));
#14951 = VECTOR('',#14952,1.);
#14952 = DIRECTION('',(0.,-1.));
#14953 = ( GEOMETRIC_REPRESENTATION_CONTEXT(2) 
PARAMETRIC_REPRESENTATION_CONTEXT() REPRESENTATION_CONTEXT('2D SPACE',''
  ) );
#14954 = PCURVE('',#4251,#14955);
#14955 = DEFINITIONAL_REPRESENTATION('',(#14956),#14960);
#14956 = LINE('',#14957,#14958);
#14957 = CARTESIAN_POINT('',(43.,0.));
#14958 = VECTOR('',#14959,1.);
#14959 = DIRECTION('',(0.,-1.));
#14960 = ( GEOMETRIC_REPRESENTATION_CONTEXT(2) 
PARAMETRIC_REPRESENTATION_CONTEXT() REPRESENTATION_CONTEXT('2D SPACE',''
  ) );
#14961 = ADVANCED_FACE('',(#14962),#4277,.F.);
#14962 = FACE_BOUND('',#14963,.F.);
#14963 = EDGE_LOOP('',(#14964,#14965,#14988,#15009));
#14964 = ORIENTED_EDGE('',*,*,#4263,.F.);
#14965 = ORIENTED_EDGE('',*,*,#14966,.F.);
#14966 = EDGE_CURVE('',#14967,#4236,#14969,.T.);
#14967 = VERTEX_POINT('',#14968);
#14968 = CARTESIAN_POINT('',(-67.,23.,-1.));
#14969 = SURFACE_CURVE('',#14970,(#14974,#14981),.PCURVE_S1.);
#14970 = LINE('',#14971,#14972);
#14971 = CARTESIAN_POINT('',(-67.,23.,-3.));
#14972 = VECTOR('',#14973,1.);
#14973 = DIRECTION('',(0.,-0.,-1.));
#14974 = PCURVE('',#4277,#14975);
#14975 = DEFINITIONAL_REPRESENTATION('',(#14976),#14980);
#14976 = LINE('',#14977,#14978);
#14977 = CARTESIAN_POINT('',(153.,0.));
#14978 = VECTOR('',#14979,1.);
#14979 = DIRECTION('',(0.,1.));
#14980 = ( GEOMETRIC_REPRESENTATION_CONTEXT(2) 
PARAMETRIC_REPRESENTATION_CONTEXT() REPRESENTATION_CONTEXT('2D SPACE',''
  ) );
#14981 = PCURVE('',#4251,#14982);
#14982 = DEFINITIONAL_REPRESENTATION('',(#14983),#14987);
#14983 = LINE('',#14984,#14985);
#14984 = CARTESIAN_POINT('',(63.,0.));
#14985 = VECTOR('',#14986,1.);
#14986 = DIRECTION('',(0.,1.));
#14987 = ( GEOMETRIC_REPRESENTATION_CONTEXT(2) 
PARAMETRIC_REPRESENTATION_CONTEXT() REPRESENTATION_CONTEXT('2D SPACE',''
  ) );
#14988 = ORIENTED_EDGE('',*,*,#14989,.T.);
#14989 = EDGE_CURVE('',#14967,#8703,#14990,.T.);
#14990 = SURFACE_CURVE('',#14991,(#14995,#15002),.PCURVE_S1.);
#14991 = LINE('',#14992,#14993);
#14992 = CARTESIAN_POINT('',(86.,23.,-1.));
#14993 = VECTOR('',#14994,1.);
#14994 = DIRECTION('',(-1.,0.,0.));
#14995 = PCURVE('',#4277,#14996);
#14996 = DEFINITIONAL_REPRESENTATION('',(#14997),#15001);
#14997 = LINE('',#14998,#14999);
#14998 = CARTESIAN_POINT('',(0.,-2.));
#14999 = VECTOR('',#15000,1.);
#15000 = DIRECTION('',(1.,0.));
#15001 = ( GEOMETRIC_REPRESENTATION_CONTEXT(2) 
PARAMETRIC_REPRESENTATION_CONTEXT() REPRESENTATION_CONTEXT('2D SPACE',''
  ) );
#15002 = PCURVE('',#7938,#15003);
#15003 = DEFINITIONAL_REPRESENTATION('',(#15004),#15008);
#15004 = LINE('',#15005,#15006);
#15005 = CARTESIAN_POINT('',(152.,23.));
#15006 = VECTOR('',#15007,1.);
#15007 = DIRECTION('',(-1.,0.));
#15008 = ( GEOMETRIC_REPRESENTATION_CONTEXT(2) 
PARAMETRIC_REPRESENTATION_CONTEXT() REPRESENTATION_CONTEXT('2D SPACE',''
  ) );
#15009 = ORIENTED_EDGE('',*,*,#8725,.F.);
#15010 = ADVANCED_FACE('',(#15011),#4251,.F.);
#15011 = FACE_BOUND('',#15012,.F.);
#15012 = EDGE_LOOP('',(#15013,#15014,#15015,#15036));
#15013 = ORIENTED_EDGE('',*,*,#4235,.F.);
#15014 = ORIENTED_EDGE('',*,*,#14941,.T.);
#15015 = ORIENTED_EDGE('',*,*,#15016,.T.);
#15016 = EDGE_CURVE('',#14919,#14967,#15017,.T.);
#15017 = SURFACE_CURVE('',#15018,(#15022,#15029),.PCURVE_S1.);
#15018 = LINE('',#15019,#15020);
#15019 = CARTESIAN_POINT('',(-67.,86.,-1.));
#15020 = VECTOR('',#15021,1.);
#15021 = DIRECTION('',(0.,-1.,0.));
#15022 = PCURVE('',#4251,#15023);
#15023 = DEFINITIONAL_REPRESENTATION('',(#15024),#15028);
#15024 = LINE('',#15025,#15026);
#15025 = CARTESIAN_POINT('',(0.,-2.));
#15026 = VECTOR('',#15027,1.);
#15027 = DIRECTION('',(1.,0.));
#15028 = ( GEOMETRIC_REPRESENTATION_CONTEXT(2) 
PARAMETRIC_REPRESENTATION_CONTEXT() REPRESENTATION_CONTEXT('2D SPACE',''
  ) );
#15029 = PCURVE('',#7938,#15030);
#15030 = DEFINITIONAL_REPRESENTATION('',(#15031),#15035);
#15031 = LINE('',#15032,#15033);
#15032 = CARTESIAN_POINT('',(-1.,86.));
#15033 = VECTOR('',#15034,1.);
#15034 = DIRECTION('',(0.,-1.));
#15035 = ( GEOMETRIC_REPRESENTATION_CONTEXT(2) 
PARAMETRIC_REPRESENTATION_CONTEXT() REPRESENTATION_CONTEXT('2D SPACE',''
  ) );
#15036 = ORIENTED_EDGE('',*,*,#14966,.T.);
#15037 = ADVANCED_FACE('',(#15038),#4309,.F.);
#15038 = FACE_BOUND('',#15039,.F.);
#15039 = EDGE_LOOP('',(#15040,#15041,#15064,#15087));
#15040 = ORIENTED_EDGE('',*,*,#4291,.F.);
#15041 = ORIENTED_EDGE('',*,*,#15042,.T.);
#15042 = EDGE_CURVE('',#4292,#15043,#15045,.T.);
#15043 = VERTEX_POINT('',#15044);
#15044 = CARTESIAN_POINT('',(-65.,23.,-1.));
#15045 = SURFACE_CURVE('',#15046,(#15050,#15057),.PCURVE_S1.);
#15046 = LINE('',#15047,#15048);
#15047 = CARTESIAN_POINT('',(-65.,23.,-3.));
#15048 = VECTOR('',#15049,1.);
#15049 = DIRECTION('',(0.,0.,1.));
#15050 = PCURVE('',#4309,#15051);
#15051 = DEFINITIONAL_REPRESENTATION('',(#15052),#15056);
#15052 = LINE('',#15053,#15054);
#15053 = CARTESIAN_POINT('',(109.,0.));
#15054 = VECTOR('',#15055,1.);
#15055 = DIRECTION('',(0.,-1.));
#15056 = ( GEOMETRIC_REPRESENTATION_CONTEXT(2) 
PARAMETRIC_REPRESENTATION_CONTEXT() REPRESENTATION_CONTEXT('2D SPACE',''
  ) );
#15057 = PCURVE('',#4391,#15058);
#15058 = DEFINITIONAL_REPRESENTATION('',(#15059),#15063);
#15059 = LINE('',#15060,#15061);
#15060 = CARTESIAN_POINT('',(151.,0.));
#15061 = VECTOR('',#15062,1.);
#15062 = DIRECTION('',(0.,-1.));
#15063 = ( GEOMETRIC_REPRESENTATION_CONTEXT(2) 
PARAMETRIC_REPRESENTATION_CONTEXT() REPRESENTATION_CONTEXT('2D SPACE',''
  ) );
#15064 = ORIENTED_EDGE('',*,*,#15065,.T.);
#15065 = EDGE_CURVE('',#15043,#15066,#15068,.T.);
#15066 = VERTEX_POINT('',#15067);
#15067 = CARTESIAN_POINT('',(-65.,43.,-1.));
#15068 = SURFACE_CURVE('',#15069,(#15073,#15080),.PCURVE_S1.);
#15069 = LINE('',#15070,#15071);
#15070 = CARTESIAN_POINT('',(-65.,-86.,-1.));
#15071 = VECTOR('',#15072,1.);
#15072 = DIRECTION('',(0.,1.,0.));
#15073 = PCURVE('',#4309,#15074);
#15074 = DEFINITIONAL_REPRESENTATION('',(#15075),#15079);
#15075 = LINE('',#15076,#15077);
#15076 = CARTESIAN_POINT('',(0.,-2.));
#15077 = VECTOR('',#15078,1.);
#15078 = DIRECTION('',(1.,0.));
#15079 = ( GEOMETRIC_REPRESENTATION_CONTEXT(2) 
PARAMETRIC_REPRESENTATION_CONTEXT() REPRESENTATION_CONTEXT('2D SPACE',''
  ) );
#15080 = PCURVE('',#7938,#15081);
#15081 = DEFINITIONAL_REPRESENTATION('',(#15082),#15086);
#15082 = LINE('',#15083,#15084);
#15083 = CARTESIAN_POINT('',(1.,-86.));
#15084 = VECTOR('',#15085,1.);
#15085 = DIRECTION('',(0.,1.));
#15086 = ( GEOMETRIC_REPRESENTATION_CONTEXT(2) 
PARAMETRIC_REPRESENTATION_CONTEXT() REPRESENTATION_CONTEXT('2D SPACE',''
  ) );
#15087 = ORIENTED_EDGE('',*,*,#15088,.T.);
#15088 = EDGE_CURVE('',#15066,#4294,#15089,.T.);
#15089 = SURFACE_CURVE('',#15090,(#15094,#15101),.PCURVE_S1.);
#15090 = LINE('',#15091,#15092);
#15091 = CARTESIAN_POINT('',(-65.,43.,-3.));
#15092 = VECTOR('',#15093,1.);
#15093 = DIRECTION('',(0.,0.,-1.));
#15094 = PCURVE('',#4309,#15095);
#15095 = DEFINITIONAL_REPRESENTATION('',(#15096),#15100);
#15096 = LINE('',#15097,#15098);
#15097 = CARTESIAN_POINT('',(129.,0.));
#15098 = VECTOR('',#15099,1.);
#15099 = DIRECTION('',(0.,1.));
#15100 = ( GEOMETRIC_REPRESENTATION_CONTEXT(2) 
PARAMETRIC_REPRESENTATION_CONTEXT() REPRESENTATION_CONTEXT('2D SPACE',''
  ) );
#15101 = PCURVE('',#4337,#15102);
#15102 = DEFINITIONAL_REPRESENTATION('',(#15103),#15107);
#15103 = LINE('',#15104,#15105);
#15104 = CARTESIAN_POINT('',(21.,0.));
#15105 = VECTOR('',#15106,1.);
#15106 = DIRECTION('',(0.,1.));
#15107 = ( GEOMETRIC_REPRESENTATION_CONTEXT(2) 
PARAMETRIC_REPRESENTATION_CONTEXT() REPRESENTATION_CONTEXT('2D SPACE',''
  ) );
#15108 = ADVANCED_FACE('',(#15109),#4391,.F.);
#15109 = FACE_BOUND('',#15110,.F.);
#15110 = EDGE_LOOP('',(#15111,#15112,#15135,#15156));
#15111 = ORIENTED_EDGE('',*,*,#4377,.F.);
#15112 = ORIENTED_EDGE('',*,*,#15113,.F.);
#15113 = EDGE_CURVE('',#15114,#4350,#15116,.T.);
#15114 = VERTEX_POINT('',#15115);
#15115 = CARTESIAN_POINT('',(-45.,23.,-1.));
#15116 = SURFACE_CURVE('',#15117,(#15121,#15128),.PCURVE_S1.);
#15117 = LINE('',#15118,#15119);
#15118 = CARTESIAN_POINT('',(-45.,23.,-3.));
#15119 = VECTOR('',#15120,1.);
#15120 = DIRECTION('',(0.,-0.,-1.));
#15121 = PCURVE('',#4391,#15122);
#15122 = DEFINITIONAL_REPRESENTATION('',(#15123),#15127);
#15123 = LINE('',#15124,#15125);
#15124 = CARTESIAN_POINT('',(131.,0.));
#15125 = VECTOR('',#15126,1.);
#15126 = DIRECTION('',(0.,1.));
#15127 = ( GEOMETRIC_REPRESENTATION_CONTEXT(2) 
PARAMETRIC_REPRESENTATION_CONTEXT() REPRESENTATION_CONTEXT('2D SPACE',''
  ) );
#15128 = PCURVE('',#4365,#15129);
#15129 = DEFINITIONAL_REPRESENTATION('',(#15130),#15134);
#15130 = LINE('',#15131,#15132);
#15131 = CARTESIAN_POINT('',(63.,0.));
#15132 = VECTOR('',#15133,1.);
#15133 = DIRECTION('',(0.,1.));
#15134 = ( GEOMETRIC_REPRESENTATION_CONTEXT(2) 
PARAMETRIC_REPRESENTATION_CONTEXT() REPRESENTATION_CONTEXT('2D SPACE',''
  ) );
#15135 = ORIENTED_EDGE('',*,*,#15136,.T.);
#15136 = EDGE_CURVE('',#15114,#15043,#15137,.T.);
#15137 = SURFACE_CURVE('',#15138,(#15142,#15149),.PCURVE_S1.);
#15138 = LINE('',#15139,#15140);
#15139 = CARTESIAN_POINT('',(86.,23.,-1.));
#15140 = VECTOR('',#15141,1.);
#15141 = DIRECTION('',(-1.,0.,0.));
#15142 = PCURVE('',#4391,#15143);
#15143 = DEFINITIONAL_REPRESENTATION('',(#15144),#15148);
#15144 = LINE('',#15145,#15146);
#15145 = CARTESIAN_POINT('',(0.,-2.));
#15146 = VECTOR('',#15147,1.);
#15147 = DIRECTION('',(1.,0.));
#15148 = ( GEOMETRIC_REPRESENTATION_CONTEXT(2) 
PARAMETRIC_REPRESENTATION_CONTEXT() REPRESENTATION_CONTEXT('2D SPACE',''
  ) );
#15149 = PCURVE('',#7938,#15150);
#15150 = DEFINITIONAL_REPRESENTATION('',(#15151),#15155);
#15151 = LINE('',#15152,#15153);
#15152 = CARTESIAN_POINT('',(152.,23.));
#15153 = VECTOR('',#15154,1.);
#15154 = DIRECTION('',(-1.,0.));
#15155 = ( GEOMETRIC_REPRESENTATION_CONTEXT(2) 
PARAMETRIC_REPRESENTATION_CONTEXT() REPRESENTATION_CONTEXT('2D SPACE',''
  ) );
#15156 = ORIENTED_EDGE('',*,*,#15042,.F.);
#15157 = ADVANCED_FACE('',(#15158),#4337,.F.);
#15158 = FACE_BOUND('',#15159,.F.);
#15159 = EDGE_LOOP('',(#15160,#15161,#15162,#15185));
#15160 = ORIENTED_EDGE('',*,*,#4321,.F.);
#15161 = ORIENTED_EDGE('',*,*,#15088,.F.);
#15162 = ORIENTED_EDGE('',*,*,#15163,.T.);
#15163 = EDGE_CURVE('',#15066,#15164,#15166,.T.);
#15164 = VERTEX_POINT('',#15165);
#15165 = CARTESIAN_POINT('',(-45.,43.,-1.));
#15166 = SURFACE_CURVE('',#15167,(#15171,#15178),.PCURVE_S1.);
#15167 = LINE('',#15168,#15169);
#15168 = CARTESIAN_POINT('',(-86.,43.,-1.));
#15169 = VECTOR('',#15170,1.);
#15170 = DIRECTION('',(1.,0.,0.));
#15171 = PCURVE('',#4337,#15172);
#15172 = DEFINITIONAL_REPRESENTATION('',(#15173),#15177);
#15173 = LINE('',#15174,#15175);
#15174 = CARTESIAN_POINT('',(0.,-2.));
#15175 = VECTOR('',#15176,1.);
#15176 = DIRECTION('',(1.,0.));
#15177 = ( GEOMETRIC_REPRESENTATION_CONTEXT(2) 
PARAMETRIC_REPRESENTATION_CONTEXT() REPRESENTATION_CONTEXT('2D SPACE',''
  ) );
#15178 = PCURVE('',#7938,#15179);
#15179 = DEFINITIONAL_REPRESENTATION('',(#15180),#15184);
#15180 = LINE('',#15181,#15182);
#15181 = CARTESIAN_POINT('',(-20.,43.));
#15182 = VECTOR('',#15183,1.);
#15183 = DIRECTION('',(1.,0.));
#15184 = ( GEOMETRIC_REPRESENTATION_CONTEXT(2) 
PARAMETRIC_REPRESENTATION_CONTEXT() REPRESENTATION_CONTEXT('2D SPACE',''
  ) );
#15185 = ORIENTED_EDGE('',*,*,#15186,.F.);
#15186 = EDGE_CURVE('',#4322,#15164,#15187,.T.);
#15187 = SURFACE_CURVE('',#15188,(#15192,#15199),.PCURVE_S1.);
#15188 = LINE('',#15189,#15190);
#15189 = CARTESIAN_POINT('',(-45.,43.,-3.));
#15190 = VECTOR('',#15191,1.);
#15191 = DIRECTION('',(0.,-0.,1.));
#15192 = PCURVE('',#4337,#15193);
#15193 = DEFINITIONAL_REPRESENTATION('',(#15194),#15198);
#15194 = LINE('',#15195,#15196);
#15195 = CARTESIAN_POINT('',(41.,0.));
#15196 = VECTOR('',#15197,1.);
#15197 = DIRECTION('',(0.,-1.));
#15198 = ( GEOMETRIC_REPRESENTATION_CONTEXT(2) 
PARAMETRIC_REPRESENTATION_CONTEXT() REPRESENTATION_CONTEXT('2D SPACE',''
  ) );
#15199 = PCURVE('',#4365,#15200);
#15200 = DEFINITIONAL_REPRESENTATION('',(#15201),#15205);
#15201 = LINE('',#15202,#15203);
#15202 = CARTESIAN_POINT('',(43.,0.));
#15203 = VECTOR('',#15204,1.);
#15204 = DIRECTION('',(0.,-1.));
#15205 = ( GEOMETRIC_REPRESENTATION_CONTEXT(2) 
PARAMETRIC_REPRESENTATION_CONTEXT() REPRESENTATION_CONTEXT('2D SPACE',''
  ) );
#15206 = ADVANCED_FACE('',(#15207),#4365,.F.);
#15207 = FACE_BOUND('',#15208,.F.);
#15208 = EDGE_LOOP('',(#15209,#15210,#15211,#15232));
#15209 = ORIENTED_EDGE('',*,*,#4349,.F.);
#15210 = ORIENTED_EDGE('',*,*,#15186,.T.);
#15211 = ORIENTED_EDGE('',*,*,#15212,.T.);
#15212 = EDGE_CURVE('',#15164,#15114,#15213,.T.);
#15213 = SURFACE_CURVE('',#15214,(#15218,#15225),.PCURVE_S1.);
#15214 = LINE('',#15215,#15216);
#15215 = CARTESIAN_POINT('',(-45.,86.,-1.));
#15216 = VECTOR('',#15217,1.);
#15217 = DIRECTION('',(0.,-1.,0.));
#15218 = PCURVE('',#4365,#15219);
#15219 = DEFINITIONAL_REPRESENTATION('',(#15220),#15224);
#15220 = LINE('',#15221,#15222);
#15221 = CARTESIAN_POINT('',(0.,-2.));
#15222 = VECTOR('',#15223,1.);
#15223 = DIRECTION('',(1.,0.));
#15224 = ( GEOMETRIC_REPRESENTATION_CONTEXT(2) 
PARAMETRIC_REPRESENTATION_CONTEXT() REPRESENTATION_CONTEXT('2D SPACE',''
  ) );
#15225 = PCURVE('',#7938,#15226);
#15226 = DEFINITIONAL_REPRESENTATION('',(#15227),#15231);
#15227 = LINE('',#15228,#15229);
#15228 = CARTESIAN_POINT('',(21.,86.));
#15229 = VECTOR('',#15230,1.);
#15230 = DIRECTION('',(0.,-1.));
#15231 = ( GEOMETRIC_REPRESENTATION_CONTEXT(2) 
PARAMETRIC_REPRESENTATION_CONTEXT() REPRESENTATION_CONTEXT('2D SPACE',''
  ) );
#15232 = ORIENTED_EDGE('',*,*,#15113,.T.);
#15233 = ADVANCED_FACE('',(#15234),#4423,.F.);
#15234 = FACE_BOUND('',#15235,.F.);
#15235 = EDGE_LOOP('',(#15236,#15237,#15260,#15283));
#15236 = ORIENTED_EDGE('',*,*,#4405,.F.);
#15237 = ORIENTED_EDGE('',*,*,#15238,.T.);
#15238 = EDGE_CURVE('',#4406,#15239,#15241,.T.);
#15239 = VERTEX_POINT('',#15240);
#15240 = CARTESIAN_POINT('',(-43.,1.,-1.));
#15241 = SURFACE_CURVE('',#15242,(#15246,#15253),.PCURVE_S1.);
#15242 = LINE('',#15243,#15244);
#15243 = CARTESIAN_POINT('',(-43.,1.,-3.));
#15244 = VECTOR('',#15245,1.);
#15245 = DIRECTION('',(0.,0.,1.));
#15246 = PCURVE('',#4423,#15247);
#15247 = DEFINITIONAL_REPRESENTATION('',(#15248),#15252);
#15248 = LINE('',#15249,#15250);
#15249 = CARTESIAN_POINT('',(87.,0.));
#15250 = VECTOR('',#15251,1.);
#15251 = DIRECTION('',(0.,-1.));
#15252 = ( GEOMETRIC_REPRESENTATION_CONTEXT(2) 
PARAMETRIC_REPRESENTATION_CONTEXT() REPRESENTATION_CONTEXT('2D SPACE',''
  ) );
#15253 = PCURVE('',#4505,#15254);
#15254 = DEFINITIONAL_REPRESENTATION('',(#15255),#15259);
#15255 = LINE('',#15256,#15257);
#15256 = CARTESIAN_POINT('',(129.,0.));
#15257 = VECTOR('',#15258,1.);
#15258 = DIRECTION('',(0.,-1.));
#15259 = ( GEOMETRIC_REPRESENTATION_CONTEXT(2) 
PARAMETRIC_REPRESENTATION_CONTEXT() REPRESENTATION_CONTEXT('2D SPACE',''
  ) );
#15260 = ORIENTED_EDGE('',*,*,#15261,.T.);
#15261 = EDGE_CURVE('',#15239,#15262,#15264,.T.);
#15262 = VERTEX_POINT('',#15263);
#15263 = CARTESIAN_POINT('',(-43.,21.,-1.));
#15264 = SURFACE_CURVE('',#15265,(#15269,#15276),.PCURVE_S1.);
#15265 = LINE('',#15266,#15267);
#15266 = CARTESIAN_POINT('',(-43.,-86.,-1.));
#15267 = VECTOR('',#15268,1.);
#15268 = DIRECTION('',(0.,1.,0.));
#15269 = PCURVE('',#4423,#15270);
#15270 = DEFINITIONAL_REPRESENTATION('',(#15271),#15275);
#15271 = LINE('',#15272,#15273);
#15272 = CARTESIAN_POINT('',(0.,-2.));
#15273 = VECTOR('',#15274,1.);
#15274 = DIRECTION('',(1.,0.));
#15275 = ( GEOMETRIC_REPRESENTATION_CONTEXT(2) 
PARAMETRIC_REPRESENTATION_CONTEXT() REPRESENTATION_CONTEXT('2D SPACE',''
  ) );
#15276 = PCURVE('',#7938,#15277);
#15277 = DEFINITIONAL_REPRESENTATION('',(#15278),#15282);
#15278 = LINE('',#15279,#15280);
#15279 = CARTESIAN_POINT('',(23.,-86.));
#15280 = VECTOR('',#15281,1.);
#15281 = DIRECTION('',(0.,1.));
#15282 = ( GEOMETRIC_REPRESENTATION_CONTEXT(2) 
PARAMETRIC_REPRESENTATION_CONTEXT() REPRESENTATION_CONTEXT('2D SPACE',''
  ) );
#15283 = ORIENTED_EDGE('',*,*,#15284,.T.);
#15284 = EDGE_CURVE('',#15262,#4408,#15285,.T.);
#15285 = SURFACE_CURVE('',#15286,(#15290,#15297),.PCURVE_S1.);
#15286 = LINE('',#15287,#15288);
#15287 = CARTESIAN_POINT('',(-43.,21.,-3.));
#15288 = VECTOR('',#15289,1.);
#15289 = DIRECTION('',(0.,0.,-1.));
#15290 = PCURVE('',#4423,#15291);
#15291 = DEFINITIONAL_REPRESENTATION('',(#15292),#15296);
#15292 = LINE('',#15293,#15294);
#15293 = CARTESIAN_POINT('',(107.,0.));
#15294 = VECTOR('',#15295,1.);
#15295 = DIRECTION('',(0.,1.));
#15296 = ( GEOMETRIC_REPRESENTATION_CONTEXT(2) 
PARAMETRIC_REPRESENTATION_CONTEXT() REPRESENTATION_CONTEXT('2D SPACE',''
  ) );
#15297 = PCURVE('',#4451,#15298);
#15298 = DEFINITIONAL_REPRESENTATION('',(#15299),#15303);
#15299 = LINE('',#15300,#15301);
#15300 = CARTESIAN_POINT('',(43.,0.));
#15301 = VECTOR('',#15302,1.);
#15302 = DIRECTION('',(0.,1.));
#15303 = ( GEOMETRIC_REPRESENTATION_CONTEXT(2) 
PARAMETRIC_REPRESENTATION_CONTEXT() REPRESENTATION_CONTEXT('2D SPACE',''
  ) );
#15304 = ADVANCED_FACE('',(#15305),#4505,.F.);
#15305 = FACE_BOUND('',#15306,.F.);
#15306 = EDGE_LOOP('',(#15307,#15308,#15331,#15352));
#15307 = ORIENTED_EDGE('',*,*,#4491,.F.);
#15308 = ORIENTED_EDGE('',*,*,#15309,.F.);
#15309 = EDGE_CURVE('',#15310,#4464,#15312,.T.);
#15310 = VERTEX_POINT('',#15311);
#15311 = CARTESIAN_POINT('',(-23.,1.,-1.));
#15312 = SURFACE_CURVE('',#15313,(#15317,#15324),.PCURVE_S1.);
#15313 = LINE('',#15314,#15315);
#15314 = CARTESIAN_POINT('',(-23.,1.,-3.));
#15315 = VECTOR('',#15316,1.);
#15316 = DIRECTION('',(0.,-0.,-1.));
#15317 = PCURVE('',#4505,#15318);
#15318 = DEFINITIONAL_REPRESENTATION('',(#15319),#15323);
#15319 = LINE('',#15320,#15321);
#15320 = CARTESIAN_POINT('',(109.,0.));
#15321 = VECTOR('',#15322,1.);
#15322 = DIRECTION('',(0.,1.));
#15323 = ( GEOMETRIC_REPRESENTATION_CONTEXT(2) 
PARAMETRIC_REPRESENTATION_CONTEXT() REPRESENTATION_CONTEXT('2D SPACE',''
  ) );
#15324 = PCURVE('',#4479,#15325);
#15325 = DEFINITIONAL_REPRESENTATION('',(#15326),#15330);
#15326 = LINE('',#15327,#15328);
#15327 = CARTESIAN_POINT('',(85.,0.));
#15328 = VECTOR('',#15329,1.);
#15329 = DIRECTION('',(0.,1.));
#15330 = ( GEOMETRIC_REPRESENTATION_CONTEXT(2) 
PARAMETRIC_REPRESENTATION_CONTEXT() REPRESENTATION_CONTEXT('2D SPACE',''
  ) );
#15331 = ORIENTED_EDGE('',*,*,#15332,.T.);
#15332 = EDGE_CURVE('',#15310,#15239,#15333,.T.);
#15333 = SURFACE_CURVE('',#15334,(#15338,#15345),.PCURVE_S1.);
#15334 = LINE('',#15335,#15336);
#15335 = CARTESIAN_POINT('',(86.,1.,-1.));
#15336 = VECTOR('',#15337,1.);
#15337 = DIRECTION('',(-1.,0.,0.));
#15338 = PCURVE('',#4505,#15339);
#15339 = DEFINITIONAL_REPRESENTATION('',(#15340),#15344);
#15340 = LINE('',#15341,#15342);
#15341 = CARTESIAN_POINT('',(0.,-2.));
#15342 = VECTOR('',#15343,1.);
#15343 = DIRECTION('',(1.,0.));
#15344 = ( GEOMETRIC_REPRESENTATION_CONTEXT(2) 
PARAMETRIC_REPRESENTATION_CONTEXT() REPRESENTATION_CONTEXT('2D SPACE',''
  ) );
#15345 = PCURVE('',#7938,#15346);
#15346 = DEFINITIONAL_REPRESENTATION('',(#15347),#15351);
#15347 = LINE('',#15348,#15349);
#15348 = CARTESIAN_POINT('',(152.,1.));
#15349 = VECTOR('',#15350,1.);
#15350 = DIRECTION('',(-1.,0.));
#15351 = ( GEOMETRIC_REPRESENTATION_CONTEXT(2) 
PARAMETRIC_REPRESENTATION_CONTEXT() REPRESENTATION_CONTEXT('2D SPACE',''
  ) );
#15352 = ORIENTED_EDGE('',*,*,#15238,.F.);
#15353 = ADVANCED_FACE('',(#15354),#4451,.F.);
#15354 = FACE_BOUND('',#15355,.F.);
#15355 = EDGE_LOOP('',(#15356,#15357,#15358,#15381));
#15356 = ORIENTED_EDGE('',*,*,#4435,.F.);
#15357 = ORIENTED_EDGE('',*,*,#15284,.F.);
#15358 = ORIENTED_EDGE('',*,*,#15359,.T.);
#15359 = EDGE_CURVE('',#15262,#15360,#15362,.T.);
#15360 = VERTEX_POINT('',#15361);
#15361 = CARTESIAN_POINT('',(-23.,21.,-1.));
#15362 = SURFACE_CURVE('',#15363,(#15367,#15374),.PCURVE_S1.);
#15363 = LINE('',#15364,#15365);
#15364 = CARTESIAN_POINT('',(-86.,21.,-1.));
#15365 = VECTOR('',#15366,1.);
#15366 = DIRECTION('',(1.,0.,0.));
#15367 = PCURVE('',#4451,#15368);
#15368 = DEFINITIONAL_REPRESENTATION('',(#15369),#15373);
#15369 = LINE('',#15370,#15371);
#15370 = CARTESIAN_POINT('',(0.,-2.));
#15371 = VECTOR('',#15372,1.);
#15372 = DIRECTION('',(1.,0.));
#15373 = ( GEOMETRIC_REPRESENTATION_CONTEXT(2) 
PARAMETRIC_REPRESENTATION_CONTEXT() REPRESENTATION_CONTEXT('2D SPACE',''
  ) );
#15374 = PCURVE('',#7938,#15375);
#15375 = DEFINITIONAL_REPRESENTATION('',(#15376),#15380);
#15376 = LINE('',#15377,#15378);
#15377 = CARTESIAN_POINT('',(-20.,21.));
#15378 = VECTOR('',#15379,1.);
#15379 = DIRECTION('',(1.,0.));
#15380 = ( GEOMETRIC_REPRESENTATION_CONTEXT(2) 
PARAMETRIC_REPRESENTATION_CONTEXT() REPRESENTATION_CONTEXT('2D SPACE',''
  ) );
#15381 = ORIENTED_EDGE('',*,*,#15382,.F.);
#15382 = EDGE_CURVE('',#4436,#15360,#15383,.T.);
#15383 = SURFACE_CURVE('',#15384,(#15388,#15395),.PCURVE_S1.);
#15384 = LINE('',#15385,#15386);
#15385 = CARTESIAN_POINT('',(-23.,21.,-3.));
#15386 = VECTOR('',#15387,1.);
#15387 = DIRECTION('',(0.,-0.,1.));
#15388 = PCURVE('',#4451,#15389);
#15389 = DEFINITIONAL_REPRESENTATION('',(#15390),#15394);
#15390 = LINE('',#15391,#15392);
#15391 = CARTESIAN_POINT('',(63.,0.));
#15392 = VECTOR('',#15393,1.);
#15393 = DIRECTION('',(0.,-1.));
#15394 = ( GEOMETRIC_REPRESENTATION_CONTEXT(2) 
PARAMETRIC_REPRESENTATION_CONTEXT() REPRESENTATION_CONTEXT('2D SPACE',''
  ) );
#15395 = PCURVE('',#4479,#15396);
#15396 = DEFINITIONAL_REPRESENTATION('',(#15397),#15401);
#15397 = LINE('',#15398,#15399);
#15398 = CARTESIAN_POINT('',(65.,0.));
#15399 = VECTOR('',#15400,1.);
#15400 = DIRECTION('',(0.,-1.));
#15401 = ( GEOMETRIC_REPRESENTATION_CONTEXT(2) 
PARAMETRIC_REPRESENTATION_CONTEXT() REPRESENTATION_CONTEXT('2D SPACE',''
  ) );
#15402 = ADVANCED_FACE('',(#15403),#4479,.F.);
#15403 = FACE_BOUND('',#15404,.F.);
#15404 = EDGE_LOOP('',(#15405,#15406,#15407,#15428));
#15405 = ORIENTED_EDGE('',*,*,#4463,.F.);
#15406 = ORIENTED_EDGE('',*,*,#15382,.T.);
#15407 = ORIENTED_EDGE('',*,*,#15408,.T.);
#15408 = EDGE_CURVE('',#15360,#15310,#15409,.T.);
#15409 = SURFACE_CURVE('',#15410,(#15414,#15421),.PCURVE_S1.);
#15410 = LINE('',#15411,#15412);
#15411 = CARTESIAN_POINT('',(-23.,86.,-1.));
#15412 = VECTOR('',#15413,1.);
#15413 = DIRECTION('',(0.,-1.,0.));
#15414 = PCURVE('',#4479,#15415);
#15415 = DEFINITIONAL_REPRESENTATION('',(#15416),#15420);
#15416 = LINE('',#15417,#15418);
#15417 = CARTESIAN_POINT('',(0.,-2.));
#15418 = VECTOR('',#15419,1.);
#15419 = DIRECTION('',(1.,0.));
#15420 = ( GEOMETRIC_REPRESENTATION_CONTEXT(2) 
PARAMETRIC_REPRESENTATION_CONTEXT() REPRESENTATION_CONTEXT('2D SPACE',''
  ) );
#15421 = PCURVE('',#7938,#15422);
#15422 = DEFINITIONAL_REPRESENTATION('',(#15423),#15427);
#15423 = LINE('',#15424,#15425);
#15424 = CARTESIAN_POINT('',(43.,86.));
#15425 = VECTOR('',#15426,1.);
#15426 = DIRECTION('',(0.,-1.));
#15427 = ( GEOMETRIC_REPRESENTATION_CONTEXT(2) 
PARAMETRIC_REPRESENTATION_CONTEXT() REPRESENTATION_CONTEXT('2D SPACE',''
  ) );
#15428 = ORIENTED_EDGE('',*,*,#15309,.T.);
#15429 = ADVANCED_FACE('',(#15430),#4537,.F.);
#15430 = FACE_BOUND('',#15431,.F.);
#15431 = EDGE_LOOP('',(#15432,#15433,#15456,#15479));
#15432 = ORIENTED_EDGE('',*,*,#4519,.F.);
#15433 = ORIENTED_EDGE('',*,*,#15434,.T.);
#15434 = EDGE_CURVE('',#4520,#15435,#15437,.T.);
#15435 = VERTEX_POINT('',#15436);
#15436 = CARTESIAN_POINT('',(-21.,1.,-1.));
#15437 = SURFACE_CURVE('',#15438,(#15442,#15449),.PCURVE_S1.);
#15438 = LINE('',#15439,#15440);
#15439 = CARTESIAN_POINT('',(-21.,1.,-3.));
#15440 = VECTOR('',#15441,1.);
#15441 = DIRECTION('',(0.,0.,1.));
#15442 = PCURVE('',#4537,#15443);
#15443 = DEFINITIONAL_REPRESENTATION('',(#15444),#15448);
#15444 = LINE('',#15445,#15446);
#15445 = CARTESIAN_POINT('',(87.,0.));
#15446 = VECTOR('',#15447,1.);
#15447 = DIRECTION('',(0.,-1.));
#15448 = ( GEOMETRIC_REPRESENTATION_CONTEXT(2) 
PARAMETRIC_REPRESENTATION_CONTEXT() REPRESENTATION_CONTEXT('2D SPACE',''
  ) );
#15449 = PCURVE('',#4619,#15450);
#15450 = DEFINITIONAL_REPRESENTATION('',(#15451),#15455);
#15451 = LINE('',#15452,#15453);
#15452 = CARTESIAN_POINT('',(107.,0.));
#15453 = VECTOR('',#15454,1.);
#15454 = DIRECTION('',(0.,-1.));
#15455 = ( GEOMETRIC_REPRESENTATION_CONTEXT(2) 
PARAMETRIC_REPRESENTATION_CONTEXT() REPRESENTATION_CONTEXT('2D SPACE',''
  ) );
#15456 = ORIENTED_EDGE('',*,*,#15457,.T.);
#15457 = EDGE_CURVE('',#15435,#15458,#15460,.T.);
#15458 = VERTEX_POINT('',#15459);
#15459 = CARTESIAN_POINT('',(-21.,21.,-1.));
#15460 = SURFACE_CURVE('',#15461,(#15465,#15472),.PCURVE_S1.);
#15461 = LINE('',#15462,#15463);
#15462 = CARTESIAN_POINT('',(-21.,-86.,-1.));
#15463 = VECTOR('',#15464,1.);
#15464 = DIRECTION('',(0.,1.,0.));
#15465 = PCURVE('',#4537,#15466);
#15466 = DEFINITIONAL_REPRESENTATION('',(#15467),#15471);
#15467 = LINE('',#15468,#15469);
#15468 = CARTESIAN_POINT('',(0.,-2.));
#15469 = VECTOR('',#15470,1.);
#15470 = DIRECTION('',(1.,0.));
#15471 = ( GEOMETRIC_REPRESENTATION_CONTEXT(2) 
PARAMETRIC_REPRESENTATION_CONTEXT() REPRESENTATION_CONTEXT('2D SPACE',''
  ) );
#15472 = PCURVE('',#7938,#15473);
#15473 = DEFINITIONAL_REPRESENTATION('',(#15474),#15478);
#15474 = LINE('',#15475,#15476);
#15475 = CARTESIAN_POINT('',(45.,-86.));
#15476 = VECTOR('',#15477,1.);
#15477 = DIRECTION('',(0.,1.));
#15478 = ( GEOMETRIC_REPRESENTATION_CONTEXT(2) 
PARAMETRIC_REPRESENTATION_CONTEXT() REPRESENTATION_CONTEXT('2D SPACE',''
  ) );
#15479 = ORIENTED_EDGE('',*,*,#15480,.T.);
#15480 = EDGE_CURVE('',#15458,#4522,#15481,.T.);
#15481 = SURFACE_CURVE('',#15482,(#15486,#15493),.PCURVE_S1.);
#15482 = LINE('',#15483,#15484);
#15483 = CARTESIAN_POINT('',(-21.,21.,-3.));
#15484 = VECTOR('',#15485,1.);
#15485 = DIRECTION('',(0.,0.,-1.));
#15486 = PCURVE('',#4537,#15487);
#15487 = DEFINITIONAL_REPRESENTATION('',(#15488),#15492);
#15488 = LINE('',#15489,#15490);
#15489 = CARTESIAN_POINT('',(107.,0.));
#15490 = VECTOR('',#15491,1.);
#15491 = DIRECTION('',(0.,1.));
#15492 = ( GEOMETRIC_REPRESENTATION_CONTEXT(2) 
PARAMETRIC_REPRESENTATION_CONTEXT() REPRESENTATION_CONTEXT('2D SPACE',''
  ) );
#15493 = PCURVE('',#4565,#15494);
#15494 = DEFINITIONAL_REPRESENTATION('',(#15495),#15499);
#15495 = LINE('',#15496,#15497);
#15496 = CARTESIAN_POINT('',(65.,0.));
#15497 = VECTOR('',#15498,1.);
#15498 = DIRECTION('',(0.,1.));
#15499 = ( GEOMETRIC_REPRESENTATION_CONTEXT(2) 
PARAMETRIC_REPRESENTATION_CONTEXT() REPRESENTATION_CONTEXT('2D SPACE',''
  ) );
#15500 = ADVANCED_FACE('',(#15501),#4619,.F.);
#15501 = FACE_BOUND('',#15502,.F.);
#15502 = EDGE_LOOP('',(#15503,#15504,#15527,#15548));
#15503 = ORIENTED_EDGE('',*,*,#4605,.F.);
#15504 = ORIENTED_EDGE('',*,*,#15505,.F.);
#15505 = EDGE_CURVE('',#15506,#4578,#15508,.T.);
#15506 = VERTEX_POINT('',#15507);
#15507 = CARTESIAN_POINT('',(-1.,1.,-1.));
#15508 = SURFACE_CURVE('',#15509,(#15513,#15520),.PCURVE_S1.);
#15509 = LINE('',#15510,#15511);
#15510 = CARTESIAN_POINT('',(-1.,1.,-3.));
#15511 = VECTOR('',#15512,1.);
#15512 = DIRECTION('',(0.,-0.,-1.));
#15513 = PCURVE('',#4619,#15514);
#15514 = DEFINITIONAL_REPRESENTATION('',(#15515),#15519);
#15515 = LINE('',#15516,#15517);
#15516 = CARTESIAN_POINT('',(87.,0.));
#15517 = VECTOR('',#15518,1.);
#15518 = DIRECTION('',(0.,1.));
#15519 = ( GEOMETRIC_REPRESENTATION_CONTEXT(2) 
PARAMETRIC_REPRESENTATION_CONTEXT() REPRESENTATION_CONTEXT('2D SPACE',''
  ) );
#15520 = PCURVE('',#4593,#15521);
#15521 = DEFINITIONAL_REPRESENTATION('',(#15522),#15526);
#15522 = LINE('',#15523,#15524);
#15523 = CARTESIAN_POINT('',(85.,0.));
#15524 = VECTOR('',#15525,1.);
#15525 = DIRECTION('',(0.,1.));
#15526 = ( GEOMETRIC_REPRESENTATION_CONTEXT(2) 
PARAMETRIC_REPRESENTATION_CONTEXT() REPRESENTATION_CONTEXT('2D SPACE',''
  ) );
#15527 = ORIENTED_EDGE('',*,*,#15528,.T.);
#15528 = EDGE_CURVE('',#15506,#15435,#15529,.T.);
#15529 = SURFACE_CURVE('',#15530,(#15534,#15541),.PCURVE_S1.);
#15530 = LINE('',#15531,#15532);
#15531 = CARTESIAN_POINT('',(86.,1.,-1.));
#15532 = VECTOR('',#15533,1.);
#15533 = DIRECTION('',(-1.,0.,0.));
#15534 = PCURVE('',#4619,#15535);
#15535 = DEFINITIONAL_REPRESENTATION('',(#15536),#15540);
#15536 = LINE('',#15537,#15538);
#15537 = CARTESIAN_POINT('',(0.,-2.));
#15538 = VECTOR('',#15539,1.);
#15539 = DIRECTION('',(1.,0.));
#15540 = ( GEOMETRIC_REPRESENTATION_CONTEXT(2) 
PARAMETRIC_REPRESENTATION_CONTEXT() REPRESENTATION_CONTEXT('2D SPACE',''
  ) );
#15541 = PCURVE('',#7938,#15542);
#15542 = DEFINITIONAL_REPRESENTATION('',(#15543),#15547);
#15543 = LINE('',#15544,#15545);
#15544 = CARTESIAN_POINT('',(152.,1.));
#15545 = VECTOR('',#15546,1.);
#15546 = DIRECTION('',(-1.,0.));
#15547 = ( GEOMETRIC_REPRESENTATION_CONTEXT(2) 
PARAMETRIC_REPRESENTATION_CONTEXT() REPRESENTATION_CONTEXT('2D SPACE',''
  ) );
#15548 = ORIENTED_EDGE('',*,*,#15434,.F.);
#15549 = ADVANCED_FACE('',(#15550),#4565,.F.);
#15550 = FACE_BOUND('',#15551,.F.);
#15551 = EDGE_LOOP('',(#15552,#15553,#15554,#15577));
#15552 = ORIENTED_EDGE('',*,*,#4549,.F.);
#15553 = ORIENTED_EDGE('',*,*,#15480,.F.);
#15554 = ORIENTED_EDGE('',*,*,#15555,.T.);
#15555 = EDGE_CURVE('',#15458,#15556,#15558,.T.);
#15556 = VERTEX_POINT('',#15557);
#15557 = CARTESIAN_POINT('',(-1.,21.,-1.));
#15558 = SURFACE_CURVE('',#15559,(#15563,#15570),.PCURVE_S1.);
#15559 = LINE('',#15560,#15561);
#15560 = CARTESIAN_POINT('',(-86.,21.,-1.));
#15561 = VECTOR('',#15562,1.);
#15562 = DIRECTION('',(1.,0.,0.));
#15563 = PCURVE('',#4565,#15564);
#15564 = DEFINITIONAL_REPRESENTATION('',(#15565),#15569);
#15565 = LINE('',#15566,#15567);
#15566 = CARTESIAN_POINT('',(0.,-2.));
#15567 = VECTOR('',#15568,1.);
#15568 = DIRECTION('',(1.,0.));
#15569 = ( GEOMETRIC_REPRESENTATION_CONTEXT(2) 
PARAMETRIC_REPRESENTATION_CONTEXT() REPRESENTATION_CONTEXT('2D SPACE',''
  ) );
#15570 = PCURVE('',#7938,#15571);
#15571 = DEFINITIONAL_REPRESENTATION('',(#15572),#15576);
#15572 = LINE('',#15573,#15574);
#15573 = CARTESIAN_POINT('',(-20.,21.));
#15574 = VECTOR('',#15575,1.);
#15575 = DIRECTION('',(1.,0.));
#15576 = ( GEOMETRIC_REPRESENTATION_CONTEXT(2) 
PARAMETRIC_REPRESENTATION_CONTEXT() REPRESENTATION_CONTEXT('2D SPACE',''
  ) );
#15577 = ORIENTED_EDGE('',*,*,#15578,.F.);
#15578 = EDGE_CURVE('',#4550,#15556,#15579,.T.);
#15579 = SURFACE_CURVE('',#15580,(#15584,#15591),.PCURVE_S1.);
#15580 = LINE('',#15581,#15582);
#15581 = CARTESIAN_POINT('',(-1.,21.,-3.));
#15582 = VECTOR('',#15583,1.);
#15583 = DIRECTION('',(0.,-0.,1.));
#15584 = PCURVE('',#4565,#15585);
#15585 = DEFINITIONAL_REPRESENTATION('',(#15586),#15590);
#15586 = LINE('',#15587,#15588);
#15587 = CARTESIAN_POINT('',(85.,0.));
#15588 = VECTOR('',#15589,1.);
#15589 = DIRECTION('',(0.,-1.));
#15590 = ( GEOMETRIC_REPRESENTATION_CONTEXT(2) 
PARAMETRIC_REPRESENTATION_CONTEXT() REPRESENTATION_CONTEXT('2D SPACE',''
  ) );
#15591 = PCURVE('',#4593,#15592);
#15592 = DEFINITIONAL_REPRESENTATION('',(#15593),#15597);
#15593 = LINE('',#15594,#15595);
#15594 = CARTESIAN_POINT('',(65.,0.));
#15595 = VECTOR('',#15596,1.);
#15596 = DIRECTION('',(0.,-1.));
#15597 = ( GEOMETRIC_REPRESENTATION_CONTEXT(2) 
PARAMETRIC_REPRESENTATION_CONTEXT() REPRESENTATION_CONTEXT('2D SPACE',''
  ) );
#15598 = ADVANCED_FACE('',(#15599),#4593,.F.);
#15599 = FACE_BOUND('',#15600,.F.);
#15600 = EDGE_LOOP('',(#15601,#15602,#15603,#15624));
#15601 = ORIENTED_EDGE('',*,*,#4577,.F.);
#15602 = ORIENTED_EDGE('',*,*,#15578,.T.);
#15603 = ORIENTED_EDGE('',*,*,#15604,.T.);
#15604 = EDGE_CURVE('',#15556,#15506,#15605,.T.);
#15605 = SURFACE_CURVE('',#15606,(#15610,#15617),.PCURVE_S1.);
#15606 = LINE('',#15607,#15608);
#15607 = CARTESIAN_POINT('',(-1.,86.,-1.));
#15608 = VECTOR('',#15609,1.);
#15609 = DIRECTION('',(0.,-1.,0.));
#15610 = PCURVE('',#4593,#15611);
#15611 = DEFINITIONAL_REPRESENTATION('',(#15612),#15616);
#15612 = LINE('',#15613,#15614);
#15613 = CARTESIAN_POINT('',(0.,-2.));
#15614 = VECTOR('',#15615,1.);
#15615 = DIRECTION('',(1.,0.));
#15616 = ( GEOMETRIC_REPRESENTATION_CONTEXT(2) 
PARAMETRIC_REPRESENTATION_CONTEXT() REPRESENTATION_CONTEXT('2D SPACE',''
  ) );
#15617 = PCURVE('',#7938,#15618);
#15618 = DEFINITIONAL_REPRESENTATION('',(#15619),#15623);
#15619 = LINE('',#15620,#15621);
#15620 = CARTESIAN_POINT('',(65.,86.));
#15621 = VECTOR('',#15622,1.);
#15622 = DIRECTION('',(0.,-1.));
#15623 = ( GEOMETRIC_REPRESENTATION_CONTEXT(2) 
PARAMETRIC_REPRESENTATION_CONTEXT() REPRESENTATION_CONTEXT('2D SPACE',''
  ) );
#15624 = ORIENTED_EDGE('',*,*,#15505,.T.);
#15625 = ADVANCED_FACE('',(#15626),#4651,.F.);
#15626 = FACE_BOUND('',#15627,.F.);
#15627 = EDGE_LOOP('',(#15628,#15629,#15652,#15675));
#15628 = ORIENTED_EDGE('',*,*,#4633,.F.);
#15629 = ORIENTED_EDGE('',*,*,#15630,.T.);
#15630 = EDGE_CURVE('',#4634,#15631,#15633,.T.);
#15631 = VERTEX_POINT('',#15632);
#15632 = CARTESIAN_POINT('',(-43.,23.,-1.));
#15633 = SURFACE_CURVE('',#15634,(#15638,#15645),.PCURVE_S1.);
#15634 = LINE('',#15635,#15636);
#15635 = CARTESIAN_POINT('',(-43.,23.,-3.));
#15636 = VECTOR('',#15637,1.);
#15637 = DIRECTION('',(0.,0.,1.));
#15638 = PCURVE('',#4651,#15639);
#15639 = DEFINITIONAL_REPRESENTATION('',(#15640),#15644);
#15640 = LINE('',#15641,#15642);
#15641 = CARTESIAN_POINT('',(109.,0.));
#15642 = VECTOR('',#15643,1.);
#15643 = DIRECTION('',(0.,-1.));
#15644 = ( GEOMETRIC_REPRESENTATION_CONTEXT(2) 
PARAMETRIC_REPRESENTATION_CONTEXT() REPRESENTATION_CONTEXT('2D SPACE',''
  ) );
#15645 = PCURVE('',#4733,#15646);
#15646 = DEFINITIONAL_REPRESENTATION('',(#15647),#15651);
#15647 = LINE('',#15648,#15649);
#15648 = CARTESIAN_POINT('',(129.,0.));
#15649 = VECTOR('',#15650,1.);
#15650 = DIRECTION('',(0.,-1.));
#15651 = ( GEOMETRIC_REPRESENTATION_CONTEXT(2) 
PARAMETRIC_REPRESENTATION_CONTEXT() REPRESENTATION_CONTEXT('2D SPACE',''
  ) );
#15652 = ORIENTED_EDGE('',*,*,#15653,.T.);
#15653 = EDGE_CURVE('',#15631,#15654,#15656,.T.);
#15654 = VERTEX_POINT('',#15655);
#15655 = CARTESIAN_POINT('',(-43.,43.,-1.));
#15656 = SURFACE_CURVE('',#15657,(#15661,#15668),.PCURVE_S1.);
#15657 = LINE('',#15658,#15659);
#15658 = CARTESIAN_POINT('',(-43.,-86.,-1.));
#15659 = VECTOR('',#15660,1.);
#15660 = DIRECTION('',(0.,1.,0.));
#15661 = PCURVE('',#4651,#15662);
#15662 = DEFINITIONAL_REPRESENTATION('',(#15663),#15667);
#15663 = LINE('',#15664,#15665);
#15664 = CARTESIAN_POINT('',(0.,-2.));
#15665 = VECTOR('',#15666,1.);
#15666 = DIRECTION('',(1.,0.));
#15667 = ( GEOMETRIC_REPRESENTATION_CONTEXT(2) 
PARAMETRIC_REPRESENTATION_CONTEXT() REPRESENTATION_CONTEXT('2D SPACE',''
  ) );
#15668 = PCURVE('',#7938,#15669);
#15669 = DEFINITIONAL_REPRESENTATION('',(#15670),#15674);
#15670 = LINE('',#15671,#15672);
#15671 = CARTESIAN_POINT('',(23.,-86.));
#15672 = VECTOR('',#15673,1.);
#15673 = DIRECTION('',(0.,1.));
#15674 = ( GEOMETRIC_REPRESENTATION_CONTEXT(2) 
PARAMETRIC_REPRESENTATION_CONTEXT() REPRESENTATION_CONTEXT('2D SPACE',''
  ) );
#15675 = ORIENTED_EDGE('',*,*,#15676,.T.);
#15676 = EDGE_CURVE('',#15654,#4636,#15677,.T.);
#15677 = SURFACE_CURVE('',#15678,(#15682,#15689),.PCURVE_S1.);
#15678 = LINE('',#15679,#15680);
#15679 = CARTESIAN_POINT('',(-43.,43.,-3.));
#15680 = VECTOR('',#15681,1.);
#15681 = DIRECTION('',(0.,0.,-1.));
#15682 = PCURVE('',#4651,#15683);
#15683 = DEFINITIONAL_REPRESENTATION('',(#15684),#15688);
#15684 = LINE('',#15685,#15686);
#15685 = CARTESIAN_POINT('',(129.,0.));
#15686 = VECTOR('',#15687,1.);
#15687 = DIRECTION('',(0.,1.));
#15688 = ( GEOMETRIC_REPRESENTATION_CONTEXT(2) 
PARAMETRIC_REPRESENTATION_CONTEXT() REPRESENTATION_CONTEXT('2D SPACE',''
  ) );
#15689 = PCURVE('',#4679,#15690);
#15690 = DEFINITIONAL_REPRESENTATION('',(#15691),#15695);
#15691 = LINE('',#15692,#15693);
#15692 = CARTESIAN_POINT('',(43.,0.));
#15693 = VECTOR('',#15694,1.);
#15694 = DIRECTION('',(0.,1.));
#15695 = ( GEOMETRIC_REPRESENTATION_CONTEXT(2) 
PARAMETRIC_REPRESENTATION_CONTEXT() REPRESENTATION_CONTEXT('2D SPACE',''
  ) );
#15696 = ADVANCED_FACE('',(#15697),#4733,.F.);
#15697 = FACE_BOUND('',#15698,.F.);
#15698 = EDGE_LOOP('',(#15699,#15700,#15723,#15744));
#15699 = ORIENTED_EDGE('',*,*,#4719,.F.);
#15700 = ORIENTED_EDGE('',*,*,#15701,.F.);
#15701 = EDGE_CURVE('',#15702,#4692,#15704,.T.);
#15702 = VERTEX_POINT('',#15703);
#15703 = CARTESIAN_POINT('',(-23.,23.,-1.));
#15704 = SURFACE_CURVE('',#15705,(#15709,#15716),.PCURVE_S1.);
#15705 = LINE('',#15706,#15707);
#15706 = CARTESIAN_POINT('',(-23.,23.,-3.));
#15707 = VECTOR('',#15708,1.);
#15708 = DIRECTION('',(0.,-0.,-1.));
#15709 = PCURVE('',#4733,#15710);
#15710 = DEFINITIONAL_REPRESENTATION('',(#15711),#15715);
#15711 = LINE('',#15712,#15713);
#15712 = CARTESIAN_POINT('',(109.,0.));
#15713 = VECTOR('',#15714,1.);
#15714 = DIRECTION('',(0.,1.));
#15715 = ( GEOMETRIC_REPRESENTATION_CONTEXT(2) 
PARAMETRIC_REPRESENTATION_CONTEXT() REPRESENTATION_CONTEXT('2D SPACE',''
  ) );
#15716 = PCURVE('',#4707,#15717);
#15717 = DEFINITIONAL_REPRESENTATION('',(#15718),#15722);
#15718 = LINE('',#15719,#15720);
#15719 = CARTESIAN_POINT('',(63.,0.));
#15720 = VECTOR('',#15721,1.);
#15721 = DIRECTION('',(0.,1.));
#15722 = ( GEOMETRIC_REPRESENTATION_CONTEXT(2) 
PARAMETRIC_REPRESENTATION_CONTEXT() REPRESENTATION_CONTEXT('2D SPACE',''
  ) );
#15723 = ORIENTED_EDGE('',*,*,#15724,.T.);
#15724 = EDGE_CURVE('',#15702,#15631,#15725,.T.);
#15725 = SURFACE_CURVE('',#15726,(#15730,#15737),.PCURVE_S1.);
#15726 = LINE('',#15727,#15728);
#15727 = CARTESIAN_POINT('',(86.,23.,-1.));
#15728 = VECTOR('',#15729,1.);
#15729 = DIRECTION('',(-1.,0.,0.));
#15730 = PCURVE('',#4733,#15731);
#15731 = DEFINITIONAL_REPRESENTATION('',(#15732),#15736);
#15732 = LINE('',#15733,#15734);
#15733 = CARTESIAN_POINT('',(0.,-2.));
#15734 = VECTOR('',#15735,1.);
#15735 = DIRECTION('',(1.,0.));
#15736 = ( GEOMETRIC_REPRESENTATION_CONTEXT(2) 
PARAMETRIC_REPRESENTATION_CONTEXT() REPRESENTATION_CONTEXT('2D SPACE',''
  ) );
#15737 = PCURVE('',#7938,#15738);
#15738 = DEFINITIONAL_REPRESENTATION('',(#15739),#15743);
#15739 = LINE('',#15740,#15741);
#15740 = CARTESIAN_POINT('',(152.,23.));
#15741 = VECTOR('',#15742,1.);
#15742 = DIRECTION('',(-1.,0.));
#15743 = ( GEOMETRIC_REPRESENTATION_CONTEXT(2) 
PARAMETRIC_REPRESENTATION_CONTEXT() REPRESENTATION_CONTEXT('2D SPACE',''
  ) );
#15744 = ORIENTED_EDGE('',*,*,#15630,.F.);
#15745 = ADVANCED_FACE('',(#15746),#4679,.F.);
#15746 = FACE_BOUND('',#15747,.F.);
#15747 = EDGE_LOOP('',(#15748,#15749,#15750,#15773));
#15748 = ORIENTED_EDGE('',*,*,#4663,.F.);
#15749 = ORIENTED_EDGE('',*,*,#15676,.F.);
#15750 = ORIENTED_EDGE('',*,*,#15751,.T.);
#15751 = EDGE_CURVE('',#15654,#15752,#15754,.T.);
#15752 = VERTEX_POINT('',#15753);
#15753 = CARTESIAN_POINT('',(-23.,43.,-1.));
#15754 = SURFACE_CURVE('',#15755,(#15759,#15766),.PCURVE_S1.);
#15755 = LINE('',#15756,#15757);
#15756 = CARTESIAN_POINT('',(-86.,43.,-1.));
#15757 = VECTOR('',#15758,1.);
#15758 = DIRECTION('',(1.,0.,0.));
#15759 = PCURVE('',#4679,#15760);
#15760 = DEFINITIONAL_REPRESENTATION('',(#15761),#15765);
#15761 = LINE('',#15762,#15763);
#15762 = CARTESIAN_POINT('',(0.,-2.));
#15763 = VECTOR('',#15764,1.);
#15764 = DIRECTION('',(1.,0.));
#15765 = ( GEOMETRIC_REPRESENTATION_CONTEXT(2) 
PARAMETRIC_REPRESENTATION_CONTEXT() REPRESENTATION_CONTEXT('2D SPACE',''
  ) );
#15766 = PCURVE('',#7938,#15767);
#15767 = DEFINITIONAL_REPRESENTATION('',(#15768),#15772);
#15768 = LINE('',#15769,#15770);
#15769 = CARTESIAN_POINT('',(-20.,43.));
#15770 = VECTOR('',#15771,1.);
#15771 = DIRECTION('',(1.,0.));
#15772 = ( GEOMETRIC_REPRESENTATION_CONTEXT(2) 
PARAMETRIC_REPRESENTATION_CONTEXT() REPRESENTATION_CONTEXT('2D SPACE',''
  ) );
#15773 = ORIENTED_EDGE('',*,*,#15774,.F.);
#15774 = EDGE_CURVE('',#4664,#15752,#15775,.T.);
#15775 = SURFACE_CURVE('',#15776,(#15780,#15787),.PCURVE_S1.);
#15776 = LINE('',#15777,#15778);
#15777 = CARTESIAN_POINT('',(-23.,43.,-3.));
#15778 = VECTOR('',#15779,1.);
#15779 = DIRECTION('',(0.,-0.,1.));
#15780 = PCURVE('',#4679,#15781);
#15781 = DEFINITIONAL_REPRESENTATION('',(#15782),#15786);
#15782 = LINE('',#15783,#15784);
#15783 = CARTESIAN_POINT('',(63.,0.));
#15784 = VECTOR('',#15785,1.);
#15785 = DIRECTION('',(0.,-1.));
#15786 = ( GEOMETRIC_REPRESENTATION_CONTEXT(2) 
PARAMETRIC_REPRESENTATION_CONTEXT() REPRESENTATION_CONTEXT('2D SPACE',''
  ) );
#15787 = PCURVE('',#4707,#15788);
#15788 = DEFINITIONAL_REPRESENTATION('',(#15789),#15793);
#15789 = LINE('',#15790,#15791);
#15790 = CARTESIAN_POINT('',(43.,0.));
#15791 = VECTOR('',#15792,1.);
#15792 = DIRECTION('',(0.,-1.));
#15793 = ( GEOMETRIC_REPRESENTATION_CONTEXT(2) 
PARAMETRIC_REPRESENTATION_CONTEXT() REPRESENTATION_CONTEXT('2D SPACE',''
  ) );
#15794 = ADVANCED_FACE('',(#15795),#4707,.F.);
#15795 = FACE_BOUND('',#15796,.F.);
#15796 = EDGE_LOOP('',(#15797,#15798,#15799,#15820));
#15797 = ORIENTED_EDGE('',*,*,#4691,.F.);
#15798 = ORIENTED_EDGE('',*,*,#15774,.T.);
#15799 = ORIENTED_EDGE('',*,*,#15800,.T.);
#15800 = EDGE_CURVE('',#15752,#15702,#15801,.T.);
#15801 = SURFACE_CURVE('',#15802,(#15806,#15813),.PCURVE_S1.);
#15802 = LINE('',#15803,#15804);
#15803 = CARTESIAN_POINT('',(-23.,86.,-1.));
#15804 = VECTOR('',#15805,1.);
#15805 = DIRECTION('',(0.,-1.,0.));
#15806 = PCURVE('',#4707,#15807);
#15807 = DEFINITIONAL_REPRESENTATION('',(#15808),#15812);
#15808 = LINE('',#15809,#15810);
#15809 = CARTESIAN_POINT('',(0.,-2.));
#15810 = VECTOR('',#15811,1.);
#15811 = DIRECTION('',(1.,0.));
#15812 = ( GEOMETRIC_REPRESENTATION_CONTEXT(2) 
PARAMETRIC_REPRESENTATION_CONTEXT() REPRESENTATION_CONTEXT('2D SPACE',''
  ) );
#15813 = PCURVE('',#7938,#15814);
#15814 = DEFINITIONAL_REPRESENTATION('',(#15815),#15819);
#15815 = LINE('',#15816,#15817);
#15816 = CARTESIAN_POINT('',(43.,86.));
#15817 = VECTOR('',#15818,1.);
#15818 = DIRECTION('',(0.,-1.));
#15819 = ( GEOMETRIC_REPRESENTATION_CONTEXT(2) 
PARAMETRIC_REPRESENTATION_CONTEXT() REPRESENTATION_CONTEXT('2D SPACE',''
  ) );
#15820 = ORIENTED_EDGE('',*,*,#15701,.T.);
#15821 = ADVANCED_FACE('',(#15822),#4765,.F.);
#15822 = FACE_BOUND('',#15823,.F.);
#15823 = EDGE_LOOP('',(#15824,#15825,#15848,#15871));
#15824 = ORIENTED_EDGE('',*,*,#4747,.F.);
#15825 = ORIENTED_EDGE('',*,*,#15826,.T.);
#15826 = EDGE_CURVE('',#4748,#15827,#15829,.T.);
#15827 = VERTEX_POINT('',#15828);
#15828 = CARTESIAN_POINT('',(-21.,23.,-1.));
#15829 = SURFACE_CURVE('',#15830,(#15834,#15841),.PCURVE_S1.);
#15830 = LINE('',#15831,#15832);
#15831 = CARTESIAN_POINT('',(-21.,23.,-3.));
#15832 = VECTOR('',#15833,1.);
#15833 = DIRECTION('',(0.,0.,1.));
#15834 = PCURVE('',#4765,#15835);
#15835 = DEFINITIONAL_REPRESENTATION('',(#15836),#15840);
#15836 = LINE('',#15837,#15838);
#15837 = CARTESIAN_POINT('',(109.,0.));
#15838 = VECTOR('',#15839,1.);
#15839 = DIRECTION('',(0.,-1.));
#15840 = ( GEOMETRIC_REPRESENTATION_CONTEXT(2) 
PARAMETRIC_REPRESENTATION_CONTEXT() REPRESENTATION_CONTEXT('2D SPACE',''
  ) );
#15841 = PCURVE('',#4847,#15842);
#15842 = DEFINITIONAL_REPRESENTATION('',(#15843),#15847);
#15843 = LINE('',#15844,#15845);
#15844 = CARTESIAN_POINT('',(107.,0.));
#15845 = VECTOR('',#15846,1.);
#15846 = DIRECTION('',(0.,-1.));
#15847 = ( GEOMETRIC_REPRESENTATION_CONTEXT(2) 
PARAMETRIC_REPRESENTATION_CONTEXT() REPRESENTATION_CONTEXT('2D SPACE',''
  ) );
#15848 = ORIENTED_EDGE('',*,*,#15849,.T.);
#15849 = EDGE_CURVE('',#15827,#15850,#15852,.T.);
#15850 = VERTEX_POINT('',#15851);
#15851 = CARTESIAN_POINT('',(-21.,43.,-1.));
#15852 = SURFACE_CURVE('',#15853,(#15857,#15864),.PCURVE_S1.);
#15853 = LINE('',#15854,#15855);
#15854 = CARTESIAN_POINT('',(-21.,-86.,-1.));
#15855 = VECTOR('',#15856,1.);
#15856 = DIRECTION('',(0.,1.,0.));
#15857 = PCURVE('',#4765,#15858);
#15858 = DEFINITIONAL_REPRESENTATION('',(#15859),#15863);
#15859 = LINE('',#15860,#15861);
#15860 = CARTESIAN_POINT('',(0.,-2.));
#15861 = VECTOR('',#15862,1.);
#15862 = DIRECTION('',(1.,0.));
#15863 = ( GEOMETRIC_REPRESENTATION_CONTEXT(2) 
PARAMETRIC_REPRESENTATION_CONTEXT() REPRESENTATION_CONTEXT('2D SPACE',''
  ) );
#15864 = PCURVE('',#7938,#15865);
#15865 = DEFINITIONAL_REPRESENTATION('',(#15866),#15870);
#15866 = LINE('',#15867,#15868);
#15867 = CARTESIAN_POINT('',(45.,-86.));
#15868 = VECTOR('',#15869,1.);
#15869 = DIRECTION('',(0.,1.));
#15870 = ( GEOMETRIC_REPRESENTATION_CONTEXT(2) 
PARAMETRIC_REPRESENTATION_CONTEXT() REPRESENTATION_CONTEXT('2D SPACE',''
  ) );
#15871 = ORIENTED_EDGE('',*,*,#15872,.T.);
#15872 = EDGE_CURVE('',#15850,#4750,#15873,.T.);
#15873 = SURFACE_CURVE('',#15874,(#15878,#15885),.PCURVE_S1.);
#15874 = LINE('',#15875,#15876);
#15875 = CARTESIAN_POINT('',(-21.,43.,-3.));
#15876 = VECTOR('',#15877,1.);
#15877 = DIRECTION('',(0.,0.,-1.));
#15878 = PCURVE('',#4765,#15879);
#15879 = DEFINITIONAL_REPRESENTATION('',(#15880),#15884);
#15880 = LINE('',#15881,#15882);
#15881 = CARTESIAN_POINT('',(129.,0.));
#15882 = VECTOR('',#15883,1.);
#15883 = DIRECTION('',(0.,1.));
#15884 = ( GEOMETRIC_REPRESENTATION_CONTEXT(2) 
PARAMETRIC_REPRESENTATION_CONTEXT() REPRESENTATION_CONTEXT('2D SPACE',''
  ) );
#15885 = PCURVE('',#4793,#15886);
#15886 = DEFINITIONAL_REPRESENTATION('',(#15887),#15891);
#15887 = LINE('',#15888,#15889);
#15888 = CARTESIAN_POINT('',(65.,0.));
#15889 = VECTOR('',#15890,1.);
#15890 = DIRECTION('',(0.,1.));
#15891 = ( GEOMETRIC_REPRESENTATION_CONTEXT(2) 
PARAMETRIC_REPRESENTATION_CONTEXT() REPRESENTATION_CONTEXT('2D SPACE',''
  ) );
#15892 = ADVANCED_FACE('',(#15893),#4847,.F.);
#15893 = FACE_BOUND('',#15894,.F.);
#15894 = EDGE_LOOP('',(#15895,#15896,#15919,#15940));
#15895 = ORIENTED_EDGE('',*,*,#4833,.F.);
#15896 = ORIENTED_EDGE('',*,*,#15897,.F.);
#15897 = EDGE_CURVE('',#15898,#4806,#15900,.T.);
#15898 = VERTEX_POINT('',#15899);
#15899 = CARTESIAN_POINT('',(-1.,23.,-1.));
#15900 = SURFACE_CURVE('',#15901,(#15905,#15912),.PCURVE_S1.);
#15901 = LINE('',#15902,#15903);
#15902 = CARTESIAN_POINT('',(-1.,23.,-3.));
#15903 = VECTOR('',#15904,1.);
#15904 = DIRECTION('',(0.,-0.,-1.));
#15905 = PCURVE('',#4847,#15906);
#15906 = DEFINITIONAL_REPRESENTATION('',(#15907),#15911);
#15907 = LINE('',#15908,#15909);
#15908 = CARTESIAN_POINT('',(87.,0.));
#15909 = VECTOR('',#15910,1.);
#15910 = DIRECTION('',(0.,1.));
#15911 = ( GEOMETRIC_REPRESENTATION_CONTEXT(2) 
PARAMETRIC_REPRESENTATION_CONTEXT() REPRESENTATION_CONTEXT('2D SPACE',''
  ) );
#15912 = PCURVE('',#4821,#15913);
#15913 = DEFINITIONAL_REPRESENTATION('',(#15914),#15918);
#15914 = LINE('',#15915,#15916);
#15915 = CARTESIAN_POINT('',(63.,0.));
#15916 = VECTOR('',#15917,1.);
#15917 = DIRECTION('',(0.,1.));
#15918 = ( GEOMETRIC_REPRESENTATION_CONTEXT(2) 
PARAMETRIC_REPRESENTATION_CONTEXT() REPRESENTATION_CONTEXT('2D SPACE',''
  ) );
#15919 = ORIENTED_EDGE('',*,*,#15920,.T.);
#15920 = EDGE_CURVE('',#15898,#15827,#15921,.T.);
#15921 = SURFACE_CURVE('',#15922,(#15926,#15933),.PCURVE_S1.);
#15922 = LINE('',#15923,#15924);
#15923 = CARTESIAN_POINT('',(86.,23.,-1.));
#15924 = VECTOR('',#15925,1.);
#15925 = DIRECTION('',(-1.,0.,0.));
#15926 = PCURVE('',#4847,#15927);
#15927 = DEFINITIONAL_REPRESENTATION('',(#15928),#15932);
#15928 = LINE('',#15929,#15930);
#15929 = CARTESIAN_POINT('',(0.,-2.));
#15930 = VECTOR('',#15931,1.);
#15931 = DIRECTION('',(1.,0.));
#15932 = ( GEOMETRIC_REPRESENTATION_CONTEXT(2) 
PARAMETRIC_REPRESENTATION_CONTEXT() REPRESENTATION_CONTEXT('2D SPACE',''
  ) );
#15933 = PCURVE('',#7938,#15934);
#15934 = DEFINITIONAL_REPRESENTATION('',(#15935),#15939);
#15935 = LINE('',#15936,#15937);
#15936 = CARTESIAN_POINT('',(152.,23.));
#15937 = VECTOR('',#15938,1.);
#15938 = DIRECTION('',(-1.,0.));
#15939 = ( GEOMETRIC_REPRESENTATION_CONTEXT(2) 
PARAMETRIC_REPRESENTATION_CONTEXT() REPRESENTATION_CONTEXT('2D SPACE',''
  ) );
#15940 = ORIENTED_EDGE('',*,*,#15826,.F.);
#15941 = ADVANCED_FACE('',(#15942),#4793,.F.);
#15942 = FACE_BOUND('',#15943,.F.);
#15943 = EDGE_LOOP('',(#15944,#15945,#15946,#15969));
#15944 = ORIENTED_EDGE('',*,*,#4777,.F.);
#15945 = ORIENTED_EDGE('',*,*,#15872,.F.);
#15946 = ORIENTED_EDGE('',*,*,#15947,.T.);
#15947 = EDGE_CURVE('',#15850,#15948,#15950,.T.);
#15948 = VERTEX_POINT('',#15949);
#15949 = CARTESIAN_POINT('',(-1.,43.,-1.));
#15950 = SURFACE_CURVE('',#15951,(#15955,#15962),.PCURVE_S1.);
#15951 = LINE('',#15952,#15953);
#15952 = CARTESIAN_POINT('',(-86.,43.,-1.));
#15953 = VECTOR('',#15954,1.);
#15954 = DIRECTION('',(1.,0.,0.));
#15955 = PCURVE('',#4793,#15956);
#15956 = DEFINITIONAL_REPRESENTATION('',(#15957),#15961);
#15957 = LINE('',#15958,#15959);
#15958 = CARTESIAN_POINT('',(0.,-2.));
#15959 = VECTOR('',#15960,1.);
#15960 = DIRECTION('',(1.,0.));
#15961 = ( GEOMETRIC_REPRESENTATION_CONTEXT(2) 
PARAMETRIC_REPRESENTATION_CONTEXT() REPRESENTATION_CONTEXT('2D SPACE',''
  ) );
#15962 = PCURVE('',#7938,#15963);
#15963 = DEFINITIONAL_REPRESENTATION('',(#15964),#15968);
#15964 = LINE('',#15965,#15966);
#15965 = CARTESIAN_POINT('',(-20.,43.));
#15966 = VECTOR('',#15967,1.);
#15967 = DIRECTION('',(1.,0.));
#15968 = ( GEOMETRIC_REPRESENTATION_CONTEXT(2) 
PARAMETRIC_REPRESENTATION_CONTEXT() REPRESENTATION_CONTEXT('2D SPACE',''
  ) );
#15969 = ORIENTED_EDGE('',*,*,#15970,.F.);
#15970 = EDGE_CURVE('',#4778,#15948,#15971,.T.);
#15971 = SURFACE_CURVE('',#15972,(#15976,#15983),.PCURVE_S1.);
#15972 = LINE('',#15973,#15974);
#15973 = CARTESIAN_POINT('',(-1.,43.,-3.));
#15974 = VECTOR('',#15975,1.);
#15975 = DIRECTION('',(0.,-0.,1.));
#15976 = PCURVE('',#4793,#15977);
#15977 = DEFINITIONAL_REPRESENTATION('',(#15978),#15982);
#15978 = LINE('',#15979,#15980);
#15979 = CARTESIAN_POINT('',(85.,0.));
#15980 = VECTOR('',#15981,1.);
#15981 = DIRECTION('',(0.,-1.));
#15982 = ( GEOMETRIC_REPRESENTATION_CONTEXT(2) 
PARAMETRIC_REPRESENTATION_CONTEXT() REPRESENTATION_CONTEXT('2D SPACE',''
  ) );
#15983 = PCURVE('',#4821,#15984);
#15984 = DEFINITIONAL_REPRESENTATION('',(#15985),#15989);
#15985 = LINE('',#15986,#15987);
#15986 = CARTESIAN_POINT('',(43.,0.));
#15987 = VECTOR('',#15988,1.);
#15988 = DIRECTION('',(0.,-1.));
#15989 = ( GEOMETRIC_REPRESENTATION_CONTEXT(2) 
PARAMETRIC_REPRESENTATION_CONTEXT() REPRESENTATION_CONTEXT('2D SPACE',''
  ) );
#15990 = ADVANCED_FACE('',(#15991),#4821,.F.);
#15991 = FACE_BOUND('',#15992,.F.);
#15992 = EDGE_LOOP('',(#15993,#15994,#15995,#16016));
#15993 = ORIENTED_EDGE('',*,*,#4805,.F.);
#15994 = ORIENTED_EDGE('',*,*,#15970,.T.);
#15995 = ORIENTED_EDGE('',*,*,#15996,.T.);
#15996 = EDGE_CURVE('',#15948,#15898,#15997,.T.);
#15997 = SURFACE_CURVE('',#15998,(#16002,#16009),.PCURVE_S1.);
#15998 = LINE('',#15999,#16000);
#15999 = CARTESIAN_POINT('',(-1.,86.,-1.));
#16000 = VECTOR('',#16001,1.);
#16001 = DIRECTION('',(0.,-1.,0.));
#16002 = PCURVE('',#4821,#16003);
#16003 = DEFINITIONAL_REPRESENTATION('',(#16004),#16008);
#16004 = LINE('',#16005,#16006);
#16005 = CARTESIAN_POINT('',(0.,-2.));
#16006 = VECTOR('',#16007,1.);
#16007 = DIRECTION('',(1.,0.));
#16008 = ( GEOMETRIC_REPRESENTATION_CONTEXT(2) 
PARAMETRIC_REPRESENTATION_CONTEXT() REPRESENTATION_CONTEXT('2D SPACE',''
  ) );
#16009 = PCURVE('',#7938,#16010);
#16010 = DEFINITIONAL_REPRESENTATION('',(#16011),#16015);
#16011 = LINE('',#16012,#16013);
#16012 = CARTESIAN_POINT('',(65.,86.));
#16013 = VECTOR('',#16014,1.);
#16014 = DIRECTION('',(0.,-1.));
#16015 = ( GEOMETRIC_REPRESENTATION_CONTEXT(2) 
PARAMETRIC_REPRESENTATION_CONTEXT() REPRESENTATION_CONTEXT('2D SPACE',''
  ) );
#16016 = ORIENTED_EDGE('',*,*,#15897,.T.);
#16017 = ADVANCED_FACE('',(#16018),#4902,.F.);
#16018 = FACE_BOUND('',#16019,.F.);
#16019 = EDGE_LOOP('',(#16020,#16021,#16022,#16045));
#16020 = ORIENTED_EDGE('',*,*,#4886,.F.);
#16021 = ORIENTED_EDGE('',*,*,#8815,.T.);
#16022 = ORIENTED_EDGE('',*,*,#16023,.T.);
#16023 = EDGE_CURVE('',#8816,#16024,#16026,.T.);
#16024 = VERTEX_POINT('',#16025);
#16025 = CARTESIAN_POINT('',(-67.,65.,-1.));
#16026 = SURFACE_CURVE('',#16027,(#16031,#16038),.PCURVE_S1.);
#16027 = LINE('',#16028,#16029);
#16028 = CARTESIAN_POINT('',(-86.,65.,-1.));
#16029 = VECTOR('',#16030,1.);
#16030 = DIRECTION('',(1.,0.,0.));
#16031 = PCURVE('',#4902,#16032);
#16032 = DEFINITIONAL_REPRESENTATION('',(#16033),#16037);
#16033 = LINE('',#16034,#16035);
#16034 = CARTESIAN_POINT('',(0.,-2.));
#16035 = VECTOR('',#16036,1.);
#16036 = DIRECTION('',(1.,0.));
#16037 = ( GEOMETRIC_REPRESENTATION_CONTEXT(2) 
PARAMETRIC_REPRESENTATION_CONTEXT() REPRESENTATION_CONTEXT('2D SPACE',''
  ) );
#16038 = PCURVE('',#7938,#16039);
#16039 = DEFINITIONAL_REPRESENTATION('',(#16040),#16044);
#16040 = LINE('',#16041,#16042);
#16041 = CARTESIAN_POINT('',(-20.,65.));
#16042 = VECTOR('',#16043,1.);
#16043 = DIRECTION('',(1.,0.));
#16044 = ( GEOMETRIC_REPRESENTATION_CONTEXT(2) 
PARAMETRIC_REPRESENTATION_CONTEXT() REPRESENTATION_CONTEXT('2D SPACE',''
  ) );
#16045 = ORIENTED_EDGE('',*,*,#16046,.F.);
#16046 = EDGE_CURVE('',#4887,#16024,#16047,.T.);
#16047 = SURFACE_CURVE('',#16048,(#16052,#16059),.PCURVE_S1.);
#16048 = LINE('',#16049,#16050);
#16049 = CARTESIAN_POINT('',(-67.,65.,-3.));
#16050 = VECTOR('',#16051,1.);
#16051 = DIRECTION('',(0.,-0.,1.));
#16052 = PCURVE('',#4902,#16053);
#16053 = DEFINITIONAL_REPRESENTATION('',(#16054),#16058);
#16054 = LINE('',#16055,#16056);
#16055 = CARTESIAN_POINT('',(19.,0.));
#16056 = VECTOR('',#16057,1.);
#16057 = DIRECTION('',(0.,-1.));
#16058 = ( GEOMETRIC_REPRESENTATION_CONTEXT(2) 
PARAMETRIC_REPRESENTATION_CONTEXT() REPRESENTATION_CONTEXT('2D SPACE',''
  ) );
#16059 = PCURVE('',#4930,#16060);
#16060 = DEFINITIONAL_REPRESENTATION('',(#16061),#16065);
#16061 = LINE('',#16062,#16063);
#16062 = CARTESIAN_POINT('',(21.,0.));
#16063 = VECTOR('',#16064,1.);
#16064 = DIRECTION('',(0.,-1.));
#16065 = ( GEOMETRIC_REPRESENTATION_CONTEXT(2) 
PARAMETRIC_REPRESENTATION_CONTEXT() REPRESENTATION_CONTEXT('2D SPACE',''
  ) );
#16066 = ADVANCED_FACE('',(#16067),#4956,.F.);
#16067 = FACE_BOUND('',#16068,.F.);
#16068 = EDGE_LOOP('',(#16069,#16070,#16093,#16114));
#16069 = ORIENTED_EDGE('',*,*,#4942,.F.);
#16070 = ORIENTED_EDGE('',*,*,#16071,.F.);
#16071 = EDGE_CURVE('',#16072,#4915,#16074,.T.);
#16072 = VERTEX_POINT('',#16073);
#16073 = CARTESIAN_POINT('',(-67.,45.,-1.));
#16074 = SURFACE_CURVE('',#16075,(#16079,#16086),.PCURVE_S1.);
#16075 = LINE('',#16076,#16077);
#16076 = CARTESIAN_POINT('',(-67.,45.,-3.));
#16077 = VECTOR('',#16078,1.);
#16078 = DIRECTION('',(0.,-0.,-1.));
#16079 = PCURVE('',#4956,#16080);
#16080 = DEFINITIONAL_REPRESENTATION('',(#16081),#16085);
#16081 = LINE('',#16082,#16083);
#16082 = CARTESIAN_POINT('',(153.,0.));
#16083 = VECTOR('',#16084,1.);
#16084 = DIRECTION('',(0.,1.));
#16085 = ( GEOMETRIC_REPRESENTATION_CONTEXT(2) 
PARAMETRIC_REPRESENTATION_CONTEXT() REPRESENTATION_CONTEXT('2D SPACE',''
  ) );
#16086 = PCURVE('',#4930,#16087);
#16087 = DEFINITIONAL_REPRESENTATION('',(#16088),#16092);
#16088 = LINE('',#16089,#16090);
#16089 = CARTESIAN_POINT('',(41.,0.));
#16090 = VECTOR('',#16091,1.);
#16091 = DIRECTION('',(0.,1.));
#16092 = ( GEOMETRIC_REPRESENTATION_CONTEXT(2) 
PARAMETRIC_REPRESENTATION_CONTEXT() REPRESENTATION_CONTEXT('2D SPACE',''
  ) );
#16093 = ORIENTED_EDGE('',*,*,#16094,.T.);
#16094 = EDGE_CURVE('',#16072,#8771,#16095,.T.);
#16095 = SURFACE_CURVE('',#16096,(#16100,#16107),.PCURVE_S1.);
#16096 = LINE('',#16097,#16098);
#16097 = CARTESIAN_POINT('',(86.,45.,-1.));
#16098 = VECTOR('',#16099,1.);
#16099 = DIRECTION('',(-1.,0.,0.));
#16100 = PCURVE('',#4956,#16101);
#16101 = DEFINITIONAL_REPRESENTATION('',(#16102),#16106);
#16102 = LINE('',#16103,#16104);
#16103 = CARTESIAN_POINT('',(0.,-2.));
#16104 = VECTOR('',#16105,1.);
#16105 = DIRECTION('',(1.,0.));
#16106 = ( GEOMETRIC_REPRESENTATION_CONTEXT(2) 
PARAMETRIC_REPRESENTATION_CONTEXT() REPRESENTATION_CONTEXT('2D SPACE',''
  ) );
#16107 = PCURVE('',#7938,#16108);
#16108 = DEFINITIONAL_REPRESENTATION('',(#16109),#16113);
#16109 = LINE('',#16110,#16111);
#16110 = CARTESIAN_POINT('',(152.,45.));
#16111 = VECTOR('',#16112,1.);
#16112 = DIRECTION('',(-1.,0.));
#16113 = ( GEOMETRIC_REPRESENTATION_CONTEXT(2) 
PARAMETRIC_REPRESENTATION_CONTEXT() REPRESENTATION_CONTEXT('2D SPACE',''
  ) );
#16114 = ORIENTED_EDGE('',*,*,#8793,.F.);
#16115 = ADVANCED_FACE('',(#16116),#4930,.F.);
#16116 = FACE_BOUND('',#16117,.F.);
#16117 = EDGE_LOOP('',(#16118,#16119,#16120,#16141));
#16118 = ORIENTED_EDGE('',*,*,#4914,.F.);
#16119 = ORIENTED_EDGE('',*,*,#16046,.T.);
#16120 = ORIENTED_EDGE('',*,*,#16121,.T.);
#16121 = EDGE_CURVE('',#16024,#16072,#16122,.T.);
#16122 = SURFACE_CURVE('',#16123,(#16127,#16134),.PCURVE_S1.);
#16123 = LINE('',#16124,#16125);
#16124 = CARTESIAN_POINT('',(-67.,86.,-1.));
#16125 = VECTOR('',#16126,1.);
#16126 = DIRECTION('',(0.,-1.,0.));
#16127 = PCURVE('',#4930,#16128);
#16128 = DEFINITIONAL_REPRESENTATION('',(#16129),#16133);
#16129 = LINE('',#16130,#16131);
#16130 = CARTESIAN_POINT('',(0.,-2.));
#16131 = VECTOR('',#16132,1.);
#16132 = DIRECTION('',(1.,0.));
#16133 = ( GEOMETRIC_REPRESENTATION_CONTEXT(2) 
PARAMETRIC_REPRESENTATION_CONTEXT() REPRESENTATION_CONTEXT('2D SPACE',''
  ) );
#16134 = PCURVE('',#7938,#16135);
#16135 = DEFINITIONAL_REPRESENTATION('',(#16136),#16140);
#16136 = LINE('',#16137,#16138);
#16137 = CARTESIAN_POINT('',(-1.,86.));
#16138 = VECTOR('',#16139,1.);
#16139 = DIRECTION('',(0.,-1.));
#16140 = ( GEOMETRIC_REPRESENTATION_CONTEXT(2) 
PARAMETRIC_REPRESENTATION_CONTEXT() REPRESENTATION_CONTEXT('2D SPACE',''
  ) );
#16141 = ORIENTED_EDGE('',*,*,#16071,.T.);
#16142 = ADVANCED_FACE('',(#16143),#4988,.F.);
#16143 = FACE_BOUND('',#16144,.F.);
#16144 = EDGE_LOOP('',(#16145,#16146,#16169,#16192));
#16145 = ORIENTED_EDGE('',*,*,#4970,.F.);
#16146 = ORIENTED_EDGE('',*,*,#16147,.T.);
#16147 = EDGE_CURVE('',#4971,#16148,#16150,.T.);
#16148 = VERTEX_POINT('',#16149);
#16149 = CARTESIAN_POINT('',(-65.,45.,-1.));
#16150 = SURFACE_CURVE('',#16151,(#16155,#16162),.PCURVE_S1.);
#16151 = LINE('',#16152,#16153);
#16152 = CARTESIAN_POINT('',(-65.,45.,-3.));
#16153 = VECTOR('',#16154,1.);
#16154 = DIRECTION('',(0.,0.,1.));
#16155 = PCURVE('',#4988,#16156);
#16156 = DEFINITIONAL_REPRESENTATION('',(#16157),#16161);
#16157 = LINE('',#16158,#16159);
#16158 = CARTESIAN_POINT('',(131.,0.));
#16159 = VECTOR('',#16160,1.);
#16160 = DIRECTION('',(0.,-1.));
#16161 = ( GEOMETRIC_REPRESENTATION_CONTEXT(2) 
PARAMETRIC_REPRESENTATION_CONTEXT() REPRESENTATION_CONTEXT('2D SPACE',''
  ) );
#16162 = PCURVE('',#5070,#16163);
#16163 = DEFINITIONAL_REPRESENTATION('',(#16164),#16168);
#16164 = LINE('',#16165,#16166);
#16165 = CARTESIAN_POINT('',(151.,0.));
#16166 = VECTOR('',#16167,1.);
#16167 = DIRECTION('',(0.,-1.));
#16168 = ( GEOMETRIC_REPRESENTATION_CONTEXT(2) 
PARAMETRIC_REPRESENTATION_CONTEXT() REPRESENTATION_CONTEXT('2D SPACE',''
  ) );
#16169 = ORIENTED_EDGE('',*,*,#16170,.T.);
#16170 = EDGE_CURVE('',#16148,#16171,#16173,.T.);
#16171 = VERTEX_POINT('',#16172);
#16172 = CARTESIAN_POINT('',(-65.,65.,-1.));
#16173 = SURFACE_CURVE('',#16174,(#16178,#16185),.PCURVE_S1.);
#16174 = LINE('',#16175,#16176);
#16175 = CARTESIAN_POINT('',(-65.,-86.,-1.));
#16176 = VECTOR('',#16177,1.);
#16177 = DIRECTION('',(0.,1.,0.));
#16178 = PCURVE('',#4988,#16179);
#16179 = DEFINITIONAL_REPRESENTATION('',(#16180),#16184);
#16180 = LINE('',#16181,#16182);
#16181 = CARTESIAN_POINT('',(0.,-2.));
#16182 = VECTOR('',#16183,1.);
#16183 = DIRECTION('',(1.,0.));
#16184 = ( GEOMETRIC_REPRESENTATION_CONTEXT(2) 
PARAMETRIC_REPRESENTATION_CONTEXT() REPRESENTATION_CONTEXT('2D SPACE',''
  ) );
#16185 = PCURVE('',#7938,#16186);
#16186 = DEFINITIONAL_REPRESENTATION('',(#16187),#16191);
#16187 = LINE('',#16188,#16189);
#16188 = CARTESIAN_POINT('',(1.,-86.));
#16189 = VECTOR('',#16190,1.);
#16190 = DIRECTION('',(0.,1.));
#16191 = ( GEOMETRIC_REPRESENTATION_CONTEXT(2) 
PARAMETRIC_REPRESENTATION_CONTEXT() REPRESENTATION_CONTEXT('2D SPACE',''
  ) );
#16192 = ORIENTED_EDGE('',*,*,#16193,.T.);
#16193 = EDGE_CURVE('',#16171,#4973,#16194,.T.);
#16194 = SURFACE_CURVE('',#16195,(#16199,#16206),.PCURVE_S1.);
#16195 = LINE('',#16196,#16197);
#16196 = CARTESIAN_POINT('',(-65.,65.,-3.));
#16197 = VECTOR('',#16198,1.);
#16198 = DIRECTION('',(0.,0.,-1.));
#16199 = PCURVE('',#4988,#16200);
#16200 = DEFINITIONAL_REPRESENTATION('',(#16201),#16205);
#16201 = LINE('',#16202,#16203);
#16202 = CARTESIAN_POINT('',(151.,0.));
#16203 = VECTOR('',#16204,1.);
#16204 = DIRECTION('',(0.,1.));
#16205 = ( GEOMETRIC_REPRESENTATION_CONTEXT(2) 
PARAMETRIC_REPRESENTATION_CONTEXT() REPRESENTATION_CONTEXT('2D SPACE',''
  ) );
#16206 = PCURVE('',#5016,#16207);
#16207 = DEFINITIONAL_REPRESENTATION('',(#16208),#16212);
#16208 = LINE('',#16209,#16210);
#16209 = CARTESIAN_POINT('',(21.,0.));
#16210 = VECTOR('',#16211,1.);
#16211 = DIRECTION('',(0.,1.));
#16212 = ( GEOMETRIC_REPRESENTATION_CONTEXT(2) 
PARAMETRIC_REPRESENTATION_CONTEXT() REPRESENTATION_CONTEXT('2D SPACE',''
  ) );
#16213 = ADVANCED_FACE('',(#16214),#5070,.F.);
#16214 = FACE_BOUND('',#16215,.F.);
#16215 = EDGE_LOOP('',(#16216,#16217,#16240,#16261));
#16216 = ORIENTED_EDGE('',*,*,#5056,.F.);
#16217 = ORIENTED_EDGE('',*,*,#16218,.F.);
#16218 = EDGE_CURVE('',#16219,#5029,#16221,.T.);
#16219 = VERTEX_POINT('',#16220);
#16220 = CARTESIAN_POINT('',(-45.,45.,-1.));
#16221 = SURFACE_CURVE('',#16222,(#16226,#16233),.PCURVE_S1.);
#16222 = LINE('',#16223,#16224);
#16223 = CARTESIAN_POINT('',(-45.,45.,-3.));
#16224 = VECTOR('',#16225,1.);
#16225 = DIRECTION('',(0.,-0.,-1.));
#16226 = PCURVE('',#5070,#16227);
#16227 = DEFINITIONAL_REPRESENTATION('',(#16228),#16232);
#16228 = LINE('',#16229,#16230);
#16229 = CARTESIAN_POINT('',(131.,0.));
#16230 = VECTOR('',#16231,1.);
#16231 = DIRECTION('',(0.,1.));
#16232 = ( GEOMETRIC_REPRESENTATION_CONTEXT(2) 
PARAMETRIC_REPRESENTATION_CONTEXT() REPRESENTATION_CONTEXT('2D SPACE',''
  ) );
#16233 = PCURVE('',#5044,#16234);
#16234 = DEFINITIONAL_REPRESENTATION('',(#16235),#16239);
#16235 = LINE('',#16236,#16237);
#16236 = CARTESIAN_POINT('',(41.,0.));
#16237 = VECTOR('',#16238,1.);
#16238 = DIRECTION('',(0.,1.));
#16239 = ( GEOMETRIC_REPRESENTATION_CONTEXT(2) 
PARAMETRIC_REPRESENTATION_CONTEXT() REPRESENTATION_CONTEXT('2D SPACE',''
  ) );
#16240 = ORIENTED_EDGE('',*,*,#16241,.T.);
#16241 = EDGE_CURVE('',#16219,#16148,#16242,.T.);
#16242 = SURFACE_CURVE('',#16243,(#16247,#16254),.PCURVE_S1.);
#16243 = LINE('',#16244,#16245);
#16244 = CARTESIAN_POINT('',(86.,45.,-1.));
#16245 = VECTOR('',#16246,1.);
#16246 = DIRECTION('',(-1.,0.,0.));
#16247 = PCURVE('',#5070,#16248);
#16248 = DEFINITIONAL_REPRESENTATION('',(#16249),#16253);
#16249 = LINE('',#16250,#16251);
#16250 = CARTESIAN_POINT('',(0.,-2.));
#16251 = VECTOR('',#16252,1.);
#16252 = DIRECTION('',(1.,0.));
#16253 = ( GEOMETRIC_REPRESENTATION_CONTEXT(2) 
PARAMETRIC_REPRESENTATION_CONTEXT() REPRESENTATION_CONTEXT('2D SPACE',''
  ) );
#16254 = PCURVE('',#7938,#16255);
#16255 = DEFINITIONAL_REPRESENTATION('',(#16256),#16260);
#16256 = LINE('',#16257,#16258);
#16257 = CARTESIAN_POINT('',(152.,45.));
#16258 = VECTOR('',#16259,1.);
#16259 = DIRECTION('',(-1.,0.));
#16260 = ( GEOMETRIC_REPRESENTATION_CONTEXT(2) 
PARAMETRIC_REPRESENTATION_CONTEXT() REPRESENTATION_CONTEXT('2D SPACE',''
  ) );
#16261 = ORIENTED_EDGE('',*,*,#16147,.F.);
#16262 = ADVANCED_FACE('',(#16263),#5016,.F.);
#16263 = FACE_BOUND('',#16264,.F.);
#16264 = EDGE_LOOP('',(#16265,#16266,#16267,#16290));
#16265 = ORIENTED_EDGE('',*,*,#5000,.F.);
#16266 = ORIENTED_EDGE('',*,*,#16193,.F.);
#16267 = ORIENTED_EDGE('',*,*,#16268,.T.);
#16268 = EDGE_CURVE('',#16171,#16269,#16271,.T.);
#16269 = VERTEX_POINT('',#16270);
#16270 = CARTESIAN_POINT('',(-45.,65.,-1.));
#16271 = SURFACE_CURVE('',#16272,(#16276,#16283),.PCURVE_S1.);
#16272 = LINE('',#16273,#16274);
#16273 = CARTESIAN_POINT('',(-86.,65.,-1.));
#16274 = VECTOR('',#16275,1.);
#16275 = DIRECTION('',(1.,0.,0.));
#16276 = PCURVE('',#5016,#16277);
#16277 = DEFINITIONAL_REPRESENTATION('',(#16278),#16282);
#16278 = LINE('',#16279,#16280);
#16279 = CARTESIAN_POINT('',(0.,-2.));
#16280 = VECTOR('',#16281,1.);
#16281 = DIRECTION('',(1.,0.));
#16282 = ( GEOMETRIC_REPRESENTATION_CONTEXT(2) 
PARAMETRIC_REPRESENTATION_CONTEXT() REPRESENTATION_CONTEXT('2D SPACE',''
  ) );
#16283 = PCURVE('',#7938,#16284);
#16284 = DEFINITIONAL_REPRESENTATION('',(#16285),#16289);
#16285 = LINE('',#16286,#16287);
#16286 = CARTESIAN_POINT('',(-20.,65.));
#16287 = VECTOR('',#16288,1.);
#16288 = DIRECTION('',(1.,0.));
#16289 = ( GEOMETRIC_REPRESENTATION_CONTEXT(2) 
PARAMETRIC_REPRESENTATION_CONTEXT() REPRESENTATION_CONTEXT('2D SPACE',''
  ) );
#16290 = ORIENTED_EDGE('',*,*,#16291,.F.);
#16291 = EDGE_CURVE('',#5001,#16269,#16292,.T.);
#16292 = SURFACE_CURVE('',#16293,(#16297,#16304),.PCURVE_S1.);
#16293 = LINE('',#16294,#16295);
#16294 = CARTESIAN_POINT('',(-45.,65.,-3.));
#16295 = VECTOR('',#16296,1.);
#16296 = DIRECTION('',(0.,-0.,1.));
#16297 = PCURVE('',#5016,#16298);
#16298 = DEFINITIONAL_REPRESENTATION('',(#16299),#16303);
#16299 = LINE('',#16300,#16301);
#16300 = CARTESIAN_POINT('',(41.,0.));
#16301 = VECTOR('',#16302,1.);
#16302 = DIRECTION('',(0.,-1.));
#16303 = ( GEOMETRIC_REPRESENTATION_CONTEXT(2) 
PARAMETRIC_REPRESENTATION_CONTEXT() REPRESENTATION_CONTEXT('2D SPACE',''
  ) );
#16304 = PCURVE('',#5044,#16305);
#16305 = DEFINITIONAL_REPRESENTATION('',(#16306),#16310);
#16306 = LINE('',#16307,#16308);
#16307 = CARTESIAN_POINT('',(21.,0.));
#16308 = VECTOR('',#16309,1.);
#16309 = DIRECTION('',(0.,-1.));
#16310 = ( GEOMETRIC_REPRESENTATION_CONTEXT(2) 
PARAMETRIC_REPRESENTATION_CONTEXT() REPRESENTATION_CONTEXT('2D SPACE',''
  ) );
#16311 = ADVANCED_FACE('',(#16312),#5044,.F.);
#16312 = FACE_BOUND('',#16313,.F.);
#16313 = EDGE_LOOP('',(#16314,#16315,#16316,#16337));
#16314 = ORIENTED_EDGE('',*,*,#5028,.F.);
#16315 = ORIENTED_EDGE('',*,*,#16291,.T.);
#16316 = ORIENTED_EDGE('',*,*,#16317,.T.);
#16317 = EDGE_CURVE('',#16269,#16219,#16318,.T.);
#16318 = SURFACE_CURVE('',#16319,(#16323,#16330),.PCURVE_S1.);
#16319 = LINE('',#16320,#16321);
#16320 = CARTESIAN_POINT('',(-45.,86.,-1.));
#16321 = VECTOR('',#16322,1.);
#16322 = DIRECTION('',(0.,-1.,0.));
#16323 = PCURVE('',#5044,#16324);
#16324 = DEFINITIONAL_REPRESENTATION('',(#16325),#16329);
#16325 = LINE('',#16326,#16327);
#16326 = CARTESIAN_POINT('',(0.,-2.));
#16327 = VECTOR('',#16328,1.);
#16328 = DIRECTION('',(1.,0.));
#16329 = ( GEOMETRIC_REPRESENTATION_CONTEXT(2) 
PARAMETRIC_REPRESENTATION_CONTEXT() REPRESENTATION_CONTEXT('2D SPACE',''
  ) );
#16330 = PCURVE('',#7938,#16331);
#16331 = DEFINITIONAL_REPRESENTATION('',(#16332),#16336);
#16332 = LINE('',#16333,#16334);
#16333 = CARTESIAN_POINT('',(21.,86.));
#16334 = VECTOR('',#16335,1.);
#16335 = DIRECTION('',(0.,-1.));
#16336 = ( GEOMETRIC_REPRESENTATION_CONTEXT(2) 
PARAMETRIC_REPRESENTATION_CONTEXT() REPRESENTATION_CONTEXT('2D SPACE',''
  ) );
#16337 = ORIENTED_EDGE('',*,*,#16218,.T.);
#16338 = ADVANCED_FACE('',(#16339),#5125,.T.);
#16339 = FACE_BOUND('',#16340,.T.);
#16340 = EDGE_LOOP('',(#16341,#16342,#16343,#16344,#16345,#16346,#16369,
    #16392,#16413,#16414,#16437,#16460,#16481,#16482,#16505,#16528,
    #16549,#16550,#16573,#16596,#16617,#16618,#16641,#16664,#16685,
    #16686,#16709,#16732,#16753,#16754,#16777,#16800));
#16341 = ORIENTED_EDGE('',*,*,#7540,.F.);
#16342 = ORIENTED_EDGE('',*,*,#12321,.T.);
#16343 = ORIENTED_EDGE('',*,*,#7747,.T.);
#16344 = ORIENTED_EDGE('',*,*,#8383,.F.);
#16345 = ORIENTED_EDGE('',*,*,#5109,.F.);
#16346 = ORIENTED_EDGE('',*,*,#16347,.T.);
#16347 = EDGE_CURVE('',#5110,#16348,#16350,.T.);
#16348 = VERTEX_POINT('',#16349);
#16349 = CARTESIAN_POINT('',(-67.,86.,-1.));
#16350 = SURFACE_CURVE('',#16351,(#16355,#16362),.PCURVE_S1.);
#16351 = LINE('',#16352,#16353);
#16352 = CARTESIAN_POINT('',(-67.,86.,-3.));
#16353 = VECTOR('',#16354,1.);
#16354 = DIRECTION('',(0.,0.,1.));
#16355 = PCURVE('',#5125,#16356);
#16356 = DEFINITIONAL_REPRESENTATION('',(#16357),#16361);
#16357 = LINE('',#16358,#16359);
#16358 = CARTESIAN_POINT('',(153.,0.));
#16359 = VECTOR('',#16360,1.);
#16360 = DIRECTION('',(0.,-1.));
#16361 = ( GEOMETRIC_REPRESENTATION_CONTEXT(2) 
PARAMETRIC_REPRESENTATION_CONTEXT() REPRESENTATION_CONTEXT('2D SPACE',''
  ) );
#16362 = PCURVE('',#5153,#16363);
#16363 = DEFINITIONAL_REPRESENTATION('',(#16364),#16368);
#16364 = LINE('',#16365,#16366);
#16365 = CARTESIAN_POINT('',(0.,0.));
#16366 = VECTOR('',#16367,1.);
#16367 = DIRECTION('',(0.,-1.));
#16368 = ( GEOMETRIC_REPRESENTATION_CONTEXT(2) 
PARAMETRIC_REPRESENTATION_CONTEXT() REPRESENTATION_CONTEXT('2D SPACE',''
  ) );
#16369 = ORIENTED_EDGE('',*,*,#16370,.F.);
#16370 = EDGE_CURVE('',#16371,#16348,#16373,.T.);
#16371 = VERTEX_POINT('',#16372);
#16372 = CARTESIAN_POINT('',(-65.,86.,-1.));
#16373 = SURFACE_CURVE('',#16374,(#16378,#16385),.PCURVE_S1.);
#16374 = LINE('',#16375,#16376);
#16375 = CARTESIAN_POINT('',(-65.,86.,-1.));
#16376 = VECTOR('',#16377,1.);
#16377 = DIRECTION('',(-1.,0.,0.));
#16378 = PCURVE('',#5125,#16379);
#16379 = DEFINITIONAL_REPRESENTATION('',(#16380),#16384);
#16380 = LINE('',#16381,#16382);
#16381 = CARTESIAN_POINT('',(151.,-2.));
#16382 = VECTOR('',#16383,1.);
#16383 = DIRECTION('',(1.,0.));
#16384 = ( GEOMETRIC_REPRESENTATION_CONTEXT(2) 
PARAMETRIC_REPRESENTATION_CONTEXT() REPRESENTATION_CONTEXT('2D SPACE',''
  ) );
#16385 = PCURVE('',#7938,#16386);
#16386 = DEFINITIONAL_REPRESENTATION('',(#16387),#16391);
#16387 = LINE('',#16388,#16389);
#16388 = CARTESIAN_POINT('',(1.,86.));
#16389 = VECTOR('',#16390,1.);
#16390 = DIRECTION('',(-1.,0.));
#16391 = ( GEOMETRIC_REPRESENTATION_CONTEXT(2) 
PARAMETRIC_REPRESENTATION_CONTEXT() REPRESENTATION_CONTEXT('2D SPACE',''
  ) );
#16392 = ORIENTED_EDGE('',*,*,#16393,.F.);
#16393 = EDGE_CURVE('',#5227,#16371,#16394,.T.);
#16394 = SURFACE_CURVE('',#16395,(#16399,#16406),.PCURVE_S1.);
#16395 = LINE('',#16396,#16397);
#16396 = CARTESIAN_POINT('',(-65.,86.,-3.));
#16397 = VECTOR('',#16398,1.);
#16398 = DIRECTION('',(0.,0.,1.));
#16399 = PCURVE('',#5125,#16400);
#16400 = DEFINITIONAL_REPRESENTATION('',(#16401),#16405);
#16401 = LINE('',#16402,#16403);
#16402 = CARTESIAN_POINT('',(151.,0.));
#16403 = VECTOR('',#16404,1.);
#16404 = DIRECTION('',(0.,-1.));
#16405 = ( GEOMETRIC_REPRESENTATION_CONTEXT(2) 
PARAMETRIC_REPRESENTATION_CONTEXT() REPRESENTATION_CONTEXT('2D SPACE',''
  ) );
#16406 = PCURVE('',#5319,#16407);
#16407 = DEFINITIONAL_REPRESENTATION('',(#16408),#16412);
#16408 = LINE('',#16409,#16410);
#16409 = CARTESIAN_POINT('',(172.,0.));
#16410 = VECTOR('',#16411,1.);
#16411 = DIRECTION('',(0.,-1.));
#16412 = ( GEOMETRIC_REPRESENTATION_CONTEXT(2) 
PARAMETRIC_REPRESENTATION_CONTEXT() REPRESENTATION_CONTEXT('2D SPACE',''
  ) );
#16413 = ORIENTED_EDGE('',*,*,#5224,.F.);
#16414 = ORIENTED_EDGE('',*,*,#16415,.T.);
#16415 = EDGE_CURVE('',#5225,#16416,#16418,.T.);
#16416 = VERTEX_POINT('',#16417);
#16417 = CARTESIAN_POINT('',(-45.,86.,-1.));
#16418 = SURFACE_CURVE('',#16419,(#16423,#16430),.PCURVE_S1.);
#16419 = LINE('',#16420,#16421);
#16420 = CARTESIAN_POINT('',(-45.,86.,-3.));
#16421 = VECTOR('',#16422,1.);
#16422 = DIRECTION('',(0.,0.,1.));
#16423 = PCURVE('',#5125,#16424);
#16424 = DEFINITIONAL_REPRESENTATION('',(#16425),#16429);
#16425 = LINE('',#16426,#16427);
#16426 = CARTESIAN_POINT('',(131.,0.));
#16427 = VECTOR('',#16428,1.);
#16428 = DIRECTION('',(0.,-1.));
#16429 = ( GEOMETRIC_REPRESENTATION_CONTEXT(2) 
PARAMETRIC_REPRESENTATION_CONTEXT() REPRESENTATION_CONTEXT('2D SPACE',''
  ) );
#16430 = PCURVE('',#5265,#16431);
#16431 = DEFINITIONAL_REPRESENTATION('',(#16432),#16436);
#16432 = LINE('',#16433,#16434);
#16433 = CARTESIAN_POINT('',(0.,0.));
#16434 = VECTOR('',#16435,1.);
#16435 = DIRECTION('',(0.,-1.));
#16436 = ( GEOMETRIC_REPRESENTATION_CONTEXT(2) 
PARAMETRIC_REPRESENTATION_CONTEXT() REPRESENTATION_CONTEXT('2D SPACE',''
  ) );
#16437 = ORIENTED_EDGE('',*,*,#16438,.F.);
#16438 = EDGE_CURVE('',#16439,#16416,#16441,.T.);
#16439 = VERTEX_POINT('',#16440);
#16440 = CARTESIAN_POINT('',(-43.,86.,-1.));
#16441 = SURFACE_CURVE('',#16442,(#16446,#16453),.PCURVE_S1.);
#16442 = LINE('',#16443,#16444);
#16443 = CARTESIAN_POINT('',(-43.,86.,-1.));
#16444 = VECTOR('',#16445,1.);
#16445 = DIRECTION('',(-1.,0.,0.));
#16446 = PCURVE('',#5125,#16447);
#16447 = DEFINITIONAL_REPRESENTATION('',(#16448),#16452);
#16448 = LINE('',#16449,#16450);
#16449 = CARTESIAN_POINT('',(129.,-2.));
#16450 = VECTOR('',#16451,1.);
#16451 = DIRECTION('',(1.,0.));
#16452 = ( GEOMETRIC_REPRESENTATION_CONTEXT(2) 
PARAMETRIC_REPRESENTATION_CONTEXT() REPRESENTATION_CONTEXT('2D SPACE',''
  ) );
#16453 = PCURVE('',#7938,#16454);
#16454 = DEFINITIONAL_REPRESENTATION('',(#16455),#16459);
#16455 = LINE('',#16456,#16457);
#16456 = CARTESIAN_POINT('',(23.,86.));
#16457 = VECTOR('',#16458,1.);
#16458 = DIRECTION('',(-1.,0.));
#16459 = ( GEOMETRIC_REPRESENTATION_CONTEXT(2) 
PARAMETRIC_REPRESENTATION_CONTEXT() REPRESENTATION_CONTEXT('2D SPACE',''
  ) );
#16460 = ORIENTED_EDGE('',*,*,#16461,.F.);
#16461 = EDGE_CURVE('',#5564,#16439,#16462,.T.);
#16462 = SURFACE_CURVE('',#16463,(#16467,#16474),.PCURVE_S1.);
#16463 = LINE('',#16464,#16465);
#16464 = CARTESIAN_POINT('',(-43.,86.,-3.));
#16465 = VECTOR('',#16466,1.);
#16466 = DIRECTION('',(0.,0.,1.));
#16467 = PCURVE('',#5125,#16468);
#16468 = DEFINITIONAL_REPRESENTATION('',(#16469),#16473);
#16469 = LINE('',#16470,#16471);
#16470 = CARTESIAN_POINT('',(129.,0.));
#16471 = VECTOR('',#16472,1.);
#16472 = DIRECTION('',(0.,-1.));
#16473 = ( GEOMETRIC_REPRESENTATION_CONTEXT(2) 
PARAMETRIC_REPRESENTATION_CONTEXT() REPRESENTATION_CONTEXT('2D SPACE',''
  ) );
#16474 = PCURVE('',#5656,#16475);
#16475 = DEFINITIONAL_REPRESENTATION('',(#16476),#16480);
#16476 = LINE('',#16477,#16478);
#16477 = CARTESIAN_POINT('',(172.,0.));
#16478 = VECTOR('',#16479,1.);
#16479 = DIRECTION('',(0.,-1.));
#16480 = ( GEOMETRIC_REPRESENTATION_CONTEXT(2) 
PARAMETRIC_REPRESENTATION_CONTEXT() REPRESENTATION_CONTEXT('2D SPACE',''
  ) );
#16481 = ORIENTED_EDGE('',*,*,#5561,.F.);
#16482 = ORIENTED_EDGE('',*,*,#16483,.T.);
#16483 = EDGE_CURVE('',#5562,#16484,#16486,.T.);
#16484 = VERTEX_POINT('',#16485);
#16485 = CARTESIAN_POINT('',(-23.,86.,-1.));
#16486 = SURFACE_CURVE('',#16487,(#16491,#16498),.PCURVE_S1.);
#16487 = LINE('',#16488,#16489);
#16488 = CARTESIAN_POINT('',(-23.,86.,-3.));
#16489 = VECTOR('',#16490,1.);
#16490 = DIRECTION('',(0.,0.,1.));
#16491 = PCURVE('',#5125,#16492);
#16492 = DEFINITIONAL_REPRESENTATION('',(#16493),#16497);
#16493 = LINE('',#16494,#16495);
#16494 = CARTESIAN_POINT('',(109.,0.));
#16495 = VECTOR('',#16496,1.);
#16496 = DIRECTION('',(0.,-1.));
#16497 = ( GEOMETRIC_REPRESENTATION_CONTEXT(2) 
PARAMETRIC_REPRESENTATION_CONTEXT() REPRESENTATION_CONTEXT('2D SPACE',''
  ) );
#16498 = PCURVE('',#5602,#16499);
#16499 = DEFINITIONAL_REPRESENTATION('',(#16500),#16504);
#16500 = LINE('',#16501,#16502);
#16501 = CARTESIAN_POINT('',(0.,0.));
#16502 = VECTOR('',#16503,1.);
#16503 = DIRECTION('',(0.,-1.));
#16504 = ( GEOMETRIC_REPRESENTATION_CONTEXT(2) 
PARAMETRIC_REPRESENTATION_CONTEXT() REPRESENTATION_CONTEXT('2D SPACE',''
  ) );
#16505 = ORIENTED_EDGE('',*,*,#16506,.F.);
#16506 = EDGE_CURVE('',#16507,#16484,#16509,.T.);
#16507 = VERTEX_POINT('',#16508);
#16508 = CARTESIAN_POINT('',(-21.,86.,-1.));
#16509 = SURFACE_CURVE('',#16510,(#16514,#16521),.PCURVE_S1.);
#16510 = LINE('',#16511,#16512);
#16511 = CARTESIAN_POINT('',(-21.,86.,-1.));
#16512 = VECTOR('',#16513,1.);
#16513 = DIRECTION('',(-1.,0.,0.));
#16514 = PCURVE('',#5125,#16515);
#16515 = DEFINITIONAL_REPRESENTATION('',(#16516),#16520);
#16516 = LINE('',#16517,#16518);
#16517 = CARTESIAN_POINT('',(107.,-2.));
#16518 = VECTOR('',#16519,1.);
#16519 = DIRECTION('',(1.,0.));
#16520 = ( GEOMETRIC_REPRESENTATION_CONTEXT(2) 
PARAMETRIC_REPRESENTATION_CONTEXT() REPRESENTATION_CONTEXT('2D SPACE',''
  ) );
#16521 = PCURVE('',#7938,#16522);
#16522 = DEFINITIONAL_REPRESENTATION('',(#16523),#16527);
#16523 = LINE('',#16524,#16525);
#16524 = CARTESIAN_POINT('',(45.,86.));
#16525 = VECTOR('',#16526,1.);
#16526 = DIRECTION('',(-1.,0.));
#16527 = ( GEOMETRIC_REPRESENTATION_CONTEXT(2) 
PARAMETRIC_REPRESENTATION_CONTEXT() REPRESENTATION_CONTEXT('2D SPACE',''
  ) );
#16528 = ORIENTED_EDGE('',*,*,#16529,.F.);
#16529 = EDGE_CURVE('',#5673,#16507,#16530,.T.);
#16530 = SURFACE_CURVE('',#16531,(#16535,#16542),.PCURVE_S1.);
#16531 = LINE('',#16532,#16533);
#16532 = CARTESIAN_POINT('',(-21.,86.,-3.));
#16533 = VECTOR('',#16534,1.);
#16534 = DIRECTION('',(0.,0.,1.));
#16535 = PCURVE('',#5125,#16536);
#16536 = DEFINITIONAL_REPRESENTATION('',(#16537),#16541);
#16537 = LINE('',#16538,#16539);
#16538 = CARTESIAN_POINT('',(107.,0.));
#16539 = VECTOR('',#16540,1.);
#16540 = DIRECTION('',(0.,-1.));
#16541 = ( GEOMETRIC_REPRESENTATION_CONTEXT(2) 
PARAMETRIC_REPRESENTATION_CONTEXT() REPRESENTATION_CONTEXT('2D SPACE',''
  ) );
#16542 = PCURVE('',#5765,#16543);
#16543 = DEFINITIONAL_REPRESENTATION('',(#16544),#16548);
#16544 = LINE('',#16545,#16546);
#16545 = CARTESIAN_POINT('',(172.,0.));
#16546 = VECTOR('',#16547,1.);
#16547 = DIRECTION('',(0.,-1.));
#16548 = ( GEOMETRIC_REPRESENTATION_CONTEXT(2) 
PARAMETRIC_REPRESENTATION_CONTEXT() REPRESENTATION_CONTEXT('2D SPACE',''
  ) );
#16549 = ORIENTED_EDGE('',*,*,#5670,.F.);
#16550 = ORIENTED_EDGE('',*,*,#16551,.T.);
#16551 = EDGE_CURVE('',#5671,#16552,#16554,.T.);
#16552 = VERTEX_POINT('',#16553);
#16553 = CARTESIAN_POINT('',(-1.,86.,-1.));
#16554 = SURFACE_CURVE('',#16555,(#16559,#16566),.PCURVE_S1.);
#16555 = LINE('',#16556,#16557);
#16556 = CARTESIAN_POINT('',(-1.,86.,-3.));
#16557 = VECTOR('',#16558,1.);
#16558 = DIRECTION('',(0.,0.,1.));
#16559 = PCURVE('',#5125,#16560);
#16560 = DEFINITIONAL_REPRESENTATION('',(#16561),#16565);
#16561 = LINE('',#16562,#16563);
#16562 = CARTESIAN_POINT('',(87.,0.));
#16563 = VECTOR('',#16564,1.);
#16564 = DIRECTION('',(0.,-1.));
#16565 = ( GEOMETRIC_REPRESENTATION_CONTEXT(2) 
PARAMETRIC_REPRESENTATION_CONTEXT() REPRESENTATION_CONTEXT('2D SPACE',''
  ) );
#16566 = PCURVE('',#5711,#16567);
#16567 = DEFINITIONAL_REPRESENTATION('',(#16568),#16572);
#16568 = LINE('',#16569,#16570);
#16569 = CARTESIAN_POINT('',(0.,0.));
#16570 = VECTOR('',#16571,1.);
#16571 = DIRECTION('',(0.,-1.));
#16572 = ( GEOMETRIC_REPRESENTATION_CONTEXT(2) 
PARAMETRIC_REPRESENTATION_CONTEXT() REPRESENTATION_CONTEXT('2D SPACE',''
  ) );
#16573 = ORIENTED_EDGE('',*,*,#16574,.F.);
#16574 = EDGE_CURVE('',#16575,#16552,#16577,.T.);
#16575 = VERTEX_POINT('',#16576);
#16576 = CARTESIAN_POINT('',(1.,86.,-1.));
#16577 = SURFACE_CURVE('',#16578,(#16582,#16589),.PCURVE_S1.);
#16578 = LINE('',#16579,#16580);
#16579 = CARTESIAN_POINT('',(1.,86.,-1.));
#16580 = VECTOR('',#16581,1.);
#16581 = DIRECTION('',(-1.,0.,0.));
#16582 = PCURVE('',#5125,#16583);
#16583 = DEFINITIONAL_REPRESENTATION('',(#16584),#16588);
#16584 = LINE('',#16585,#16586);
#16585 = CARTESIAN_POINT('',(85.,-2.));
#16586 = VECTOR('',#16587,1.);
#16587 = DIRECTION('',(1.,0.));
#16588 = ( GEOMETRIC_REPRESENTATION_CONTEXT(2) 
PARAMETRIC_REPRESENTATION_CONTEXT() REPRESENTATION_CONTEXT('2D SPACE',''
  ) );
#16589 = PCURVE('',#7938,#16590);
#16590 = DEFINITIONAL_REPRESENTATION('',(#16591),#16595);
#16591 = LINE('',#16592,#16593);
#16592 = CARTESIAN_POINT('',(67.,86.));
#16593 = VECTOR('',#16594,1.);
#16594 = DIRECTION('',(-1.,0.));
#16595 = ( GEOMETRIC_REPRESENTATION_CONTEXT(2) 
PARAMETRIC_REPRESENTATION_CONTEXT() REPRESENTATION_CONTEXT('2D SPACE',''
  ) );
#16596 = ORIENTED_EDGE('',*,*,#16597,.F.);
#16597 = EDGE_CURVE('',#6912,#16575,#16598,.T.);
#16598 = SURFACE_CURVE('',#16599,(#16603,#16610),.PCURVE_S1.);
#16599 = LINE('',#16600,#16601);
#16600 = CARTESIAN_POINT('',(1.,86.,-3.));
#16601 = VECTOR('',#16602,1.);
#16602 = DIRECTION('',(0.,0.,1.));
#16603 = PCURVE('',#5125,#16604);
#16604 = DEFINITIONAL_REPRESENTATION('',(#16605),#16609);
#16605 = LINE('',#16606,#16607);
#16606 = CARTESIAN_POINT('',(85.,0.));
#16607 = VECTOR('',#16608,1.);
#16608 = DIRECTION('',(0.,-1.));
#16609 = ( GEOMETRIC_REPRESENTATION_CONTEXT(2) 
PARAMETRIC_REPRESENTATION_CONTEXT() REPRESENTATION_CONTEXT('2D SPACE',''
  ) );
#16610 = PCURVE('',#7004,#16611);
#16611 = DEFINITIONAL_REPRESENTATION('',(#16612),#16616);
#16612 = LINE('',#16613,#16614);
#16613 = CARTESIAN_POINT('',(172.,0.));
#16614 = VECTOR('',#16615,1.);
#16615 = DIRECTION('',(0.,-1.));
#16616 = ( GEOMETRIC_REPRESENTATION_CONTEXT(2) 
PARAMETRIC_REPRESENTATION_CONTEXT() REPRESENTATION_CONTEXT('2D SPACE',''
  ) );
#16617 = ORIENTED_EDGE('',*,*,#6909,.F.);
#16618 = ORIENTED_EDGE('',*,*,#16619,.T.);
#16619 = EDGE_CURVE('',#6910,#16620,#16622,.T.);
#16620 = VERTEX_POINT('',#16621);
#16621 = CARTESIAN_POINT('',(21.,86.,-1.));
#16622 = SURFACE_CURVE('',#16623,(#16627,#16634),.PCURVE_S1.);
#16623 = LINE('',#16624,#16625);
#16624 = CARTESIAN_POINT('',(21.,86.,-3.));
#16625 = VECTOR('',#16626,1.);
#16626 = DIRECTION('',(0.,0.,1.));
#16627 = PCURVE('',#5125,#16628);
#16628 = DEFINITIONAL_REPRESENTATION('',(#16629),#16633);
#16629 = LINE('',#16630,#16631);
#16630 = CARTESIAN_POINT('',(65.,0.));
#16631 = VECTOR('',#16632,1.);
#16632 = DIRECTION('',(0.,-1.));
#16633 = ( GEOMETRIC_REPRESENTATION_CONTEXT(2) 
PARAMETRIC_REPRESENTATION_CONTEXT() REPRESENTATION_CONTEXT('2D SPACE',''
  ) );
#16634 = PCURVE('',#6950,#16635);
#16635 = DEFINITIONAL_REPRESENTATION('',(#16636),#16640);
#16636 = LINE('',#16637,#16638);
#16637 = CARTESIAN_POINT('',(0.,0.));
#16638 = VECTOR('',#16639,1.);
#16639 = DIRECTION('',(0.,-1.));
#16640 = ( GEOMETRIC_REPRESENTATION_CONTEXT(2) 
PARAMETRIC_REPRESENTATION_CONTEXT() REPRESENTATION_CONTEXT('2D SPACE',''
  ) );
#16641 = ORIENTED_EDGE('',*,*,#16642,.F.);
#16642 = EDGE_CURVE('',#16643,#16620,#16645,.T.);
#16643 = VERTEX_POINT('',#16644);
#16644 = CARTESIAN_POINT('',(23.,86.,-1.));
#16645 = SURFACE_CURVE('',#16646,(#16650,#16657),.PCURVE_S1.);
#16646 = LINE('',#16647,#16648);
#16647 = CARTESIAN_POINT('',(23.,86.,-1.));
#16648 = VECTOR('',#16649,1.);
#16649 = DIRECTION('',(-1.,0.,0.));
#16650 = PCURVE('',#5125,#16651);
#16651 = DEFINITIONAL_REPRESENTATION('',(#16652),#16656);
#16652 = LINE('',#16653,#16654);
#16653 = CARTESIAN_POINT('',(63.,-2.));
#16654 = VECTOR('',#16655,1.);
#16655 = DIRECTION('',(1.,0.));
#16656 = ( GEOMETRIC_REPRESENTATION_CONTEXT(2) 
PARAMETRIC_REPRESENTATION_CONTEXT() REPRESENTATION_CONTEXT('2D SPACE',''
  ) );
#16657 = PCURVE('',#7938,#16658);
#16658 = DEFINITIONAL_REPRESENTATION('',(#16659),#16663);
#16659 = LINE('',#16660,#16661);
#16660 = CARTESIAN_POINT('',(89.,86.));
#16661 = VECTOR('',#16662,1.);
#16662 = DIRECTION('',(-1.,0.));
#16663 = ( GEOMETRIC_REPRESENTATION_CONTEXT(2) 
PARAMETRIC_REPRESENTATION_CONTEXT() REPRESENTATION_CONTEXT('2D SPACE',''
  ) );
#16664 = ORIENTED_EDGE('',*,*,#16665,.F.);
#16665 = EDGE_CURVE('',#7021,#16643,#16666,.T.);
#16666 = SURFACE_CURVE('',#16667,(#16671,#16678),.PCURVE_S1.);
#16667 = LINE('',#16668,#16669);
#16668 = CARTESIAN_POINT('',(23.,86.,-3.));
#16669 = VECTOR('',#16670,1.);
#16670 = DIRECTION('',(0.,0.,1.));
#16671 = PCURVE('',#5125,#16672);
#16672 = DEFINITIONAL_REPRESENTATION('',(#16673),#16677);
#16673 = LINE('',#16674,#16675);
#16674 = CARTESIAN_POINT('',(63.,0.));
#16675 = VECTOR('',#16676,1.);
#16676 = DIRECTION('',(0.,-1.));
#16677 = ( GEOMETRIC_REPRESENTATION_CONTEXT(2) 
PARAMETRIC_REPRESENTATION_CONTEXT() REPRESENTATION_CONTEXT('2D SPACE',''
  ) );
#16678 = PCURVE('',#7113,#16679);
#16679 = DEFINITIONAL_REPRESENTATION('',(#16680),#16684);
#16680 = LINE('',#16681,#16682);
#16681 = CARTESIAN_POINT('',(172.,0.));
#16682 = VECTOR('',#16683,1.);
#16683 = DIRECTION('',(0.,-1.));
#16684 = ( GEOMETRIC_REPRESENTATION_CONTEXT(2) 
PARAMETRIC_REPRESENTATION_CONTEXT() REPRESENTATION_CONTEXT('2D SPACE',''
  ) );
#16685 = ORIENTED_EDGE('',*,*,#7018,.F.);
#16686 = ORIENTED_EDGE('',*,*,#16687,.T.);
#16687 = EDGE_CURVE('',#7019,#16688,#16690,.T.);
#16688 = VERTEX_POINT('',#16689);
#16689 = CARTESIAN_POINT('',(43.,86.,-1.));
#16690 = SURFACE_CURVE('',#16691,(#16695,#16702),.PCURVE_S1.);
#16691 = LINE('',#16692,#16693);
#16692 = CARTESIAN_POINT('',(43.,86.,-3.));
#16693 = VECTOR('',#16694,1.);
#16694 = DIRECTION('',(0.,0.,1.));
#16695 = PCURVE('',#5125,#16696);
#16696 = DEFINITIONAL_REPRESENTATION('',(#16697),#16701);
#16697 = LINE('',#16698,#16699);
#16698 = CARTESIAN_POINT('',(43.,0.));
#16699 = VECTOR('',#16700,1.);
#16700 = DIRECTION('',(0.,-1.));
#16701 = ( GEOMETRIC_REPRESENTATION_CONTEXT(2) 
PARAMETRIC_REPRESENTATION_CONTEXT() REPRESENTATION_CONTEXT('2D SPACE',''
  ) );
#16702 = PCURVE('',#7059,#16703);
#16703 = DEFINITIONAL_REPRESENTATION('',(#16704),#16708);
#16704 = LINE('',#16705,#16706);
#16705 = CARTESIAN_POINT('',(0.,0.));
#16706 = VECTOR('',#16707,1.);
#16707 = DIRECTION('',(0.,-1.));
#16708 = ( GEOMETRIC_REPRESENTATION_CONTEXT(2) 
PARAMETRIC_REPRESENTATION_CONTEXT() REPRESENTATION_CONTEXT('2D SPACE',''
  ) );
#16709 = ORIENTED_EDGE('',*,*,#16710,.F.);
#16710 = EDGE_CURVE('',#16711,#16688,#16713,.T.);
#16711 = VERTEX_POINT('',#16712);
#16712 = CARTESIAN_POINT('',(45.,86.,-1.));
#16713 = SURFACE_CURVE('',#16714,(#16718,#16725),.PCURVE_S1.);
#16714 = LINE('',#16715,#16716);
#16715 = CARTESIAN_POINT('',(45.,86.,-1.));
#16716 = VECTOR('',#16717,1.);
#16717 = DIRECTION('',(-1.,0.,0.));
#16718 = PCURVE('',#5125,#16719);
#16719 = DEFINITIONAL_REPRESENTATION('',(#16720),#16724);
#16720 = LINE('',#16721,#16722);
#16721 = CARTESIAN_POINT('',(41.,-2.));
#16722 = VECTOR('',#16723,1.);
#16723 = DIRECTION('',(1.,0.));
#16724 = ( GEOMETRIC_REPRESENTATION_CONTEXT(2) 
PARAMETRIC_REPRESENTATION_CONTEXT() REPRESENTATION_CONTEXT('2D SPACE',''
  ) );
#16725 = PCURVE('',#7938,#16726);
#16726 = DEFINITIONAL_REPRESENTATION('',(#16727),#16731);
#16727 = LINE('',#16728,#16729);
#16728 = CARTESIAN_POINT('',(111.,86.));
#16729 = VECTOR('',#16730,1.);
#16730 = DIRECTION('',(-1.,0.));
#16731 = ( GEOMETRIC_REPRESENTATION_CONTEXT(2) 
PARAMETRIC_REPRESENTATION_CONTEXT() REPRESENTATION_CONTEXT('2D SPACE',''
  ) );
#16732 = ORIENTED_EDGE('',*,*,#16733,.F.);
#16733 = EDGE_CURVE('',#7353,#16711,#16734,.T.);
#16734 = SURFACE_CURVE('',#16735,(#16739,#16746),.PCURVE_S1.);
#16735 = LINE('',#16736,#16737);
#16736 = CARTESIAN_POINT('',(45.,86.,-3.));
#16737 = VECTOR('',#16738,1.);
#16738 = DIRECTION('',(0.,0.,1.));
#16739 = PCURVE('',#5125,#16740);
#16740 = DEFINITIONAL_REPRESENTATION('',(#16741),#16745);
#16741 = LINE('',#16742,#16743);
#16742 = CARTESIAN_POINT('',(41.,0.));
#16743 = VECTOR('',#16744,1.);
#16744 = DIRECTION('',(0.,-1.));
#16745 = ( GEOMETRIC_REPRESENTATION_CONTEXT(2) 
PARAMETRIC_REPRESENTATION_CONTEXT() REPRESENTATION_CONTEXT('2D SPACE',''
  ) );
#16746 = PCURVE('',#7445,#16747);
#16747 = DEFINITIONAL_REPRESENTATION('',(#16748),#16752);
#16748 = LINE('',#16749,#16750);
#16749 = CARTESIAN_POINT('',(172.,0.));
#16750 = VECTOR('',#16751,1.);
#16751 = DIRECTION('',(0.,-1.));
#16752 = ( GEOMETRIC_REPRESENTATION_CONTEXT(2) 
PARAMETRIC_REPRESENTATION_CONTEXT() REPRESENTATION_CONTEXT('2D SPACE',''
  ) );
#16753 = ORIENTED_EDGE('',*,*,#7350,.F.);
#16754 = ORIENTED_EDGE('',*,*,#16755,.T.);
#16755 = EDGE_CURVE('',#7351,#16756,#16758,.T.);
#16756 = VERTEX_POINT('',#16757);
#16757 = CARTESIAN_POINT('',(65.,86.,-1.));
#16758 = SURFACE_CURVE('',#16759,(#16763,#16770),.PCURVE_S1.);
#16759 = LINE('',#16760,#16761);
#16760 = CARTESIAN_POINT('',(65.,86.,-3.));
#16761 = VECTOR('',#16762,1.);
#16762 = DIRECTION('',(0.,0.,1.));
#16763 = PCURVE('',#5125,#16764);
#16764 = DEFINITIONAL_REPRESENTATION('',(#16765),#16769);
#16765 = LINE('',#16766,#16767);
#16766 = CARTESIAN_POINT('',(21.,0.));
#16767 = VECTOR('',#16768,1.);
#16768 = DIRECTION('',(0.,-1.));
#16769 = ( GEOMETRIC_REPRESENTATION_CONTEXT(2) 
PARAMETRIC_REPRESENTATION_CONTEXT() REPRESENTATION_CONTEXT('2D SPACE',''
  ) );
#16770 = PCURVE('',#7391,#16771);
#16771 = DEFINITIONAL_REPRESENTATION('',(#16772),#16776);
#16772 = LINE('',#16773,#16774);
#16773 = CARTESIAN_POINT('',(0.,0.));
#16774 = VECTOR('',#16775,1.);
#16775 = DIRECTION('',(0.,-1.));
#16776 = ( GEOMETRIC_REPRESENTATION_CONTEXT(2) 
PARAMETRIC_REPRESENTATION_CONTEXT() REPRESENTATION_CONTEXT('2D SPACE',''
  ) );
#16777 = ORIENTED_EDGE('',*,*,#16778,.F.);
#16778 = EDGE_CURVE('',#16779,#16756,#16781,.T.);
#16779 = VERTEX_POINT('',#16780);
#16780 = CARTESIAN_POINT('',(67.,86.,-1.));
#16781 = SURFACE_CURVE('',#16782,(#16786,#16793),.PCURVE_S1.);
#16782 = LINE('',#16783,#16784);
#16783 = CARTESIAN_POINT('',(67.,86.,-1.));
#16784 = VECTOR('',#16785,1.);
#16785 = DIRECTION('',(-1.,0.,0.));
#16786 = PCURVE('',#5125,#16787);
#16787 = DEFINITIONAL_REPRESENTATION('',(#16788),#16792);
#16788 = LINE('',#16789,#16790);
#16789 = CARTESIAN_POINT('',(19.,-2.));
#16790 = VECTOR('',#16791,1.);
#16791 = DIRECTION('',(1.,0.));
#16792 = ( GEOMETRIC_REPRESENTATION_CONTEXT(2) 
PARAMETRIC_REPRESENTATION_CONTEXT() REPRESENTATION_CONTEXT('2D SPACE',''
  ) );
#16793 = PCURVE('',#7938,#16794);
#16794 = DEFINITIONAL_REPRESENTATION('',(#16795),#16799);
#16795 = LINE('',#16796,#16797);
#16796 = CARTESIAN_POINT('',(133.,86.));
#16797 = VECTOR('',#16798,1.);
#16798 = DIRECTION('',(-1.,0.));
#16799 = ( GEOMETRIC_REPRESENTATION_CONTEXT(2) 
PARAMETRIC_REPRESENTATION_CONTEXT() REPRESENTATION_CONTEXT('2D SPACE',''
  ) );
#16800 = ORIENTED_EDGE('',*,*,#16801,.F.);
#16801 = EDGE_CURVE('',#7513,#16779,#16802,.T.);
#16802 = SURFACE_CURVE('',#16803,(#16807,#16814),.PCURVE_S1.);
#16803 = LINE('',#16804,#16805);
#16804 = CARTESIAN_POINT('',(67.,86.,-3.));
#16805 = VECTOR('',#16806,1.);
#16806 = DIRECTION('',(0.,0.,1.));
#16807 = PCURVE('',#5125,#16808);
#16808 = DEFINITIONAL_REPRESENTATION('',(#16809),#16813);
#16809 = LINE('',#16810,#16811);
#16810 = CARTESIAN_POINT('',(19.,0.));
#16811 = VECTOR('',#16812,1.);
#16812 = DIRECTION('',(0.,-1.));
#16813 = ( GEOMETRIC_REPRESENTATION_CONTEXT(2) 
PARAMETRIC_REPRESENTATION_CONTEXT() REPRESENTATION_CONTEXT('2D SPACE',''
  ) );
#16814 = PCURVE('',#7528,#16815);
#16815 = DEFINITIONAL_REPRESENTATION('',(#16816),#16820);
#16816 = LINE('',#16817,#16818);
#16817 = CARTESIAN_POINT('',(172.,0.));
#16818 = VECTOR('',#16819,1.);
#16819 = DIRECTION('',(0.,-1.));
#16820 = ( GEOMETRIC_REPRESENTATION_CONTEXT(2) 
PARAMETRIC_REPRESENTATION_CONTEXT() REPRESENTATION_CONTEXT('2D SPACE',''
  ) );
#16821 = ADVANCED_FACE('',(#16822),#5179,.F.);
#16822 = FACE_BOUND('',#16823,.F.);
#16823 = EDGE_LOOP('',(#16824,#16825,#16848,#16869));
#16824 = ORIENTED_EDGE('',*,*,#5165,.F.);
#16825 = ORIENTED_EDGE('',*,*,#16826,.F.);
#16826 = EDGE_CURVE('',#16827,#5138,#16829,.T.);
#16827 = VERTEX_POINT('',#16828);
#16828 = CARTESIAN_POINT('',(-67.,67.,-1.));
#16829 = SURFACE_CURVE('',#16830,(#16834,#16841),.PCURVE_S1.);
#16830 = LINE('',#16831,#16832);
#16831 = CARTESIAN_POINT('',(-67.,67.,-3.));
#16832 = VECTOR('',#16833,1.);
#16833 = DIRECTION('',(0.,-0.,-1.));
#16834 = PCURVE('',#5179,#16835);
#16835 = DEFINITIONAL_REPRESENTATION('',(#16836),#16840);
#16836 = LINE('',#16837,#16838);
#16837 = CARTESIAN_POINT('',(153.,0.));
#16838 = VECTOR('',#16839,1.);
#16839 = DIRECTION('',(0.,1.));
#16840 = ( GEOMETRIC_REPRESENTATION_CONTEXT(2) 
PARAMETRIC_REPRESENTATION_CONTEXT() REPRESENTATION_CONTEXT('2D SPACE',''
  ) );
#16841 = PCURVE('',#5153,#16842);
#16842 = DEFINITIONAL_REPRESENTATION('',(#16843),#16847);
#16843 = LINE('',#16844,#16845);
#16844 = CARTESIAN_POINT('',(19.,0.));
#16845 = VECTOR('',#16846,1.);
#16846 = DIRECTION('',(0.,1.));
#16847 = ( GEOMETRIC_REPRESENTATION_CONTEXT(2) 
PARAMETRIC_REPRESENTATION_CONTEXT() REPRESENTATION_CONTEXT('2D SPACE',''
  ) );
#16848 = ORIENTED_EDGE('',*,*,#16849,.T.);
#16849 = EDGE_CURVE('',#16827,#8839,#16850,.T.);
#16850 = SURFACE_CURVE('',#16851,(#16855,#16862),.PCURVE_S1.);
#16851 = LINE('',#16852,#16853);
#16852 = CARTESIAN_POINT('',(86.,67.,-1.));
#16853 = VECTOR('',#16854,1.);
#16854 = DIRECTION('',(-1.,0.,0.));
#16855 = PCURVE('',#5179,#16856);
#16856 = DEFINITIONAL_REPRESENTATION('',(#16857),#16861);
#16857 = LINE('',#16858,#16859);
#16858 = CARTESIAN_POINT('',(0.,-2.));
#16859 = VECTOR('',#16860,1.);
#16860 = DIRECTION('',(1.,0.));
#16861 = ( GEOMETRIC_REPRESENTATION_CONTEXT(2) 
PARAMETRIC_REPRESENTATION_CONTEXT() REPRESENTATION_CONTEXT('2D SPACE',''
  ) );
#16862 = PCURVE('',#7938,#16863);
#16863 = DEFINITIONAL_REPRESENTATION('',(#16864),#16868);
#16864 = LINE('',#16865,#16866);
#16865 = CARTESIAN_POINT('',(152.,67.));
#16866 = VECTOR('',#16867,1.);
#16867 = DIRECTION('',(-1.,0.));
#16868 = ( GEOMETRIC_REPRESENTATION_CONTEXT(2) 
PARAMETRIC_REPRESENTATION_CONTEXT() REPRESENTATION_CONTEXT('2D SPACE',''
  ) );
#16869 = ORIENTED_EDGE('',*,*,#8861,.F.);
#16870 = ADVANCED_FACE('',(#16871),#5153,.F.);
#16871 = FACE_BOUND('',#16872,.F.);
#16872 = EDGE_LOOP('',(#16873,#16874,#16875,#16896));
#16873 = ORIENTED_EDGE('',*,*,#5137,.F.);
#16874 = ORIENTED_EDGE('',*,*,#16347,.T.);
#16875 = ORIENTED_EDGE('',*,*,#16876,.T.);
#16876 = EDGE_CURVE('',#16348,#16827,#16877,.T.);
#16877 = SURFACE_CURVE('',#16878,(#16882,#16889),.PCURVE_S1.);
#16878 = LINE('',#16879,#16880);
#16879 = CARTESIAN_POINT('',(-67.,86.,-1.));
#16880 = VECTOR('',#16881,1.);
#16881 = DIRECTION('',(0.,-1.,0.));
#16882 = PCURVE('',#5153,#16883);
#16883 = DEFINITIONAL_REPRESENTATION('',(#16884),#16888);
#16884 = LINE('',#16885,#16886);
#16885 = CARTESIAN_POINT('',(0.,-2.));
#16886 = VECTOR('',#16887,1.);
#16887 = DIRECTION('',(1.,0.));
#16888 = ( GEOMETRIC_REPRESENTATION_CONTEXT(2) 
PARAMETRIC_REPRESENTATION_CONTEXT() REPRESENTATION_CONTEXT('2D SPACE',''
  ) );
#16889 = PCURVE('',#7938,#16890);
#16890 = DEFINITIONAL_REPRESENTATION('',(#16891),#16895);
#16891 = LINE('',#16892,#16893);
#16892 = CARTESIAN_POINT('',(-1.,86.));
#16893 = VECTOR('',#16894,1.);
#16894 = DIRECTION('',(0.,-1.));
#16895 = ( GEOMETRIC_REPRESENTATION_CONTEXT(2) 
PARAMETRIC_REPRESENTATION_CONTEXT() REPRESENTATION_CONTEXT('2D SPACE',''
  ) );
#16896 = ORIENTED_EDGE('',*,*,#16826,.T.);
#16897 = ADVANCED_FACE('',(#16898),#5210,.F.);
#16898 = FACE_BOUND('',#16899,.T.);
#16899 = EDGE_LOOP('',(#16900,#16921,#16922,#16923));
#16900 = ORIENTED_EDGE('',*,*,#16901,.T.);
#16901 = EDGE_CURVE('',#5194,#7674,#16902,.T.);
#16902 = SEAM_CURVE('',#16903,(#16907,#16914),.PCURVE_S1.);
#16903 = LINE('',#16904,#16905);
#16904 = CARTESIAN_POINT('',(-90.9,93.,-3.));
#16905 = VECTOR('',#16906,1.);
#16906 = DIRECTION('',(0.,0.,1.));
#16907 = PCURVE('',#5210,#16908);
#16908 = DEFINITIONAL_REPRESENTATION('',(#16909),#16913);
#16909 = LINE('',#16910,#16911);
#16910 = CARTESIAN_POINT('',(-0.,0.));
#16911 = VECTOR('',#16912,1.);
#16912 = DIRECTION('',(-0.,-1.));
#16913 = ( GEOMETRIC_REPRESENTATION_CONTEXT(2) 
PARAMETRIC_REPRESENTATION_CONTEXT() REPRESENTATION_CONTEXT('2D SPACE',''
  ) );
#16914 = PCURVE('',#5210,#16915);
#16915 = DEFINITIONAL_REPRESENTATION('',(#16916),#16920);
#16916 = LINE('',#16917,#16918);
#16917 = CARTESIAN_POINT('',(-6.28318530718,0.));
#16918 = VECTOR('',#16919,1.);
#16919 = DIRECTION('',(-0.,-1.));
#16920 = ( GEOMETRIC_REPRESENTATION_CONTEXT(2) 
PARAMETRIC_REPRESENTATION_CONTEXT() REPRESENTATION_CONTEXT('2D SPACE',''
  ) );
#16921 = ORIENTED_EDGE('',*,*,#7673,.T.);
#16922 = ORIENTED_EDGE('',*,*,#16901,.F.);
#16923 = ORIENTED_EDGE('',*,*,#5193,.F.);
#16924 = ADVANCED_FACE('',(#16925),#5265,.F.);
#16925 = FACE_BOUND('',#16926,.F.);
#16926 = EDGE_LOOP('',(#16927,#16928,#16929,#16952));
#16927 = ORIENTED_EDGE('',*,*,#5249,.F.);
#16928 = ORIENTED_EDGE('',*,*,#16415,.T.);
#16929 = ORIENTED_EDGE('',*,*,#16930,.T.);
#16930 = EDGE_CURVE('',#16416,#16931,#16933,.T.);
#16931 = VERTEX_POINT('',#16932);
#16932 = CARTESIAN_POINT('',(-45.,67.,-1.));
#16933 = SURFACE_CURVE('',#16934,(#16938,#16945),.PCURVE_S1.);
#16934 = LINE('',#16935,#16936);
#16935 = CARTESIAN_POINT('',(-45.,86.,-1.));
#16936 = VECTOR('',#16937,1.);
#16937 = DIRECTION('',(0.,-1.,0.));
#16938 = PCURVE('',#5265,#16939);
#16939 = DEFINITIONAL_REPRESENTATION('',(#16940),#16944);
#16940 = LINE('',#16941,#16942);
#16941 = CARTESIAN_POINT('',(0.,-2.));
#16942 = VECTOR('',#16943,1.);
#16943 = DIRECTION('',(1.,0.));
#16944 = ( GEOMETRIC_REPRESENTATION_CONTEXT(2) 
PARAMETRIC_REPRESENTATION_CONTEXT() REPRESENTATION_CONTEXT('2D SPACE',''
  ) );
#16945 = PCURVE('',#7938,#16946);
#16946 = DEFINITIONAL_REPRESENTATION('',(#16947),#16951);
#16947 = LINE('',#16948,#16949);
#16948 = CARTESIAN_POINT('',(21.,86.));
#16949 = VECTOR('',#16950,1.);
#16950 = DIRECTION('',(0.,-1.));
#16951 = ( GEOMETRIC_REPRESENTATION_CONTEXT(2) 
PARAMETRIC_REPRESENTATION_CONTEXT() REPRESENTATION_CONTEXT('2D SPACE',''
  ) );
#16952 = ORIENTED_EDGE('',*,*,#16953,.T.);
#16953 = EDGE_CURVE('',#16931,#5250,#16954,.T.);
#16954 = SURFACE_CURVE('',#16955,(#16959,#16966),.PCURVE_S1.);
#16955 = LINE('',#16956,#16957);
#16956 = CARTESIAN_POINT('',(-45.,67.,-3.));
#16957 = VECTOR('',#16958,1.);
#16958 = DIRECTION('',(0.,-0.,-1.));
#16959 = PCURVE('',#5265,#16960);
#16960 = DEFINITIONAL_REPRESENTATION('',(#16961),#16965);
#16961 = LINE('',#16962,#16963);
#16962 = CARTESIAN_POINT('',(19.,0.));
#16963 = VECTOR('',#16964,1.);
#16964 = DIRECTION('',(0.,1.));
#16965 = ( GEOMETRIC_REPRESENTATION_CONTEXT(2) 
PARAMETRIC_REPRESENTATION_CONTEXT() REPRESENTATION_CONTEXT('2D SPACE',''
  ) );
#16966 = PCURVE('',#5293,#16967);
#16967 = DEFINITIONAL_REPRESENTATION('',(#16968),#16972);
#16968 = LINE('',#16969,#16970);
#16969 = CARTESIAN_POINT('',(131.,0.));
#16970 = VECTOR('',#16971,1.);
#16971 = DIRECTION('',(0.,1.));
#16972 = ( GEOMETRIC_REPRESENTATION_CONTEXT(2) 
PARAMETRIC_REPRESENTATION_CONTEXT() REPRESENTATION_CONTEXT('2D SPACE',''
  ) );
#16973 = ADVANCED_FACE('',(#16974),#5319,.F.);
#16974 = FACE_BOUND('',#16975,.F.);
#16975 = EDGE_LOOP('',(#16976,#16977,#17000,#17021));
#16976 = ORIENTED_EDGE('',*,*,#5305,.F.);
#16977 = ORIENTED_EDGE('',*,*,#16978,.T.);
#16978 = EDGE_CURVE('',#5278,#16979,#16981,.T.);
#16979 = VERTEX_POINT('',#16980);
#16980 = CARTESIAN_POINT('',(-65.,67.,-1.));
#16981 = SURFACE_CURVE('',#16982,(#16986,#16993),.PCURVE_S1.);
#16982 = LINE('',#16983,#16984);
#16983 = CARTESIAN_POINT('',(-65.,67.,-3.));
#16984 = VECTOR('',#16985,1.);
#16985 = DIRECTION('',(0.,0.,1.));
#16986 = PCURVE('',#5319,#16987);
#16987 = DEFINITIONAL_REPRESENTATION('',(#16988),#16992);
#16988 = LINE('',#16989,#16990);
#16989 = CARTESIAN_POINT('',(153.,0.));
#16990 = VECTOR('',#16991,1.);
#16991 = DIRECTION('',(0.,-1.));
#16992 = ( GEOMETRIC_REPRESENTATION_CONTEXT(2) 
PARAMETRIC_REPRESENTATION_CONTEXT() REPRESENTATION_CONTEXT('2D SPACE',''
  ) );
#16993 = PCURVE('',#5293,#16994);
#16994 = DEFINITIONAL_REPRESENTATION('',(#16995),#16999);
#16995 = LINE('',#16996,#16997);
#16996 = CARTESIAN_POINT('',(151.,0.));
#16997 = VECTOR('',#16998,1.);
#16998 = DIRECTION('',(0.,-1.));
#16999 = ( GEOMETRIC_REPRESENTATION_CONTEXT(2) 
PARAMETRIC_REPRESENTATION_CONTEXT() REPRESENTATION_CONTEXT('2D SPACE',''
  ) );
#17000 = ORIENTED_EDGE('',*,*,#17001,.T.);
#17001 = EDGE_CURVE('',#16979,#16371,#17002,.T.);
#17002 = SURFACE_CURVE('',#17003,(#17007,#17014),.PCURVE_S1.);
#17003 = LINE('',#17004,#17005);
#17004 = CARTESIAN_POINT('',(-65.,-86.,-1.));
#17005 = VECTOR('',#17006,1.);
#17006 = DIRECTION('',(0.,1.,0.));
#17007 = PCURVE('',#5319,#17008);
#17008 = DEFINITIONAL_REPRESENTATION('',(#17009),#17013);
#17009 = LINE('',#17010,#17011);
#17010 = CARTESIAN_POINT('',(0.,-2.));
#17011 = VECTOR('',#17012,1.);
#17012 = DIRECTION('',(1.,0.));
#17013 = ( GEOMETRIC_REPRESENTATION_CONTEXT(2) 
PARAMETRIC_REPRESENTATION_CONTEXT() REPRESENTATION_CONTEXT('2D SPACE',''
  ) );
#17014 = PCURVE('',#7938,#17015);
#17015 = DEFINITIONAL_REPRESENTATION('',(#17016),#17020);
#17016 = LINE('',#17017,#17018);
#17017 = CARTESIAN_POINT('',(1.,-86.));
#17018 = VECTOR('',#17019,1.);
#17019 = DIRECTION('',(0.,1.));
#17020 = ( GEOMETRIC_REPRESENTATION_CONTEXT(2) 
PARAMETRIC_REPRESENTATION_CONTEXT() REPRESENTATION_CONTEXT('2D SPACE',''
  ) );
#17021 = ORIENTED_EDGE('',*,*,#16393,.F.);
#17022 = ADVANCED_FACE('',(#17023),#5293,.F.);
#17023 = FACE_BOUND('',#17024,.F.);
#17024 = EDGE_LOOP('',(#17025,#17026,#17027,#17048));
#17025 = ORIENTED_EDGE('',*,*,#5277,.F.);
#17026 = ORIENTED_EDGE('',*,*,#16953,.F.);
#17027 = ORIENTED_EDGE('',*,*,#17028,.T.);
#17028 = EDGE_CURVE('',#16931,#16979,#17029,.T.);
#17029 = SURFACE_CURVE('',#17030,(#17034,#17041),.PCURVE_S1.);
#17030 = LINE('',#17031,#17032);
#17031 = CARTESIAN_POINT('',(86.,67.,-1.));
#17032 = VECTOR('',#17033,1.);
#17033 = DIRECTION('',(-1.,0.,0.));
#17034 = PCURVE('',#5293,#17035);
#17035 = DEFINITIONAL_REPRESENTATION('',(#17036),#17040);
#17036 = LINE('',#17037,#17038);
#17037 = CARTESIAN_POINT('',(0.,-2.));
#17038 = VECTOR('',#17039,1.);
#17039 = DIRECTION('',(1.,0.));
#17040 = ( GEOMETRIC_REPRESENTATION_CONTEXT(2) 
PARAMETRIC_REPRESENTATION_CONTEXT() REPRESENTATION_CONTEXT('2D SPACE',''
  ) );
#17041 = PCURVE('',#7938,#17042);
#17042 = DEFINITIONAL_REPRESENTATION('',(#17043),#17047);
#17043 = LINE('',#17044,#17045);
#17044 = CARTESIAN_POINT('',(152.,67.));
#17045 = VECTOR('',#17046,1.);
#17046 = DIRECTION('',(-1.,0.));
#17047 = ( GEOMETRIC_REPRESENTATION_CONTEXT(2) 
PARAMETRIC_REPRESENTATION_CONTEXT() REPRESENTATION_CONTEXT('2D SPACE',''
  ) );
#17048 = ORIENTED_EDGE('',*,*,#16978,.F.);
#17049 = ADVANCED_FACE('',(#17050),#5351,.F.);
#17050 = FACE_BOUND('',#17051,.F.);
#17051 = EDGE_LOOP('',(#17052,#17053,#17076,#17099));
#17052 = ORIENTED_EDGE('',*,*,#5333,.F.);
#17053 = ORIENTED_EDGE('',*,*,#17054,.T.);
#17054 = EDGE_CURVE('',#5334,#17055,#17057,.T.);
#17055 = VERTEX_POINT('',#17056);
#17056 = CARTESIAN_POINT('',(-43.,45.,-1.));
#17057 = SURFACE_CURVE('',#17058,(#17062,#17069),.PCURVE_S1.);
#17058 = LINE('',#17059,#17060);
#17059 = CARTESIAN_POINT('',(-43.,45.,-3.));
#17060 = VECTOR('',#17061,1.);
#17061 = DIRECTION('',(0.,0.,1.));
#17062 = PCURVE('',#5351,#17063);
#17063 = DEFINITIONAL_REPRESENTATION('',(#17064),#17068);
#17064 = LINE('',#17065,#17066);
#17065 = CARTESIAN_POINT('',(131.,0.));
#17066 = VECTOR('',#17067,1.);
#17067 = DIRECTION('',(0.,-1.));
#17068 = ( GEOMETRIC_REPRESENTATION_CONTEXT(2) 
PARAMETRIC_REPRESENTATION_CONTEXT() REPRESENTATION_CONTEXT('2D SPACE',''
  ) );
#17069 = PCURVE('',#5433,#17070);
#17070 = DEFINITIONAL_REPRESENTATION('',(#17071),#17075);
#17071 = LINE('',#17072,#17073);
#17072 = CARTESIAN_POINT('',(129.,0.));
#17073 = VECTOR('',#17074,1.);
#17074 = DIRECTION('',(0.,-1.));
#17075 = ( GEOMETRIC_REPRESENTATION_CONTEXT(2) 
PARAMETRIC_REPRESENTATION_CONTEXT() REPRESENTATION_CONTEXT('2D SPACE',''
  ) );
#17076 = ORIENTED_EDGE('',*,*,#17077,.T.);
#17077 = EDGE_CURVE('',#17055,#17078,#17080,.T.);
#17078 = VERTEX_POINT('',#17079);
#17079 = CARTESIAN_POINT('',(-43.,65.,-1.));
#17080 = SURFACE_CURVE('',#17081,(#17085,#17092),.PCURVE_S1.);
#17081 = LINE('',#17082,#17083);
#17082 = CARTESIAN_POINT('',(-43.,-86.,-1.));
#17083 = VECTOR('',#17084,1.);
#17084 = DIRECTION('',(0.,1.,0.));
#17085 = PCURVE('',#5351,#17086);
#17086 = DEFINITIONAL_REPRESENTATION('',(#17087),#17091);
#17087 = LINE('',#17088,#17089);
#17088 = CARTESIAN_POINT('',(0.,-2.));
#17089 = VECTOR('',#17090,1.);
#17090 = DIRECTION('',(1.,0.));
#17091 = ( GEOMETRIC_REPRESENTATION_CONTEXT(2) 
PARAMETRIC_REPRESENTATION_CONTEXT() REPRESENTATION_CONTEXT('2D SPACE',''
  ) );
#17092 = PCURVE('',#7938,#17093);
#17093 = DEFINITIONAL_REPRESENTATION('',(#17094),#17098);
#17094 = LINE('',#17095,#17096);
#17095 = CARTESIAN_POINT('',(23.,-86.));
#17096 = VECTOR('',#17097,1.);
#17097 = DIRECTION('',(0.,1.));
#17098 = ( GEOMETRIC_REPRESENTATION_CONTEXT(2) 
PARAMETRIC_REPRESENTATION_CONTEXT() REPRESENTATION_CONTEXT('2D SPACE',''
  ) );
#17099 = ORIENTED_EDGE('',*,*,#17100,.T.);
#17100 = EDGE_CURVE('',#17078,#5336,#17101,.T.);
#17101 = SURFACE_CURVE('',#17102,(#17106,#17113),.PCURVE_S1.);
#17102 = LINE('',#17103,#17104);
#17103 = CARTESIAN_POINT('',(-43.,65.,-3.));
#17104 = VECTOR('',#17105,1.);
#17105 = DIRECTION('',(0.,0.,-1.));
#17106 = PCURVE('',#5351,#17107);
#17107 = DEFINITIONAL_REPRESENTATION('',(#17108),#17112);
#17108 = LINE('',#17109,#17110);
#17109 = CARTESIAN_POINT('',(151.,0.));
#17110 = VECTOR('',#17111,1.);
#17111 = DIRECTION('',(0.,1.));
#17112 = ( GEOMETRIC_REPRESENTATION_CONTEXT(2) 
PARAMETRIC_REPRESENTATION_CONTEXT() REPRESENTATION_CONTEXT('2D SPACE',''
  ) );
#17113 = PCURVE('',#5379,#17114);
#17114 = DEFINITIONAL_REPRESENTATION('',(#17115),#17119);
#17115 = LINE('',#17116,#17117);
#17116 = CARTESIAN_POINT('',(43.,0.));
#17117 = VECTOR('',#17118,1.);
#17118 = DIRECTION('',(0.,1.));
#17119 = ( GEOMETRIC_REPRESENTATION_CONTEXT(2) 
PARAMETRIC_REPRESENTATION_CONTEXT() REPRESENTATION_CONTEXT('2D SPACE',''
  ) );
#17120 = ADVANCED_FACE('',(#17121),#5433,.F.);
#17121 = FACE_BOUND('',#17122,.F.);
#17122 = EDGE_LOOP('',(#17123,#17124,#17147,#17168));
#17123 = ORIENTED_EDGE('',*,*,#5419,.F.);
#17124 = ORIENTED_EDGE('',*,*,#17125,.F.);
#17125 = EDGE_CURVE('',#17126,#5392,#17128,.T.);
#17126 = VERTEX_POINT('',#17127);
#17127 = CARTESIAN_POINT('',(-23.,45.,-1.));
#17128 = SURFACE_CURVE('',#17129,(#17133,#17140),.PCURVE_S1.);
#17129 = LINE('',#17130,#17131);
#17130 = CARTESIAN_POINT('',(-23.,45.,-3.));
#17131 = VECTOR('',#17132,1.);
#17132 = DIRECTION('',(0.,-0.,-1.));
#17133 = PCURVE('',#5433,#17134);
#17134 = DEFINITIONAL_REPRESENTATION('',(#17135),#17139);
#17135 = LINE('',#17136,#17137);
#17136 = CARTESIAN_POINT('',(109.,0.));
#17137 = VECTOR('',#17138,1.);
#17138 = DIRECTION('',(0.,1.));
#17139 = ( GEOMETRIC_REPRESENTATION_CONTEXT(2) 
PARAMETRIC_REPRESENTATION_CONTEXT() REPRESENTATION_CONTEXT('2D SPACE',''
  ) );
#17140 = PCURVE('',#5407,#17141);
#17141 = DEFINITIONAL_REPRESENTATION('',(#17142),#17146);
#17142 = LINE('',#17143,#17144);
#17143 = CARTESIAN_POINT('',(41.,0.));
#17144 = VECTOR('',#17145,1.);
#17145 = DIRECTION('',(0.,1.));
#17146 = ( GEOMETRIC_REPRESENTATION_CONTEXT(2) 
PARAMETRIC_REPRESENTATION_CONTEXT() REPRESENTATION_CONTEXT('2D SPACE',''
  ) );
#17147 = ORIENTED_EDGE('',*,*,#17148,.T.);
#17148 = EDGE_CURVE('',#17126,#17055,#17149,.T.);
#17149 = SURFACE_CURVE('',#17150,(#17154,#17161),.PCURVE_S1.);
#17150 = LINE('',#17151,#17152);
#17151 = CARTESIAN_POINT('',(86.,45.,-1.));
#17152 = VECTOR('',#17153,1.);
#17153 = DIRECTION('',(-1.,0.,0.));
#17154 = PCURVE('',#5433,#17155);
#17155 = DEFINITIONAL_REPRESENTATION('',(#17156),#17160);
#17156 = LINE('',#17157,#17158);
#17157 = CARTESIAN_POINT('',(0.,-2.));
#17158 = VECTOR('',#17159,1.);
#17159 = DIRECTION('',(1.,0.));
#17160 = ( GEOMETRIC_REPRESENTATION_CONTEXT(2) 
PARAMETRIC_REPRESENTATION_CONTEXT() REPRESENTATION_CONTEXT('2D SPACE',''
  ) );
#17161 = PCURVE('',#7938,#17162);
#17162 = DEFINITIONAL_REPRESENTATION('',(#17163),#17167);
#17163 = LINE('',#17164,#17165);
#17164 = CARTESIAN_POINT('',(152.,45.));
#17165 = VECTOR('',#17166,1.);
#17166 = DIRECTION('',(-1.,0.));
#17167 = ( GEOMETRIC_REPRESENTATION_CONTEXT(2) 
PARAMETRIC_REPRESENTATION_CONTEXT() REPRESENTATION_CONTEXT('2D SPACE',''
  ) );
#17168 = ORIENTED_EDGE('',*,*,#17054,.F.);
#17169 = ADVANCED_FACE('',(#17170),#5379,.F.);
#17170 = FACE_BOUND('',#17171,.F.);
#17171 = EDGE_LOOP('',(#17172,#17173,#17174,#17197));
#17172 = ORIENTED_EDGE('',*,*,#5363,.F.);
#17173 = ORIENTED_EDGE('',*,*,#17100,.F.);
#17174 = ORIENTED_EDGE('',*,*,#17175,.T.);
#17175 = EDGE_CURVE('',#17078,#17176,#17178,.T.);
#17176 = VERTEX_POINT('',#17177);
#17177 = CARTESIAN_POINT('',(-23.,65.,-1.));
#17178 = SURFACE_CURVE('',#17179,(#17183,#17190),.PCURVE_S1.);
#17179 = LINE('',#17180,#17181);
#17180 = CARTESIAN_POINT('',(-86.,65.,-1.));
#17181 = VECTOR('',#17182,1.);
#17182 = DIRECTION('',(1.,0.,0.));
#17183 = PCURVE('',#5379,#17184);
#17184 = DEFINITIONAL_REPRESENTATION('',(#17185),#17189);
#17185 = LINE('',#17186,#17187);
#17186 = CARTESIAN_POINT('',(0.,-2.));
#17187 = VECTOR('',#17188,1.);
#17188 = DIRECTION('',(1.,0.));
#17189 = ( GEOMETRIC_REPRESENTATION_CONTEXT(2) 
PARAMETRIC_REPRESENTATION_CONTEXT() REPRESENTATION_CONTEXT('2D SPACE',''
  ) );
#17190 = PCURVE('',#7938,#17191);
#17191 = DEFINITIONAL_REPRESENTATION('',(#17192),#17196);
#17192 = LINE('',#17193,#17194);
#17193 = CARTESIAN_POINT('',(-20.,65.));
#17194 = VECTOR('',#17195,1.);
#17195 = DIRECTION('',(1.,0.));
#17196 = ( GEOMETRIC_REPRESENTATION_CONTEXT(2) 
PARAMETRIC_REPRESENTATION_CONTEXT() REPRESENTATION_CONTEXT('2D SPACE',''
  ) );
#17197 = ORIENTED_EDGE('',*,*,#17198,.F.);
#17198 = EDGE_CURVE('',#5364,#17176,#17199,.T.);
#17199 = SURFACE_CURVE('',#17200,(#17204,#17211),.PCURVE_S1.);
#17200 = LINE('',#17201,#17202);
#17201 = CARTESIAN_POINT('',(-23.,65.,-3.));
#17202 = VECTOR('',#17203,1.);
#17203 = DIRECTION('',(0.,-0.,1.));
#17204 = PCURVE('',#5379,#17205);
#17205 = DEFINITIONAL_REPRESENTATION('',(#17206),#17210);
#17206 = LINE('',#17207,#17208);
#17207 = CARTESIAN_POINT('',(63.,0.));
#17208 = VECTOR('',#17209,1.);
#17209 = DIRECTION('',(0.,-1.));
#17210 = ( GEOMETRIC_REPRESENTATION_CONTEXT(2) 
PARAMETRIC_REPRESENTATION_CONTEXT() REPRESENTATION_CONTEXT('2D SPACE',''
  ) );
#17211 = PCURVE('',#5407,#17212);
#17212 = DEFINITIONAL_REPRESENTATION('',(#17213),#17217);
#17213 = LINE('',#17214,#17215);
#17214 = CARTESIAN_POINT('',(21.,0.));
#17215 = VECTOR('',#17216,1.);
#17216 = DIRECTION('',(0.,-1.));
#17217 = ( GEOMETRIC_REPRESENTATION_CONTEXT(2) 
PARAMETRIC_REPRESENTATION_CONTEXT() REPRESENTATION_CONTEXT('2D SPACE',''
  ) );
#17218 = ADVANCED_FACE('',(#17219),#5407,.F.);
#17219 = FACE_BOUND('',#17220,.F.);
#17220 = EDGE_LOOP('',(#17221,#17222,#17223,#17244));
#17221 = ORIENTED_EDGE('',*,*,#5391,.F.);
#17222 = ORIENTED_EDGE('',*,*,#17198,.T.);
#17223 = ORIENTED_EDGE('',*,*,#17224,.T.);
#17224 = EDGE_CURVE('',#17176,#17126,#17225,.T.);
#17225 = SURFACE_CURVE('',#17226,(#17230,#17237),.PCURVE_S1.);
#17226 = LINE('',#17227,#17228);
#17227 = CARTESIAN_POINT('',(-23.,86.,-1.));
#17228 = VECTOR('',#17229,1.);
#17229 = DIRECTION('',(0.,-1.,0.));
#17230 = PCURVE('',#5407,#17231);
#17231 = DEFINITIONAL_REPRESENTATION('',(#17232),#17236);
#17232 = LINE('',#17233,#17234);
#17233 = CARTESIAN_POINT('',(0.,-2.));
#17234 = VECTOR('',#17235,1.);
#17235 = DIRECTION('',(1.,0.));
#17236 = ( GEOMETRIC_REPRESENTATION_CONTEXT(2) 
PARAMETRIC_REPRESENTATION_CONTEXT() REPRESENTATION_CONTEXT('2D SPACE',''
  ) );
#17237 = PCURVE('',#7938,#17238);
#17238 = DEFINITIONAL_REPRESENTATION('',(#17239),#17243);
#17239 = LINE('',#17240,#17241);
#17240 = CARTESIAN_POINT('',(43.,86.));
#17241 = VECTOR('',#17242,1.);
#17242 = DIRECTION('',(0.,-1.));
#17243 = ( GEOMETRIC_REPRESENTATION_CONTEXT(2) 
PARAMETRIC_REPRESENTATION_CONTEXT() REPRESENTATION_CONTEXT('2D SPACE',''
  ) );
#17244 = ORIENTED_EDGE('',*,*,#17125,.T.);
#17245 = ADVANCED_FACE('',(#17246),#5465,.F.);
#17246 = FACE_BOUND('',#17247,.F.);
#17247 = EDGE_LOOP('',(#17248,#17249,#17272,#17295));
#17248 = ORIENTED_EDGE('',*,*,#5447,.F.);
#17249 = ORIENTED_EDGE('',*,*,#17250,.T.);
#17250 = EDGE_CURVE('',#5448,#17251,#17253,.T.);
#17251 = VERTEX_POINT('',#17252);
#17252 = CARTESIAN_POINT('',(-21.,45.,-1.));
#17253 = SURFACE_CURVE('',#17254,(#17258,#17265),.PCURVE_S1.);
#17254 = LINE('',#17255,#17256);
#17255 = CARTESIAN_POINT('',(-21.,45.,-3.));
#17256 = VECTOR('',#17257,1.);
#17257 = DIRECTION('',(0.,0.,1.));
#17258 = PCURVE('',#5465,#17259);
#17259 = DEFINITIONAL_REPRESENTATION('',(#17260),#17264);
#17260 = LINE('',#17261,#17262);
#17261 = CARTESIAN_POINT('',(131.,0.));
#17262 = VECTOR('',#17263,1.);
#17263 = DIRECTION('',(0.,-1.));
#17264 = ( GEOMETRIC_REPRESENTATION_CONTEXT(2) 
PARAMETRIC_REPRESENTATION_CONTEXT() REPRESENTATION_CONTEXT('2D SPACE',''
  ) );
#17265 = PCURVE('',#5547,#17266);
#17266 = DEFINITIONAL_REPRESENTATION('',(#17267),#17271);
#17267 = LINE('',#17268,#17269);
#17268 = CARTESIAN_POINT('',(107.,0.));
#17269 = VECTOR('',#17270,1.);
#17270 = DIRECTION('',(0.,-1.));
#17271 = ( GEOMETRIC_REPRESENTATION_CONTEXT(2) 
PARAMETRIC_REPRESENTATION_CONTEXT() REPRESENTATION_CONTEXT('2D SPACE',''
  ) );
#17272 = ORIENTED_EDGE('',*,*,#17273,.T.);
#17273 = EDGE_CURVE('',#17251,#17274,#17276,.T.);
#17274 = VERTEX_POINT('',#17275);
#17275 = CARTESIAN_POINT('',(-21.,65.,-1.));
#17276 = SURFACE_CURVE('',#17277,(#17281,#17288),.PCURVE_S1.);
#17277 = LINE('',#17278,#17279);
#17278 = CARTESIAN_POINT('',(-21.,-86.,-1.));
#17279 = VECTOR('',#17280,1.);
#17280 = DIRECTION('',(0.,1.,0.));
#17281 = PCURVE('',#5465,#17282);
#17282 = DEFINITIONAL_REPRESENTATION('',(#17283),#17287);
#17283 = LINE('',#17284,#17285);
#17284 = CARTESIAN_POINT('',(0.,-2.));
#17285 = VECTOR('',#17286,1.);
#17286 = DIRECTION('',(1.,0.));
#17287 = ( GEOMETRIC_REPRESENTATION_CONTEXT(2) 
PARAMETRIC_REPRESENTATION_CONTEXT() REPRESENTATION_CONTEXT('2D SPACE',''
  ) );
#17288 = PCURVE('',#7938,#17289);
#17289 = DEFINITIONAL_REPRESENTATION('',(#17290),#17294);
#17290 = LINE('',#17291,#17292);
#17291 = CARTESIAN_POINT('',(45.,-86.));
#17292 = VECTOR('',#17293,1.);
#17293 = DIRECTION('',(0.,1.));
#17294 = ( GEOMETRIC_REPRESENTATION_CONTEXT(2) 
PARAMETRIC_REPRESENTATION_CONTEXT() REPRESENTATION_CONTEXT('2D SPACE',''
  ) );
#17295 = ORIENTED_EDGE('',*,*,#17296,.T.);
#17296 = EDGE_CURVE('',#17274,#5450,#17297,.T.);
#17297 = SURFACE_CURVE('',#17298,(#17302,#17309),.PCURVE_S1.);
#17298 = LINE('',#17299,#17300);
#17299 = CARTESIAN_POINT('',(-21.,65.,-3.));
#17300 = VECTOR('',#17301,1.);
#17301 = DIRECTION('',(0.,0.,-1.));
#17302 = PCURVE('',#5465,#17303);
#17303 = DEFINITIONAL_REPRESENTATION('',(#17304),#17308);
#17304 = LINE('',#17305,#17306);
#17305 = CARTESIAN_POINT('',(151.,0.));
#17306 = VECTOR('',#17307,1.);
#17307 = DIRECTION('',(0.,1.));
#17308 = ( GEOMETRIC_REPRESENTATION_CONTEXT(2) 
PARAMETRIC_REPRESENTATION_CONTEXT() REPRESENTATION_CONTEXT('2D SPACE',''
  ) );
#17309 = PCURVE('',#5493,#17310);
#17310 = DEFINITIONAL_REPRESENTATION('',(#17311),#17315);
#17311 = LINE('',#17312,#17313);
#17312 = CARTESIAN_POINT('',(65.,0.));
#17313 = VECTOR('',#17314,1.);
#17314 = DIRECTION('',(0.,1.));
#17315 = ( GEOMETRIC_REPRESENTATION_CONTEXT(2) 
PARAMETRIC_REPRESENTATION_CONTEXT() REPRESENTATION_CONTEXT('2D SPACE',''
  ) );
#17316 = ADVANCED_FACE('',(#17317),#5547,.F.);
#17317 = FACE_BOUND('',#17318,.F.);
#17318 = EDGE_LOOP('',(#17319,#17320,#17343,#17364));
#17319 = ORIENTED_EDGE('',*,*,#5533,.F.);
#17320 = ORIENTED_EDGE('',*,*,#17321,.F.);
#17321 = EDGE_CURVE('',#17322,#5506,#17324,.T.);
#17322 = VERTEX_POINT('',#17323);
#17323 = CARTESIAN_POINT('',(-1.,45.,-1.));
#17324 = SURFACE_CURVE('',#17325,(#17329,#17336),.PCURVE_S1.);
#17325 = LINE('',#17326,#17327);
#17326 = CARTESIAN_POINT('',(-1.,45.,-3.));
#17327 = VECTOR('',#17328,1.);
#17328 = DIRECTION('',(0.,-0.,-1.));
#17329 = PCURVE('',#5547,#17330);
#17330 = DEFINITIONAL_REPRESENTATION('',(#17331),#17335);
#17331 = LINE('',#17332,#17333);
#17332 = CARTESIAN_POINT('',(87.,0.));
#17333 = VECTOR('',#17334,1.);
#17334 = DIRECTION('',(0.,1.));
#17335 = ( GEOMETRIC_REPRESENTATION_CONTEXT(2) 
PARAMETRIC_REPRESENTATION_CONTEXT() REPRESENTATION_CONTEXT('2D SPACE',''
  ) );
#17336 = PCURVE('',#5521,#17337);
#17337 = DEFINITIONAL_REPRESENTATION('',(#17338),#17342);
#17338 = LINE('',#17339,#17340);
#17339 = CARTESIAN_POINT('',(41.,0.));
#17340 = VECTOR('',#17341,1.);
#17341 = DIRECTION('',(0.,1.));
#17342 = ( GEOMETRIC_REPRESENTATION_CONTEXT(2) 
PARAMETRIC_REPRESENTATION_CONTEXT() REPRESENTATION_CONTEXT('2D SPACE',''
  ) );
#17343 = ORIENTED_EDGE('',*,*,#17344,.T.);
#17344 = EDGE_CURVE('',#17322,#17251,#17345,.T.);
#17345 = SURFACE_CURVE('',#17346,(#17350,#17357),.PCURVE_S1.);
#17346 = LINE('',#17347,#17348);
#17347 = CARTESIAN_POINT('',(86.,45.,-1.));
#17348 = VECTOR('',#17349,1.);
#17349 = DIRECTION('',(-1.,0.,0.));
#17350 = PCURVE('',#5547,#17351);
#17351 = DEFINITIONAL_REPRESENTATION('',(#17352),#17356);
#17352 = LINE('',#17353,#17354);
#17353 = CARTESIAN_POINT('',(0.,-2.));
#17354 = VECTOR('',#17355,1.);
#17355 = DIRECTION('',(1.,0.));
#17356 = ( GEOMETRIC_REPRESENTATION_CONTEXT(2) 
PARAMETRIC_REPRESENTATION_CONTEXT() REPRESENTATION_CONTEXT('2D SPACE',''
  ) );
#17357 = PCURVE('',#7938,#17358);
#17358 = DEFINITIONAL_REPRESENTATION('',(#17359),#17363);
#17359 = LINE('',#17360,#17361);
#17360 = CARTESIAN_POINT('',(152.,45.));
#17361 = VECTOR('',#17362,1.);
#17362 = DIRECTION('',(-1.,0.));
#17363 = ( GEOMETRIC_REPRESENTATION_CONTEXT(2) 
PARAMETRIC_REPRESENTATION_CONTEXT() REPRESENTATION_CONTEXT('2D SPACE',''
  ) );
#17364 = ORIENTED_EDGE('',*,*,#17250,.F.);
#17365 = ADVANCED_FACE('',(#17366),#5493,.F.);
#17366 = FACE_BOUND('',#17367,.F.);
#17367 = EDGE_LOOP('',(#17368,#17369,#17370,#17393));
#17368 = ORIENTED_EDGE('',*,*,#5477,.F.);
#17369 = ORIENTED_EDGE('',*,*,#17296,.F.);
#17370 = ORIENTED_EDGE('',*,*,#17371,.T.);
#17371 = EDGE_CURVE('',#17274,#17372,#17374,.T.);
#17372 = VERTEX_POINT('',#17373);
#17373 = CARTESIAN_POINT('',(-1.,65.,-1.));
#17374 = SURFACE_CURVE('',#17375,(#17379,#17386),.PCURVE_S1.);
#17375 = LINE('',#17376,#17377);
#17376 = CARTESIAN_POINT('',(-86.,65.,-1.));
#17377 = VECTOR('',#17378,1.);
#17378 = DIRECTION('',(1.,0.,0.));
#17379 = PCURVE('',#5493,#17380);
#17380 = DEFINITIONAL_REPRESENTATION('',(#17381),#17385);
#17381 = LINE('',#17382,#17383);
#17382 = CARTESIAN_POINT('',(0.,-2.));
#17383 = VECTOR('',#17384,1.);
#17384 = DIRECTION('',(1.,0.));
#17385 = ( GEOMETRIC_REPRESENTATION_CONTEXT(2) 
PARAMETRIC_REPRESENTATION_CONTEXT() REPRESENTATION_CONTEXT('2D SPACE',''
  ) );
#17386 = PCURVE('',#7938,#17387);
#17387 = DEFINITIONAL_REPRESENTATION('',(#17388),#17392);
#17388 = LINE('',#17389,#17390);
#17389 = CARTESIAN_POINT('',(-20.,65.));
#17390 = VECTOR('',#17391,1.);
#17391 = DIRECTION('',(1.,0.));
#17392 = ( GEOMETRIC_REPRESENTATION_CONTEXT(2) 
PARAMETRIC_REPRESENTATION_CONTEXT() REPRESENTATION_CONTEXT('2D SPACE',''
  ) );
#17393 = ORIENTED_EDGE('',*,*,#17394,.F.);
#17394 = EDGE_CURVE('',#5478,#17372,#17395,.T.);
#17395 = SURFACE_CURVE('',#17396,(#17400,#17407),.PCURVE_S1.);
#17396 = LINE('',#17397,#17398);
#17397 = CARTESIAN_POINT('',(-1.,65.,-3.));
#17398 = VECTOR('',#17399,1.);
#17399 = DIRECTION('',(0.,-0.,1.));
#17400 = PCURVE('',#5493,#17401);
#17401 = DEFINITIONAL_REPRESENTATION('',(#17402),#17406);
#17402 = LINE('',#17403,#17404);
#17403 = CARTESIAN_POINT('',(85.,0.));
#17404 = VECTOR('',#17405,1.);
#17405 = DIRECTION('',(0.,-1.));
#17406 = ( GEOMETRIC_REPRESENTATION_CONTEXT(2) 
PARAMETRIC_REPRESENTATION_CONTEXT() REPRESENTATION_CONTEXT('2D SPACE',''
  ) );
#17407 = PCURVE('',#5521,#17408);
#17408 = DEFINITIONAL_REPRESENTATION('',(#17409),#17413);
#17409 = LINE('',#17410,#17411);
#17410 = CARTESIAN_POINT('',(21.,0.));
#17411 = VECTOR('',#17412,1.);
#17412 = DIRECTION('',(0.,-1.));
#17413 = ( GEOMETRIC_REPRESENTATION_CONTEXT(2) 
PARAMETRIC_REPRESENTATION_CONTEXT() REPRESENTATION_CONTEXT('2D SPACE',''
  ) );
#17414 = ADVANCED_FACE('',(#17415),#5521,.F.);
#17415 = FACE_BOUND('',#17416,.F.);
#17416 = EDGE_LOOP('',(#17417,#17418,#17419,#17440));
#17417 = ORIENTED_EDGE('',*,*,#5505,.F.);
#17418 = ORIENTED_EDGE('',*,*,#17394,.T.);
#17419 = ORIENTED_EDGE('',*,*,#17420,.T.);
#17420 = EDGE_CURVE('',#17372,#17322,#17421,.T.);
#17421 = SURFACE_CURVE('',#17422,(#17426,#17433),.PCURVE_S1.);
#17422 = LINE('',#17423,#17424);
#17423 = CARTESIAN_POINT('',(-1.,86.,-1.));
#17424 = VECTOR('',#17425,1.);
#17425 = DIRECTION('',(0.,-1.,0.));
#17426 = PCURVE('',#5521,#17427);
#17427 = DEFINITIONAL_REPRESENTATION('',(#17428),#17432);
#17428 = LINE('',#17429,#17430);
#17429 = CARTESIAN_POINT('',(0.,-2.));
#17430 = VECTOR('',#17431,1.);
#17431 = DIRECTION('',(1.,0.));
#17432 = ( GEOMETRIC_REPRESENTATION_CONTEXT(2) 
PARAMETRIC_REPRESENTATION_CONTEXT() REPRESENTATION_CONTEXT('2D SPACE',''
  ) );
#17433 = PCURVE('',#7938,#17434);
#17434 = DEFINITIONAL_REPRESENTATION('',(#17435),#17439);
#17435 = LINE('',#17436,#17437);
#17436 = CARTESIAN_POINT('',(65.,86.));
#17437 = VECTOR('',#17438,1.);
#17438 = DIRECTION('',(0.,-1.));
#17439 = ( GEOMETRIC_REPRESENTATION_CONTEXT(2) 
PARAMETRIC_REPRESENTATION_CONTEXT() REPRESENTATION_CONTEXT('2D SPACE',''
  ) );
#17440 = ORIENTED_EDGE('',*,*,#17321,.T.);
#17441 = ADVANCED_FACE('',(#17442),#5602,.F.);
#17442 = FACE_BOUND('',#17443,.F.);
#17443 = EDGE_LOOP('',(#17444,#17445,#17446,#17469));
#17444 = ORIENTED_EDGE('',*,*,#5586,.F.);
#17445 = ORIENTED_EDGE('',*,*,#16483,.T.);
#17446 = ORIENTED_EDGE('',*,*,#17447,.T.);
#17447 = EDGE_CURVE('',#16484,#17448,#17450,.T.);
#17448 = VERTEX_POINT('',#17449);
#17449 = CARTESIAN_POINT('',(-23.,67.,-1.));
#17450 = SURFACE_CURVE('',#17451,(#17455,#17462),.PCURVE_S1.);
#17451 = LINE('',#17452,#17453);
#17452 = CARTESIAN_POINT('',(-23.,86.,-1.));
#17453 = VECTOR('',#17454,1.);
#17454 = DIRECTION('',(0.,-1.,0.));
#17455 = PCURVE('',#5602,#17456);
#17456 = DEFINITIONAL_REPRESENTATION('',(#17457),#17461);
#17457 = LINE('',#17458,#17459);
#17458 = CARTESIAN_POINT('',(0.,-2.));
#17459 = VECTOR('',#17460,1.);
#17460 = DIRECTION('',(1.,0.));
#17461 = ( GEOMETRIC_REPRESENTATION_CONTEXT(2) 
PARAMETRIC_REPRESENTATION_CONTEXT() REPRESENTATION_CONTEXT('2D SPACE',''
  ) );
#17462 = PCURVE('',#7938,#17463);
#17463 = DEFINITIONAL_REPRESENTATION('',(#17464),#17468);
#17464 = LINE('',#17465,#17466);
#17465 = CARTESIAN_POINT('',(43.,86.));
#17466 = VECTOR('',#17467,1.);
#17467 = DIRECTION('',(0.,-1.));
#17468 = ( GEOMETRIC_REPRESENTATION_CONTEXT(2) 
PARAMETRIC_REPRESENTATION_CONTEXT() REPRESENTATION_CONTEXT('2D SPACE',''
  ) );
#17469 = ORIENTED_EDGE('',*,*,#17470,.T.);
#17470 = EDGE_CURVE('',#17448,#5587,#17471,.T.);
#17471 = SURFACE_CURVE('',#17472,(#17476,#17483),.PCURVE_S1.);
#17472 = LINE('',#17473,#17474);
#17473 = CARTESIAN_POINT('',(-23.,67.,-3.));
#17474 = VECTOR('',#17475,1.);
#17475 = DIRECTION('',(0.,-0.,-1.));
#17476 = PCURVE('',#5602,#17477);
#17477 = DEFINITIONAL_REPRESENTATION('',(#17478),#17482);
#17478 = LINE('',#17479,#17480);
#17479 = CARTESIAN_POINT('',(19.,0.));
#17480 = VECTOR('',#17481,1.);
#17481 = DIRECTION('',(0.,1.));
#17482 = ( GEOMETRIC_REPRESENTATION_CONTEXT(2) 
PARAMETRIC_REPRESENTATION_CONTEXT() REPRESENTATION_CONTEXT('2D SPACE',''
  ) );
#17483 = PCURVE('',#5630,#17484);
#17484 = DEFINITIONAL_REPRESENTATION('',(#17485),#17489);
#17485 = LINE('',#17486,#17487);
#17486 = CARTESIAN_POINT('',(109.,0.));
#17487 = VECTOR('',#17488,1.);
#17488 = DIRECTION('',(0.,1.));
#17489 = ( GEOMETRIC_REPRESENTATION_CONTEXT(2) 
PARAMETRIC_REPRESENTATION_CONTEXT() REPRESENTATION_CONTEXT('2D SPACE',''
  ) );
#17490 = ADVANCED_FACE('',(#17491),#5656,.F.);
#17491 = FACE_BOUND('',#17492,.F.);
#17492 = EDGE_LOOP('',(#17493,#17494,#17517,#17538));
#17493 = ORIENTED_EDGE('',*,*,#5642,.F.);
#17494 = ORIENTED_EDGE('',*,*,#17495,.T.);
#17495 = EDGE_CURVE('',#5615,#17496,#17498,.T.);
#17496 = VERTEX_POINT('',#17497);
#17497 = CARTESIAN_POINT('',(-43.,67.,-1.));
#17498 = SURFACE_CURVE('',#17499,(#17503,#17510),.PCURVE_S1.);
#17499 = LINE('',#17500,#17501);
#17500 = CARTESIAN_POINT('',(-43.,67.,-3.));
#17501 = VECTOR('',#17502,1.);
#17502 = DIRECTION('',(0.,0.,1.));
#17503 = PCURVE('',#5656,#17504);
#17504 = DEFINITIONAL_REPRESENTATION('',(#17505),#17509);
#17505 = LINE('',#17506,#17507);
#17506 = CARTESIAN_POINT('',(153.,0.));
#17507 = VECTOR('',#17508,1.);
#17508 = DIRECTION('',(0.,-1.));
#17509 = ( GEOMETRIC_REPRESENTATION_CONTEXT(2) 
PARAMETRIC_REPRESENTATION_CONTEXT() REPRESENTATION_CONTEXT('2D SPACE',''
  ) );
#17510 = PCURVE('',#5630,#17511);
#17511 = DEFINITIONAL_REPRESENTATION('',(#17512),#17516);
#17512 = LINE('',#17513,#17514);
#17513 = CARTESIAN_POINT('',(129.,0.));
#17514 = VECTOR('',#17515,1.);
#17515 = DIRECTION('',(0.,-1.));
#17516 = ( GEOMETRIC_REPRESENTATION_CONTEXT(2) 
PARAMETRIC_REPRESENTATION_CONTEXT() REPRESENTATION_CONTEXT('2D SPACE',''
  ) );
#17517 = ORIENTED_EDGE('',*,*,#17518,.T.);
#17518 = EDGE_CURVE('',#17496,#16439,#17519,.T.);
#17519 = SURFACE_CURVE('',#17520,(#17524,#17531),.PCURVE_S1.);
#17520 = LINE('',#17521,#17522);
#17521 = CARTESIAN_POINT('',(-43.,-86.,-1.));
#17522 = VECTOR('',#17523,1.);
#17523 = DIRECTION('',(0.,1.,0.));
#17524 = PCURVE('',#5656,#17525);
#17525 = DEFINITIONAL_REPRESENTATION('',(#17526),#17530);
#17526 = LINE('',#17527,#17528);
#17527 = CARTESIAN_POINT('',(0.,-2.));
#17528 = VECTOR('',#17529,1.);
#17529 = DIRECTION('',(1.,0.));
#17530 = ( GEOMETRIC_REPRESENTATION_CONTEXT(2) 
PARAMETRIC_REPRESENTATION_CONTEXT() REPRESENTATION_CONTEXT('2D SPACE',''
  ) );
#17531 = PCURVE('',#7938,#17532);
#17532 = DEFINITIONAL_REPRESENTATION('',(#17533),#17537);
#17533 = LINE('',#17534,#17535);
#17534 = CARTESIAN_POINT('',(23.,-86.));
#17535 = VECTOR('',#17536,1.);
#17536 = DIRECTION('',(0.,1.));
#17537 = ( GEOMETRIC_REPRESENTATION_CONTEXT(2) 
PARAMETRIC_REPRESENTATION_CONTEXT() REPRESENTATION_CONTEXT('2D SPACE',''
  ) );
#17538 = ORIENTED_EDGE('',*,*,#16461,.F.);
#17539 = ADVANCED_FACE('',(#17540),#5630,.F.);
#17540 = FACE_BOUND('',#17541,.F.);
#17541 = EDGE_LOOP('',(#17542,#17543,#17544,#17565));
#17542 = ORIENTED_EDGE('',*,*,#5614,.F.);
#17543 = ORIENTED_EDGE('',*,*,#17470,.F.);
#17544 = ORIENTED_EDGE('',*,*,#17545,.T.);
#17545 = EDGE_CURVE('',#17448,#17496,#17546,.T.);
#17546 = SURFACE_CURVE('',#17547,(#17551,#17558),.PCURVE_S1.);
#17547 = LINE('',#17548,#17549);
#17548 = CARTESIAN_POINT('',(86.,67.,-1.));
#17549 = VECTOR('',#17550,1.);
#17550 = DIRECTION('',(-1.,0.,0.));
#17551 = PCURVE('',#5630,#17552);
#17552 = DEFINITIONAL_REPRESENTATION('',(#17553),#17557);
#17553 = LINE('',#17554,#17555);
#17554 = CARTESIAN_POINT('',(0.,-2.));
#17555 = VECTOR('',#17556,1.);
#17556 = DIRECTION('',(1.,0.));
#17557 = ( GEOMETRIC_REPRESENTATION_CONTEXT(2) 
PARAMETRIC_REPRESENTATION_CONTEXT() REPRESENTATION_CONTEXT('2D SPACE',''
  ) );
#17558 = PCURVE('',#7938,#17559);
#17559 = DEFINITIONAL_REPRESENTATION('',(#17560),#17564);
#17560 = LINE('',#17561,#17562);
#17561 = CARTESIAN_POINT('',(152.,67.));
#17562 = VECTOR('',#17563,1.);
#17563 = DIRECTION('',(-1.,0.));
#17564 = ( GEOMETRIC_REPRESENTATION_CONTEXT(2) 
PARAMETRIC_REPRESENTATION_CONTEXT() REPRESENTATION_CONTEXT('2D SPACE',''
  ) );
#17565 = ORIENTED_EDGE('',*,*,#17495,.F.);
#17566 = ADVANCED_FACE('',(#17567),#5711,.F.);
#17567 = FACE_BOUND('',#17568,.F.);
#17568 = EDGE_LOOP('',(#17569,#17570,#17571,#17594));
#17569 = ORIENTED_EDGE('',*,*,#5695,.F.);
#17570 = ORIENTED_EDGE('',*,*,#16551,.T.);
#17571 = ORIENTED_EDGE('',*,*,#17572,.T.);
#17572 = EDGE_CURVE('',#16552,#17573,#17575,.T.);
#17573 = VERTEX_POINT('',#17574);
#17574 = CARTESIAN_POINT('',(-1.,67.,-1.));
#17575 = SURFACE_CURVE('',#17576,(#17580,#17587),.PCURVE_S1.);
#17576 = LINE('',#17577,#17578);
#17577 = CARTESIAN_POINT('',(-1.,86.,-1.));
#17578 = VECTOR('',#17579,1.);
#17579 = DIRECTION('',(0.,-1.,0.));
#17580 = PCURVE('',#5711,#17581);
#17581 = DEFINITIONAL_REPRESENTATION('',(#17582),#17586);
#17582 = LINE('',#17583,#17584);
#17583 = CARTESIAN_POINT('',(0.,-2.));
#17584 = VECTOR('',#17585,1.);
#17585 = DIRECTION('',(1.,0.));
#17586 = ( GEOMETRIC_REPRESENTATION_CONTEXT(2) 
PARAMETRIC_REPRESENTATION_CONTEXT() REPRESENTATION_CONTEXT('2D SPACE',''
  ) );
#17587 = PCURVE('',#7938,#17588);
#17588 = DEFINITIONAL_REPRESENTATION('',(#17589),#17593);
#17589 = LINE('',#17590,#17591);
#17590 = CARTESIAN_POINT('',(65.,86.));
#17591 = VECTOR('',#17592,1.);
#17592 = DIRECTION('',(0.,-1.));
#17593 = ( GEOMETRIC_REPRESENTATION_CONTEXT(2) 
PARAMETRIC_REPRESENTATION_CONTEXT() REPRESENTATION_CONTEXT('2D SPACE',''
  ) );
#17594 = ORIENTED_EDGE('',*,*,#17595,.T.);
#17595 = EDGE_CURVE('',#17573,#5696,#17596,.T.);
#17596 = SURFACE_CURVE('',#17597,(#17601,#17608),.PCURVE_S1.);
#17597 = LINE('',#17598,#17599);
#17598 = CARTESIAN_POINT('',(-1.,67.,-3.));
#17599 = VECTOR('',#17600,1.);
#17600 = DIRECTION('',(0.,-0.,-1.));
#17601 = PCURVE('',#5711,#17602);
#17602 = DEFINITIONAL_REPRESENTATION('',(#17603),#17607);
#17603 = LINE('',#17604,#17605);
#17604 = CARTESIAN_POINT('',(19.,0.));
#17605 = VECTOR('',#17606,1.);
#17606 = DIRECTION('',(0.,1.));
#17607 = ( GEOMETRIC_REPRESENTATION_CONTEXT(2) 
PARAMETRIC_REPRESENTATION_CONTEXT() REPRESENTATION_CONTEXT('2D SPACE',''
  ) );
#17608 = PCURVE('',#5739,#17609);
#17609 = DEFINITIONAL_REPRESENTATION('',(#17610),#17614);
#17610 = LINE('',#17611,#17612);
#17611 = CARTESIAN_POINT('',(87.,0.));
#17612 = VECTOR('',#17613,1.);
#17613 = DIRECTION('',(0.,1.));
#17614 = ( GEOMETRIC_REPRESENTATION_CONTEXT(2) 
PARAMETRIC_REPRESENTATION_CONTEXT() REPRESENTATION_CONTEXT('2D SPACE',''
  ) );
#17615 = ADVANCED_FACE('',(#17616),#5765,.F.);
#17616 = FACE_BOUND('',#17617,.F.);
#17617 = EDGE_LOOP('',(#17618,#17619,#17642,#17663));
#17618 = ORIENTED_EDGE('',*,*,#5751,.F.);
#17619 = ORIENTED_EDGE('',*,*,#17620,.T.);
#17620 = EDGE_CURVE('',#5724,#17621,#17623,.T.);
#17621 = VERTEX_POINT('',#17622);
#17622 = CARTESIAN_POINT('',(-21.,67.,-1.));
#17623 = SURFACE_CURVE('',#17624,(#17628,#17635),.PCURVE_S1.);
#17624 = LINE('',#17625,#17626);
#17625 = CARTESIAN_POINT('',(-21.,67.,-3.));
#17626 = VECTOR('',#17627,1.);
#17627 = DIRECTION('',(0.,0.,1.));
#17628 = PCURVE('',#5765,#17629);
#17629 = DEFINITIONAL_REPRESENTATION('',(#17630),#17634);
#17630 = LINE('',#17631,#17632);
#17631 = CARTESIAN_POINT('',(153.,0.));
#17632 = VECTOR('',#17633,1.);
#17633 = DIRECTION('',(0.,-1.));
#17634 = ( GEOMETRIC_REPRESENTATION_CONTEXT(2) 
PARAMETRIC_REPRESENTATION_CONTEXT() REPRESENTATION_CONTEXT('2D SPACE',''
  ) );
#17635 = PCURVE('',#5739,#17636);
#17636 = DEFINITIONAL_REPRESENTATION('',(#17637),#17641);
#17637 = LINE('',#17638,#17639);
#17638 = CARTESIAN_POINT('',(107.,0.));
#17639 = VECTOR('',#17640,1.);
#17640 = DIRECTION('',(0.,-1.));
#17641 = ( GEOMETRIC_REPRESENTATION_CONTEXT(2) 
PARAMETRIC_REPRESENTATION_CONTEXT() REPRESENTATION_CONTEXT('2D SPACE',''
  ) );
#17642 = ORIENTED_EDGE('',*,*,#17643,.T.);
#17643 = EDGE_CURVE('',#17621,#16507,#17644,.T.);
#17644 = SURFACE_CURVE('',#17645,(#17649,#17656),.PCURVE_S1.);
#17645 = LINE('',#17646,#17647);
#17646 = CARTESIAN_POINT('',(-21.,-86.,-1.));
#17647 = VECTOR('',#17648,1.);
#17648 = DIRECTION('',(0.,1.,0.));
#17649 = PCURVE('',#5765,#17650);
#17650 = DEFINITIONAL_REPRESENTATION('',(#17651),#17655);
#17651 = LINE('',#17652,#17653);
#17652 = CARTESIAN_POINT('',(0.,-2.));
#17653 = VECTOR('',#17654,1.);
#17654 = DIRECTION('',(1.,0.));
#17655 = ( GEOMETRIC_REPRESENTATION_CONTEXT(2) 
PARAMETRIC_REPRESENTATION_CONTEXT() REPRESENTATION_CONTEXT('2D SPACE',''
  ) );
#17656 = PCURVE('',#7938,#17657);
#17657 = DEFINITIONAL_REPRESENTATION('',(#17658),#17662);
#17658 = LINE('',#17659,#17660);
#17659 = CARTESIAN_POINT('',(45.,-86.));
#17660 = VECTOR('',#17661,1.);
#17661 = DIRECTION('',(0.,1.));
#17662 = ( GEOMETRIC_REPRESENTATION_CONTEXT(2) 
PARAMETRIC_REPRESENTATION_CONTEXT() REPRESENTATION_CONTEXT('2D SPACE',''
  ) );
#17663 = ORIENTED_EDGE('',*,*,#16529,.F.);
#17664 = ADVANCED_FACE('',(#17665),#5739,.F.);
#17665 = FACE_BOUND('',#17666,.F.);
#17666 = EDGE_LOOP('',(#17667,#17668,#17669,#17690));
#17667 = ORIENTED_EDGE('',*,*,#5723,.F.);
#17668 = ORIENTED_EDGE('',*,*,#17595,.F.);
#17669 = ORIENTED_EDGE('',*,*,#17670,.T.);
#17670 = EDGE_CURVE('',#17573,#17621,#17671,.T.);
#17671 = SURFACE_CURVE('',#17672,(#17676,#17683),.PCURVE_S1.);
#17672 = LINE('',#17673,#17674);
#17673 = CARTESIAN_POINT('',(86.,67.,-1.));
#17674 = VECTOR('',#17675,1.);
#17675 = DIRECTION('',(-1.,0.,0.));
#17676 = PCURVE('',#5739,#17677);
#17677 = DEFINITIONAL_REPRESENTATION('',(#17678),#17682);
#17678 = LINE('',#17679,#17680);
#17679 = CARTESIAN_POINT('',(0.,-2.));
#17680 = VECTOR('',#17681,1.);
#17681 = DIRECTION('',(1.,0.));
#17682 = ( GEOMETRIC_REPRESENTATION_CONTEXT(2) 
PARAMETRIC_REPRESENTATION_CONTEXT() REPRESENTATION_CONTEXT('2D SPACE',''
  ) );
#17683 = PCURVE('',#7938,#17684);
#17684 = DEFINITIONAL_REPRESENTATION('',(#17685),#17689);
#17685 = LINE('',#17686,#17687);
#17686 = CARTESIAN_POINT('',(152.,67.));
#17687 = VECTOR('',#17688,1.);
#17688 = DIRECTION('',(-1.,0.));
#17689 = ( GEOMETRIC_REPRESENTATION_CONTEXT(2) 
PARAMETRIC_REPRESENTATION_CONTEXT() REPRESENTATION_CONTEXT('2D SPACE',''
  ) );
#17690 = ORIENTED_EDGE('',*,*,#17620,.F.);
#17691 = ADVANCED_FACE('',(#17692),#5797,.F.);
#17692 = FACE_BOUND('',#17693,.F.);
#17693 = EDGE_LOOP('',(#17694,#17695,#17718,#17741));
#17694 = ORIENTED_EDGE('',*,*,#5779,.F.);
#17695 = ORIENTED_EDGE('',*,*,#17696,.T.);
#17696 = EDGE_CURVE('',#5780,#17697,#17699,.T.);
#17697 = VERTEX_POINT('',#17698);
#17698 = CARTESIAN_POINT('',(1.,1.,-1.));
#17699 = SURFACE_CURVE('',#17700,(#17704,#17711),.PCURVE_S1.);
#17700 = LINE('',#17701,#17702);
#17701 = CARTESIAN_POINT('',(1.,1.,-3.));
#17702 = VECTOR('',#17703,1.);
#17703 = DIRECTION('',(0.,0.,1.));
#17704 = PCURVE('',#5797,#17705);
#17705 = DEFINITIONAL_REPRESENTATION('',(#17706),#17710);
#17706 = LINE('',#17707,#17708);
#17707 = CARTESIAN_POINT('',(87.,0.));
#17708 = VECTOR('',#17709,1.);
#17709 = DIRECTION('',(0.,-1.));
#17710 = ( GEOMETRIC_REPRESENTATION_CONTEXT(2) 
PARAMETRIC_REPRESENTATION_CONTEXT() REPRESENTATION_CONTEXT('2D SPACE',''
  ) );
#17711 = PCURVE('',#5879,#17712);
#17712 = DEFINITIONAL_REPRESENTATION('',(#17713),#17717);
#17713 = LINE('',#17714,#17715);
#17714 = CARTESIAN_POINT('',(85.,0.));
#17715 = VECTOR('',#17716,1.);
#17716 = DIRECTION('',(0.,-1.));
#17717 = ( GEOMETRIC_REPRESENTATION_CONTEXT(2) 
PARAMETRIC_REPRESENTATION_CONTEXT() REPRESENTATION_CONTEXT('2D SPACE',''
  ) );
#17718 = ORIENTED_EDGE('',*,*,#17719,.T.);
#17719 = EDGE_CURVE('',#17697,#17720,#17722,.T.);
#17720 = VERTEX_POINT('',#17721);
#17721 = CARTESIAN_POINT('',(1.,21.,-1.));
#17722 = SURFACE_CURVE('',#17723,(#17727,#17734),.PCURVE_S1.);
#17723 = LINE('',#17724,#17725);
#17724 = CARTESIAN_POINT('',(1.,-86.,-1.));
#17725 = VECTOR('',#17726,1.);
#17726 = DIRECTION('',(0.,1.,0.));
#17727 = PCURVE('',#5797,#17728);
#17728 = DEFINITIONAL_REPRESENTATION('',(#17729),#17733);
#17729 = LINE('',#17730,#17731);
#17730 = CARTESIAN_POINT('',(0.,-2.));
#17731 = VECTOR('',#17732,1.);
#17732 = DIRECTION('',(1.,0.));
#17733 = ( GEOMETRIC_REPRESENTATION_CONTEXT(2) 
PARAMETRIC_REPRESENTATION_CONTEXT() REPRESENTATION_CONTEXT('2D SPACE',''
  ) );
#17734 = PCURVE('',#7938,#17735);
#17735 = DEFINITIONAL_REPRESENTATION('',(#17736),#17740);
#17736 = LINE('',#17737,#17738);
#17737 = CARTESIAN_POINT('',(67.,-86.));
#17738 = VECTOR('',#17739,1.);
#17739 = DIRECTION('',(0.,1.));
#17740 = ( GEOMETRIC_REPRESENTATION_CONTEXT(2) 
PARAMETRIC_REPRESENTATION_CONTEXT() REPRESENTATION_CONTEXT('2D SPACE',''
  ) );
#17741 = ORIENTED_EDGE('',*,*,#17742,.T.);
#17742 = EDGE_CURVE('',#17720,#5782,#17743,.T.);
#17743 = SURFACE_CURVE('',#17744,(#17748,#17755),.PCURVE_S1.);
#17744 = LINE('',#17745,#17746);
#17745 = CARTESIAN_POINT('',(1.,21.,-3.));
#17746 = VECTOR('',#17747,1.);
#17747 = DIRECTION('',(0.,0.,-1.));
#17748 = PCURVE('',#5797,#17749);
#17749 = DEFINITIONAL_REPRESENTATION('',(#17750),#17754);
#17750 = LINE('',#17751,#17752);
#17751 = CARTESIAN_POINT('',(107.,0.));
#17752 = VECTOR('',#17753,1.);
#17753 = DIRECTION('',(0.,1.));
#17754 = ( GEOMETRIC_REPRESENTATION_CONTEXT(2) 
PARAMETRIC_REPRESENTATION_CONTEXT() REPRESENTATION_CONTEXT('2D SPACE',''
  ) );
#17755 = PCURVE('',#5825,#17756);
#17756 = DEFINITIONAL_REPRESENTATION('',(#17757),#17761);
#17757 = LINE('',#17758,#17759);
#17758 = CARTESIAN_POINT('',(87.,0.));
#17759 = VECTOR('',#17760,1.);
#17760 = DIRECTION('',(0.,1.));
#17761 = ( GEOMETRIC_REPRESENTATION_CONTEXT(2) 
PARAMETRIC_REPRESENTATION_CONTEXT() REPRESENTATION_CONTEXT('2D SPACE',''
  ) );
#17762 = ADVANCED_FACE('',(#17763),#5879,.F.);
#17763 = FACE_BOUND('',#17764,.F.);
#17764 = EDGE_LOOP('',(#17765,#17766,#17789,#17810));
#17765 = ORIENTED_EDGE('',*,*,#5865,.F.);
#17766 = ORIENTED_EDGE('',*,*,#17767,.T.);
#17767 = EDGE_CURVE('',#5838,#17768,#17770,.T.);
#17768 = VERTEX_POINT('',#17769);
#17769 = CARTESIAN_POINT('',(21.,1.,-1.));
#17770 = SURFACE_CURVE('',#17771,(#17775,#17782),.PCURVE_S1.);
#17771 = LINE('',#17772,#17773);
#17772 = CARTESIAN_POINT('',(21.,1.,-3.));
#17773 = VECTOR('',#17774,1.);
#17774 = DIRECTION('',(0.,0.,1.));
#17775 = PCURVE('',#5879,#17776);
#17776 = DEFINITIONAL_REPRESENTATION('',(#17777),#17781);
#17777 = LINE('',#17778,#17779);
#17778 = CARTESIAN_POINT('',(65.,0.));
#17779 = VECTOR('',#17780,1.);
#17780 = DIRECTION('',(0.,-1.));
#17781 = ( GEOMETRIC_REPRESENTATION_CONTEXT(2) 
PARAMETRIC_REPRESENTATION_CONTEXT() REPRESENTATION_CONTEXT('2D SPACE',''
  ) );
#17782 = PCURVE('',#5853,#17783);
#17783 = DEFINITIONAL_REPRESENTATION('',(#17784),#17788);
#17784 = LINE('',#17785,#17786);
#17785 = CARTESIAN_POINT('',(85.,0.));
#17786 = VECTOR('',#17787,1.);
#17787 = DIRECTION('',(0.,-1.));
#17788 = ( GEOMETRIC_REPRESENTATION_CONTEXT(2) 
PARAMETRIC_REPRESENTATION_CONTEXT() REPRESENTATION_CONTEXT('2D SPACE',''
  ) );
#17789 = ORIENTED_EDGE('',*,*,#17790,.T.);
#17790 = EDGE_CURVE('',#17768,#17697,#17791,.T.);
#17791 = SURFACE_CURVE('',#17792,(#17796,#17803),.PCURVE_S1.);
#17792 = LINE('',#17793,#17794);
#17793 = CARTESIAN_POINT('',(86.,1.,-1.));
#17794 = VECTOR('',#17795,1.);
#17795 = DIRECTION('',(-1.,0.,0.));
#17796 = PCURVE('',#5879,#17797);
#17797 = DEFINITIONAL_REPRESENTATION('',(#17798),#17802);
#17798 = LINE('',#17799,#17800);
#17799 = CARTESIAN_POINT('',(0.,-2.));
#17800 = VECTOR('',#17801,1.);
#17801 = DIRECTION('',(1.,0.));
#17802 = ( GEOMETRIC_REPRESENTATION_CONTEXT(2) 
PARAMETRIC_REPRESENTATION_CONTEXT() REPRESENTATION_CONTEXT('2D SPACE',''
  ) );
#17803 = PCURVE('',#7938,#17804);
#17804 = DEFINITIONAL_REPRESENTATION('',(#17805),#17809);
#17805 = LINE('',#17806,#17807);
#17806 = CARTESIAN_POINT('',(152.,1.));
#17807 = VECTOR('',#17808,1.);
#17808 = DIRECTION('',(-1.,0.));
#17809 = ( GEOMETRIC_REPRESENTATION_CONTEXT(2) 
PARAMETRIC_REPRESENTATION_CONTEXT() REPRESENTATION_CONTEXT('2D SPACE',''
  ) );
#17810 = ORIENTED_EDGE('',*,*,#17696,.F.);
#17811 = ADVANCED_FACE('',(#17812),#5825,.F.);
#17812 = FACE_BOUND('',#17813,.F.);
#17813 = EDGE_LOOP('',(#17814,#17815,#17816,#17839));
#17814 = ORIENTED_EDGE('',*,*,#5809,.F.);
#17815 = ORIENTED_EDGE('',*,*,#17742,.F.);
#17816 = ORIENTED_EDGE('',*,*,#17817,.T.);
#17817 = EDGE_CURVE('',#17720,#17818,#17820,.T.);
#17818 = VERTEX_POINT('',#17819);
#17819 = CARTESIAN_POINT('',(21.,21.,-1.));
#17820 = SURFACE_CURVE('',#17821,(#17825,#17832),.PCURVE_S1.);
#17821 = LINE('',#17822,#17823);
#17822 = CARTESIAN_POINT('',(-86.,21.,-1.));
#17823 = VECTOR('',#17824,1.);
#17824 = DIRECTION('',(1.,0.,0.));
#17825 = PCURVE('',#5825,#17826);
#17826 = DEFINITIONAL_REPRESENTATION('',(#17827),#17831);
#17827 = LINE('',#17828,#17829);
#17828 = CARTESIAN_POINT('',(0.,-2.));
#17829 = VECTOR('',#17830,1.);
#17830 = DIRECTION('',(1.,0.));
#17831 = ( GEOMETRIC_REPRESENTATION_CONTEXT(2) 
PARAMETRIC_REPRESENTATION_CONTEXT() REPRESENTATION_CONTEXT('2D SPACE',''
  ) );
#17832 = PCURVE('',#7938,#17833);
#17833 = DEFINITIONAL_REPRESENTATION('',(#17834),#17838);
#17834 = LINE('',#17835,#17836);
#17835 = CARTESIAN_POINT('',(-20.,21.));
#17836 = VECTOR('',#17837,1.);
#17837 = DIRECTION('',(1.,0.));
#17838 = ( GEOMETRIC_REPRESENTATION_CONTEXT(2) 
PARAMETRIC_REPRESENTATION_CONTEXT() REPRESENTATION_CONTEXT('2D SPACE',''
  ) );
#17839 = ORIENTED_EDGE('',*,*,#17840,.F.);
#17840 = EDGE_CURVE('',#5810,#17818,#17841,.T.);
#17841 = SURFACE_CURVE('',#17842,(#17846,#17853),.PCURVE_S1.);
#17842 = LINE('',#17843,#17844);
#17843 = CARTESIAN_POINT('',(21.,21.,-3.));
#17844 = VECTOR('',#17845,1.);
#17845 = DIRECTION('',(0.,-0.,1.));
#17846 = PCURVE('',#5825,#17847);
#17847 = DEFINITIONAL_REPRESENTATION('',(#17848),#17852);
#17848 = LINE('',#17849,#17850);
#17849 = CARTESIAN_POINT('',(107.,0.));
#17850 = VECTOR('',#17851,1.);
#17851 = DIRECTION('',(0.,-1.));
#17852 = ( GEOMETRIC_REPRESENTATION_CONTEXT(2) 
PARAMETRIC_REPRESENTATION_CONTEXT() REPRESENTATION_CONTEXT('2D SPACE',''
  ) );
#17853 = PCURVE('',#5853,#17854);
#17854 = DEFINITIONAL_REPRESENTATION('',(#17855),#17859);
#17855 = LINE('',#17856,#17857);
#17856 = CARTESIAN_POINT('',(65.,0.));
#17857 = VECTOR('',#17858,1.);
#17858 = DIRECTION('',(0.,-1.));
#17859 = ( GEOMETRIC_REPRESENTATION_CONTEXT(2) 
PARAMETRIC_REPRESENTATION_CONTEXT() REPRESENTATION_CONTEXT('2D SPACE',''
  ) );
#17860 = ADVANCED_FACE('',(#17861),#5853,.F.);
#17861 = FACE_BOUND('',#17862,.F.);
#17862 = EDGE_LOOP('',(#17863,#17864,#17865,#17886));
#17863 = ORIENTED_EDGE('',*,*,#5837,.F.);
#17864 = ORIENTED_EDGE('',*,*,#17840,.T.);
#17865 = ORIENTED_EDGE('',*,*,#17866,.T.);
#17866 = EDGE_CURVE('',#17818,#17768,#17867,.T.);
#17867 = SURFACE_CURVE('',#17868,(#17872,#17879),.PCURVE_S1.);
#17868 = LINE('',#17869,#17870);
#17869 = CARTESIAN_POINT('',(21.,86.,-1.));
#17870 = VECTOR('',#17871,1.);
#17871 = DIRECTION('',(0.,-1.,0.));
#17872 = PCURVE('',#5853,#17873);
#17873 = DEFINITIONAL_REPRESENTATION('',(#17874),#17878);
#17874 = LINE('',#17875,#17876);
#17875 = CARTESIAN_POINT('',(0.,-2.));
#17876 = VECTOR('',#17877,1.);
#17877 = DIRECTION('',(1.,0.));
#17878 = ( GEOMETRIC_REPRESENTATION_CONTEXT(2) 
PARAMETRIC_REPRESENTATION_CONTEXT() REPRESENTATION_CONTEXT('2D SPACE',''
  ) );
#17879 = PCURVE('',#7938,#17880);
#17880 = DEFINITIONAL_REPRESENTATION('',(#17881),#17885);
#17881 = LINE('',#17882,#17883);
#17882 = CARTESIAN_POINT('',(87.,86.));
#17883 = VECTOR('',#17884,1.);
#17884 = DIRECTION('',(0.,-1.));
#17885 = ( GEOMETRIC_REPRESENTATION_CONTEXT(2) 
PARAMETRIC_REPRESENTATION_CONTEXT() REPRESENTATION_CONTEXT('2D SPACE',''
  ) );
#17886 = ORIENTED_EDGE('',*,*,#17767,.F.);
#17887 = ADVANCED_FACE('',(#17888),#5911,.F.);
#17888 = FACE_BOUND('',#17889,.F.);
#17889 = EDGE_LOOP('',(#17890,#17891,#17914,#17937));
#17890 = ORIENTED_EDGE('',*,*,#5893,.F.);
#17891 = ORIENTED_EDGE('',*,*,#17892,.F.);
#17892 = EDGE_CURVE('',#17893,#5894,#17895,.T.);
#17893 = VERTEX_POINT('',#17894);
#17894 = CARTESIAN_POINT('',(23.,1.,-1.));
#17895 = SURFACE_CURVE('',#17896,(#17900,#17907),.PCURVE_S1.);
#17896 = LINE('',#17897,#17898);
#17897 = CARTESIAN_POINT('',(23.,1.,-3.));
#17898 = VECTOR('',#17899,1.);
#17899 = DIRECTION('',(-0.,-0.,-1.));
#17900 = PCURVE('',#5911,#17901);
#17901 = DEFINITIONAL_REPRESENTATION('',(#17902),#17906);
#17902 = LINE('',#17903,#17904);
#17903 = CARTESIAN_POINT('',(87.,0.));
#17904 = VECTOR('',#17905,1.);
#17905 = DIRECTION('',(0.,1.));
#17906 = ( GEOMETRIC_REPRESENTATION_CONTEXT(2) 
PARAMETRIC_REPRESENTATION_CONTEXT() REPRESENTATION_CONTEXT('2D SPACE',''
  ) );
#17907 = PCURVE('',#5993,#17908);
#17908 = DEFINITIONAL_REPRESENTATION('',(#17909),#17913);
#17909 = LINE('',#17910,#17911);
#17910 = CARTESIAN_POINT('',(63.,0.));
#17911 = VECTOR('',#17912,1.);
#17912 = DIRECTION('',(0.,1.));
#17913 = ( GEOMETRIC_REPRESENTATION_CONTEXT(2) 
PARAMETRIC_REPRESENTATION_CONTEXT() REPRESENTATION_CONTEXT('2D SPACE',''
  ) );
#17914 = ORIENTED_EDGE('',*,*,#17915,.T.);
#17915 = EDGE_CURVE('',#17893,#17916,#17918,.T.);
#17916 = VERTEX_POINT('',#17917);
#17917 = CARTESIAN_POINT('',(23.,21.,-1.));
#17918 = SURFACE_CURVE('',#17919,(#17923,#17930),.PCURVE_S1.);
#17919 = LINE('',#17920,#17921);
#17920 = CARTESIAN_POINT('',(23.,-86.,-1.));
#17921 = VECTOR('',#17922,1.);
#17922 = DIRECTION('',(0.,1.,0.));
#17923 = PCURVE('',#5911,#17924);
#17924 = DEFINITIONAL_REPRESENTATION('',(#17925),#17929);
#17925 = LINE('',#17926,#17927);
#17926 = CARTESIAN_POINT('',(0.,-2.));
#17927 = VECTOR('',#17928,1.);
#17928 = DIRECTION('',(1.,0.));
#17929 = ( GEOMETRIC_REPRESENTATION_CONTEXT(2) 
PARAMETRIC_REPRESENTATION_CONTEXT() REPRESENTATION_CONTEXT('2D SPACE',''
  ) );
#17930 = PCURVE('',#7938,#17931);
#17931 = DEFINITIONAL_REPRESENTATION('',(#17932),#17936);
#17932 = LINE('',#17933,#17934);
#17933 = CARTESIAN_POINT('',(89.,-86.));
#17934 = VECTOR('',#17935,1.);
#17935 = DIRECTION('',(0.,1.));
#17936 = ( GEOMETRIC_REPRESENTATION_CONTEXT(2) 
PARAMETRIC_REPRESENTATION_CONTEXT() REPRESENTATION_CONTEXT('2D SPACE',''
  ) );
#17937 = ORIENTED_EDGE('',*,*,#17938,.T.);
#17938 = EDGE_CURVE('',#17916,#5896,#17939,.T.);
#17939 = SURFACE_CURVE('',#17940,(#17944,#17951),.PCURVE_S1.);
#17940 = LINE('',#17941,#17942);
#17941 = CARTESIAN_POINT('',(23.,21.,-3.));
#17942 = VECTOR('',#17943,1.);
#17943 = DIRECTION('',(0.,0.,-1.));
#17944 = PCURVE('',#5911,#17945);
#17945 = DEFINITIONAL_REPRESENTATION('',(#17946),#17950);
#17946 = LINE('',#17947,#17948);
#17947 = CARTESIAN_POINT('',(107.,0.));
#17948 = VECTOR('',#17949,1.);
#17949 = DIRECTION('',(0.,1.));
#17950 = ( GEOMETRIC_REPRESENTATION_CONTEXT(2) 
PARAMETRIC_REPRESENTATION_CONTEXT() REPRESENTATION_CONTEXT('2D SPACE',''
  ) );
#17951 = PCURVE('',#5939,#17952);
#17952 = DEFINITIONAL_REPRESENTATION('',(#17953),#17957);
#17953 = LINE('',#17954,#17955);
#17954 = CARTESIAN_POINT('',(109.,0.));
#17955 = VECTOR('',#17956,1.);
#17956 = DIRECTION('',(0.,1.));
#17957 = ( GEOMETRIC_REPRESENTATION_CONTEXT(2) 
PARAMETRIC_REPRESENTATION_CONTEXT() REPRESENTATION_CONTEXT('2D SPACE',''
  ) );
#17958 = ADVANCED_FACE('',(#17959),#5993,.F.);
#17959 = FACE_BOUND('',#17960,.F.);
#17960 = EDGE_LOOP('',(#17961,#17962,#17985,#18006));
#17961 = ORIENTED_EDGE('',*,*,#5979,.F.);
#17962 = ORIENTED_EDGE('',*,*,#17963,.T.);
#17963 = EDGE_CURVE('',#5952,#17964,#17966,.T.);
#17964 = VERTEX_POINT('',#17965);
#17965 = CARTESIAN_POINT('',(43.,1.,-1.));
#17966 = SURFACE_CURVE('',#17967,(#17971,#17978),.PCURVE_S1.);
#17967 = LINE('',#17968,#17969);
#17968 = CARTESIAN_POINT('',(43.,1.,-3.));
#17969 = VECTOR('',#17970,1.);
#17970 = DIRECTION('',(0.,0.,1.));
#17971 = PCURVE('',#5993,#17972);
#17972 = DEFINITIONAL_REPRESENTATION('',(#17973),#17977);
#17973 = LINE('',#17974,#17975);
#17974 = CARTESIAN_POINT('',(43.,0.));
#17975 = VECTOR('',#17976,1.);
#17976 = DIRECTION('',(0.,-1.));
#17977 = ( GEOMETRIC_REPRESENTATION_CONTEXT(2) 
PARAMETRIC_REPRESENTATION_CONTEXT() REPRESENTATION_CONTEXT('2D SPACE',''
  ) );
#17978 = PCURVE('',#5967,#17979);
#17979 = DEFINITIONAL_REPRESENTATION('',(#17980),#17984);
#17980 = LINE('',#17981,#17982);
#17981 = CARTESIAN_POINT('',(85.,0.));
#17982 = VECTOR('',#17983,1.);
#17983 = DIRECTION('',(0.,-1.));
#17984 = ( GEOMETRIC_REPRESENTATION_CONTEXT(2) 
PARAMETRIC_REPRESENTATION_CONTEXT() REPRESENTATION_CONTEXT('2D SPACE',''
  ) );
#17985 = ORIENTED_EDGE('',*,*,#17986,.T.);
#17986 = EDGE_CURVE('',#17964,#17893,#17987,.T.);
#17987 = SURFACE_CURVE('',#17988,(#17992,#17999),.PCURVE_S1.);
#17988 = LINE('',#17989,#17990);
#17989 = CARTESIAN_POINT('',(86.,1.,-1.));
#17990 = VECTOR('',#17991,1.);
#17991 = DIRECTION('',(-1.,0.,0.));
#17992 = PCURVE('',#5993,#17993);
#17993 = DEFINITIONAL_REPRESENTATION('',(#17994),#17998);
#17994 = LINE('',#17995,#17996);
#17995 = CARTESIAN_POINT('',(0.,-2.));
#17996 = VECTOR('',#17997,1.);
#17997 = DIRECTION('',(1.,0.));
#17998 = ( GEOMETRIC_REPRESENTATION_CONTEXT(2) 
PARAMETRIC_REPRESENTATION_CONTEXT() REPRESENTATION_CONTEXT('2D SPACE',''
  ) );
#17999 = PCURVE('',#7938,#18000);
#18000 = DEFINITIONAL_REPRESENTATION('',(#18001),#18005);
#18001 = LINE('',#18002,#18003);
#18002 = CARTESIAN_POINT('',(152.,1.));
#18003 = VECTOR('',#18004,1.);
#18004 = DIRECTION('',(-1.,0.));
#18005 = ( GEOMETRIC_REPRESENTATION_CONTEXT(2) 
PARAMETRIC_REPRESENTATION_CONTEXT() REPRESENTATION_CONTEXT('2D SPACE',''
  ) );
#18006 = ORIENTED_EDGE('',*,*,#17892,.T.);
#18007 = ADVANCED_FACE('',(#18008),#5939,.F.);
#18008 = FACE_BOUND('',#18009,.F.);
#18009 = EDGE_LOOP('',(#18010,#18011,#18012,#18035));
#18010 = ORIENTED_EDGE('',*,*,#5923,.F.);
#18011 = ORIENTED_EDGE('',*,*,#17938,.F.);
#18012 = ORIENTED_EDGE('',*,*,#18013,.T.);
#18013 = EDGE_CURVE('',#17916,#18014,#18016,.T.);
#18014 = VERTEX_POINT('',#18015);
#18015 = CARTESIAN_POINT('',(43.,21.,-1.));
#18016 = SURFACE_CURVE('',#18017,(#18021,#18028),.PCURVE_S1.);
#18017 = LINE('',#18018,#18019);
#18018 = CARTESIAN_POINT('',(-86.,21.,-1.));
#18019 = VECTOR('',#18020,1.);
#18020 = DIRECTION('',(1.,0.,0.));
#18021 = PCURVE('',#5939,#18022);
#18022 = DEFINITIONAL_REPRESENTATION('',(#18023),#18027);
#18023 = LINE('',#18024,#18025);
#18024 = CARTESIAN_POINT('',(0.,-2.));
#18025 = VECTOR('',#18026,1.);
#18026 = DIRECTION('',(1.,0.));
#18027 = ( GEOMETRIC_REPRESENTATION_CONTEXT(2) 
PARAMETRIC_REPRESENTATION_CONTEXT() REPRESENTATION_CONTEXT('2D SPACE',''
  ) );
#18028 = PCURVE('',#7938,#18029);
#18029 = DEFINITIONAL_REPRESENTATION('',(#18030),#18034);
#18030 = LINE('',#18031,#18032);
#18031 = CARTESIAN_POINT('',(-20.,21.));
#18032 = VECTOR('',#18033,1.);
#18033 = DIRECTION('',(1.,0.));
#18034 = ( GEOMETRIC_REPRESENTATION_CONTEXT(2) 
PARAMETRIC_REPRESENTATION_CONTEXT() REPRESENTATION_CONTEXT('2D SPACE',''
  ) );
#18035 = ORIENTED_EDGE('',*,*,#18036,.T.);
#18036 = EDGE_CURVE('',#18014,#5924,#18037,.T.);
#18037 = SURFACE_CURVE('',#18038,(#18042,#18049),.PCURVE_S1.);
#18038 = LINE('',#18039,#18040);
#18039 = CARTESIAN_POINT('',(43.,21.,-3.));
#18040 = VECTOR('',#18041,1.);
#18041 = DIRECTION('',(-0.,0.,-1.));
#18042 = PCURVE('',#5939,#18043);
#18043 = DEFINITIONAL_REPRESENTATION('',(#18044),#18048);
#18044 = LINE('',#18045,#18046);
#18045 = CARTESIAN_POINT('',(129.,0.));
#18046 = VECTOR('',#18047,1.);
#18047 = DIRECTION('',(0.,1.));
#18048 = ( GEOMETRIC_REPRESENTATION_CONTEXT(2) 
PARAMETRIC_REPRESENTATION_CONTEXT() REPRESENTATION_CONTEXT('2D SPACE',''
  ) );
#18049 = PCURVE('',#5967,#18050);
#18050 = DEFINITIONAL_REPRESENTATION('',(#18051),#18055);
#18051 = LINE('',#18052,#18053);
#18052 = CARTESIAN_POINT('',(65.,0.));
#18053 = VECTOR('',#18054,1.);
#18054 = DIRECTION('',(-0.,1.));
#18055 = ( GEOMETRIC_REPRESENTATION_CONTEXT(2) 
PARAMETRIC_REPRESENTATION_CONTEXT() REPRESENTATION_CONTEXT('2D SPACE',''
  ) );
#18056 = ADVANCED_FACE('',(#18057),#5967,.F.);
#18057 = FACE_BOUND('',#18058,.F.);
#18058 = EDGE_LOOP('',(#18059,#18060,#18061,#18082));
#18059 = ORIENTED_EDGE('',*,*,#5951,.F.);
#18060 = ORIENTED_EDGE('',*,*,#18036,.F.);
#18061 = ORIENTED_EDGE('',*,*,#18062,.T.);
#18062 = EDGE_CURVE('',#18014,#17964,#18063,.T.);
#18063 = SURFACE_CURVE('',#18064,(#18068,#18075),.PCURVE_S1.);
#18064 = LINE('',#18065,#18066);
#18065 = CARTESIAN_POINT('',(43.,86.,-1.));
#18066 = VECTOR('',#18067,1.);
#18067 = DIRECTION('',(0.,-1.,0.));
#18068 = PCURVE('',#5967,#18069);
#18069 = DEFINITIONAL_REPRESENTATION('',(#18070),#18074);
#18070 = LINE('',#18071,#18072);
#18071 = CARTESIAN_POINT('',(0.,-2.));
#18072 = VECTOR('',#18073,1.);
#18073 = DIRECTION('',(1.,0.));
#18074 = ( GEOMETRIC_REPRESENTATION_CONTEXT(2) 
PARAMETRIC_REPRESENTATION_CONTEXT() REPRESENTATION_CONTEXT('2D SPACE',''
  ) );
#18075 = PCURVE('',#7938,#18076);
#18076 = DEFINITIONAL_REPRESENTATION('',(#18077),#18081);
#18077 = LINE('',#18078,#18079);
#18078 = CARTESIAN_POINT('',(109.,86.));
#18079 = VECTOR('',#18080,1.);
#18080 = DIRECTION('',(0.,-1.));
#18081 = ( GEOMETRIC_REPRESENTATION_CONTEXT(2) 
PARAMETRIC_REPRESENTATION_CONTEXT() REPRESENTATION_CONTEXT('2D SPACE',''
  ) );
#18082 = ORIENTED_EDGE('',*,*,#17963,.F.);
#18083 = ADVANCED_FACE('',(#18084),#6025,.F.);
#18084 = FACE_BOUND('',#18085,.F.);
#18085 = EDGE_LOOP('',(#18086,#18087,#18110,#18133));
#18086 = ORIENTED_EDGE('',*,*,#6007,.F.);
#18087 = ORIENTED_EDGE('',*,*,#18088,.F.);
#18088 = EDGE_CURVE('',#18089,#6008,#18091,.T.);
#18089 = VERTEX_POINT('',#18090);
#18090 = CARTESIAN_POINT('',(21.,23.,-1.));
#18091 = SURFACE_CURVE('',#18092,(#18096,#18103),.PCURVE_S1.);
#18092 = LINE('',#18093,#18094);
#18093 = CARTESIAN_POINT('',(21.,23.,-3.));
#18094 = VECTOR('',#18095,1.);
#18095 = DIRECTION('',(0.,-0.,-1.));
#18096 = PCURVE('',#6025,#18097);
#18097 = DEFINITIONAL_REPRESENTATION('',(#18098),#18102);
#18098 = LINE('',#18099,#18100);
#18099 = CARTESIAN_POINT('',(65.,0.));
#18100 = VECTOR('',#18101,1.);
#18101 = DIRECTION('',(0.,1.));
#18102 = ( GEOMETRIC_REPRESENTATION_CONTEXT(2) 
PARAMETRIC_REPRESENTATION_CONTEXT() REPRESENTATION_CONTEXT('2D SPACE',''
  ) );
#18103 = PCURVE('',#6107,#18104);
#18104 = DEFINITIONAL_REPRESENTATION('',(#18105),#18109);
#18105 = LINE('',#18106,#18107);
#18106 = CARTESIAN_POINT('',(63.,0.));
#18107 = VECTOR('',#18108,1.);
#18108 = DIRECTION('',(0.,1.));
#18109 = ( GEOMETRIC_REPRESENTATION_CONTEXT(2) 
PARAMETRIC_REPRESENTATION_CONTEXT() REPRESENTATION_CONTEXT('2D SPACE',''
  ) );
#18110 = ORIENTED_EDGE('',*,*,#18111,.T.);
#18111 = EDGE_CURVE('',#18089,#18112,#18114,.T.);
#18112 = VERTEX_POINT('',#18113);
#18113 = CARTESIAN_POINT('',(1.,23.,-1.));
#18114 = SURFACE_CURVE('',#18115,(#18119,#18126),.PCURVE_S1.);
#18115 = LINE('',#18116,#18117);
#18116 = CARTESIAN_POINT('',(86.,23.,-1.));
#18117 = VECTOR('',#18118,1.);
#18118 = DIRECTION('',(-1.,0.,0.));
#18119 = PCURVE('',#6025,#18120);
#18120 = DEFINITIONAL_REPRESENTATION('',(#18121),#18125);
#18121 = LINE('',#18122,#18123);
#18122 = CARTESIAN_POINT('',(0.,-2.));
#18123 = VECTOR('',#18124,1.);
#18124 = DIRECTION('',(1.,0.));
#18125 = ( GEOMETRIC_REPRESENTATION_CONTEXT(2) 
PARAMETRIC_REPRESENTATION_CONTEXT() REPRESENTATION_CONTEXT('2D SPACE',''
  ) );
#18126 = PCURVE('',#7938,#18127);
#18127 = DEFINITIONAL_REPRESENTATION('',(#18128),#18132);
#18128 = LINE('',#18129,#18130);
#18129 = CARTESIAN_POINT('',(152.,23.));
#18130 = VECTOR('',#18131,1.);
#18131 = DIRECTION('',(-1.,0.));
#18132 = ( GEOMETRIC_REPRESENTATION_CONTEXT(2) 
PARAMETRIC_REPRESENTATION_CONTEXT() REPRESENTATION_CONTEXT('2D SPACE',''
  ) );
#18133 = ORIENTED_EDGE('',*,*,#18134,.F.);
#18134 = EDGE_CURVE('',#6010,#18112,#18135,.T.);
#18135 = SURFACE_CURVE('',#18136,(#18140,#18147),.PCURVE_S1.);
#18136 = LINE('',#18137,#18138);
#18137 = CARTESIAN_POINT('',(1.,23.,-3.));
#18138 = VECTOR('',#18139,1.);
#18139 = DIRECTION('',(0.,0.,1.));
#18140 = PCURVE('',#6025,#18141);
#18141 = DEFINITIONAL_REPRESENTATION('',(#18142),#18146);
#18142 = LINE('',#18143,#18144);
#18143 = CARTESIAN_POINT('',(85.,0.));
#18144 = VECTOR('',#18145,1.);
#18145 = DIRECTION('',(0.,-1.));
#18146 = ( GEOMETRIC_REPRESENTATION_CONTEXT(2) 
PARAMETRIC_REPRESENTATION_CONTEXT() REPRESENTATION_CONTEXT('2D SPACE',''
  ) );
#18147 = PCURVE('',#6053,#18148);
#18148 = DEFINITIONAL_REPRESENTATION('',(#18149),#18153);
#18149 = LINE('',#18150,#18151);
#18150 = CARTESIAN_POINT('',(109.,0.));
#18151 = VECTOR('',#18152,1.);
#18152 = DIRECTION('',(0.,-1.));
#18153 = ( GEOMETRIC_REPRESENTATION_CONTEXT(2) 
PARAMETRIC_REPRESENTATION_CONTEXT() REPRESENTATION_CONTEXT('2D SPACE',''
  ) );
#18154 = ADVANCED_FACE('',(#18155),#6107,.F.);
#18155 = FACE_BOUND('',#18156,.F.);
#18156 = EDGE_LOOP('',(#18157,#18158,#18181,#18202));
#18157 = ORIENTED_EDGE('',*,*,#6093,.F.);
#18158 = ORIENTED_EDGE('',*,*,#18159,.T.);
#18159 = EDGE_CURVE('',#6066,#18160,#18162,.T.);
#18160 = VERTEX_POINT('',#18161);
#18161 = CARTESIAN_POINT('',(21.,43.,-1.));
#18162 = SURFACE_CURVE('',#18163,(#18167,#18174),.PCURVE_S1.);
#18163 = LINE('',#18164,#18165);
#18164 = CARTESIAN_POINT('',(21.,43.,-3.));
#18165 = VECTOR('',#18166,1.);
#18166 = DIRECTION('',(0.,-0.,1.));
#18167 = PCURVE('',#6107,#18168);
#18168 = DEFINITIONAL_REPRESENTATION('',(#18169),#18173);
#18169 = LINE('',#18170,#18171);
#18170 = CARTESIAN_POINT('',(43.,0.));
#18171 = VECTOR('',#18172,1.);
#18172 = DIRECTION('',(0.,-1.));
#18173 = ( GEOMETRIC_REPRESENTATION_CONTEXT(2) 
PARAMETRIC_REPRESENTATION_CONTEXT() REPRESENTATION_CONTEXT('2D SPACE',''
  ) );
#18174 = PCURVE('',#6081,#18175);
#18175 = DEFINITIONAL_REPRESENTATION('',(#18176),#18180);
#18176 = LINE('',#18177,#18178);
#18177 = CARTESIAN_POINT('',(107.,0.));
#18178 = VECTOR('',#18179,1.);
#18179 = DIRECTION('',(0.,-1.));
#18180 = ( GEOMETRIC_REPRESENTATION_CONTEXT(2) 
PARAMETRIC_REPRESENTATION_CONTEXT() REPRESENTATION_CONTEXT('2D SPACE',''
  ) );
#18181 = ORIENTED_EDGE('',*,*,#18182,.T.);
#18182 = EDGE_CURVE('',#18160,#18089,#18183,.T.);
#18183 = SURFACE_CURVE('',#18184,(#18188,#18195),.PCURVE_S1.);
#18184 = LINE('',#18185,#18186);
#18185 = CARTESIAN_POINT('',(21.,86.,-1.));
#18186 = VECTOR('',#18187,1.);
#18187 = DIRECTION('',(0.,-1.,0.));
#18188 = PCURVE('',#6107,#18189);
#18189 = DEFINITIONAL_REPRESENTATION('',(#18190),#18194);
#18190 = LINE('',#18191,#18192);
#18191 = CARTESIAN_POINT('',(0.,-2.));
#18192 = VECTOR('',#18193,1.);
#18193 = DIRECTION('',(1.,0.));
#18194 = ( GEOMETRIC_REPRESENTATION_CONTEXT(2) 
PARAMETRIC_REPRESENTATION_CONTEXT() REPRESENTATION_CONTEXT('2D SPACE',''
  ) );
#18195 = PCURVE('',#7938,#18196);
#18196 = DEFINITIONAL_REPRESENTATION('',(#18197),#18201);
#18197 = LINE('',#18198,#18199);
#18198 = CARTESIAN_POINT('',(87.,86.));
#18199 = VECTOR('',#18200,1.);
#18200 = DIRECTION('',(0.,-1.));
#18201 = ( GEOMETRIC_REPRESENTATION_CONTEXT(2) 
PARAMETRIC_REPRESENTATION_CONTEXT() REPRESENTATION_CONTEXT('2D SPACE',''
  ) );
#18202 = ORIENTED_EDGE('',*,*,#18088,.T.);
#18203 = ADVANCED_FACE('',(#18204),#6053,.F.);
#18204 = FACE_BOUND('',#18205,.F.);
#18205 = EDGE_LOOP('',(#18206,#18207,#18208,#18231));
#18206 = ORIENTED_EDGE('',*,*,#6037,.F.);
#18207 = ORIENTED_EDGE('',*,*,#18134,.T.);
#18208 = ORIENTED_EDGE('',*,*,#18209,.T.);
#18209 = EDGE_CURVE('',#18112,#18210,#18212,.T.);
#18210 = VERTEX_POINT('',#18211);
#18211 = CARTESIAN_POINT('',(1.,43.,-1.));
#18212 = SURFACE_CURVE('',#18213,(#18217,#18224),.PCURVE_S1.);
#18213 = LINE('',#18214,#18215);
#18214 = CARTESIAN_POINT('',(1.,-86.,-1.));
#18215 = VECTOR('',#18216,1.);
#18216 = DIRECTION('',(0.,1.,0.));
#18217 = PCURVE('',#6053,#18218);
#18218 = DEFINITIONAL_REPRESENTATION('',(#18219),#18223);
#18219 = LINE('',#18220,#18221);
#18220 = CARTESIAN_POINT('',(0.,-2.));
#18221 = VECTOR('',#18222,1.);
#18222 = DIRECTION('',(1.,0.));
#18223 = ( GEOMETRIC_REPRESENTATION_CONTEXT(2) 
PARAMETRIC_REPRESENTATION_CONTEXT() REPRESENTATION_CONTEXT('2D SPACE',''
  ) );
#18224 = PCURVE('',#7938,#18225);
#18225 = DEFINITIONAL_REPRESENTATION('',(#18226),#18230);
#18226 = LINE('',#18227,#18228);
#18227 = CARTESIAN_POINT('',(67.,-86.));
#18228 = VECTOR('',#18229,1.);
#18229 = DIRECTION('',(0.,1.));
#18230 = ( GEOMETRIC_REPRESENTATION_CONTEXT(2) 
PARAMETRIC_REPRESENTATION_CONTEXT() REPRESENTATION_CONTEXT('2D SPACE',''
  ) );
#18231 = ORIENTED_EDGE('',*,*,#18232,.T.);
#18232 = EDGE_CURVE('',#18210,#6038,#18233,.T.);
#18233 = SURFACE_CURVE('',#18234,(#18238,#18245),.PCURVE_S1.);
#18234 = LINE('',#18235,#18236);
#18235 = CARTESIAN_POINT('',(1.,43.,-3.));
#18236 = VECTOR('',#18237,1.);
#18237 = DIRECTION('',(0.,0.,-1.));
#18238 = PCURVE('',#6053,#18239);
#18239 = DEFINITIONAL_REPRESENTATION('',(#18240),#18244);
#18240 = LINE('',#18241,#18242);
#18241 = CARTESIAN_POINT('',(129.,0.));
#18242 = VECTOR('',#18243,1.);
#18243 = DIRECTION('',(0.,1.));
#18244 = ( GEOMETRIC_REPRESENTATION_CONTEXT(2) 
PARAMETRIC_REPRESENTATION_CONTEXT() REPRESENTATION_CONTEXT('2D SPACE',''
  ) );
#18245 = PCURVE('',#6081,#18246);
#18246 = DEFINITIONAL_REPRESENTATION('',(#18247),#18251);
#18247 = LINE('',#18248,#18249);
#18248 = CARTESIAN_POINT('',(87.,0.));
#18249 = VECTOR('',#18250,1.);
#18250 = DIRECTION('',(0.,1.));
#18251 = ( GEOMETRIC_REPRESENTATION_CONTEXT(2) 
PARAMETRIC_REPRESENTATION_CONTEXT() REPRESENTATION_CONTEXT('2D SPACE',''
  ) );
#18252 = ADVANCED_FACE('',(#18253),#6081,.F.);
#18253 = FACE_BOUND('',#18254,.F.);
#18254 = EDGE_LOOP('',(#18255,#18256,#18257,#18278));
#18255 = ORIENTED_EDGE('',*,*,#6065,.F.);
#18256 = ORIENTED_EDGE('',*,*,#18232,.F.);
#18257 = ORIENTED_EDGE('',*,*,#18258,.T.);
#18258 = EDGE_CURVE('',#18210,#18160,#18259,.T.);
#18259 = SURFACE_CURVE('',#18260,(#18264,#18271),.PCURVE_S1.);
#18260 = LINE('',#18261,#18262);
#18261 = CARTESIAN_POINT('',(-86.,43.,-1.));
#18262 = VECTOR('',#18263,1.);
#18263 = DIRECTION('',(1.,0.,0.));
#18264 = PCURVE('',#6081,#18265);
#18265 = DEFINITIONAL_REPRESENTATION('',(#18266),#18270);
#18266 = LINE('',#18267,#18268);
#18267 = CARTESIAN_POINT('',(0.,-2.));
#18268 = VECTOR('',#18269,1.);
#18269 = DIRECTION('',(1.,0.));
#18270 = ( GEOMETRIC_REPRESENTATION_CONTEXT(2) 
PARAMETRIC_REPRESENTATION_CONTEXT() REPRESENTATION_CONTEXT('2D SPACE',''
  ) );
#18271 = PCURVE('',#7938,#18272);
#18272 = DEFINITIONAL_REPRESENTATION('',(#18273),#18277);
#18273 = LINE('',#18274,#18275);
#18274 = CARTESIAN_POINT('',(-20.,43.));
#18275 = VECTOR('',#18276,1.);
#18276 = DIRECTION('',(1.,0.));
#18277 = ( GEOMETRIC_REPRESENTATION_CONTEXT(2) 
PARAMETRIC_REPRESENTATION_CONTEXT() REPRESENTATION_CONTEXT('2D SPACE',''
  ) );
#18278 = ORIENTED_EDGE('',*,*,#18159,.F.);
#18279 = ADVANCED_FACE('',(#18280),#6139,.F.);
#18280 = FACE_BOUND('',#18281,.F.);
#18281 = EDGE_LOOP('',(#18282,#18283,#18306,#18329));
#18282 = ORIENTED_EDGE('',*,*,#6121,.F.);
#18283 = ORIENTED_EDGE('',*,*,#18284,.T.);
#18284 = EDGE_CURVE('',#6122,#18285,#18287,.T.);
#18285 = VERTEX_POINT('',#18286);
#18286 = CARTESIAN_POINT('',(43.,43.,-1.));
#18287 = SURFACE_CURVE('',#18288,(#18292,#18299),.PCURVE_S1.);
#18288 = LINE('',#18289,#18290);
#18289 = CARTESIAN_POINT('',(43.,43.,-3.));
#18290 = VECTOR('',#18291,1.);
#18291 = DIRECTION('',(0.,-0.,1.));
#18292 = PCURVE('',#6139,#18293);
#18293 = DEFINITIONAL_REPRESENTATION('',(#18294),#18298);
#18294 = LINE('',#18295,#18296);
#18295 = CARTESIAN_POINT('',(43.,0.));
#18296 = VECTOR('',#18297,1.);
#18297 = DIRECTION('',(0.,-1.));
#18298 = ( GEOMETRIC_REPRESENTATION_CONTEXT(2) 
PARAMETRIC_REPRESENTATION_CONTEXT() REPRESENTATION_CONTEXT('2D SPACE',''
  ) );
#18299 = PCURVE('',#6221,#18300);
#18300 = DEFINITIONAL_REPRESENTATION('',(#18301),#18305);
#18301 = LINE('',#18302,#18303);
#18302 = CARTESIAN_POINT('',(129.,0.));
#18303 = VECTOR('',#18304,1.);
#18304 = DIRECTION('',(0.,-1.));
#18305 = ( GEOMETRIC_REPRESENTATION_CONTEXT(2) 
PARAMETRIC_REPRESENTATION_CONTEXT() REPRESENTATION_CONTEXT('2D SPACE',''
  ) );
#18306 = ORIENTED_EDGE('',*,*,#18307,.T.);
#18307 = EDGE_CURVE('',#18285,#18308,#18310,.T.);
#18308 = VERTEX_POINT('',#18309);
#18309 = CARTESIAN_POINT('',(43.,23.,-1.));
#18310 = SURFACE_CURVE('',#18311,(#18315,#18322),.PCURVE_S1.);
#18311 = LINE('',#18312,#18313);
#18312 = CARTESIAN_POINT('',(43.,86.,-1.));
#18313 = VECTOR('',#18314,1.);
#18314 = DIRECTION('',(0.,-1.,0.));
#18315 = PCURVE('',#6139,#18316);
#18316 = DEFINITIONAL_REPRESENTATION('',(#18317),#18321);
#18317 = LINE('',#18318,#18319);
#18318 = CARTESIAN_POINT('',(0.,-2.));
#18319 = VECTOR('',#18320,1.);
#18320 = DIRECTION('',(1.,0.));
#18321 = ( GEOMETRIC_REPRESENTATION_CONTEXT(2) 
PARAMETRIC_REPRESENTATION_CONTEXT() REPRESENTATION_CONTEXT('2D SPACE',''
  ) );
#18322 = PCURVE('',#7938,#18323);
#18323 = DEFINITIONAL_REPRESENTATION('',(#18324),#18328);
#18324 = LINE('',#18325,#18326);
#18325 = CARTESIAN_POINT('',(109.,86.));
#18326 = VECTOR('',#18327,1.);
#18327 = DIRECTION('',(0.,-1.));
#18328 = ( GEOMETRIC_REPRESENTATION_CONTEXT(2) 
PARAMETRIC_REPRESENTATION_CONTEXT() REPRESENTATION_CONTEXT('2D SPACE',''
  ) );
#18329 = ORIENTED_EDGE('',*,*,#18330,.F.);
#18330 = EDGE_CURVE('',#6124,#18308,#18331,.T.);
#18331 = SURFACE_CURVE('',#18332,(#18336,#18343),.PCURVE_S1.);
#18332 = LINE('',#18333,#18334);
#18333 = CARTESIAN_POINT('',(43.,23.,-3.));
#18334 = VECTOR('',#18335,1.);
#18335 = DIRECTION('',(0.,0.,1.));
#18336 = PCURVE('',#6139,#18337);
#18337 = DEFINITIONAL_REPRESENTATION('',(#18338),#18342);
#18338 = LINE('',#18339,#18340);
#18339 = CARTESIAN_POINT('',(63.,0.));
#18340 = VECTOR('',#18341,1.);
#18341 = DIRECTION('',(0.,-1.));
#18342 = ( GEOMETRIC_REPRESENTATION_CONTEXT(2) 
PARAMETRIC_REPRESENTATION_CONTEXT() REPRESENTATION_CONTEXT('2D SPACE',''
  ) );
#18343 = PCURVE('',#6167,#18344);
#18344 = DEFINITIONAL_REPRESENTATION('',(#18345),#18349);
#18345 = LINE('',#18346,#18347);
#18346 = CARTESIAN_POINT('',(43.,0.));
#18347 = VECTOR('',#18348,1.);
#18348 = DIRECTION('',(0.,-1.));
#18349 = ( GEOMETRIC_REPRESENTATION_CONTEXT(2) 
PARAMETRIC_REPRESENTATION_CONTEXT() REPRESENTATION_CONTEXT('2D SPACE',''
  ) );
#18350 = ADVANCED_FACE('',(#18351),#6221,.F.);
#18351 = FACE_BOUND('',#18352,.F.);
#18352 = EDGE_LOOP('',(#18353,#18354,#18377,#18398));
#18353 = ORIENTED_EDGE('',*,*,#6207,.F.);
#18354 = ORIENTED_EDGE('',*,*,#18355,.F.);
#18355 = EDGE_CURVE('',#18356,#6180,#18358,.T.);
#18356 = VERTEX_POINT('',#18357);
#18357 = CARTESIAN_POINT('',(23.,43.,-1.));
#18358 = SURFACE_CURVE('',#18359,(#18363,#18370),.PCURVE_S1.);
#18359 = LINE('',#18360,#18361);
#18360 = CARTESIAN_POINT('',(23.,43.,-3.));
#18361 = VECTOR('',#18362,1.);
#18362 = DIRECTION('',(0.,0.,-1.));
#18363 = PCURVE('',#6221,#18364);
#18364 = DEFINITIONAL_REPRESENTATION('',(#18365),#18369);
#18365 = LINE('',#18366,#18367);
#18366 = CARTESIAN_POINT('',(109.,0.));
#18367 = VECTOR('',#18368,1.);
#18368 = DIRECTION('',(0.,1.));
#18369 = ( GEOMETRIC_REPRESENTATION_CONTEXT(2) 
PARAMETRIC_REPRESENTATION_CONTEXT() REPRESENTATION_CONTEXT('2D SPACE',''
  ) );
#18370 = PCURVE('',#6195,#18371);
#18371 = DEFINITIONAL_REPRESENTATION('',(#18372),#18376);
#18372 = LINE('',#18373,#18374);
#18373 = CARTESIAN_POINT('',(129.,0.));
#18374 = VECTOR('',#18375,1.);
#18375 = DIRECTION('',(0.,1.));
#18376 = ( GEOMETRIC_REPRESENTATION_CONTEXT(2) 
PARAMETRIC_REPRESENTATION_CONTEXT() REPRESENTATION_CONTEXT('2D SPACE',''
  ) );
#18377 = ORIENTED_EDGE('',*,*,#18378,.T.);
#18378 = EDGE_CURVE('',#18356,#18285,#18379,.T.);
#18379 = SURFACE_CURVE('',#18380,(#18384,#18391),.PCURVE_S1.);
#18380 = LINE('',#18381,#18382);
#18381 = CARTESIAN_POINT('',(-86.,43.,-1.));
#18382 = VECTOR('',#18383,1.);
#18383 = DIRECTION('',(1.,0.,0.));
#18384 = PCURVE('',#6221,#18385);
#18385 = DEFINITIONAL_REPRESENTATION('',(#18386),#18390);
#18386 = LINE('',#18387,#18388);
#18387 = CARTESIAN_POINT('',(0.,-2.));
#18388 = VECTOR('',#18389,1.);
#18389 = DIRECTION('',(1.,0.));
#18390 = ( GEOMETRIC_REPRESENTATION_CONTEXT(2) 
PARAMETRIC_REPRESENTATION_CONTEXT() REPRESENTATION_CONTEXT('2D SPACE',''
  ) );
#18391 = PCURVE('',#7938,#18392);
#18392 = DEFINITIONAL_REPRESENTATION('',(#18393),#18397);
#18393 = LINE('',#18394,#18395);
#18394 = CARTESIAN_POINT('',(-20.,43.));
#18395 = VECTOR('',#18396,1.);
#18396 = DIRECTION('',(1.,0.));
#18397 = ( GEOMETRIC_REPRESENTATION_CONTEXT(2) 
PARAMETRIC_REPRESENTATION_CONTEXT() REPRESENTATION_CONTEXT('2D SPACE',''
  ) );
#18398 = ORIENTED_EDGE('',*,*,#18284,.F.);
#18399 = ADVANCED_FACE('',(#18400),#6167,.F.);
#18400 = FACE_BOUND('',#18401,.F.);
#18401 = EDGE_LOOP('',(#18402,#18403,#18404,#18427));
#18402 = ORIENTED_EDGE('',*,*,#6151,.F.);
#18403 = ORIENTED_EDGE('',*,*,#18330,.T.);
#18404 = ORIENTED_EDGE('',*,*,#18405,.T.);
#18405 = EDGE_CURVE('',#18308,#18406,#18408,.T.);
#18406 = VERTEX_POINT('',#18407);
#18407 = CARTESIAN_POINT('',(23.,23.,-1.));
#18408 = SURFACE_CURVE('',#18409,(#18413,#18420),.PCURVE_S1.);
#18409 = LINE('',#18410,#18411);
#18410 = CARTESIAN_POINT('',(86.,23.,-1.));
#18411 = VECTOR('',#18412,1.);
#18412 = DIRECTION('',(-1.,0.,0.));
#18413 = PCURVE('',#6167,#18414);
#18414 = DEFINITIONAL_REPRESENTATION('',(#18415),#18419);
#18415 = LINE('',#18416,#18417);
#18416 = CARTESIAN_POINT('',(0.,-2.));
#18417 = VECTOR('',#18418,1.);
#18418 = DIRECTION('',(1.,0.));
#18419 = ( GEOMETRIC_REPRESENTATION_CONTEXT(2) 
PARAMETRIC_REPRESENTATION_CONTEXT() REPRESENTATION_CONTEXT('2D SPACE',''
  ) );
#18420 = PCURVE('',#7938,#18421);
#18421 = DEFINITIONAL_REPRESENTATION('',(#18422),#18426);
#18422 = LINE('',#18423,#18424);
#18423 = CARTESIAN_POINT('',(152.,23.));
#18424 = VECTOR('',#18425,1.);
#18425 = DIRECTION('',(-1.,0.));
#18426 = ( GEOMETRIC_REPRESENTATION_CONTEXT(2) 
PARAMETRIC_REPRESENTATION_CONTEXT() REPRESENTATION_CONTEXT('2D SPACE',''
  ) );
#18427 = ORIENTED_EDGE('',*,*,#18428,.F.);
#18428 = EDGE_CURVE('',#6152,#18406,#18429,.T.);
#18429 = SURFACE_CURVE('',#18430,(#18434,#18441),.PCURVE_S1.);
#18430 = LINE('',#18431,#18432);
#18431 = CARTESIAN_POINT('',(23.,23.,-3.));
#18432 = VECTOR('',#18433,1.);
#18433 = DIRECTION('',(0.,0.,1.));
#18434 = PCURVE('',#6167,#18435);
#18435 = DEFINITIONAL_REPRESENTATION('',(#18436),#18440);
#18436 = LINE('',#18437,#18438);
#18437 = CARTESIAN_POINT('',(63.,0.));
#18438 = VECTOR('',#18439,1.);
#18439 = DIRECTION('',(0.,-1.));
#18440 = ( GEOMETRIC_REPRESENTATION_CONTEXT(2) 
PARAMETRIC_REPRESENTATION_CONTEXT() REPRESENTATION_CONTEXT('2D SPACE',''
  ) );
#18441 = PCURVE('',#6195,#18442);
#18442 = DEFINITIONAL_REPRESENTATION('',(#18443),#18447);
#18443 = LINE('',#18444,#18445);
#18444 = CARTESIAN_POINT('',(109.,0.));
#18445 = VECTOR('',#18446,1.);
#18446 = DIRECTION('',(0.,-1.));
#18447 = ( GEOMETRIC_REPRESENTATION_CONTEXT(2) 
PARAMETRIC_REPRESENTATION_CONTEXT() REPRESENTATION_CONTEXT('2D SPACE',''
  ) );
#18448 = ADVANCED_FACE('',(#18449),#6195,.F.);
#18449 = FACE_BOUND('',#18450,.F.);
#18450 = EDGE_LOOP('',(#18451,#18452,#18453,#18474));
#18451 = ORIENTED_EDGE('',*,*,#6179,.F.);
#18452 = ORIENTED_EDGE('',*,*,#18428,.T.);
#18453 = ORIENTED_EDGE('',*,*,#18454,.T.);
#18454 = EDGE_CURVE('',#18406,#18356,#18455,.T.);
#18455 = SURFACE_CURVE('',#18456,(#18460,#18467),.PCURVE_S1.);
#18456 = LINE('',#18457,#18458);
#18457 = CARTESIAN_POINT('',(23.,-86.,-1.));
#18458 = VECTOR('',#18459,1.);
#18459 = DIRECTION('',(0.,1.,0.));
#18460 = PCURVE('',#6195,#18461);
#18461 = DEFINITIONAL_REPRESENTATION('',(#18462),#18466);
#18462 = LINE('',#18463,#18464);
#18463 = CARTESIAN_POINT('',(0.,-2.));
#18464 = VECTOR('',#18465,1.);
#18465 = DIRECTION('',(1.,0.));
#18466 = ( GEOMETRIC_REPRESENTATION_CONTEXT(2) 
PARAMETRIC_REPRESENTATION_CONTEXT() REPRESENTATION_CONTEXT('2D SPACE',''
  ) );
#18467 = PCURVE('',#7938,#18468);
#18468 = DEFINITIONAL_REPRESENTATION('',(#18469),#18473);
#18469 = LINE('',#18470,#18471);
#18470 = CARTESIAN_POINT('',(89.,-86.));
#18471 = VECTOR('',#18472,1.);
#18472 = DIRECTION('',(0.,1.));
#18473 = ( GEOMETRIC_REPRESENTATION_CONTEXT(2) 
PARAMETRIC_REPRESENTATION_CONTEXT() REPRESENTATION_CONTEXT('2D SPACE',''
  ) );
#18474 = ORIENTED_EDGE('',*,*,#18355,.T.);
#18475 = ADVANCED_FACE('',(#18476),#6253,.F.);
#18476 = FACE_BOUND('',#18477,.F.);
#18477 = EDGE_LOOP('',(#18478,#18479,#18502,#18525));
#18478 = ORIENTED_EDGE('',*,*,#6235,.F.);
#18479 = ORIENTED_EDGE('',*,*,#18480,.F.);
#18480 = EDGE_CURVE('',#18481,#6236,#18483,.T.);
#18481 = VERTEX_POINT('',#18482);
#18482 = CARTESIAN_POINT('',(45.,1.,-1.));
#18483 = SURFACE_CURVE('',#18484,(#18488,#18495),.PCURVE_S1.);
#18484 = LINE('',#18485,#18486);
#18485 = CARTESIAN_POINT('',(45.,1.,-3.));
#18486 = VECTOR('',#18487,1.);
#18487 = DIRECTION('',(-0.,-0.,-1.));
#18488 = PCURVE('',#6253,#18489);
#18489 = DEFINITIONAL_REPRESENTATION('',(#18490),#18494);
#18490 = LINE('',#18491,#18492);
#18491 = CARTESIAN_POINT('',(87.,0.));
#18492 = VECTOR('',#18493,1.);
#18493 = DIRECTION('',(0.,1.));
#18494 = ( GEOMETRIC_REPRESENTATION_CONTEXT(2) 
PARAMETRIC_REPRESENTATION_CONTEXT() REPRESENTATION_CONTEXT('2D SPACE',''
  ) );
#18495 = PCURVE('',#6335,#18496);
#18496 = DEFINITIONAL_REPRESENTATION('',(#18497),#18501);
#18497 = LINE('',#18498,#18499);
#18498 = CARTESIAN_POINT('',(41.,0.));
#18499 = VECTOR('',#18500,1.);
#18500 = DIRECTION('',(0.,1.));
#18501 = ( GEOMETRIC_REPRESENTATION_CONTEXT(2) 
PARAMETRIC_REPRESENTATION_CONTEXT() REPRESENTATION_CONTEXT('2D SPACE',''
  ) );
#18502 = ORIENTED_EDGE('',*,*,#18503,.T.);
#18503 = EDGE_CURVE('',#18481,#18504,#18506,.T.);
#18504 = VERTEX_POINT('',#18505);
#18505 = CARTESIAN_POINT('',(45.,21.,-1.));
#18506 = SURFACE_CURVE('',#18507,(#18511,#18518),.PCURVE_S1.);
#18507 = LINE('',#18508,#18509);
#18508 = CARTESIAN_POINT('',(45.,-86.,-1.));
#18509 = VECTOR('',#18510,1.);
#18510 = DIRECTION('',(0.,1.,0.));
#18511 = PCURVE('',#6253,#18512);
#18512 = DEFINITIONAL_REPRESENTATION('',(#18513),#18517);
#18513 = LINE('',#18514,#18515);
#18514 = CARTESIAN_POINT('',(0.,-2.));
#18515 = VECTOR('',#18516,1.);
#18516 = DIRECTION('',(1.,0.));
#18517 = ( GEOMETRIC_REPRESENTATION_CONTEXT(2) 
PARAMETRIC_REPRESENTATION_CONTEXT() REPRESENTATION_CONTEXT('2D SPACE',''
  ) );
#18518 = PCURVE('',#7938,#18519);
#18519 = DEFINITIONAL_REPRESENTATION('',(#18520),#18524);
#18520 = LINE('',#18521,#18522);
#18521 = CARTESIAN_POINT('',(111.,-86.));
#18522 = VECTOR('',#18523,1.);
#18523 = DIRECTION('',(0.,1.));
#18524 = ( GEOMETRIC_REPRESENTATION_CONTEXT(2) 
PARAMETRIC_REPRESENTATION_CONTEXT() REPRESENTATION_CONTEXT('2D SPACE',''
  ) );
#18525 = ORIENTED_EDGE('',*,*,#18526,.F.);
#18526 = EDGE_CURVE('',#6238,#18504,#18527,.T.);
#18527 = SURFACE_CURVE('',#18528,(#18532,#18539),.PCURVE_S1.);
#18528 = LINE('',#18529,#18530);
#18529 = CARTESIAN_POINT('',(45.,21.,-3.));
#18530 = VECTOR('',#18531,1.);
#18531 = DIRECTION('',(0.,-0.,1.));
#18532 = PCURVE('',#6253,#18533);
#18533 = DEFINITIONAL_REPRESENTATION('',(#18534),#18538);
#18534 = LINE('',#18535,#18536);
#18535 = CARTESIAN_POINT('',(107.,0.));
#18536 = VECTOR('',#18537,1.);
#18537 = DIRECTION('',(0.,-1.));
#18538 = ( GEOMETRIC_REPRESENTATION_CONTEXT(2) 
PARAMETRIC_REPRESENTATION_CONTEXT() REPRESENTATION_CONTEXT('2D SPACE',''
  ) );
#18539 = PCURVE('',#6281,#18540);
#18540 = DEFINITIONAL_REPRESENTATION('',(#18541),#18545);
#18541 = LINE('',#18542,#18543);
#18542 = CARTESIAN_POINT('',(131.,0.));
#18543 = VECTOR('',#18544,1.);
#18544 = DIRECTION('',(0.,-1.));
#18545 = ( GEOMETRIC_REPRESENTATION_CONTEXT(2) 
PARAMETRIC_REPRESENTATION_CONTEXT() REPRESENTATION_CONTEXT('2D SPACE',''
  ) );
#18546 = ADVANCED_FACE('',(#18547),#6335,.F.);
#18547 = FACE_BOUND('',#18548,.F.);
#18548 = EDGE_LOOP('',(#18549,#18550,#18573,#18594));
#18549 = ORIENTED_EDGE('',*,*,#6321,.F.);
#18550 = ORIENTED_EDGE('',*,*,#18551,.T.);
#18551 = EDGE_CURVE('',#6294,#18552,#18554,.T.);
#18552 = VERTEX_POINT('',#18553);
#18553 = CARTESIAN_POINT('',(65.,1.,-1.));
#18554 = SURFACE_CURVE('',#18555,(#18559,#18566),.PCURVE_S1.);
#18555 = LINE('',#18556,#18557);
#18556 = CARTESIAN_POINT('',(65.,1.,-3.));
#18557 = VECTOR('',#18558,1.);
#18558 = DIRECTION('',(0.,0.,1.));
#18559 = PCURVE('',#6335,#18560);
#18560 = DEFINITIONAL_REPRESENTATION('',(#18561),#18565);
#18561 = LINE('',#18562,#18563);
#18562 = CARTESIAN_POINT('',(21.,0.));
#18563 = VECTOR('',#18564,1.);
#18564 = DIRECTION('',(0.,-1.));
#18565 = ( GEOMETRIC_REPRESENTATION_CONTEXT(2) 
PARAMETRIC_REPRESENTATION_CONTEXT() REPRESENTATION_CONTEXT('2D SPACE',''
  ) );
#18566 = PCURVE('',#6309,#18567);
#18567 = DEFINITIONAL_REPRESENTATION('',(#18568),#18572);
#18568 = LINE('',#18569,#18570);
#18569 = CARTESIAN_POINT('',(85.,0.));
#18570 = VECTOR('',#18571,1.);
#18571 = DIRECTION('',(0.,-1.));
#18572 = ( GEOMETRIC_REPRESENTATION_CONTEXT(2) 
PARAMETRIC_REPRESENTATION_CONTEXT() REPRESENTATION_CONTEXT('2D SPACE',''
  ) );
#18573 = ORIENTED_EDGE('',*,*,#18574,.T.);
#18574 = EDGE_CURVE('',#18552,#18481,#18575,.T.);
#18575 = SURFACE_CURVE('',#18576,(#18580,#18587),.PCURVE_S1.);
#18576 = LINE('',#18577,#18578);
#18577 = CARTESIAN_POINT('',(86.,1.,-1.));
#18578 = VECTOR('',#18579,1.);
#18579 = DIRECTION('',(-1.,0.,0.));
#18580 = PCURVE('',#6335,#18581);
#18581 = DEFINITIONAL_REPRESENTATION('',(#18582),#18586);
#18582 = LINE('',#18583,#18584);
#18583 = CARTESIAN_POINT('',(0.,-2.));
#18584 = VECTOR('',#18585,1.);
#18585 = DIRECTION('',(1.,0.));
#18586 = ( GEOMETRIC_REPRESENTATION_CONTEXT(2) 
PARAMETRIC_REPRESENTATION_CONTEXT() REPRESENTATION_CONTEXT('2D SPACE',''
  ) );
#18587 = PCURVE('',#7938,#18588);
#18588 = DEFINITIONAL_REPRESENTATION('',(#18589),#18593);
#18589 = LINE('',#18590,#18591);
#18590 = CARTESIAN_POINT('',(152.,1.));
#18591 = VECTOR('',#18592,1.);
#18592 = DIRECTION('',(-1.,0.));
#18593 = ( GEOMETRIC_REPRESENTATION_CONTEXT(2) 
PARAMETRIC_REPRESENTATION_CONTEXT() REPRESENTATION_CONTEXT('2D SPACE',''
  ) );
#18594 = ORIENTED_EDGE('',*,*,#18480,.T.);
#18595 = ADVANCED_FACE('',(#18596),#6281,.F.);
#18596 = FACE_BOUND('',#18597,.F.);
#18597 = EDGE_LOOP('',(#18598,#18599,#18600,#18623));
#18598 = ORIENTED_EDGE('',*,*,#6265,.F.);
#18599 = ORIENTED_EDGE('',*,*,#18526,.T.);
#18600 = ORIENTED_EDGE('',*,*,#18601,.T.);
#18601 = EDGE_CURVE('',#18504,#18602,#18604,.T.);
#18602 = VERTEX_POINT('',#18603);
#18603 = CARTESIAN_POINT('',(65.,21.,-1.));
#18604 = SURFACE_CURVE('',#18605,(#18609,#18616),.PCURVE_S1.);
#18605 = LINE('',#18606,#18607);
#18606 = CARTESIAN_POINT('',(-86.,21.,-1.));
#18607 = VECTOR('',#18608,1.);
#18608 = DIRECTION('',(1.,0.,0.));
#18609 = PCURVE('',#6281,#18610);
#18610 = DEFINITIONAL_REPRESENTATION('',(#18611),#18615);
#18611 = LINE('',#18612,#18613);
#18612 = CARTESIAN_POINT('',(0.,-2.));
#18613 = VECTOR('',#18614,1.);
#18614 = DIRECTION('',(1.,0.));
#18615 = ( GEOMETRIC_REPRESENTATION_CONTEXT(2) 
PARAMETRIC_REPRESENTATION_CONTEXT() REPRESENTATION_CONTEXT('2D SPACE',''
  ) );
#18616 = PCURVE('',#7938,#18617);
#18617 = DEFINITIONAL_REPRESENTATION('',(#18618),#18622);
#18618 = LINE('',#18619,#18620);
#18619 = CARTESIAN_POINT('',(-20.,21.));
#18620 = VECTOR('',#18621,1.);
#18621 = DIRECTION('',(1.,0.));
#18622 = ( GEOMETRIC_REPRESENTATION_CONTEXT(2) 
PARAMETRIC_REPRESENTATION_CONTEXT() REPRESENTATION_CONTEXT('2D SPACE',''
  ) );
#18623 = ORIENTED_EDGE('',*,*,#18624,.T.);
#18624 = EDGE_CURVE('',#18602,#6266,#18625,.T.);
#18625 = SURFACE_CURVE('',#18626,(#18630,#18637),.PCURVE_S1.);
#18626 = LINE('',#18627,#18628);
#18627 = CARTESIAN_POINT('',(65.,21.,-3.));
#18628 = VECTOR('',#18629,1.);
#18629 = DIRECTION('',(-0.,0.,-1.));
#18630 = PCURVE('',#6281,#18631);
#18631 = DEFINITIONAL_REPRESENTATION('',(#18632),#18636);
#18632 = LINE('',#18633,#18634);
#18633 = CARTESIAN_POINT('',(151.,0.));
#18634 = VECTOR('',#18635,1.);
#18635 = DIRECTION('',(0.,1.));
#18636 = ( GEOMETRIC_REPRESENTATION_CONTEXT(2) 
PARAMETRIC_REPRESENTATION_CONTEXT() REPRESENTATION_CONTEXT('2D SPACE',''
  ) );
#18637 = PCURVE('',#6309,#18638);
#18638 = DEFINITIONAL_REPRESENTATION('',(#18639),#18643);
#18639 = LINE('',#18640,#18641);
#18640 = CARTESIAN_POINT('',(65.,0.));
#18641 = VECTOR('',#18642,1.);
#18642 = DIRECTION('',(-0.,1.));
#18643 = ( GEOMETRIC_REPRESENTATION_CONTEXT(2) 
PARAMETRIC_REPRESENTATION_CONTEXT() REPRESENTATION_CONTEXT('2D SPACE',''
  ) );
#18644 = ADVANCED_FACE('',(#18645),#6309,.F.);
#18645 = FACE_BOUND('',#18646,.F.);
#18646 = EDGE_LOOP('',(#18647,#18648,#18649,#18670));
#18647 = ORIENTED_EDGE('',*,*,#6293,.F.);
#18648 = ORIENTED_EDGE('',*,*,#18624,.F.);
#18649 = ORIENTED_EDGE('',*,*,#18650,.T.);
#18650 = EDGE_CURVE('',#18602,#18552,#18651,.T.);
#18651 = SURFACE_CURVE('',#18652,(#18656,#18663),.PCURVE_S1.);
#18652 = LINE('',#18653,#18654);
#18653 = CARTESIAN_POINT('',(65.,86.,-1.));
#18654 = VECTOR('',#18655,1.);
#18655 = DIRECTION('',(0.,-1.,0.));
#18656 = PCURVE('',#6309,#18657);
#18657 = DEFINITIONAL_REPRESENTATION('',(#18658),#18662);
#18658 = LINE('',#18659,#18660);
#18659 = CARTESIAN_POINT('',(0.,-2.));
#18660 = VECTOR('',#18661,1.);
#18661 = DIRECTION('',(1.,0.));
#18662 = ( GEOMETRIC_REPRESENTATION_CONTEXT(2) 
PARAMETRIC_REPRESENTATION_CONTEXT() REPRESENTATION_CONTEXT('2D SPACE',''
  ) );
#18663 = PCURVE('',#7938,#18664);
#18664 = DEFINITIONAL_REPRESENTATION('',(#18665),#18669);
#18665 = LINE('',#18666,#18667);
#18666 = CARTESIAN_POINT('',(131.,86.));
#18667 = VECTOR('',#18668,1.);
#18668 = DIRECTION('',(0.,-1.));
#18669 = ( GEOMETRIC_REPRESENTATION_CONTEXT(2) 
PARAMETRIC_REPRESENTATION_CONTEXT() REPRESENTATION_CONTEXT('2D SPACE',''
  ) );
#18670 = ORIENTED_EDGE('',*,*,#18551,.F.);
#18671 = ADVANCED_FACE('',(#18672),#6390,.F.);
#18672 = FACE_BOUND('',#18673,.F.);
#18673 = EDGE_LOOP('',(#18674,#18675,#18676,#18699));
#18674 = ORIENTED_EDGE('',*,*,#6374,.F.);
#18675 = ORIENTED_EDGE('',*,*,#12547,.T.);
#18676 = ORIENTED_EDGE('',*,*,#18677,.T.);
#18677 = EDGE_CURVE('',#12548,#18678,#18680,.T.);
#18678 = VERTEX_POINT('',#18679);
#18679 = CARTESIAN_POINT('',(67.,1.,-1.));
#18680 = SURFACE_CURVE('',#18681,(#18685,#18692),.PCURVE_S1.);
#18681 = LINE('',#18682,#18683);
#18682 = CARTESIAN_POINT('',(86.,1.,-1.));
#18683 = VECTOR('',#18684,1.);
#18684 = DIRECTION('',(-1.,0.,0.));
#18685 = PCURVE('',#6390,#18686);
#18686 = DEFINITIONAL_REPRESENTATION('',(#18687),#18691);
#18687 = LINE('',#18688,#18689);
#18688 = CARTESIAN_POINT('',(0.,-2.));
#18689 = VECTOR('',#18690,1.);
#18690 = DIRECTION('',(1.,0.));
#18691 = ( GEOMETRIC_REPRESENTATION_CONTEXT(2) 
PARAMETRIC_REPRESENTATION_CONTEXT() REPRESENTATION_CONTEXT('2D SPACE',''
  ) );
#18692 = PCURVE('',#7938,#18693);
#18693 = DEFINITIONAL_REPRESENTATION('',(#18694),#18698);
#18694 = LINE('',#18695,#18696);
#18695 = CARTESIAN_POINT('',(152.,1.));
#18696 = VECTOR('',#18697,1.);
#18697 = DIRECTION('',(-1.,0.));
#18698 = ( GEOMETRIC_REPRESENTATION_CONTEXT(2) 
PARAMETRIC_REPRESENTATION_CONTEXT() REPRESENTATION_CONTEXT('2D SPACE',''
  ) );
#18699 = ORIENTED_EDGE('',*,*,#18700,.T.);
#18700 = EDGE_CURVE('',#18678,#6375,#18701,.T.);
#18701 = SURFACE_CURVE('',#18702,(#18706,#18713),.PCURVE_S1.);
#18702 = LINE('',#18703,#18704);
#18703 = CARTESIAN_POINT('',(67.,1.,-3.));
#18704 = VECTOR('',#18705,1.);
#18705 = DIRECTION('',(-0.,-0.,-1.));
#18706 = PCURVE('',#6390,#18707);
#18707 = DEFINITIONAL_REPRESENTATION('',(#18708),#18712);
#18708 = LINE('',#18709,#18710);
#18709 = CARTESIAN_POINT('',(19.,0.));
#18710 = VECTOR('',#18711,1.);
#18711 = DIRECTION('',(0.,1.));
#18712 = ( GEOMETRIC_REPRESENTATION_CONTEXT(2) 
PARAMETRIC_REPRESENTATION_CONTEXT() REPRESENTATION_CONTEXT('2D SPACE',''
  ) );
#18713 = PCURVE('',#6418,#18714);
#18714 = DEFINITIONAL_REPRESENTATION('',(#18715),#18719);
#18715 = LINE('',#18716,#18717);
#18716 = CARTESIAN_POINT('',(87.,0.));
#18717 = VECTOR('',#18718,1.);
#18718 = DIRECTION('',(0.,1.));
#18719 = ( GEOMETRIC_REPRESENTATION_CONTEXT(2) 
PARAMETRIC_REPRESENTATION_CONTEXT() REPRESENTATION_CONTEXT('2D SPACE',''
  ) );
#18720 = ADVANCED_FACE('',(#18721),#6444,.F.);
#18721 = FACE_BOUND('',#18722,.F.);
#18722 = EDGE_LOOP('',(#18723,#18724,#18747,#18768));
#18723 = ORIENTED_EDGE('',*,*,#6430,.F.);
#18724 = ORIENTED_EDGE('',*,*,#18725,.T.);
#18725 = EDGE_CURVE('',#6403,#18726,#18728,.T.);
#18726 = VERTEX_POINT('',#18727);
#18727 = CARTESIAN_POINT('',(67.,21.,-1.));
#18728 = SURFACE_CURVE('',#18729,(#18733,#18740),.PCURVE_S1.);
#18729 = LINE('',#18730,#18731);
#18730 = CARTESIAN_POINT('',(67.,21.,-3.));
#18731 = VECTOR('',#18732,1.);
#18732 = DIRECTION('',(0.,-0.,1.));
#18733 = PCURVE('',#6444,#18734);
#18734 = DEFINITIONAL_REPRESENTATION('',(#18735),#18739);
#18735 = LINE('',#18736,#18737);
#18736 = CARTESIAN_POINT('',(153.,0.));
#18737 = VECTOR('',#18738,1.);
#18738 = DIRECTION('',(0.,-1.));
#18739 = ( GEOMETRIC_REPRESENTATION_CONTEXT(2) 
PARAMETRIC_REPRESENTATION_CONTEXT() REPRESENTATION_CONTEXT('2D SPACE',''
  ) );
#18740 = PCURVE('',#6418,#18741);
#18741 = DEFINITIONAL_REPRESENTATION('',(#18742),#18746);
#18742 = LINE('',#18743,#18744);
#18743 = CARTESIAN_POINT('',(107.,0.));
#18744 = VECTOR('',#18745,1.);
#18745 = DIRECTION('',(0.,-1.));
#18746 = ( GEOMETRIC_REPRESENTATION_CONTEXT(2) 
PARAMETRIC_REPRESENTATION_CONTEXT() REPRESENTATION_CONTEXT('2D SPACE',''
  ) );
#18747 = ORIENTED_EDGE('',*,*,#18748,.T.);
#18748 = EDGE_CURVE('',#18726,#12503,#18749,.T.);
#18749 = SURFACE_CURVE('',#18750,(#18754,#18761),.PCURVE_S1.);
#18750 = LINE('',#18751,#18752);
#18751 = CARTESIAN_POINT('',(-86.,21.,-1.));
#18752 = VECTOR('',#18753,1.);
#18753 = DIRECTION('',(1.,0.,0.));
#18754 = PCURVE('',#6444,#18755);
#18755 = DEFINITIONAL_REPRESENTATION('',(#18756),#18760);
#18756 = LINE('',#18757,#18758);
#18757 = CARTESIAN_POINT('',(0.,-2.));
#18758 = VECTOR('',#18759,1.);
#18759 = DIRECTION('',(1.,0.));
#18760 = ( GEOMETRIC_REPRESENTATION_CONTEXT(2) 
PARAMETRIC_REPRESENTATION_CONTEXT() REPRESENTATION_CONTEXT('2D SPACE',''
  ) );
#18761 = PCURVE('',#7938,#18762);
#18762 = DEFINITIONAL_REPRESENTATION('',(#18763),#18767);
#18763 = LINE('',#18764,#18765);
#18764 = CARTESIAN_POINT('',(-20.,21.));
#18765 = VECTOR('',#18766,1.);
#18766 = DIRECTION('',(1.,0.));
#18767 = ( GEOMETRIC_REPRESENTATION_CONTEXT(2) 
PARAMETRIC_REPRESENTATION_CONTEXT() REPRESENTATION_CONTEXT('2D SPACE',''
  ) );
#18768 = ORIENTED_EDGE('',*,*,#12525,.F.);
#18769 = ADVANCED_FACE('',(#18770),#6418,.F.);
#18770 = FACE_BOUND('',#18771,.F.);
#18771 = EDGE_LOOP('',(#18772,#18773,#18774,#18795));
#18772 = ORIENTED_EDGE('',*,*,#6402,.F.);
#18773 = ORIENTED_EDGE('',*,*,#18700,.F.);
#18774 = ORIENTED_EDGE('',*,*,#18775,.T.);
#18775 = EDGE_CURVE('',#18678,#18726,#18776,.T.);
#18776 = SURFACE_CURVE('',#18777,(#18781,#18788),.PCURVE_S1.);
#18777 = LINE('',#18778,#18779);
#18778 = CARTESIAN_POINT('',(67.,-86.,-1.));
#18779 = VECTOR('',#18780,1.);
#18780 = DIRECTION('',(0.,1.,0.));
#18781 = PCURVE('',#6418,#18782);
#18782 = DEFINITIONAL_REPRESENTATION('',(#18783),#18787);
#18783 = LINE('',#18784,#18785);
#18784 = CARTESIAN_POINT('',(0.,-2.));
#18785 = VECTOR('',#18786,1.);
#18786 = DIRECTION('',(1.,0.));
#18787 = ( GEOMETRIC_REPRESENTATION_CONTEXT(2) 
PARAMETRIC_REPRESENTATION_CONTEXT() REPRESENTATION_CONTEXT('2D SPACE',''
  ) );
#18788 = PCURVE('',#7938,#18789);
#18789 = DEFINITIONAL_REPRESENTATION('',(#18790),#18794);
#18790 = LINE('',#18791,#18792);
#18791 = CARTESIAN_POINT('',(133.,-86.));
#18792 = VECTOR('',#18793,1.);
#18793 = DIRECTION('',(0.,1.));
#18794 = ( GEOMETRIC_REPRESENTATION_CONTEXT(2) 
PARAMETRIC_REPRESENTATION_CONTEXT() REPRESENTATION_CONTEXT('2D SPACE',''
  ) );
#18795 = ORIENTED_EDGE('',*,*,#18725,.F.);
#18796 = ADVANCED_FACE('',(#18797),#6476,.F.);
#18797 = FACE_BOUND('',#18798,.F.);
#18798 = EDGE_LOOP('',(#18799,#18800,#18823,#18846));
#18799 = ORIENTED_EDGE('',*,*,#6458,.F.);
#18800 = ORIENTED_EDGE('',*,*,#18801,.F.);
#18801 = EDGE_CURVE('',#18802,#6459,#18804,.T.);
#18802 = VERTEX_POINT('',#18803);
#18803 = CARTESIAN_POINT('',(45.,43.,-1.));
#18804 = SURFACE_CURVE('',#18805,(#18809,#18816),.PCURVE_S1.);
#18805 = LINE('',#18806,#18807);
#18806 = CARTESIAN_POINT('',(45.,43.,-3.));
#18807 = VECTOR('',#18808,1.);
#18808 = DIRECTION('',(0.,0.,-1.));
#18809 = PCURVE('',#6476,#18810);
#18810 = DEFINITIONAL_REPRESENTATION('',(#18811),#18815);
#18811 = LINE('',#18812,#18813);
#18812 = CARTESIAN_POINT('',(131.,0.));
#18813 = VECTOR('',#18814,1.);
#18814 = DIRECTION('',(0.,1.));
#18815 = ( GEOMETRIC_REPRESENTATION_CONTEXT(2) 
PARAMETRIC_REPRESENTATION_CONTEXT() REPRESENTATION_CONTEXT('2D SPACE',''
  ) );
#18816 = PCURVE('',#6558,#18817);
#18817 = DEFINITIONAL_REPRESENTATION('',(#18818),#18822);
#18818 = LINE('',#18819,#18820);
#18819 = CARTESIAN_POINT('',(129.,0.));
#18820 = VECTOR('',#18821,1.);
#18821 = DIRECTION('',(0.,1.));
#18822 = ( GEOMETRIC_REPRESENTATION_CONTEXT(2) 
PARAMETRIC_REPRESENTATION_CONTEXT() REPRESENTATION_CONTEXT('2D SPACE',''
  ) );
#18823 = ORIENTED_EDGE('',*,*,#18824,.T.);
#18824 = EDGE_CURVE('',#18802,#18825,#18827,.T.);
#18825 = VERTEX_POINT('',#18826);
#18826 = CARTESIAN_POINT('',(65.,43.,-1.));
#18827 = SURFACE_CURVE('',#18828,(#18832,#18839),.PCURVE_S1.);
#18828 = LINE('',#18829,#18830);
#18829 = CARTESIAN_POINT('',(-86.,43.,-1.));
#18830 = VECTOR('',#18831,1.);
#18831 = DIRECTION('',(1.,0.,0.));
#18832 = PCURVE('',#6476,#18833);
#18833 = DEFINITIONAL_REPRESENTATION('',(#18834),#18838);
#18834 = LINE('',#18835,#18836);
#18835 = CARTESIAN_POINT('',(0.,-2.));
#18836 = VECTOR('',#18837,1.);
#18837 = DIRECTION('',(1.,0.));
#18838 = ( GEOMETRIC_REPRESENTATION_CONTEXT(2) 
PARAMETRIC_REPRESENTATION_CONTEXT() REPRESENTATION_CONTEXT('2D SPACE',''
  ) );
#18839 = PCURVE('',#7938,#18840);
#18840 = DEFINITIONAL_REPRESENTATION('',(#18841),#18845);
#18841 = LINE('',#18842,#18843);
#18842 = CARTESIAN_POINT('',(-20.,43.));
#18843 = VECTOR('',#18844,1.);
#18844 = DIRECTION('',(1.,0.));
#18845 = ( GEOMETRIC_REPRESENTATION_CONTEXT(2) 
PARAMETRIC_REPRESENTATION_CONTEXT() REPRESENTATION_CONTEXT('2D SPACE',''
  ) );
#18846 = ORIENTED_EDGE('',*,*,#18847,.T.);
#18847 = EDGE_CURVE('',#18825,#6461,#18848,.T.);
#18848 = SURFACE_CURVE('',#18849,(#18853,#18860),.PCURVE_S1.);
#18849 = LINE('',#18850,#18851);
#18850 = CARTESIAN_POINT('',(65.,43.,-3.));
#18851 = VECTOR('',#18852,1.);
#18852 = DIRECTION('',(-0.,0.,-1.));
#18853 = PCURVE('',#6476,#18854);
#18854 = DEFINITIONAL_REPRESENTATION('',(#18855),#18859);
#18855 = LINE('',#18856,#18857);
#18856 = CARTESIAN_POINT('',(151.,0.));
#18857 = VECTOR('',#18858,1.);
#18858 = DIRECTION('',(0.,1.));
#18859 = ( GEOMETRIC_REPRESENTATION_CONTEXT(2) 
PARAMETRIC_REPRESENTATION_CONTEXT() REPRESENTATION_CONTEXT('2D SPACE',''
  ) );
#18860 = PCURVE('',#6504,#18861);
#18861 = DEFINITIONAL_REPRESENTATION('',(#18862),#18866);
#18862 = LINE('',#18863,#18864);
#18863 = CARTESIAN_POINT('',(43.,0.));
#18864 = VECTOR('',#18865,1.);
#18865 = DIRECTION('',(-0.,1.));
#18866 = ( GEOMETRIC_REPRESENTATION_CONTEXT(2) 
PARAMETRIC_REPRESENTATION_CONTEXT() REPRESENTATION_CONTEXT('2D SPACE',''
  ) );
#18867 = ADVANCED_FACE('',(#18868),#6558,.F.);
#18868 = FACE_BOUND('',#18869,.F.);
#18869 = EDGE_LOOP('',(#18870,#18871,#18894,#18915));
#18870 = ORIENTED_EDGE('',*,*,#6544,.F.);
#18871 = ORIENTED_EDGE('',*,*,#18872,.F.);
#18872 = EDGE_CURVE('',#18873,#6517,#18875,.T.);
#18873 = VERTEX_POINT('',#18874);
#18874 = CARTESIAN_POINT('',(45.,23.,-1.));
#18875 = SURFACE_CURVE('',#18876,(#18880,#18887),.PCURVE_S1.);
#18876 = LINE('',#18877,#18878);
#18877 = CARTESIAN_POINT('',(45.,23.,-3.));
#18878 = VECTOR('',#18879,1.);
#18879 = DIRECTION('',(-0.,-0.,-1.));
#18880 = PCURVE('',#6558,#18881);
#18881 = DEFINITIONAL_REPRESENTATION('',(#18882),#18886);
#18882 = LINE('',#18883,#18884);
#18883 = CARTESIAN_POINT('',(109.,0.));
#18884 = VECTOR('',#18885,1.);
#18885 = DIRECTION('',(0.,1.));
#18886 = ( GEOMETRIC_REPRESENTATION_CONTEXT(2) 
PARAMETRIC_REPRESENTATION_CONTEXT() REPRESENTATION_CONTEXT('2D SPACE',''
  ) );
#18887 = PCURVE('',#6532,#18888);
#18888 = DEFINITIONAL_REPRESENTATION('',(#18889),#18893);
#18889 = LINE('',#18890,#18891);
#18890 = CARTESIAN_POINT('',(41.,0.));
#18891 = VECTOR('',#18892,1.);
#18892 = DIRECTION('',(0.,1.));
#18893 = ( GEOMETRIC_REPRESENTATION_CONTEXT(2) 
PARAMETRIC_REPRESENTATION_CONTEXT() REPRESENTATION_CONTEXT('2D SPACE',''
  ) );
#18894 = ORIENTED_EDGE('',*,*,#18895,.T.);
#18895 = EDGE_CURVE('',#18873,#18802,#18896,.T.);
#18896 = SURFACE_CURVE('',#18897,(#18901,#18908),.PCURVE_S1.);
#18897 = LINE('',#18898,#18899);
#18898 = CARTESIAN_POINT('',(45.,-86.,-1.));
#18899 = VECTOR('',#18900,1.);
#18900 = DIRECTION('',(0.,1.,0.));
#18901 = PCURVE('',#6558,#18902);
#18902 = DEFINITIONAL_REPRESENTATION('',(#18903),#18907);
#18903 = LINE('',#18904,#18905);
#18904 = CARTESIAN_POINT('',(0.,-2.));
#18905 = VECTOR('',#18906,1.);
#18906 = DIRECTION('',(1.,0.));
#18907 = ( GEOMETRIC_REPRESENTATION_CONTEXT(2) 
PARAMETRIC_REPRESENTATION_CONTEXT() REPRESENTATION_CONTEXT('2D SPACE',''
  ) );
#18908 = PCURVE('',#7938,#18909);
#18909 = DEFINITIONAL_REPRESENTATION('',(#18910),#18914);
#18910 = LINE('',#18911,#18912);
#18911 = CARTESIAN_POINT('',(111.,-86.));
#18912 = VECTOR('',#18913,1.);
#18913 = DIRECTION('',(0.,1.));
#18914 = ( GEOMETRIC_REPRESENTATION_CONTEXT(2) 
PARAMETRIC_REPRESENTATION_CONTEXT() REPRESENTATION_CONTEXT('2D SPACE',''
  ) );
#18915 = ORIENTED_EDGE('',*,*,#18801,.T.);
#18916 = ADVANCED_FACE('',(#18917),#6504,.F.);
#18917 = FACE_BOUND('',#18918,.F.);
#18918 = EDGE_LOOP('',(#18919,#18920,#18921,#18944));
#18919 = ORIENTED_EDGE('',*,*,#6488,.F.);
#18920 = ORIENTED_EDGE('',*,*,#18847,.F.);
#18921 = ORIENTED_EDGE('',*,*,#18922,.T.);
#18922 = EDGE_CURVE('',#18825,#18923,#18925,.T.);
#18923 = VERTEX_POINT('',#18924);
#18924 = CARTESIAN_POINT('',(65.,23.,-1.));
#18925 = SURFACE_CURVE('',#18926,(#18930,#18937),.PCURVE_S1.);
#18926 = LINE('',#18927,#18928);
#18927 = CARTESIAN_POINT('',(65.,86.,-1.));
#18928 = VECTOR('',#18929,1.);
#18929 = DIRECTION('',(0.,-1.,0.));
#18930 = PCURVE('',#6504,#18931);
#18931 = DEFINITIONAL_REPRESENTATION('',(#18932),#18936);
#18932 = LINE('',#18933,#18934);
#18933 = CARTESIAN_POINT('',(0.,-2.));
#18934 = VECTOR('',#18935,1.);
#18935 = DIRECTION('',(1.,0.));
#18936 = ( GEOMETRIC_REPRESENTATION_CONTEXT(2) 
PARAMETRIC_REPRESENTATION_CONTEXT() REPRESENTATION_CONTEXT('2D SPACE',''
  ) );
#18937 = PCURVE('',#7938,#18938);
#18938 = DEFINITIONAL_REPRESENTATION('',(#18939),#18943);
#18939 = LINE('',#18940,#18941);
#18940 = CARTESIAN_POINT('',(131.,86.));
#18941 = VECTOR('',#18942,1.);
#18942 = DIRECTION('',(0.,-1.));
#18943 = ( GEOMETRIC_REPRESENTATION_CONTEXT(2) 
PARAMETRIC_REPRESENTATION_CONTEXT() REPRESENTATION_CONTEXT('2D SPACE',''
  ) );
#18944 = ORIENTED_EDGE('',*,*,#18945,.F.);
#18945 = EDGE_CURVE('',#6489,#18923,#18946,.T.);
#18946 = SURFACE_CURVE('',#18947,(#18951,#18958),.PCURVE_S1.);
#18947 = LINE('',#18948,#18949);
#18948 = CARTESIAN_POINT('',(65.,23.,-3.));
#18949 = VECTOR('',#18950,1.);
#18950 = DIRECTION('',(0.,0.,1.));
#18951 = PCURVE('',#6504,#18952);
#18952 = DEFINITIONAL_REPRESENTATION('',(#18953),#18957);
#18953 = LINE('',#18954,#18955);
#18954 = CARTESIAN_POINT('',(63.,0.));
#18955 = VECTOR('',#18956,1.);
#18956 = DIRECTION('',(0.,-1.));
#18957 = ( GEOMETRIC_REPRESENTATION_CONTEXT(2) 
PARAMETRIC_REPRESENTATION_CONTEXT() REPRESENTATION_CONTEXT('2D SPACE',''
  ) );
#18958 = PCURVE('',#6532,#18959);
#18959 = DEFINITIONAL_REPRESENTATION('',(#18960),#18964);
#18960 = LINE('',#18961,#18962);
#18961 = CARTESIAN_POINT('',(21.,0.));
#18962 = VECTOR('',#18963,1.);
#18963 = DIRECTION('',(0.,-1.));
#18964 = ( GEOMETRIC_REPRESENTATION_CONTEXT(2) 
PARAMETRIC_REPRESENTATION_CONTEXT() REPRESENTATION_CONTEXT('2D SPACE',''
  ) );
#18965 = ADVANCED_FACE('',(#18966),#6532,.F.);
#18966 = FACE_BOUND('',#18967,.F.);
#18967 = EDGE_LOOP('',(#18968,#18969,#18970,#18991));
#18968 = ORIENTED_EDGE('',*,*,#6516,.F.);
#18969 = ORIENTED_EDGE('',*,*,#18945,.T.);
#18970 = ORIENTED_EDGE('',*,*,#18971,.T.);
#18971 = EDGE_CURVE('',#18923,#18873,#18972,.T.);
#18972 = SURFACE_CURVE('',#18973,(#18977,#18984),.PCURVE_S1.);
#18973 = LINE('',#18974,#18975);
#18974 = CARTESIAN_POINT('',(86.,23.,-1.));
#18975 = VECTOR('',#18976,1.);
#18976 = DIRECTION('',(-1.,0.,0.));
#18977 = PCURVE('',#6532,#18978);
#18978 = DEFINITIONAL_REPRESENTATION('',(#18979),#18983);
#18979 = LINE('',#18980,#18981);
#18980 = CARTESIAN_POINT('',(0.,-2.));
#18981 = VECTOR('',#18982,1.);
#18982 = DIRECTION('',(1.,0.));
#18983 = ( GEOMETRIC_REPRESENTATION_CONTEXT(2) 
PARAMETRIC_REPRESENTATION_CONTEXT() REPRESENTATION_CONTEXT('2D SPACE',''
  ) );
#18984 = PCURVE('',#7938,#18985);
#18985 = DEFINITIONAL_REPRESENTATION('',(#18986),#18990);
#18986 = LINE('',#18987,#18988);
#18987 = CARTESIAN_POINT('',(152.,23.));
#18988 = VECTOR('',#18989,1.);
#18989 = DIRECTION('',(-1.,0.));
#18990 = ( GEOMETRIC_REPRESENTATION_CONTEXT(2) 
PARAMETRIC_REPRESENTATION_CONTEXT() REPRESENTATION_CONTEXT('2D SPACE',''
  ) );
#18991 = ORIENTED_EDGE('',*,*,#18872,.T.);
#18992 = ADVANCED_FACE('',(#18993),#6613,.F.);
#18993 = FACE_BOUND('',#18994,.F.);
#18994 = EDGE_LOOP('',(#18995,#18996,#18997,#19020));
#18995 = ORIENTED_EDGE('',*,*,#6597,.F.);
#18996 = ORIENTED_EDGE('',*,*,#12479,.T.);
#18997 = ORIENTED_EDGE('',*,*,#18998,.T.);
#18998 = EDGE_CURVE('',#12480,#18999,#19001,.T.);
#18999 = VERTEX_POINT('',#19000);
#19000 = CARTESIAN_POINT('',(67.,23.,-1.));
#19001 = SURFACE_CURVE('',#19002,(#19006,#19013),.PCURVE_S1.);
#19002 = LINE('',#19003,#19004);
#19003 = CARTESIAN_POINT('',(86.,23.,-1.));
#19004 = VECTOR('',#19005,1.);
#19005 = DIRECTION('',(-1.,0.,0.));
#19006 = PCURVE('',#6613,#19007);
#19007 = DEFINITIONAL_REPRESENTATION('',(#19008),#19012);
#19008 = LINE('',#19009,#19010);
#19009 = CARTESIAN_POINT('',(0.,-2.));
#19010 = VECTOR('',#19011,1.);
#19011 = DIRECTION('',(1.,0.));
#19012 = ( GEOMETRIC_REPRESENTATION_CONTEXT(2) 
PARAMETRIC_REPRESENTATION_CONTEXT() REPRESENTATION_CONTEXT('2D SPACE',''
  ) );
#19013 = PCURVE('',#7938,#19014);
#19014 = DEFINITIONAL_REPRESENTATION('',(#19015),#19019);
#19015 = LINE('',#19016,#19017);
#19016 = CARTESIAN_POINT('',(152.,23.));
#19017 = VECTOR('',#19018,1.);
#19018 = DIRECTION('',(-1.,0.));
#19019 = ( GEOMETRIC_REPRESENTATION_CONTEXT(2) 
PARAMETRIC_REPRESENTATION_CONTEXT() REPRESENTATION_CONTEXT('2D SPACE',''
  ) );
#19020 = ORIENTED_EDGE('',*,*,#19021,.T.);
#19021 = EDGE_CURVE('',#18999,#6598,#19022,.T.);
#19022 = SURFACE_CURVE('',#19023,(#19027,#19034),.PCURVE_S1.);
#19023 = LINE('',#19024,#19025);
#19024 = CARTESIAN_POINT('',(67.,23.,-3.));
#19025 = VECTOR('',#19026,1.);
#19026 = DIRECTION('',(-0.,-0.,-1.));
#19027 = PCURVE('',#6613,#19028);
#19028 = DEFINITIONAL_REPRESENTATION('',(#19029),#19033);
#19029 = LINE('',#19030,#19031);
#19030 = CARTESIAN_POINT('',(19.,0.));
#19031 = VECTOR('',#19032,1.);
#19032 = DIRECTION('',(0.,1.));
#19033 = ( GEOMETRIC_REPRESENTATION_CONTEXT(2) 
PARAMETRIC_REPRESENTATION_CONTEXT() REPRESENTATION_CONTEXT('2D SPACE',''
  ) );
#19034 = PCURVE('',#6641,#19035);
#19035 = DEFINITIONAL_REPRESENTATION('',(#19036),#19040);
#19036 = LINE('',#19037,#19038);
#19037 = CARTESIAN_POINT('',(109.,0.));
#19038 = VECTOR('',#19039,1.);
#19039 = DIRECTION('',(0.,1.));
#19040 = ( GEOMETRIC_REPRESENTATION_CONTEXT(2) 
PARAMETRIC_REPRESENTATION_CONTEXT() REPRESENTATION_CONTEXT('2D SPACE',''
  ) );
#19041 = ADVANCED_FACE('',(#19042),#6667,.F.);
#19042 = FACE_BOUND('',#19043,.F.);
#19043 = EDGE_LOOP('',(#19044,#19045,#19068,#19089));
#19044 = ORIENTED_EDGE('',*,*,#6653,.F.);
#19045 = ORIENTED_EDGE('',*,*,#19046,.T.);
#19046 = EDGE_CURVE('',#6626,#19047,#19049,.T.);
#19047 = VERTEX_POINT('',#19048);
#19048 = CARTESIAN_POINT('',(67.,43.,-1.));
#19049 = SURFACE_CURVE('',#19050,(#19054,#19061),.PCURVE_S1.);
#19050 = LINE('',#19051,#19052);
#19051 = CARTESIAN_POINT('',(67.,43.,-3.));
#19052 = VECTOR('',#19053,1.);
#19053 = DIRECTION('',(0.,-0.,1.));
#19054 = PCURVE('',#6667,#19055);
#19055 = DEFINITIONAL_REPRESENTATION('',(#19056),#19060);
#19056 = LINE('',#19057,#19058);
#19057 = CARTESIAN_POINT('',(153.,0.));
#19058 = VECTOR('',#19059,1.);
#19059 = DIRECTION('',(0.,-1.));
#19060 = ( GEOMETRIC_REPRESENTATION_CONTEXT(2) 
PARAMETRIC_REPRESENTATION_CONTEXT() REPRESENTATION_CONTEXT('2D SPACE',''
  ) );
#19061 = PCURVE('',#6641,#19062);
#19062 = DEFINITIONAL_REPRESENTATION('',(#19063),#19067);
#19063 = LINE('',#19064,#19065);
#19064 = CARTESIAN_POINT('',(129.,0.));
#19065 = VECTOR('',#19066,1.);
#19066 = DIRECTION('',(0.,-1.));
#19067 = ( GEOMETRIC_REPRESENTATION_CONTEXT(2) 
PARAMETRIC_REPRESENTATION_CONTEXT() REPRESENTATION_CONTEXT('2D SPACE',''
  ) );
#19068 = ORIENTED_EDGE('',*,*,#19069,.T.);
#19069 = EDGE_CURVE('',#19047,#12435,#19070,.T.);
#19070 = SURFACE_CURVE('',#19071,(#19075,#19082),.PCURVE_S1.);
#19071 = LINE('',#19072,#19073);
#19072 = CARTESIAN_POINT('',(-86.,43.,-1.));
#19073 = VECTOR('',#19074,1.);
#19074 = DIRECTION('',(1.,0.,0.));
#19075 = PCURVE('',#6667,#19076);
#19076 = DEFINITIONAL_REPRESENTATION('',(#19077),#19081);
#19077 = LINE('',#19078,#19079);
#19078 = CARTESIAN_POINT('',(0.,-2.));
#19079 = VECTOR('',#19080,1.);
#19080 = DIRECTION('',(1.,0.));
#19081 = ( GEOMETRIC_REPRESENTATION_CONTEXT(2) 
PARAMETRIC_REPRESENTATION_CONTEXT() REPRESENTATION_CONTEXT('2D SPACE',''
  ) );
#19082 = PCURVE('',#7938,#19083);
#19083 = DEFINITIONAL_REPRESENTATION('',(#19084),#19088);
#19084 = LINE('',#19085,#19086);
#19085 = CARTESIAN_POINT('',(-20.,43.));
#19086 = VECTOR('',#19087,1.);
#19087 = DIRECTION('',(1.,0.));
#19088 = ( GEOMETRIC_REPRESENTATION_CONTEXT(2) 
PARAMETRIC_REPRESENTATION_CONTEXT() REPRESENTATION_CONTEXT('2D SPACE',''
  ) );
#19089 = ORIENTED_EDGE('',*,*,#12457,.F.);
#19090 = ADVANCED_FACE('',(#19091),#6641,.F.);
#19091 = FACE_BOUND('',#19092,.F.);
#19092 = EDGE_LOOP('',(#19093,#19094,#19095,#19116));
#19093 = ORIENTED_EDGE('',*,*,#6625,.F.);
#19094 = ORIENTED_EDGE('',*,*,#19021,.F.);
#19095 = ORIENTED_EDGE('',*,*,#19096,.T.);
#19096 = EDGE_CURVE('',#18999,#19047,#19097,.T.);
#19097 = SURFACE_CURVE('',#19098,(#19102,#19109),.PCURVE_S1.);
#19098 = LINE('',#19099,#19100);
#19099 = CARTESIAN_POINT('',(67.,-86.,-1.));
#19100 = VECTOR('',#19101,1.);
#19101 = DIRECTION('',(0.,1.,0.));
#19102 = PCURVE('',#6641,#19103);
#19103 = DEFINITIONAL_REPRESENTATION('',(#19104),#19108);
#19104 = LINE('',#19105,#19106);
#19105 = CARTESIAN_POINT('',(0.,-2.));
#19106 = VECTOR('',#19107,1.);
#19107 = DIRECTION('',(1.,0.));
#19108 = ( GEOMETRIC_REPRESENTATION_CONTEXT(2) 
PARAMETRIC_REPRESENTATION_CONTEXT() REPRESENTATION_CONTEXT('2D SPACE',''
  ) );
#19109 = PCURVE('',#7938,#19110);
#19110 = DEFINITIONAL_REPRESENTATION('',(#19111),#19115);
#19111 = LINE('',#19112,#19113);
#19112 = CARTESIAN_POINT('',(133.,-86.));
#19113 = VECTOR('',#19114,1.);
#19114 = DIRECTION('',(0.,1.));
#19115 = ( GEOMETRIC_REPRESENTATION_CONTEXT(2) 
PARAMETRIC_REPRESENTATION_CONTEXT() REPRESENTATION_CONTEXT('2D SPACE',''
  ) );
#19116 = ORIENTED_EDGE('',*,*,#19046,.F.);
#19117 = ADVANCED_FACE('',(#19118),#6699,.F.);
#19118 = FACE_BOUND('',#19119,.F.);
#19119 = EDGE_LOOP('',(#19120,#19121,#19144,#19167));
#19120 = ORIENTED_EDGE('',*,*,#6681,.F.);
#19121 = ORIENTED_EDGE('',*,*,#19122,.T.);
#19122 = EDGE_CURVE('',#6682,#19123,#19125,.T.);
#19123 = VERTEX_POINT('',#19124);
#19124 = CARTESIAN_POINT('',(1.,45.,-1.));
#19125 = SURFACE_CURVE('',#19126,(#19130,#19137),.PCURVE_S1.);
#19126 = LINE('',#19127,#19128);
#19127 = CARTESIAN_POINT('',(1.,45.,-3.));
#19128 = VECTOR('',#19129,1.);
#19129 = DIRECTION('',(0.,0.,1.));
#19130 = PCURVE('',#6699,#19131);
#19131 = DEFINITIONAL_REPRESENTATION('',(#19132),#19136);
#19132 = LINE('',#19133,#19134);
#19133 = CARTESIAN_POINT('',(131.,0.));
#19134 = VECTOR('',#19135,1.);
#19135 = DIRECTION('',(0.,-1.));
#19136 = ( GEOMETRIC_REPRESENTATION_CONTEXT(2) 
PARAMETRIC_REPRESENTATION_CONTEXT() REPRESENTATION_CONTEXT('2D SPACE',''
  ) );
#19137 = PCURVE('',#6781,#19138);
#19138 = DEFINITIONAL_REPRESENTATION('',(#19139),#19143);
#19139 = LINE('',#19140,#19141);
#19140 = CARTESIAN_POINT('',(85.,0.));
#19141 = VECTOR('',#19142,1.);
#19142 = DIRECTION('',(0.,-1.));
#19143 = ( GEOMETRIC_REPRESENTATION_CONTEXT(2) 
PARAMETRIC_REPRESENTATION_CONTEXT() REPRESENTATION_CONTEXT('2D SPACE',''
  ) );
#19144 = ORIENTED_EDGE('',*,*,#19145,.T.);
#19145 = EDGE_CURVE('',#19123,#19146,#19148,.T.);
#19146 = VERTEX_POINT('',#19147);
#19147 = CARTESIAN_POINT('',(1.,65.,-1.));
#19148 = SURFACE_CURVE('',#19149,(#19153,#19160),.PCURVE_S1.);
#19149 = LINE('',#19150,#19151);
#19150 = CARTESIAN_POINT('',(1.,-86.,-1.));
#19151 = VECTOR('',#19152,1.);
#19152 = DIRECTION('',(0.,1.,0.));
#19153 = PCURVE('',#6699,#19154);
#19154 = DEFINITIONAL_REPRESENTATION('',(#19155),#19159);
#19155 = LINE('',#19156,#19157);
#19156 = CARTESIAN_POINT('',(0.,-2.));
#19157 = VECTOR('',#19158,1.);
#19158 = DIRECTION('',(1.,0.));
#19159 = ( GEOMETRIC_REPRESENTATION_CONTEXT(2) 
PARAMETRIC_REPRESENTATION_CONTEXT() REPRESENTATION_CONTEXT('2D SPACE',''
  ) );
#19160 = PCURVE('',#7938,#19161);
#19161 = DEFINITIONAL_REPRESENTATION('',(#19162),#19166);
#19162 = LINE('',#19163,#19164);
#19163 = CARTESIAN_POINT('',(67.,-86.));
#19164 = VECTOR('',#19165,1.);
#19165 = DIRECTION('',(0.,1.));
#19166 = ( GEOMETRIC_REPRESENTATION_CONTEXT(2) 
PARAMETRIC_REPRESENTATION_CONTEXT() REPRESENTATION_CONTEXT('2D SPACE',''
  ) );
#19167 = ORIENTED_EDGE('',*,*,#19168,.T.);
#19168 = EDGE_CURVE('',#19146,#6684,#19169,.T.);
#19169 = SURFACE_CURVE('',#19170,(#19174,#19181),.PCURVE_S1.);
#19170 = LINE('',#19171,#19172);
#19171 = CARTESIAN_POINT('',(1.,65.,-3.));
#19172 = VECTOR('',#19173,1.);
#19173 = DIRECTION('',(0.,0.,-1.));
#19174 = PCURVE('',#6699,#19175);
#19175 = DEFINITIONAL_REPRESENTATION('',(#19176),#19180);
#19176 = LINE('',#19177,#19178);
#19177 = CARTESIAN_POINT('',(151.,0.));
#19178 = VECTOR('',#19179,1.);
#19179 = DIRECTION('',(0.,1.));
#19180 = ( GEOMETRIC_REPRESENTATION_CONTEXT(2) 
PARAMETRIC_REPRESENTATION_CONTEXT() REPRESENTATION_CONTEXT('2D SPACE',''
  ) );
#19181 = PCURVE('',#6727,#19182);
#19182 = DEFINITIONAL_REPRESENTATION('',(#19183),#19187);
#19183 = LINE('',#19184,#19185);
#19184 = CARTESIAN_POINT('',(87.,0.));
#19185 = VECTOR('',#19186,1.);
#19186 = DIRECTION('',(0.,1.));
#19187 = ( GEOMETRIC_REPRESENTATION_CONTEXT(2) 
PARAMETRIC_REPRESENTATION_CONTEXT() REPRESENTATION_CONTEXT('2D SPACE',''
  ) );
#19188 = ADVANCED_FACE('',(#19189),#6781,.F.);
#19189 = FACE_BOUND('',#19190,.F.);
#19190 = EDGE_LOOP('',(#19191,#19192,#19215,#19236));
#19191 = ORIENTED_EDGE('',*,*,#6767,.F.);
#19192 = ORIENTED_EDGE('',*,*,#19193,.F.);
#19193 = EDGE_CURVE('',#19194,#6740,#19196,.T.);
#19194 = VERTEX_POINT('',#19195);
#19195 = CARTESIAN_POINT('',(21.,45.,-1.));
#19196 = SURFACE_CURVE('',#19197,(#19201,#19208),.PCURVE_S1.);
#19197 = LINE('',#19198,#19199);
#19198 = CARTESIAN_POINT('',(21.,45.,-3.));
#19199 = VECTOR('',#19200,1.);
#19200 = DIRECTION('',(0.,-0.,-1.));
#19201 = PCURVE('',#6781,#19202);
#19202 = DEFINITIONAL_REPRESENTATION('',(#19203),#19207);
#19203 = LINE('',#19204,#19205);
#19204 = CARTESIAN_POINT('',(65.,0.));
#19205 = VECTOR('',#19206,1.);
#19206 = DIRECTION('',(0.,1.));
#19207 = ( GEOMETRIC_REPRESENTATION_CONTEXT(2) 
PARAMETRIC_REPRESENTATION_CONTEXT() REPRESENTATION_CONTEXT('2D SPACE',''
  ) );
#19208 = PCURVE('',#6755,#19209);
#19209 = DEFINITIONAL_REPRESENTATION('',(#19210),#19214);
#19210 = LINE('',#19211,#19212);
#19211 = CARTESIAN_POINT('',(41.,0.));
#19212 = VECTOR('',#19213,1.);
#19213 = DIRECTION('',(0.,1.));
#19214 = ( GEOMETRIC_REPRESENTATION_CONTEXT(2) 
PARAMETRIC_REPRESENTATION_CONTEXT() REPRESENTATION_CONTEXT('2D SPACE',''
  ) );
#19215 = ORIENTED_EDGE('',*,*,#19216,.T.);
#19216 = EDGE_CURVE('',#19194,#19123,#19217,.T.);
#19217 = SURFACE_CURVE('',#19218,(#19222,#19229),.PCURVE_S1.);
#19218 = LINE('',#19219,#19220);
#19219 = CARTESIAN_POINT('',(86.,45.,-1.));
#19220 = VECTOR('',#19221,1.);
#19221 = DIRECTION('',(-1.,0.,0.));
#19222 = PCURVE('',#6781,#19223);
#19223 = DEFINITIONAL_REPRESENTATION('',(#19224),#19228);
#19224 = LINE('',#19225,#19226);
#19225 = CARTESIAN_POINT('',(0.,-2.));
#19226 = VECTOR('',#19227,1.);
#19227 = DIRECTION('',(1.,0.));
#19228 = ( GEOMETRIC_REPRESENTATION_CONTEXT(2) 
PARAMETRIC_REPRESENTATION_CONTEXT() REPRESENTATION_CONTEXT('2D SPACE',''
  ) );
#19229 = PCURVE('',#7938,#19230);
#19230 = DEFINITIONAL_REPRESENTATION('',(#19231),#19235);
#19231 = LINE('',#19232,#19233);
#19232 = CARTESIAN_POINT('',(152.,45.));
#19233 = VECTOR('',#19234,1.);
#19234 = DIRECTION('',(-1.,0.));
#19235 = ( GEOMETRIC_REPRESENTATION_CONTEXT(2) 
PARAMETRIC_REPRESENTATION_CONTEXT() REPRESENTATION_CONTEXT('2D SPACE',''
  ) );
#19236 = ORIENTED_EDGE('',*,*,#19122,.F.);
#19237 = ADVANCED_FACE('',(#19238),#6727,.F.);
#19238 = FACE_BOUND('',#19239,.F.);
#19239 = EDGE_LOOP('',(#19240,#19241,#19242,#19265));
#19240 = ORIENTED_EDGE('',*,*,#6711,.F.);
#19241 = ORIENTED_EDGE('',*,*,#19168,.F.);
#19242 = ORIENTED_EDGE('',*,*,#19243,.T.);
#19243 = EDGE_CURVE('',#19146,#19244,#19246,.T.);
#19244 = VERTEX_POINT('',#19245);
#19245 = CARTESIAN_POINT('',(21.,65.,-1.));
#19246 = SURFACE_CURVE('',#19247,(#19251,#19258),.PCURVE_S1.);
#19247 = LINE('',#19248,#19249);
#19248 = CARTESIAN_POINT('',(-86.,65.,-1.));
#19249 = VECTOR('',#19250,1.);
#19250 = DIRECTION('',(1.,0.,0.));
#19251 = PCURVE('',#6727,#19252);
#19252 = DEFINITIONAL_REPRESENTATION('',(#19253),#19257);
#19253 = LINE('',#19254,#19255);
#19254 = CARTESIAN_POINT('',(0.,-2.));
#19255 = VECTOR('',#19256,1.);
#19256 = DIRECTION('',(1.,0.));
#19257 = ( GEOMETRIC_REPRESENTATION_CONTEXT(2) 
PARAMETRIC_REPRESENTATION_CONTEXT() REPRESENTATION_CONTEXT('2D SPACE',''
  ) );
#19258 = PCURVE('',#7938,#19259);
#19259 = DEFINITIONAL_REPRESENTATION('',(#19260),#19264);
#19260 = LINE('',#19261,#19262);
#19261 = CARTESIAN_POINT('',(-20.,65.));
#19262 = VECTOR('',#19263,1.);
#19263 = DIRECTION('',(1.,0.));
#19264 = ( GEOMETRIC_REPRESENTATION_CONTEXT(2) 
PARAMETRIC_REPRESENTATION_CONTEXT() REPRESENTATION_CONTEXT('2D SPACE',''
  ) );
#19265 = ORIENTED_EDGE('',*,*,#19266,.F.);
#19266 = EDGE_CURVE('',#6712,#19244,#19267,.T.);
#19267 = SURFACE_CURVE('',#19268,(#19272,#19279),.PCURVE_S1.);
#19268 = LINE('',#19269,#19270);
#19269 = CARTESIAN_POINT('',(21.,65.,-3.));
#19270 = VECTOR('',#19271,1.);
#19271 = DIRECTION('',(0.,-0.,1.));
#19272 = PCURVE('',#6727,#19273);
#19273 = DEFINITIONAL_REPRESENTATION('',(#19274),#19278);
#19274 = LINE('',#19275,#19276);
#19275 = CARTESIAN_POINT('',(107.,0.));
#19276 = VECTOR('',#19277,1.);
#19277 = DIRECTION('',(0.,-1.));
#19278 = ( GEOMETRIC_REPRESENTATION_CONTEXT(2) 
PARAMETRIC_REPRESENTATION_CONTEXT() REPRESENTATION_CONTEXT('2D SPACE',''
  ) );
#19279 = PCURVE('',#6755,#19280);
#19280 = DEFINITIONAL_REPRESENTATION('',(#19281),#19285);
#19281 = LINE('',#19282,#19283);
#19282 = CARTESIAN_POINT('',(21.,0.));
#19283 = VECTOR('',#19284,1.);
#19284 = DIRECTION('',(0.,-1.));
#19285 = ( GEOMETRIC_REPRESENTATION_CONTEXT(2) 
PARAMETRIC_REPRESENTATION_CONTEXT() REPRESENTATION_CONTEXT('2D SPACE',''
  ) );
#19286 = ADVANCED_FACE('',(#19287),#6755,.F.);
#19287 = FACE_BOUND('',#19288,.F.);
#19288 = EDGE_LOOP('',(#19289,#19290,#19291,#19312));
#19289 = ORIENTED_EDGE('',*,*,#6739,.F.);
#19290 = ORIENTED_EDGE('',*,*,#19266,.T.);
#19291 = ORIENTED_EDGE('',*,*,#19292,.T.);
#19292 = EDGE_CURVE('',#19244,#19194,#19293,.T.);
#19293 = SURFACE_CURVE('',#19294,(#19298,#19305),.PCURVE_S1.);
#19294 = LINE('',#19295,#19296);
#19295 = CARTESIAN_POINT('',(21.,86.,-1.));
#19296 = VECTOR('',#19297,1.);
#19297 = DIRECTION('',(0.,-1.,0.));
#19298 = PCURVE('',#6755,#19299);
#19299 = DEFINITIONAL_REPRESENTATION('',(#19300),#19304);
#19300 = LINE('',#19301,#19302);
#19301 = CARTESIAN_POINT('',(0.,-2.));
#19302 = VECTOR('',#19303,1.);
#19303 = DIRECTION('',(1.,0.));
#19304 = ( GEOMETRIC_REPRESENTATION_CONTEXT(2) 
PARAMETRIC_REPRESENTATION_CONTEXT() REPRESENTATION_CONTEXT('2D SPACE',''
  ) );
#19305 = PCURVE('',#7938,#19306);
#19306 = DEFINITIONAL_REPRESENTATION('',(#19307),#19311);
#19307 = LINE('',#19308,#19309);
#19308 = CARTESIAN_POINT('',(87.,86.));
#19309 = VECTOR('',#19310,1.);
#19310 = DIRECTION('',(0.,-1.));
#19311 = ( GEOMETRIC_REPRESENTATION_CONTEXT(2) 
PARAMETRIC_REPRESENTATION_CONTEXT() REPRESENTATION_CONTEXT('2D SPACE',''
  ) );
#19312 = ORIENTED_EDGE('',*,*,#19193,.T.);
#19313 = ADVANCED_FACE('',(#19314),#6813,.F.);
#19314 = FACE_BOUND('',#19315,.F.);
#19315 = EDGE_LOOP('',(#19316,#19317,#19340,#19363));
#19316 = ORIENTED_EDGE('',*,*,#6795,.F.);
#19317 = ORIENTED_EDGE('',*,*,#19318,.T.);
#19318 = EDGE_CURVE('',#6796,#19319,#19321,.T.);
#19319 = VERTEX_POINT('',#19320);
#19320 = CARTESIAN_POINT('',(23.,45.,-1.));
#19321 = SURFACE_CURVE('',#19322,(#19326,#19333),.PCURVE_S1.);
#19322 = LINE('',#19323,#19324);
#19323 = CARTESIAN_POINT('',(23.,45.,-3.));
#19324 = VECTOR('',#19325,1.);
#19325 = DIRECTION('',(0.,0.,1.));
#19326 = PCURVE('',#6813,#19327);
#19327 = DEFINITIONAL_REPRESENTATION('',(#19328),#19332);
#19328 = LINE('',#19329,#19330);
#19329 = CARTESIAN_POINT('',(131.,0.));
#19330 = VECTOR('',#19331,1.);
#19331 = DIRECTION('',(0.,-1.));
#19332 = ( GEOMETRIC_REPRESENTATION_CONTEXT(2) 
PARAMETRIC_REPRESENTATION_CONTEXT() REPRESENTATION_CONTEXT('2D SPACE',''
  ) );
#19333 = PCURVE('',#6895,#19334);
#19334 = DEFINITIONAL_REPRESENTATION('',(#19335),#19339);
#19335 = LINE('',#19336,#19337);
#19336 = CARTESIAN_POINT('',(63.,0.));
#19337 = VECTOR('',#19338,1.);
#19338 = DIRECTION('',(0.,-1.));
#19339 = ( GEOMETRIC_REPRESENTATION_CONTEXT(2) 
PARAMETRIC_REPRESENTATION_CONTEXT() REPRESENTATION_CONTEXT('2D SPACE',''
  ) );
#19340 = ORIENTED_EDGE('',*,*,#19341,.T.);
#19341 = EDGE_CURVE('',#19319,#19342,#19344,.T.);
#19342 = VERTEX_POINT('',#19343);
#19343 = CARTESIAN_POINT('',(23.,65.,-1.));
#19344 = SURFACE_CURVE('',#19345,(#19349,#19356),.PCURVE_S1.);
#19345 = LINE('',#19346,#19347);
#19346 = CARTESIAN_POINT('',(23.,-86.,-1.));
#19347 = VECTOR('',#19348,1.);
#19348 = DIRECTION('',(0.,1.,0.));
#19349 = PCURVE('',#6813,#19350);
#19350 = DEFINITIONAL_REPRESENTATION('',(#19351),#19355);
#19351 = LINE('',#19352,#19353);
#19352 = CARTESIAN_POINT('',(0.,-2.));
#19353 = VECTOR('',#19354,1.);
#19354 = DIRECTION('',(1.,0.));
#19355 = ( GEOMETRIC_REPRESENTATION_CONTEXT(2) 
PARAMETRIC_REPRESENTATION_CONTEXT() REPRESENTATION_CONTEXT('2D SPACE',''
  ) );
#19356 = PCURVE('',#7938,#19357);
#19357 = DEFINITIONAL_REPRESENTATION('',(#19358),#19362);
#19358 = LINE('',#19359,#19360);
#19359 = CARTESIAN_POINT('',(89.,-86.));
#19360 = VECTOR('',#19361,1.);
#19361 = DIRECTION('',(0.,1.));
#19362 = ( GEOMETRIC_REPRESENTATION_CONTEXT(2) 
PARAMETRIC_REPRESENTATION_CONTEXT() REPRESENTATION_CONTEXT('2D SPACE',''
  ) );
#19363 = ORIENTED_EDGE('',*,*,#19364,.T.);
#19364 = EDGE_CURVE('',#19342,#6798,#19365,.T.);
#19365 = SURFACE_CURVE('',#19366,(#19370,#19377),.PCURVE_S1.);
#19366 = LINE('',#19367,#19368);
#19367 = CARTESIAN_POINT('',(23.,65.,-3.));
#19368 = VECTOR('',#19369,1.);
#19369 = DIRECTION('',(0.,0.,-1.));
#19370 = PCURVE('',#6813,#19371);
#19371 = DEFINITIONAL_REPRESENTATION('',(#19372),#19376);
#19372 = LINE('',#19373,#19374);
#19373 = CARTESIAN_POINT('',(151.,0.));
#19374 = VECTOR('',#19375,1.);
#19375 = DIRECTION('',(0.,1.));
#19376 = ( GEOMETRIC_REPRESENTATION_CONTEXT(2) 
PARAMETRIC_REPRESENTATION_CONTEXT() REPRESENTATION_CONTEXT('2D SPACE',''
  ) );
#19377 = PCURVE('',#6841,#19378);
#19378 = DEFINITIONAL_REPRESENTATION('',(#19379),#19383);
#19379 = LINE('',#19380,#19381);
#19380 = CARTESIAN_POINT('',(109.,0.));
#19381 = VECTOR('',#19382,1.);
#19382 = DIRECTION('',(0.,1.));
#19383 = ( GEOMETRIC_REPRESENTATION_CONTEXT(2) 
PARAMETRIC_REPRESENTATION_CONTEXT() REPRESENTATION_CONTEXT('2D SPACE',''
  ) );
#19384 = ADVANCED_FACE('',(#19385),#6895,.F.);
#19385 = FACE_BOUND('',#19386,.F.);
#19386 = EDGE_LOOP('',(#19387,#19388,#19411,#19432));
#19387 = ORIENTED_EDGE('',*,*,#6881,.F.);
#19388 = ORIENTED_EDGE('',*,*,#19389,.F.);
#19389 = EDGE_CURVE('',#19390,#6854,#19392,.T.);
#19390 = VERTEX_POINT('',#19391);
#19391 = CARTESIAN_POINT('',(43.,45.,-1.));
#19392 = SURFACE_CURVE('',#19393,(#19397,#19404),.PCURVE_S1.);
#19393 = LINE('',#19394,#19395);
#19394 = CARTESIAN_POINT('',(43.,45.,-3.));
#19395 = VECTOR('',#19396,1.);
#19396 = DIRECTION('',(0.,-0.,-1.));
#19397 = PCURVE('',#6895,#19398);
#19398 = DEFINITIONAL_REPRESENTATION('',(#19399),#19403);
#19399 = LINE('',#19400,#19401);
#19400 = CARTESIAN_POINT('',(43.,0.));
#19401 = VECTOR('',#19402,1.);
#19402 = DIRECTION('',(0.,1.));
#19403 = ( GEOMETRIC_REPRESENTATION_CONTEXT(2) 
PARAMETRIC_REPRESENTATION_CONTEXT() REPRESENTATION_CONTEXT('2D SPACE',''
  ) );
#19404 = PCURVE('',#6869,#19405);
#19405 = DEFINITIONAL_REPRESENTATION('',(#19406),#19410);
#19406 = LINE('',#19407,#19408);
#19407 = CARTESIAN_POINT('',(41.,0.));
#19408 = VECTOR('',#19409,1.);
#19409 = DIRECTION('',(0.,1.));
#19410 = ( GEOMETRIC_REPRESENTATION_CONTEXT(2) 
PARAMETRIC_REPRESENTATION_CONTEXT() REPRESENTATION_CONTEXT('2D SPACE',''
  ) );
#19411 = ORIENTED_EDGE('',*,*,#19412,.T.);
#19412 = EDGE_CURVE('',#19390,#19319,#19413,.T.);
#19413 = SURFACE_CURVE('',#19414,(#19418,#19425),.PCURVE_S1.);
#19414 = LINE('',#19415,#19416);
#19415 = CARTESIAN_POINT('',(86.,45.,-1.));
#19416 = VECTOR('',#19417,1.);
#19417 = DIRECTION('',(-1.,0.,0.));
#19418 = PCURVE('',#6895,#19419);
#19419 = DEFINITIONAL_REPRESENTATION('',(#19420),#19424);
#19420 = LINE('',#19421,#19422);
#19421 = CARTESIAN_POINT('',(0.,-2.));
#19422 = VECTOR('',#19423,1.);
#19423 = DIRECTION('',(1.,0.));
#19424 = ( GEOMETRIC_REPRESENTATION_CONTEXT(2) 
PARAMETRIC_REPRESENTATION_CONTEXT() REPRESENTATION_CONTEXT('2D SPACE',''
  ) );
#19425 = PCURVE('',#7938,#19426);
#19426 = DEFINITIONAL_REPRESENTATION('',(#19427),#19431);
#19427 = LINE('',#19428,#19429);
#19428 = CARTESIAN_POINT('',(152.,45.));
#19429 = VECTOR('',#19430,1.);
#19430 = DIRECTION('',(-1.,0.));
#19431 = ( GEOMETRIC_REPRESENTATION_CONTEXT(2) 
PARAMETRIC_REPRESENTATION_CONTEXT() REPRESENTATION_CONTEXT('2D SPACE',''
  ) );
#19432 = ORIENTED_EDGE('',*,*,#19318,.F.);
#19433 = ADVANCED_FACE('',(#19434),#6841,.F.);
#19434 = FACE_BOUND('',#19435,.F.);
#19435 = EDGE_LOOP('',(#19436,#19437,#19438,#19461));
#19436 = ORIENTED_EDGE('',*,*,#6825,.F.);
#19437 = ORIENTED_EDGE('',*,*,#19364,.F.);
#19438 = ORIENTED_EDGE('',*,*,#19439,.T.);
#19439 = EDGE_CURVE('',#19342,#19440,#19442,.T.);
#19440 = VERTEX_POINT('',#19441);
#19441 = CARTESIAN_POINT('',(43.,65.,-1.));
#19442 = SURFACE_CURVE('',#19443,(#19447,#19454),.PCURVE_S1.);
#19443 = LINE('',#19444,#19445);
#19444 = CARTESIAN_POINT('',(-86.,65.,-1.));
#19445 = VECTOR('',#19446,1.);
#19446 = DIRECTION('',(1.,0.,0.));
#19447 = PCURVE('',#6841,#19448);
#19448 = DEFINITIONAL_REPRESENTATION('',(#19449),#19453);
#19449 = LINE('',#19450,#19451);
#19450 = CARTESIAN_POINT('',(0.,-2.));
#19451 = VECTOR('',#19452,1.);
#19452 = DIRECTION('',(1.,0.));
#19453 = ( GEOMETRIC_REPRESENTATION_CONTEXT(2) 
PARAMETRIC_REPRESENTATION_CONTEXT() REPRESENTATION_CONTEXT('2D SPACE',''
  ) );
#19454 = PCURVE('',#7938,#19455);
#19455 = DEFINITIONAL_REPRESENTATION('',(#19456),#19460);
#19456 = LINE('',#19457,#19458);
#19457 = CARTESIAN_POINT('',(-20.,65.));
#19458 = VECTOR('',#19459,1.);
#19459 = DIRECTION('',(1.,0.));
#19460 = ( GEOMETRIC_REPRESENTATION_CONTEXT(2) 
PARAMETRIC_REPRESENTATION_CONTEXT() REPRESENTATION_CONTEXT('2D SPACE',''
  ) );
#19461 = ORIENTED_EDGE('',*,*,#19462,.F.);
#19462 = EDGE_CURVE('',#6826,#19440,#19463,.T.);
#19463 = SURFACE_CURVE('',#19464,(#19468,#19475),.PCURVE_S1.);
#19464 = LINE('',#19465,#19466);
#19465 = CARTESIAN_POINT('',(43.,65.,-3.));
#19466 = VECTOR('',#19467,1.);
#19467 = DIRECTION('',(0.,-0.,1.));
#19468 = PCURVE('',#6841,#19469);
#19469 = DEFINITIONAL_REPRESENTATION('',(#19470),#19474);
#19470 = LINE('',#19471,#19472);
#19471 = CARTESIAN_POINT('',(129.,0.));
#19472 = VECTOR('',#19473,1.);
#19473 = DIRECTION('',(0.,-1.));
#19474 = ( GEOMETRIC_REPRESENTATION_CONTEXT(2) 
PARAMETRIC_REPRESENTATION_CONTEXT() REPRESENTATION_CONTEXT('2D SPACE',''
  ) );
#19475 = PCURVE('',#6869,#19476);
#19476 = DEFINITIONAL_REPRESENTATION('',(#19477),#19481);
#19477 = LINE('',#19478,#19479);
#19478 = CARTESIAN_POINT('',(21.,0.));
#19479 = VECTOR('',#19480,1.);
#19480 = DIRECTION('',(0.,-1.));
#19481 = ( GEOMETRIC_REPRESENTATION_CONTEXT(2) 
PARAMETRIC_REPRESENTATION_CONTEXT() REPRESENTATION_CONTEXT('2D SPACE',''
  ) );
#19482 = ADVANCED_FACE('',(#19483),#6869,.F.);
#19483 = FACE_BOUND('',#19484,.F.);
#19484 = EDGE_LOOP('',(#19485,#19486,#19487,#19508));
#19485 = ORIENTED_EDGE('',*,*,#6853,.F.);
#19486 = ORIENTED_EDGE('',*,*,#19462,.T.);
#19487 = ORIENTED_EDGE('',*,*,#19488,.T.);
#19488 = EDGE_CURVE('',#19440,#19390,#19489,.T.);
#19489 = SURFACE_CURVE('',#19490,(#19494,#19501),.PCURVE_S1.);
#19490 = LINE('',#19491,#19492);
#19491 = CARTESIAN_POINT('',(43.,86.,-1.));
#19492 = VECTOR('',#19493,1.);
#19493 = DIRECTION('',(0.,-1.,0.));
#19494 = PCURVE('',#6869,#19495);
#19495 = DEFINITIONAL_REPRESENTATION('',(#19496),#19500);
#19496 = LINE('',#19497,#19498);
#19497 = CARTESIAN_POINT('',(0.,-2.));
#19498 = VECTOR('',#19499,1.);
#19499 = DIRECTION('',(1.,0.));
#19500 = ( GEOMETRIC_REPRESENTATION_CONTEXT(2) 
PARAMETRIC_REPRESENTATION_CONTEXT() REPRESENTATION_CONTEXT('2D SPACE',''
  ) );
#19501 = PCURVE('',#7938,#19502);
#19502 = DEFINITIONAL_REPRESENTATION('',(#19503),#19507);
#19503 = LINE('',#19504,#19505);
#19504 = CARTESIAN_POINT('',(109.,86.));
#19505 = VECTOR('',#19506,1.);
#19506 = DIRECTION('',(0.,-1.));
#19507 = ( GEOMETRIC_REPRESENTATION_CONTEXT(2) 
PARAMETRIC_REPRESENTATION_CONTEXT() REPRESENTATION_CONTEXT('2D SPACE',''
  ) );
#19508 = ORIENTED_EDGE('',*,*,#19389,.T.);
#19509 = ADVANCED_FACE('',(#19510),#6950,.F.);
#19510 = FACE_BOUND('',#19511,.F.);
#19511 = EDGE_LOOP('',(#19512,#19513,#19514,#19537));
#19512 = ORIENTED_EDGE('',*,*,#6934,.F.);
#19513 = ORIENTED_EDGE('',*,*,#16619,.T.);
#19514 = ORIENTED_EDGE('',*,*,#19515,.T.);
#19515 = EDGE_CURVE('',#16620,#19516,#19518,.T.);
#19516 = VERTEX_POINT('',#19517);
#19517 = CARTESIAN_POINT('',(21.,67.,-1.));
#19518 = SURFACE_CURVE('',#19519,(#19523,#19530),.PCURVE_S1.);
#19519 = LINE('',#19520,#19521);
#19520 = CARTESIAN_POINT('',(21.,86.,-1.));
#19521 = VECTOR('',#19522,1.);
#19522 = DIRECTION('',(0.,-1.,0.));
#19523 = PCURVE('',#6950,#19524);
#19524 = DEFINITIONAL_REPRESENTATION('',(#19525),#19529);
#19525 = LINE('',#19526,#19527);
#19526 = CARTESIAN_POINT('',(0.,-2.));
#19527 = VECTOR('',#19528,1.);
#19528 = DIRECTION('',(1.,0.));
#19529 = ( GEOMETRIC_REPRESENTATION_CONTEXT(2) 
PARAMETRIC_REPRESENTATION_CONTEXT() REPRESENTATION_CONTEXT('2D SPACE',''
  ) );
#19530 = PCURVE('',#7938,#19531);
#19531 = DEFINITIONAL_REPRESENTATION('',(#19532),#19536);
#19532 = LINE('',#19533,#19534);
#19533 = CARTESIAN_POINT('',(87.,86.));
#19534 = VECTOR('',#19535,1.);
#19535 = DIRECTION('',(0.,-1.));
#19536 = ( GEOMETRIC_REPRESENTATION_CONTEXT(2) 
PARAMETRIC_REPRESENTATION_CONTEXT() REPRESENTATION_CONTEXT('2D SPACE',''
  ) );
#19537 = ORIENTED_EDGE('',*,*,#19538,.T.);
#19538 = EDGE_CURVE('',#19516,#6935,#19539,.T.);
#19539 = SURFACE_CURVE('',#19540,(#19544,#19551),.PCURVE_S1.);
#19540 = LINE('',#19541,#19542);
#19541 = CARTESIAN_POINT('',(21.,67.,-3.));
#19542 = VECTOR('',#19543,1.);
#19543 = DIRECTION('',(0.,-0.,-1.));
#19544 = PCURVE('',#6950,#19545);
#19545 = DEFINITIONAL_REPRESENTATION('',(#19546),#19550);
#19546 = LINE('',#19547,#19548);
#19547 = CARTESIAN_POINT('',(19.,0.));
#19548 = VECTOR('',#19549,1.);
#19549 = DIRECTION('',(0.,1.));
#19550 = ( GEOMETRIC_REPRESENTATION_CONTEXT(2) 
PARAMETRIC_REPRESENTATION_CONTEXT() REPRESENTATION_CONTEXT('2D SPACE',''
  ) );
#19551 = PCURVE('',#6978,#19552);
#19552 = DEFINITIONAL_REPRESENTATION('',(#19553),#19557);
#19553 = LINE('',#19554,#19555);
#19554 = CARTESIAN_POINT('',(65.,0.));
#19555 = VECTOR('',#19556,1.);
#19556 = DIRECTION('',(0.,1.));
#19557 = ( GEOMETRIC_REPRESENTATION_CONTEXT(2) 
PARAMETRIC_REPRESENTATION_CONTEXT() REPRESENTATION_CONTEXT('2D SPACE',''
  ) );
#19558 = ADVANCED_FACE('',(#19559),#7004,.F.);
#19559 = FACE_BOUND('',#19560,.F.);
#19560 = EDGE_LOOP('',(#19561,#19562,#19585,#19606));
#19561 = ORIENTED_EDGE('',*,*,#6990,.F.);
#19562 = ORIENTED_EDGE('',*,*,#19563,.T.);
#19563 = EDGE_CURVE('',#6963,#19564,#19566,.T.);
#19564 = VERTEX_POINT('',#19565);
#19565 = CARTESIAN_POINT('',(1.,67.,-1.));
#19566 = SURFACE_CURVE('',#19567,(#19571,#19578),.PCURVE_S1.);
#19567 = LINE('',#19568,#19569);
#19568 = CARTESIAN_POINT('',(1.,67.,-3.));
#19569 = VECTOR('',#19570,1.);
#19570 = DIRECTION('',(0.,0.,1.));
#19571 = PCURVE('',#7004,#19572);
#19572 = DEFINITIONAL_REPRESENTATION('',(#19573),#19577);
#19573 = LINE('',#19574,#19575);
#19574 = CARTESIAN_POINT('',(153.,0.));
#19575 = VECTOR('',#19576,1.);
#19576 = DIRECTION('',(0.,-1.));
#19577 = ( GEOMETRIC_REPRESENTATION_CONTEXT(2) 
PARAMETRIC_REPRESENTATION_CONTEXT() REPRESENTATION_CONTEXT('2D SPACE',''
  ) );
#19578 = PCURVE('',#6978,#19579);
#19579 = DEFINITIONAL_REPRESENTATION('',(#19580),#19584);
#19580 = LINE('',#19581,#19582);
#19581 = CARTESIAN_POINT('',(85.,0.));
#19582 = VECTOR('',#19583,1.);
#19583 = DIRECTION('',(0.,-1.));
#19584 = ( GEOMETRIC_REPRESENTATION_CONTEXT(2) 
PARAMETRIC_REPRESENTATION_CONTEXT() REPRESENTATION_CONTEXT('2D SPACE',''
  ) );
#19585 = ORIENTED_EDGE('',*,*,#19586,.T.);
#19586 = EDGE_CURVE('',#19564,#16575,#19587,.T.);
#19587 = SURFACE_CURVE('',#19588,(#19592,#19599),.PCURVE_S1.);
#19588 = LINE('',#19589,#19590);
#19589 = CARTESIAN_POINT('',(1.,-86.,-1.));
#19590 = VECTOR('',#19591,1.);
#19591 = DIRECTION('',(0.,1.,0.));
#19592 = PCURVE('',#7004,#19593);
#19593 = DEFINITIONAL_REPRESENTATION('',(#19594),#19598);
#19594 = LINE('',#19595,#19596);
#19595 = CARTESIAN_POINT('',(0.,-2.));
#19596 = VECTOR('',#19597,1.);
#19597 = DIRECTION('',(1.,0.));
#19598 = ( GEOMETRIC_REPRESENTATION_CONTEXT(2) 
PARAMETRIC_REPRESENTATION_CONTEXT() REPRESENTATION_CONTEXT('2D SPACE',''
  ) );
#19599 = PCURVE('',#7938,#19600);
#19600 = DEFINITIONAL_REPRESENTATION('',(#19601),#19605);
#19601 = LINE('',#19602,#19603);
#19602 = CARTESIAN_POINT('',(67.,-86.));
#19603 = VECTOR('',#19604,1.);
#19604 = DIRECTION('',(0.,1.));
#19605 = ( GEOMETRIC_REPRESENTATION_CONTEXT(2) 
PARAMETRIC_REPRESENTATION_CONTEXT() REPRESENTATION_CONTEXT('2D SPACE',''
  ) );
#19606 = ORIENTED_EDGE('',*,*,#16597,.F.);
#19607 = ADVANCED_FACE('',(#19608),#6978,.F.);
#19608 = FACE_BOUND('',#19609,.F.);
#19609 = EDGE_LOOP('',(#19610,#19611,#19612,#19633));
#19610 = ORIENTED_EDGE('',*,*,#6962,.F.);
#19611 = ORIENTED_EDGE('',*,*,#19538,.F.);
#19612 = ORIENTED_EDGE('',*,*,#19613,.T.);
#19613 = EDGE_CURVE('',#19516,#19564,#19614,.T.);
#19614 = SURFACE_CURVE('',#19615,(#19619,#19626),.PCURVE_S1.);
#19615 = LINE('',#19616,#19617);
#19616 = CARTESIAN_POINT('',(86.,67.,-1.));
#19617 = VECTOR('',#19618,1.);
#19618 = DIRECTION('',(-1.,0.,0.));
#19619 = PCURVE('',#6978,#19620);
#19620 = DEFINITIONAL_REPRESENTATION('',(#19621),#19625);
#19621 = LINE('',#19622,#19623);
#19622 = CARTESIAN_POINT('',(0.,-2.));
#19623 = VECTOR('',#19624,1.);
#19624 = DIRECTION('',(1.,0.));
#19625 = ( GEOMETRIC_REPRESENTATION_CONTEXT(2) 
PARAMETRIC_REPRESENTATION_CONTEXT() REPRESENTATION_CONTEXT('2D SPACE',''
  ) );
#19626 = PCURVE('',#7938,#19627);
#19627 = DEFINITIONAL_REPRESENTATION('',(#19628),#19632);
#19628 = LINE('',#19629,#19630);
#19629 = CARTESIAN_POINT('',(152.,67.));
#19630 = VECTOR('',#19631,1.);
#19631 = DIRECTION('',(-1.,0.));
#19632 = ( GEOMETRIC_REPRESENTATION_CONTEXT(2) 
PARAMETRIC_REPRESENTATION_CONTEXT() REPRESENTATION_CONTEXT('2D SPACE',''
  ) );
#19633 = ORIENTED_EDGE('',*,*,#19563,.F.);
#19634 = ADVANCED_FACE('',(#19635),#7059,.F.);
#19635 = FACE_BOUND('',#19636,.F.);
#19636 = EDGE_LOOP('',(#19637,#19638,#19639,#19662));
#19637 = ORIENTED_EDGE('',*,*,#7043,.F.);
#19638 = ORIENTED_EDGE('',*,*,#16687,.T.);
#19639 = ORIENTED_EDGE('',*,*,#19640,.T.);
#19640 = EDGE_CURVE('',#16688,#19641,#19643,.T.);
#19641 = VERTEX_POINT('',#19642);
#19642 = CARTESIAN_POINT('',(43.,67.,-1.));
#19643 = SURFACE_CURVE('',#19644,(#19648,#19655),.PCURVE_S1.);
#19644 = LINE('',#19645,#19646);
#19645 = CARTESIAN_POINT('',(43.,86.,-1.));
#19646 = VECTOR('',#19647,1.);
#19647 = DIRECTION('',(0.,-1.,0.));
#19648 = PCURVE('',#7059,#19649);
#19649 = DEFINITIONAL_REPRESENTATION('',(#19650),#19654);
#19650 = LINE('',#19651,#19652);
#19651 = CARTESIAN_POINT('',(0.,-2.));
#19652 = VECTOR('',#19653,1.);
#19653 = DIRECTION('',(1.,0.));
#19654 = ( GEOMETRIC_REPRESENTATION_CONTEXT(2) 
PARAMETRIC_REPRESENTATION_CONTEXT() REPRESENTATION_CONTEXT('2D SPACE',''
  ) );
#19655 = PCURVE('',#7938,#19656);
#19656 = DEFINITIONAL_REPRESENTATION('',(#19657),#19661);
#19657 = LINE('',#19658,#19659);
#19658 = CARTESIAN_POINT('',(109.,86.));
#19659 = VECTOR('',#19660,1.);
#19660 = DIRECTION('',(0.,-1.));
#19661 = ( GEOMETRIC_REPRESENTATION_CONTEXT(2) 
PARAMETRIC_REPRESENTATION_CONTEXT() REPRESENTATION_CONTEXT('2D SPACE',''
  ) );
#19662 = ORIENTED_EDGE('',*,*,#19663,.T.);
#19663 = EDGE_CURVE('',#19641,#7044,#19664,.T.);
#19664 = SURFACE_CURVE('',#19665,(#19669,#19676),.PCURVE_S1.);
#19665 = LINE('',#19666,#19667);
#19666 = CARTESIAN_POINT('',(43.,67.,-3.));
#19667 = VECTOR('',#19668,1.);
#19668 = DIRECTION('',(0.,-0.,-1.));
#19669 = PCURVE('',#7059,#19670);
#19670 = DEFINITIONAL_REPRESENTATION('',(#19671),#19675);
#19671 = LINE('',#19672,#19673);
#19672 = CARTESIAN_POINT('',(19.,0.));
#19673 = VECTOR('',#19674,1.);
#19674 = DIRECTION('',(0.,1.));
#19675 = ( GEOMETRIC_REPRESENTATION_CONTEXT(2) 
PARAMETRIC_REPRESENTATION_CONTEXT() REPRESENTATION_CONTEXT('2D SPACE',''
  ) );
#19676 = PCURVE('',#7087,#19677);
#19677 = DEFINITIONAL_REPRESENTATION('',(#19678),#19682);
#19678 = LINE('',#19679,#19680);
#19679 = CARTESIAN_POINT('',(43.,0.));
#19680 = VECTOR('',#19681,1.);
#19681 = DIRECTION('',(0.,1.));
#19682 = ( GEOMETRIC_REPRESENTATION_CONTEXT(2) 
PARAMETRIC_REPRESENTATION_CONTEXT() REPRESENTATION_CONTEXT('2D SPACE',''
  ) );
#19683 = ADVANCED_FACE('',(#19684),#7113,.F.);
#19684 = FACE_BOUND('',#19685,.F.);
#19685 = EDGE_LOOP('',(#19686,#19687,#19710,#19731));
#19686 = ORIENTED_EDGE('',*,*,#7099,.F.);
#19687 = ORIENTED_EDGE('',*,*,#19688,.T.);
#19688 = EDGE_CURVE('',#7072,#19689,#19691,.T.);
#19689 = VERTEX_POINT('',#19690);
#19690 = CARTESIAN_POINT('',(23.,67.,-1.));
#19691 = SURFACE_CURVE('',#19692,(#19696,#19703),.PCURVE_S1.);
#19692 = LINE('',#19693,#19694);
#19693 = CARTESIAN_POINT('',(23.,67.,-3.));
#19694 = VECTOR('',#19695,1.);
#19695 = DIRECTION('',(0.,0.,1.));
#19696 = PCURVE('',#7113,#19697);
#19697 = DEFINITIONAL_REPRESENTATION('',(#19698),#19702);
#19698 = LINE('',#19699,#19700);
#19699 = CARTESIAN_POINT('',(153.,0.));
#19700 = VECTOR('',#19701,1.);
#19701 = DIRECTION('',(0.,-1.));
#19702 = ( GEOMETRIC_REPRESENTATION_CONTEXT(2) 
PARAMETRIC_REPRESENTATION_CONTEXT() REPRESENTATION_CONTEXT('2D SPACE',''
  ) );
#19703 = PCURVE('',#7087,#19704);
#19704 = DEFINITIONAL_REPRESENTATION('',(#19705),#19709);
#19705 = LINE('',#19706,#19707);
#19706 = CARTESIAN_POINT('',(63.,0.));
#19707 = VECTOR('',#19708,1.);
#19708 = DIRECTION('',(0.,-1.));
#19709 = ( GEOMETRIC_REPRESENTATION_CONTEXT(2) 
PARAMETRIC_REPRESENTATION_CONTEXT() REPRESENTATION_CONTEXT('2D SPACE',''
  ) );
#19710 = ORIENTED_EDGE('',*,*,#19711,.T.);
#19711 = EDGE_CURVE('',#19689,#16643,#19712,.T.);
#19712 = SURFACE_CURVE('',#19713,(#19717,#19724),.PCURVE_S1.);
#19713 = LINE('',#19714,#19715);
#19714 = CARTESIAN_POINT('',(23.,-86.,-1.));
#19715 = VECTOR('',#19716,1.);
#19716 = DIRECTION('',(0.,1.,0.));
#19717 = PCURVE('',#7113,#19718);
#19718 = DEFINITIONAL_REPRESENTATION('',(#19719),#19723);
#19719 = LINE('',#19720,#19721);
#19720 = CARTESIAN_POINT('',(0.,-2.));
#19721 = VECTOR('',#19722,1.);
#19722 = DIRECTION('',(1.,0.));
#19723 = ( GEOMETRIC_REPRESENTATION_CONTEXT(2) 
PARAMETRIC_REPRESENTATION_CONTEXT() REPRESENTATION_CONTEXT('2D SPACE',''
  ) );
#19724 = PCURVE('',#7938,#19725);
#19725 = DEFINITIONAL_REPRESENTATION('',(#19726),#19730);
#19726 = LINE('',#19727,#19728);
#19727 = CARTESIAN_POINT('',(89.,-86.));
#19728 = VECTOR('',#19729,1.);
#19729 = DIRECTION('',(0.,1.));
#19730 = ( GEOMETRIC_REPRESENTATION_CONTEXT(2) 
PARAMETRIC_REPRESENTATION_CONTEXT() REPRESENTATION_CONTEXT('2D SPACE',''
  ) );
#19731 = ORIENTED_EDGE('',*,*,#16665,.F.);
#19732 = ADVANCED_FACE('',(#19733),#7087,.F.);
#19733 = FACE_BOUND('',#19734,.F.);
#19734 = EDGE_LOOP('',(#19735,#19736,#19737,#19758));
#19735 = ORIENTED_EDGE('',*,*,#7071,.F.);
#19736 = ORIENTED_EDGE('',*,*,#19663,.F.);
#19737 = ORIENTED_EDGE('',*,*,#19738,.T.);
#19738 = EDGE_CURVE('',#19641,#19689,#19739,.T.);
#19739 = SURFACE_CURVE('',#19740,(#19744,#19751),.PCURVE_S1.);
#19740 = LINE('',#19741,#19742);
#19741 = CARTESIAN_POINT('',(86.,67.,-1.));
#19742 = VECTOR('',#19743,1.);
#19743 = DIRECTION('',(-1.,0.,0.));
#19744 = PCURVE('',#7087,#19745);
#19745 = DEFINITIONAL_REPRESENTATION('',(#19746),#19750);
#19746 = LINE('',#19747,#19748);
#19747 = CARTESIAN_POINT('',(0.,-2.));
#19748 = VECTOR('',#19749,1.);
#19749 = DIRECTION('',(1.,0.));
#19750 = ( GEOMETRIC_REPRESENTATION_CONTEXT(2) 
PARAMETRIC_REPRESENTATION_CONTEXT() REPRESENTATION_CONTEXT('2D SPACE',''
  ) );
#19751 = PCURVE('',#7938,#19752);
#19752 = DEFINITIONAL_REPRESENTATION('',(#19753),#19757);
#19753 = LINE('',#19754,#19755);
#19754 = CARTESIAN_POINT('',(152.,67.));
#19755 = VECTOR('',#19756,1.);
#19756 = DIRECTION('',(-1.,0.));
#19757 = ( GEOMETRIC_REPRESENTATION_CONTEXT(2) 
PARAMETRIC_REPRESENTATION_CONTEXT() REPRESENTATION_CONTEXT('2D SPACE',''
  ) );
#19758 = ORIENTED_EDGE('',*,*,#19688,.F.);
#19759 = ADVANCED_FACE('',(#19760),#7145,.F.);
#19760 = FACE_BOUND('',#19761,.F.);
#19761 = EDGE_LOOP('',(#19762,#19763,#19786,#19809));
#19762 = ORIENTED_EDGE('',*,*,#7127,.F.);
#19763 = ORIENTED_EDGE('',*,*,#19764,.T.);
#19764 = EDGE_CURVE('',#7128,#19765,#19767,.T.);
#19765 = VERTEX_POINT('',#19766);
#19766 = CARTESIAN_POINT('',(45.,45.,-1.));
#19767 = SURFACE_CURVE('',#19768,(#19772,#19779),.PCURVE_S1.);
#19768 = LINE('',#19769,#19770);
#19769 = CARTESIAN_POINT('',(45.,45.,-3.));
#19770 = VECTOR('',#19771,1.);
#19771 = DIRECTION('',(0.,0.,1.));
#19772 = PCURVE('',#7145,#19773);
#19773 = DEFINITIONAL_REPRESENTATION('',(#19774),#19778);
#19774 = LINE('',#19775,#19776);
#19775 = CARTESIAN_POINT('',(131.,0.));
#19776 = VECTOR('',#19777,1.);
#19777 = DIRECTION('',(0.,-1.));
#19778 = ( GEOMETRIC_REPRESENTATION_CONTEXT(2) 
PARAMETRIC_REPRESENTATION_CONTEXT() REPRESENTATION_CONTEXT('2D SPACE',''
  ) );
#19779 = PCURVE('',#7227,#19780);
#19780 = DEFINITIONAL_REPRESENTATION('',(#19781),#19785);
#19781 = LINE('',#19782,#19783);
#19782 = CARTESIAN_POINT('',(41.,0.));
#19783 = VECTOR('',#19784,1.);
#19784 = DIRECTION('',(0.,-1.));
#19785 = ( GEOMETRIC_REPRESENTATION_CONTEXT(2) 
PARAMETRIC_REPRESENTATION_CONTEXT() REPRESENTATION_CONTEXT('2D SPACE',''
  ) );
#19786 = ORIENTED_EDGE('',*,*,#19787,.T.);
#19787 = EDGE_CURVE('',#19765,#19788,#19790,.T.);
#19788 = VERTEX_POINT('',#19789);
#19789 = CARTESIAN_POINT('',(45.,65.,-1.));
#19790 = SURFACE_CURVE('',#19791,(#19795,#19802),.PCURVE_S1.);
#19791 = LINE('',#19792,#19793);
#19792 = CARTESIAN_POINT('',(45.,-86.,-1.));
#19793 = VECTOR('',#19794,1.);
#19794 = DIRECTION('',(0.,1.,0.));
#19795 = PCURVE('',#7145,#19796);
#19796 = DEFINITIONAL_REPRESENTATION('',(#19797),#19801);
#19797 = LINE('',#19798,#19799);
#19798 = CARTESIAN_POINT('',(0.,-2.));
#19799 = VECTOR('',#19800,1.);
#19800 = DIRECTION('',(1.,0.));
#19801 = ( GEOMETRIC_REPRESENTATION_CONTEXT(2) 
PARAMETRIC_REPRESENTATION_CONTEXT() REPRESENTATION_CONTEXT('2D SPACE',''
  ) );
#19802 = PCURVE('',#7938,#19803);
#19803 = DEFINITIONAL_REPRESENTATION('',(#19804),#19808);
#19804 = LINE('',#19805,#19806);
#19805 = CARTESIAN_POINT('',(111.,-86.));
#19806 = VECTOR('',#19807,1.);
#19807 = DIRECTION('',(0.,1.));
#19808 = ( GEOMETRIC_REPRESENTATION_CONTEXT(2) 
PARAMETRIC_REPRESENTATION_CONTEXT() REPRESENTATION_CONTEXT('2D SPACE',''
  ) );
#19809 = ORIENTED_EDGE('',*,*,#19810,.T.);
#19810 = EDGE_CURVE('',#19788,#7130,#19811,.T.);
#19811 = SURFACE_CURVE('',#19812,(#19816,#19823),.PCURVE_S1.);
#19812 = LINE('',#19813,#19814);
#19813 = CARTESIAN_POINT('',(45.,65.,-3.));
#19814 = VECTOR('',#19815,1.);
#19815 = DIRECTION('',(0.,0.,-1.));
#19816 = PCURVE('',#7145,#19817);
#19817 = DEFINITIONAL_REPRESENTATION('',(#19818),#19822);
#19818 = LINE('',#19819,#19820);
#19819 = CARTESIAN_POINT('',(151.,0.));
#19820 = VECTOR('',#19821,1.);
#19821 = DIRECTION('',(0.,1.));
#19822 = ( GEOMETRIC_REPRESENTATION_CONTEXT(2) 
PARAMETRIC_REPRESENTATION_CONTEXT() REPRESENTATION_CONTEXT('2D SPACE',''
  ) );
#19823 = PCURVE('',#7173,#19824);
#19824 = DEFINITIONAL_REPRESENTATION('',(#19825),#19829);
#19825 = LINE('',#19826,#19827);
#19826 = CARTESIAN_POINT('',(131.,0.));
#19827 = VECTOR('',#19828,1.);
#19828 = DIRECTION('',(0.,1.));
#19829 = ( GEOMETRIC_REPRESENTATION_CONTEXT(2) 
PARAMETRIC_REPRESENTATION_CONTEXT() REPRESENTATION_CONTEXT('2D SPACE',''
  ) );
#19830 = ADVANCED_FACE('',(#19831),#7227,.F.);
#19831 = FACE_BOUND('',#19832,.F.);
#19832 = EDGE_LOOP('',(#19833,#19834,#19857,#19878));
#19833 = ORIENTED_EDGE('',*,*,#7213,.F.);
#19834 = ORIENTED_EDGE('',*,*,#19835,.T.);
#19835 = EDGE_CURVE('',#7186,#19836,#19838,.T.);
#19836 = VERTEX_POINT('',#19837);
#19837 = CARTESIAN_POINT('',(65.,45.,-1.));
#19838 = SURFACE_CURVE('',#19839,(#19843,#19850),.PCURVE_S1.);
#19839 = LINE('',#19840,#19841);
#19840 = CARTESIAN_POINT('',(65.,45.,-3.));
#19841 = VECTOR('',#19842,1.);
#19842 = DIRECTION('',(0.,0.,1.));
#19843 = PCURVE('',#7227,#19844);
#19844 = DEFINITIONAL_REPRESENTATION('',(#19845),#19849);
#19845 = LINE('',#19846,#19847);
#19846 = CARTESIAN_POINT('',(21.,0.));
#19847 = VECTOR('',#19848,1.);
#19848 = DIRECTION('',(0.,-1.));
#19849 = ( GEOMETRIC_REPRESENTATION_CONTEXT(2) 
PARAMETRIC_REPRESENTATION_CONTEXT() REPRESENTATION_CONTEXT('2D SPACE',''
  ) );
#19850 = PCURVE('',#7201,#19851);
#19851 = DEFINITIONAL_REPRESENTATION('',(#19852),#19856);
#19852 = LINE('',#19853,#19854);
#19853 = CARTESIAN_POINT('',(41.,0.));
#19854 = VECTOR('',#19855,1.);
#19855 = DIRECTION('',(0.,-1.));
#19856 = ( GEOMETRIC_REPRESENTATION_CONTEXT(2) 
PARAMETRIC_REPRESENTATION_CONTEXT() REPRESENTATION_CONTEXT('2D SPACE',''
  ) );
#19857 = ORIENTED_EDGE('',*,*,#19858,.T.);
#19858 = EDGE_CURVE('',#19836,#19765,#19859,.T.);
#19859 = SURFACE_CURVE('',#19860,(#19864,#19871),.PCURVE_S1.);
#19860 = LINE('',#19861,#19862);
#19861 = CARTESIAN_POINT('',(86.,45.,-1.));
#19862 = VECTOR('',#19863,1.);
#19863 = DIRECTION('',(-1.,0.,0.));
#19864 = PCURVE('',#7227,#19865);
#19865 = DEFINITIONAL_REPRESENTATION('',(#19866),#19870);
#19866 = LINE('',#19867,#19868);
#19867 = CARTESIAN_POINT('',(0.,-2.));
#19868 = VECTOR('',#19869,1.);
#19869 = DIRECTION('',(1.,0.));
#19870 = ( GEOMETRIC_REPRESENTATION_CONTEXT(2) 
PARAMETRIC_REPRESENTATION_CONTEXT() REPRESENTATION_CONTEXT('2D SPACE',''
  ) );
#19871 = PCURVE('',#7938,#19872);
#19872 = DEFINITIONAL_REPRESENTATION('',(#19873),#19877);
#19873 = LINE('',#19874,#19875);
#19874 = CARTESIAN_POINT('',(152.,45.));
#19875 = VECTOR('',#19876,1.);
#19876 = DIRECTION('',(-1.,0.));
#19877 = ( GEOMETRIC_REPRESENTATION_CONTEXT(2) 
PARAMETRIC_REPRESENTATION_CONTEXT() REPRESENTATION_CONTEXT('2D SPACE',''
  ) );
#19878 = ORIENTED_EDGE('',*,*,#19764,.F.);
#19879 = ADVANCED_FACE('',(#19880),#7173,.F.);
#19880 = FACE_BOUND('',#19881,.F.);
#19881 = EDGE_LOOP('',(#19882,#19883,#19884,#19907));
#19882 = ORIENTED_EDGE('',*,*,#7157,.F.);
#19883 = ORIENTED_EDGE('',*,*,#19810,.F.);
#19884 = ORIENTED_EDGE('',*,*,#19885,.T.);
#19885 = EDGE_CURVE('',#19788,#19886,#19888,.T.);
#19886 = VERTEX_POINT('',#19887);
#19887 = CARTESIAN_POINT('',(65.,65.,-1.));
#19888 = SURFACE_CURVE('',#19889,(#19893,#19900),.PCURVE_S1.);
#19889 = LINE('',#19890,#19891);
#19890 = CARTESIAN_POINT('',(-86.,65.,-1.));
#19891 = VECTOR('',#19892,1.);
#19892 = DIRECTION('',(1.,0.,0.));
#19893 = PCURVE('',#7173,#19894);
#19894 = DEFINITIONAL_REPRESENTATION('',(#19895),#19899);
#19895 = LINE('',#19896,#19897);
#19896 = CARTESIAN_POINT('',(0.,-2.));
#19897 = VECTOR('',#19898,1.);
#19898 = DIRECTION('',(1.,0.));
#19899 = ( GEOMETRIC_REPRESENTATION_CONTEXT(2) 
PARAMETRIC_REPRESENTATION_CONTEXT() REPRESENTATION_CONTEXT('2D SPACE',''
  ) );
#19900 = PCURVE('',#7938,#19901);
#19901 = DEFINITIONAL_REPRESENTATION('',(#19902),#19906);
#19902 = LINE('',#19903,#19904);
#19903 = CARTESIAN_POINT('',(-20.,65.));
#19904 = VECTOR('',#19905,1.);
#19905 = DIRECTION('',(1.,0.));
#19906 = ( GEOMETRIC_REPRESENTATION_CONTEXT(2) 
PARAMETRIC_REPRESENTATION_CONTEXT() REPRESENTATION_CONTEXT('2D SPACE',''
  ) );
#19907 = ORIENTED_EDGE('',*,*,#19908,.F.);
#19908 = EDGE_CURVE('',#7158,#19886,#19909,.T.);
#19909 = SURFACE_CURVE('',#19910,(#19914,#19921),.PCURVE_S1.);
#19910 = LINE('',#19911,#19912);
#19911 = CARTESIAN_POINT('',(65.,65.,-3.));
#19912 = VECTOR('',#19913,1.);
#19913 = DIRECTION('',(0.,-0.,1.));
#19914 = PCURVE('',#7173,#19915);
#19915 = DEFINITIONAL_REPRESENTATION('',(#19916),#19920);
#19916 = LINE('',#19917,#19918);
#19917 = CARTESIAN_POINT('',(151.,0.));
#19918 = VECTOR('',#19919,1.);
#19919 = DIRECTION('',(0.,-1.));
#19920 = ( GEOMETRIC_REPRESENTATION_CONTEXT(2) 
PARAMETRIC_REPRESENTATION_CONTEXT() REPRESENTATION_CONTEXT('2D SPACE',''
  ) );
#19921 = PCURVE('',#7201,#19922);
#19922 = DEFINITIONAL_REPRESENTATION('',(#19923),#19927);
#19923 = LINE('',#19924,#19925);
#19924 = CARTESIAN_POINT('',(21.,0.));
#19925 = VECTOR('',#19926,1.);
#19926 = DIRECTION('',(0.,-1.));
#19927 = ( GEOMETRIC_REPRESENTATION_CONTEXT(2) 
PARAMETRIC_REPRESENTATION_CONTEXT() REPRESENTATION_CONTEXT('2D SPACE',''
  ) );
#19928 = ADVANCED_FACE('',(#19929),#7201,.F.);
#19929 = FACE_BOUND('',#19930,.F.);
#19930 = EDGE_LOOP('',(#19931,#19932,#19933,#19954));
#19931 = ORIENTED_EDGE('',*,*,#7185,.F.);
#19932 = ORIENTED_EDGE('',*,*,#19908,.T.);
#19933 = ORIENTED_EDGE('',*,*,#19934,.T.);
#19934 = EDGE_CURVE('',#19886,#19836,#19935,.T.);
#19935 = SURFACE_CURVE('',#19936,(#19940,#19947),.PCURVE_S1.);
#19936 = LINE('',#19937,#19938);
#19937 = CARTESIAN_POINT('',(65.,86.,-1.));
#19938 = VECTOR('',#19939,1.);
#19939 = DIRECTION('',(0.,-1.,0.));
#19940 = PCURVE('',#7201,#19941);
#19941 = DEFINITIONAL_REPRESENTATION('',(#19942),#19946);
#19942 = LINE('',#19943,#19944);
#19943 = CARTESIAN_POINT('',(0.,-2.));
#19944 = VECTOR('',#19945,1.);
#19945 = DIRECTION('',(1.,0.));
#19946 = ( GEOMETRIC_REPRESENTATION_CONTEXT(2) 
PARAMETRIC_REPRESENTATION_CONTEXT() REPRESENTATION_CONTEXT('2D SPACE',''
  ) );
#19947 = PCURVE('',#7938,#19948);
#19948 = DEFINITIONAL_REPRESENTATION('',(#19949),#19953);
#19949 = LINE('',#19950,#19951);
#19950 = CARTESIAN_POINT('',(131.,86.));
#19951 = VECTOR('',#19952,1.);
#19952 = DIRECTION('',(0.,-1.));
#19953 = ( GEOMETRIC_REPRESENTATION_CONTEXT(2) 
PARAMETRIC_REPRESENTATION_CONTEXT() REPRESENTATION_CONTEXT('2D SPACE',''
  ) );
#19954 = ORIENTED_EDGE('',*,*,#19835,.F.);
#19955 = ADVANCED_FACE('',(#19956),#7282,.F.);
#19956 = FACE_BOUND('',#19957,.F.);
#19957 = EDGE_LOOP('',(#19958,#19959,#19960,#19983));
#19958 = ORIENTED_EDGE('',*,*,#7266,.F.);
#19959 = ORIENTED_EDGE('',*,*,#12411,.T.);
#19960 = ORIENTED_EDGE('',*,*,#19961,.T.);
#19961 = EDGE_CURVE('',#12412,#19962,#19964,.T.);
#19962 = VERTEX_POINT('',#19963);
#19963 = CARTESIAN_POINT('',(67.,45.,-1.));
#19964 = SURFACE_CURVE('',#19965,(#19969,#19976),.PCURVE_S1.);
#19965 = LINE('',#19966,#19967);
#19966 = CARTESIAN_POINT('',(86.,45.,-1.));
#19967 = VECTOR('',#19968,1.);
#19968 = DIRECTION('',(-1.,0.,0.));
#19969 = PCURVE('',#7282,#19970);
#19970 = DEFINITIONAL_REPRESENTATION('',(#19971),#19975);
#19971 = LINE('',#19972,#19973);
#19972 = CARTESIAN_POINT('',(0.,-2.));
#19973 = VECTOR('',#19974,1.);
#19974 = DIRECTION('',(1.,0.));
#19975 = ( GEOMETRIC_REPRESENTATION_CONTEXT(2) 
PARAMETRIC_REPRESENTATION_CONTEXT() REPRESENTATION_CONTEXT('2D SPACE',''
  ) );
#19976 = PCURVE('',#7938,#19977);
#19977 = DEFINITIONAL_REPRESENTATION('',(#19978),#19982);
#19978 = LINE('',#19979,#19980);
#19979 = CARTESIAN_POINT('',(152.,45.));
#19980 = VECTOR('',#19981,1.);
#19981 = DIRECTION('',(-1.,0.));
#19982 = ( GEOMETRIC_REPRESENTATION_CONTEXT(2) 
PARAMETRIC_REPRESENTATION_CONTEXT() REPRESENTATION_CONTEXT('2D SPACE',''
  ) );
#19983 = ORIENTED_EDGE('',*,*,#19984,.T.);
#19984 = EDGE_CURVE('',#19962,#7267,#19985,.T.);
#19985 = SURFACE_CURVE('',#19986,(#19990,#19997),.PCURVE_S1.);
#19986 = LINE('',#19987,#19988);
#19987 = CARTESIAN_POINT('',(67.,45.,-3.));
#19988 = VECTOR('',#19989,1.);
#19989 = DIRECTION('',(-0.,-0.,-1.));
#19990 = PCURVE('',#7282,#19991);
#19991 = DEFINITIONAL_REPRESENTATION('',(#19992),#19996);
#19992 = LINE('',#19993,#19994);
#19993 = CARTESIAN_POINT('',(19.,0.));
#19994 = VECTOR('',#19995,1.);
#19995 = DIRECTION('',(0.,1.));
#19996 = ( GEOMETRIC_REPRESENTATION_CONTEXT(2) 
PARAMETRIC_REPRESENTATION_CONTEXT() REPRESENTATION_CONTEXT('2D SPACE',''
  ) );
#19997 = PCURVE('',#7310,#19998);
#19998 = DEFINITIONAL_REPRESENTATION('',(#19999),#20003);
#19999 = LINE('',#20000,#20001);
#20000 = CARTESIAN_POINT('',(131.,0.));
#20001 = VECTOR('',#20002,1.);
#20002 = DIRECTION('',(0.,1.));
#20003 = ( GEOMETRIC_REPRESENTATION_CONTEXT(2) 
PARAMETRIC_REPRESENTATION_CONTEXT() REPRESENTATION_CONTEXT('2D SPACE',''
  ) );
#20004 = ADVANCED_FACE('',(#20005),#7336,.F.);
#20005 = FACE_BOUND('',#20006,.F.);
#20006 = EDGE_LOOP('',(#20007,#20008,#20031,#20052));
#20007 = ORIENTED_EDGE('',*,*,#7322,.F.);
#20008 = ORIENTED_EDGE('',*,*,#20009,.F.);
#20009 = EDGE_CURVE('',#20010,#7295,#20012,.T.);
#20010 = VERTEX_POINT('',#20011);
#20011 = CARTESIAN_POINT('',(67.,65.,-1.));
#20012 = SURFACE_CURVE('',#20013,(#20017,#20024),.PCURVE_S1.);
#20013 = LINE('',#20014,#20015);
#20014 = CARTESIAN_POINT('',(67.,65.,-3.));
#20015 = VECTOR('',#20016,1.);
#20016 = DIRECTION('',(0.,0.,-1.));
#20017 = PCURVE('',#7336,#20018);
#20018 = DEFINITIONAL_REPRESENTATION('',(#20019),#20023);
#20019 = LINE('',#20020,#20021);
#20020 = CARTESIAN_POINT('',(153.,0.));
#20021 = VECTOR('',#20022,1.);
#20022 = DIRECTION('',(0.,1.));
#20023 = ( GEOMETRIC_REPRESENTATION_CONTEXT(2) 
PARAMETRIC_REPRESENTATION_CONTEXT() REPRESENTATION_CONTEXT('2D SPACE',''
  ) );
#20024 = PCURVE('',#7310,#20025);
#20025 = DEFINITIONAL_REPRESENTATION('',(#20026),#20030);
#20026 = LINE('',#20027,#20028);
#20027 = CARTESIAN_POINT('',(151.,0.));
#20028 = VECTOR('',#20029,1.);
#20029 = DIRECTION('',(0.,1.));
#20030 = ( GEOMETRIC_REPRESENTATION_CONTEXT(2) 
PARAMETRIC_REPRESENTATION_CONTEXT() REPRESENTATION_CONTEXT('2D SPACE',''
  ) );
#20031 = ORIENTED_EDGE('',*,*,#20032,.T.);
#20032 = EDGE_CURVE('',#20010,#12367,#20033,.T.);
#20033 = SURFACE_CURVE('',#20034,(#20038,#20045),.PCURVE_S1.);
#20034 = LINE('',#20035,#20036);
#20035 = CARTESIAN_POINT('',(-86.,65.,-1.));
#20036 = VECTOR('',#20037,1.);
#20037 = DIRECTION('',(1.,0.,0.));
#20038 = PCURVE('',#7336,#20039);
#20039 = DEFINITIONAL_REPRESENTATION('',(#20040),#20044);
#20040 = LINE('',#20041,#20042);
#20041 = CARTESIAN_POINT('',(0.,-2.));
#20042 = VECTOR('',#20043,1.);
#20043 = DIRECTION('',(1.,0.));
#20044 = ( GEOMETRIC_REPRESENTATION_CONTEXT(2) 
PARAMETRIC_REPRESENTATION_CONTEXT() REPRESENTATION_CONTEXT('2D SPACE',''
  ) );
#20045 = PCURVE('',#7938,#20046);
#20046 = DEFINITIONAL_REPRESENTATION('',(#20047),#20051);
#20047 = LINE('',#20048,#20049);
#20048 = CARTESIAN_POINT('',(-20.,65.));
#20049 = VECTOR('',#20050,1.);
#20050 = DIRECTION('',(1.,0.));
#20051 = ( GEOMETRIC_REPRESENTATION_CONTEXT(2) 
PARAMETRIC_REPRESENTATION_CONTEXT() REPRESENTATION_CONTEXT('2D SPACE',''
  ) );
#20052 = ORIENTED_EDGE('',*,*,#12389,.F.);
#20053 = ADVANCED_FACE('',(#20054),#7310,.F.);
#20054 = FACE_BOUND('',#20055,.F.);
#20055 = EDGE_LOOP('',(#20056,#20057,#20058,#20079));
#20056 = ORIENTED_EDGE('',*,*,#7294,.F.);
#20057 = ORIENTED_EDGE('',*,*,#19984,.F.);
#20058 = ORIENTED_EDGE('',*,*,#20059,.T.);
#20059 = EDGE_CURVE('',#19962,#20010,#20060,.T.);
#20060 = SURFACE_CURVE('',#20061,(#20065,#20072),.PCURVE_S1.);
#20061 = LINE('',#20062,#20063);
#20062 = CARTESIAN_POINT('',(67.,-86.,-1.));
#20063 = VECTOR('',#20064,1.);
#20064 = DIRECTION('',(0.,1.,0.));
#20065 = PCURVE('',#7310,#20066);
#20066 = DEFINITIONAL_REPRESENTATION('',(#20067),#20071);
#20067 = LINE('',#20068,#20069);
#20068 = CARTESIAN_POINT('',(0.,-2.));
#20069 = VECTOR('',#20070,1.);
#20070 = DIRECTION('',(1.,0.));
#20071 = ( GEOMETRIC_REPRESENTATION_CONTEXT(2) 
PARAMETRIC_REPRESENTATION_CONTEXT() REPRESENTATION_CONTEXT('2D SPACE',''
  ) );
#20072 = PCURVE('',#7938,#20073);
#20073 = DEFINITIONAL_REPRESENTATION('',(#20074),#20078);
#20074 = LINE('',#20075,#20076);
#20075 = CARTESIAN_POINT('',(133.,-86.));
#20076 = VECTOR('',#20077,1.);
#20077 = DIRECTION('',(0.,1.));
#20078 = ( GEOMETRIC_REPRESENTATION_CONTEXT(2) 
PARAMETRIC_REPRESENTATION_CONTEXT() REPRESENTATION_CONTEXT('2D SPACE',''
  ) );
#20079 = ORIENTED_EDGE('',*,*,#20009,.T.);
#20080 = ADVANCED_FACE('',(#20081),#7391,.F.);
#20081 = FACE_BOUND('',#20082,.F.);
#20082 = EDGE_LOOP('',(#20083,#20084,#20085,#20108));
#20083 = ORIENTED_EDGE('',*,*,#7375,.F.);
#20084 = ORIENTED_EDGE('',*,*,#16755,.T.);
#20085 = ORIENTED_EDGE('',*,*,#20086,.T.);
#20086 = EDGE_CURVE('',#16756,#20087,#20089,.T.);
#20087 = VERTEX_POINT('',#20088);
#20088 = CARTESIAN_POINT('',(65.,67.,-1.));
#20089 = SURFACE_CURVE('',#20090,(#20094,#20101),.PCURVE_S1.);
#20090 = LINE('',#20091,#20092);
#20091 = CARTESIAN_POINT('',(65.,86.,-1.));
#20092 = VECTOR('',#20093,1.);
#20093 = DIRECTION('',(0.,-1.,0.));
#20094 = PCURVE('',#7391,#20095);
#20095 = DEFINITIONAL_REPRESENTATION('',(#20096),#20100);
#20096 = LINE('',#20097,#20098);
#20097 = CARTESIAN_POINT('',(0.,-2.));
#20098 = VECTOR('',#20099,1.);
#20099 = DIRECTION('',(1.,0.));
#20100 = ( GEOMETRIC_REPRESENTATION_CONTEXT(2) 
PARAMETRIC_REPRESENTATION_CONTEXT() REPRESENTATION_CONTEXT('2D SPACE',''
  ) );
#20101 = PCURVE('',#7938,#20102);
#20102 = DEFINITIONAL_REPRESENTATION('',(#20103),#20107);
#20103 = LINE('',#20104,#20105);
#20104 = CARTESIAN_POINT('',(131.,86.));
#20105 = VECTOR('',#20106,1.);
#20106 = DIRECTION('',(0.,-1.));
#20107 = ( GEOMETRIC_REPRESENTATION_CONTEXT(2) 
PARAMETRIC_REPRESENTATION_CONTEXT() REPRESENTATION_CONTEXT('2D SPACE',''
  ) );
#20108 = ORIENTED_EDGE('',*,*,#20109,.T.);
#20109 = EDGE_CURVE('',#20087,#7376,#20110,.T.);
#20110 = SURFACE_CURVE('',#20111,(#20115,#20122),.PCURVE_S1.);
#20111 = LINE('',#20112,#20113);
#20112 = CARTESIAN_POINT('',(65.,67.,-3.));
#20113 = VECTOR('',#20114,1.);
#20114 = DIRECTION('',(0.,-0.,-1.));
#20115 = PCURVE('',#7391,#20116);
#20116 = DEFINITIONAL_REPRESENTATION('',(#20117),#20121);
#20117 = LINE('',#20118,#20119);
#20118 = CARTESIAN_POINT('',(19.,0.));
#20119 = VECTOR('',#20120,1.);
#20120 = DIRECTION('',(0.,1.));
#20121 = ( GEOMETRIC_REPRESENTATION_CONTEXT(2) 
PARAMETRIC_REPRESENTATION_CONTEXT() REPRESENTATION_CONTEXT('2D SPACE',''
  ) );
#20122 = PCURVE('',#7419,#20123);
#20123 = DEFINITIONAL_REPRESENTATION('',(#20124),#20128);
#20124 = LINE('',#20125,#20126);
#20125 = CARTESIAN_POINT('',(21.,0.));
#20126 = VECTOR('',#20127,1.);
#20127 = DIRECTION('',(0.,1.));
#20128 = ( GEOMETRIC_REPRESENTATION_CONTEXT(2) 
PARAMETRIC_REPRESENTATION_CONTEXT() REPRESENTATION_CONTEXT('2D SPACE',''
  ) );
#20129 = ADVANCED_FACE('',(#20130),#7445,.F.);
#20130 = FACE_BOUND('',#20131,.F.);
#20131 = EDGE_LOOP('',(#20132,#20133,#20156,#20177));
#20132 = ORIENTED_EDGE('',*,*,#7431,.F.);
#20133 = ORIENTED_EDGE('',*,*,#20134,.T.);
#20134 = EDGE_CURVE('',#7404,#20135,#20137,.T.);
#20135 = VERTEX_POINT('',#20136);
#20136 = CARTESIAN_POINT('',(45.,67.,-1.));
#20137 = SURFACE_CURVE('',#20138,(#20142,#20149),.PCURVE_S1.);
#20138 = LINE('',#20139,#20140);
#20139 = CARTESIAN_POINT('',(45.,67.,-3.));
#20140 = VECTOR('',#20141,1.);
#20141 = DIRECTION('',(0.,0.,1.));
#20142 = PCURVE('',#7445,#20143);
#20143 = DEFINITIONAL_REPRESENTATION('',(#20144),#20148);
#20144 = LINE('',#20145,#20146);
#20145 = CARTESIAN_POINT('',(153.,0.));
#20146 = VECTOR('',#20147,1.);
#20147 = DIRECTION('',(0.,-1.));
#20148 = ( GEOMETRIC_REPRESENTATION_CONTEXT(2) 
PARAMETRIC_REPRESENTATION_CONTEXT() REPRESENTATION_CONTEXT('2D SPACE',''
  ) );
#20149 = PCURVE('',#7419,#20150);
#20150 = DEFINITIONAL_REPRESENTATION('',(#20151),#20155);
#20151 = LINE('',#20152,#20153);
#20152 = CARTESIAN_POINT('',(41.,0.));
#20153 = VECTOR('',#20154,1.);
#20154 = DIRECTION('',(0.,-1.));
#20155 = ( GEOMETRIC_REPRESENTATION_CONTEXT(2) 
PARAMETRIC_REPRESENTATION_CONTEXT() REPRESENTATION_CONTEXT('2D SPACE',''
  ) );
#20156 = ORIENTED_EDGE('',*,*,#20157,.T.);
#20157 = EDGE_CURVE('',#20135,#16711,#20158,.T.);
#20158 = SURFACE_CURVE('',#20159,(#20163,#20170),.PCURVE_S1.);
#20159 = LINE('',#20160,#20161);
#20160 = CARTESIAN_POINT('',(45.,-86.,-1.));
#20161 = VECTOR('',#20162,1.);
#20162 = DIRECTION('',(0.,1.,0.));
#20163 = PCURVE('',#7445,#20164);
#20164 = DEFINITIONAL_REPRESENTATION('',(#20165),#20169);
#20165 = LINE('',#20166,#20167);
#20166 = CARTESIAN_POINT('',(0.,-2.));
#20167 = VECTOR('',#20168,1.);
#20168 = DIRECTION('',(1.,0.));
#20169 = ( GEOMETRIC_REPRESENTATION_CONTEXT(2) 
PARAMETRIC_REPRESENTATION_CONTEXT() REPRESENTATION_CONTEXT('2D SPACE',''
  ) );
#20170 = PCURVE('',#7938,#20171);
#20171 = DEFINITIONAL_REPRESENTATION('',(#20172),#20176);
#20172 = LINE('',#20173,#20174);
#20173 = CARTESIAN_POINT('',(111.,-86.));
#20174 = VECTOR('',#20175,1.);
#20175 = DIRECTION('',(0.,1.));
#20176 = ( GEOMETRIC_REPRESENTATION_CONTEXT(2) 
PARAMETRIC_REPRESENTATION_CONTEXT() REPRESENTATION_CONTEXT('2D SPACE',''
  ) );
#20177 = ORIENTED_EDGE('',*,*,#16733,.F.);
#20178 = ADVANCED_FACE('',(#20179),#7419,.F.);
#20179 = FACE_BOUND('',#20180,.F.);
#20180 = EDGE_LOOP('',(#20181,#20182,#20183,#20204));
#20181 = ORIENTED_EDGE('',*,*,#7403,.F.);
#20182 = ORIENTED_EDGE('',*,*,#20109,.F.);
#20183 = ORIENTED_EDGE('',*,*,#20184,.T.);
#20184 = EDGE_CURVE('',#20087,#20135,#20185,.T.);
#20185 = SURFACE_CURVE('',#20186,(#20190,#20197),.PCURVE_S1.);
#20186 = LINE('',#20187,#20188);
#20187 = CARTESIAN_POINT('',(86.,67.,-1.));
#20188 = VECTOR('',#20189,1.);
#20189 = DIRECTION('',(-1.,0.,0.));
#20190 = PCURVE('',#7419,#20191);
#20191 = DEFINITIONAL_REPRESENTATION('',(#20192),#20196);
#20192 = LINE('',#20193,#20194);
#20193 = CARTESIAN_POINT('',(0.,-2.));
#20194 = VECTOR('',#20195,1.);
#20195 = DIRECTION('',(1.,0.));
#20196 = ( GEOMETRIC_REPRESENTATION_CONTEXT(2) 
PARAMETRIC_REPRESENTATION_CONTEXT() REPRESENTATION_CONTEXT('2D SPACE',''
  ) );
#20197 = PCURVE('',#7938,#20198);
#20198 = DEFINITIONAL_REPRESENTATION('',(#20199),#20203);
#20199 = LINE('',#20200,#20201);
#20200 = CARTESIAN_POINT('',(152.,67.));
#20201 = VECTOR('',#20202,1.);
#20202 = DIRECTION('',(-1.,0.));
#20203 = ( GEOMETRIC_REPRESENTATION_CONTEXT(2) 
PARAMETRIC_REPRESENTATION_CONTEXT() REPRESENTATION_CONTEXT('2D SPACE',''
  ) );
#20204 = ORIENTED_EDGE('',*,*,#20134,.F.);
#20205 = ADVANCED_FACE('',(#20206),#7500,.F.);
#20206 = FACE_BOUND('',#20207,.F.);
#20207 = EDGE_LOOP('',(#20208,#20209,#20210,#20233));
#20208 = ORIENTED_EDGE('',*,*,#7484,.F.);
#20209 = ORIENTED_EDGE('',*,*,#12343,.T.);
#20210 = ORIENTED_EDGE('',*,*,#20211,.T.);
#20211 = EDGE_CURVE('',#12344,#20212,#20214,.T.);
#20212 = VERTEX_POINT('',#20213);
#20213 = CARTESIAN_POINT('',(67.,67.,-1.));
#20214 = SURFACE_CURVE('',#20215,(#20219,#20226),.PCURVE_S1.);
#20215 = LINE('',#20216,#20217);
#20216 = CARTESIAN_POINT('',(86.,67.,-1.));
#20217 = VECTOR('',#20218,1.);
#20218 = DIRECTION('',(-1.,0.,0.));
#20219 = PCURVE('',#7500,#20220);
#20220 = DEFINITIONAL_REPRESENTATION('',(#20221),#20225);
#20221 = LINE('',#20222,#20223);
#20222 = CARTESIAN_POINT('',(0.,-2.));
#20223 = VECTOR('',#20224,1.);
#20224 = DIRECTION('',(1.,0.));
#20225 = ( GEOMETRIC_REPRESENTATION_CONTEXT(2) 
PARAMETRIC_REPRESENTATION_CONTEXT() REPRESENTATION_CONTEXT('2D SPACE',''
  ) );
#20226 = PCURVE('',#7938,#20227);
#20227 = DEFINITIONAL_REPRESENTATION('',(#20228),#20232);
#20228 = LINE('',#20229,#20230);
#20229 = CARTESIAN_POINT('',(152.,67.));
#20230 = VECTOR('',#20231,1.);
#20231 = DIRECTION('',(-1.,0.));
#20232 = ( GEOMETRIC_REPRESENTATION_CONTEXT(2) 
PARAMETRIC_REPRESENTATION_CONTEXT() REPRESENTATION_CONTEXT('2D SPACE',''
  ) );
#20233 = ORIENTED_EDGE('',*,*,#20234,.F.);
#20234 = EDGE_CURVE('',#7485,#20212,#20235,.T.);
#20235 = SURFACE_CURVE('',#20236,(#20240,#20247),.PCURVE_S1.);
#20236 = LINE('',#20237,#20238);
#20237 = CARTESIAN_POINT('',(67.,67.,-3.));
#20238 = VECTOR('',#20239,1.);
#20239 = DIRECTION('',(0.,0.,1.));
#20240 = PCURVE('',#7500,#20241);
#20241 = DEFINITIONAL_REPRESENTATION('',(#20242),#20246);
#20242 = LINE('',#20243,#20244);
#20243 = CARTESIAN_POINT('',(19.,0.));
#20244 = VECTOR('',#20245,1.);
#20245 = DIRECTION('',(0.,-1.));
#20246 = ( GEOMETRIC_REPRESENTATION_CONTEXT(2) 
PARAMETRIC_REPRESENTATION_CONTEXT() REPRESENTATION_CONTEXT('2D SPACE',''
  ) );
#20247 = PCURVE('',#7528,#20248);
#20248 = DEFINITIONAL_REPRESENTATION('',(#20249),#20253);
#20249 = LINE('',#20250,#20251);
#20250 = CARTESIAN_POINT('',(153.,0.));
#20251 = VECTOR('',#20252,1.);
#20252 = DIRECTION('',(0.,-1.));
#20253 = ( GEOMETRIC_REPRESENTATION_CONTEXT(2) 
PARAMETRIC_REPRESENTATION_CONTEXT() REPRESENTATION_CONTEXT('2D SPACE',''
  ) );
#20254 = ADVANCED_FACE('',(#20255),#7528,.F.);
#20255 = FACE_BOUND('',#20256,.F.);
#20256 = EDGE_LOOP('',(#20257,#20258,#20259,#20280));
#20257 = ORIENTED_EDGE('',*,*,#7512,.F.);
#20258 = ORIENTED_EDGE('',*,*,#20234,.T.);
#20259 = ORIENTED_EDGE('',*,*,#20260,.T.);
#20260 = EDGE_CURVE('',#20212,#16779,#20261,.T.);
#20261 = SURFACE_CURVE('',#20262,(#20266,#20273),.PCURVE_S1.);
#20262 = LINE('',#20263,#20264);
#20263 = CARTESIAN_POINT('',(67.,-86.,-1.));
#20264 = VECTOR('',#20265,1.);
#20265 = DIRECTION('',(0.,1.,0.));
#20266 = PCURVE('',#7528,#20267);
#20267 = DEFINITIONAL_REPRESENTATION('',(#20268),#20272);
#20268 = LINE('',#20269,#20270);
#20269 = CARTESIAN_POINT('',(0.,-2.));
#20270 = VECTOR('',#20271,1.);
#20271 = DIRECTION('',(1.,0.));
#20272 = ( GEOMETRIC_REPRESENTATION_CONTEXT(2) 
PARAMETRIC_REPRESENTATION_CONTEXT() REPRESENTATION_CONTEXT('2D SPACE',''
  ) );
#20273 = PCURVE('',#7938,#20274);
#20274 = DEFINITIONAL_REPRESENTATION('',(#20275),#20279);
#20275 = LINE('',#20276,#20277);
#20276 = CARTESIAN_POINT('',(133.,-86.));
#20277 = VECTOR('',#20278,1.);
#20278 = DIRECTION('',(0.,1.));
#20279 = ( GEOMETRIC_REPRESENTATION_CONTEXT(2) 
PARAMETRIC_REPRESENTATION_CONTEXT() REPRESENTATION_CONTEXT('2D SPACE',''
  ) );
#20280 = ORIENTED_EDGE('',*,*,#16801,.F.);
#20281 = ADVANCED_FACE('',(#20282),#7580,.F.);
#20282 = FACE_BOUND('',#20283,.T.);
#20283 = EDGE_LOOP('',(#20284,#20305,#20306,#20307));
#20284 = ORIENTED_EDGE('',*,*,#20285,.T.);
#20285 = EDGE_CURVE('',#7564,#7794,#20286,.T.);
#20286 = SEAM_CURVE('',#20287,(#20291,#20298),.PCURVE_S1.);
#20287 = LINE('',#20288,#20289);
#20288 = CARTESIAN_POINT('',(95.1,93.,-3.));
#20289 = VECTOR('',#20290,1.);
#20290 = DIRECTION('',(0.,0.,1.));
#20291 = PCURVE('',#7580,#20292);
#20292 = DEFINITIONAL_REPRESENTATION('',(#20293),#20297);
#20293 = LINE('',#20294,#20295);
#20294 = CARTESIAN_POINT('',(-0.,0.));
#20295 = VECTOR('',#20296,1.);
#20296 = DIRECTION('',(-0.,-1.));
#20297 = ( GEOMETRIC_REPRESENTATION_CONTEXT(2) 
PARAMETRIC_REPRESENTATION_CONTEXT() REPRESENTATION_CONTEXT('2D SPACE',''
  ) );
#20298 = PCURVE('',#7580,#20299);
#20299 = DEFINITIONAL_REPRESENTATION('',(#20300),#20304);
#20300 = LINE('',#20301,#20302);
#20301 = CARTESIAN_POINT('',(-6.28318530718,0.));
#20302 = VECTOR('',#20303,1.);
#20303 = DIRECTION('',(-0.,-1.));
#20304 = ( GEOMETRIC_REPRESENTATION_CONTEXT(2) 
PARAMETRIC_REPRESENTATION_CONTEXT() REPRESENTATION_CONTEXT('2D SPACE',''
  ) );
#20305 = ORIENTED_EDGE('',*,*,#7793,.T.);
#20306 = ORIENTED_EDGE('',*,*,#20285,.F.);
#20307 = ORIENTED_EDGE('',*,*,#7563,.F.);
#20308 = ADVANCED_FACE('',(#20309,#20419,#20425,#20431,#20437,#20443,
    #20449,#20455,#20461,#20467,#20473,#20479,#20485,#20491,#20497,
    #20503,#20509,#20515,#20521,#20527,#20533,#20539,#20545,#20551,
    #20557,#20563,#20569,#20575,#20581,#20587,#20593,#20599,#20605,
    #20611,#20617,#20623,#20629),#7938,.T.);
#20309 = FACE_BOUND('',#20310,.T.);
#20310 = EDGE_LOOP('',(#20311,#20312,#20313,#20314,#20315,#20316,#20317,
    #20318,#20319,#20320,#20321,#20322,#20323,#20324,#20325,#20326,
    #20327,#20328,#20329,#20330,#20331,#20332,#20333,#20334,#20335,
    #20336,#20337,#20338,#20339,#20340,#20341,#20342,#20343,#20344,
    #20345,#20346,#20347,#20348,#20349,#20350,#20351,#20352,#20353,
    #20354,#20355,#20356,#20357,#20358,#20359,#20360,#20361,#20362,
    #20363,#20364,#20365,#20366,#20367,#20368,#20369,#20370,#20371,
    #20372,#20373,#20374,#20375,#20376,#20377,#20378,#20379,#20380,
    #20381,#20382,#20383,#20384,#20385,#20386,#20387,#20388,#20389,
    #20390,#20391,#20392,#20393,#20394,#20395,#20396,#20397,#20398,
    #20399,#20400,#20401,#20402,#20403,#20404,#20405,#20406,#20407,
    #20408,#20409,#20410,#20411,#20412,#20413,#20414,#20415,#20416,
    #20417,#20418));
#20311 = ORIENTED_EDGE('',*,*,#10470,.T.);
#20312 = ORIENTED_EDGE('',*,*,#10443,.T.);
#20313 = ORIENTED_EDGE('',*,*,#8566,.T.);
#20314 = ORIENTED_EDGE('',*,*,#10051,.T.);
#20315 = ORIENTED_EDGE('',*,*,#10149,.T.);
#20316 = ORIENTED_EDGE('',*,*,#10122,.T.);
#20317 = ORIENTED_EDGE('',*,*,#8498,.T.);
#20318 = ORIENTED_EDGE('',*,*,#9088,.T.);
#20319 = ORIENTED_EDGE('',*,*,#9186,.T.);
#20320 = ORIENTED_EDGE('',*,*,#9159,.T.);
#20321 = ORIENTED_EDGE('',*,*,#8430,.T.);
#20322 = ORIENTED_EDGE('',*,*,#8936,.T.);
#20323 = ORIENTED_EDGE('',*,*,#8909,.T.);
#20324 = ORIENTED_EDGE('',*,*,#8335,.T.);
#20325 = ORIENTED_EDGE('',*,*,#8963,.T.);
#20326 = ORIENTED_EDGE('',*,*,#9061,.T.);
#20327 = ORIENTED_EDGE('',*,*,#9034,.T.);
#20328 = ORIENTED_EDGE('',*,*,#8267,.T.);
#20329 = ORIENTED_EDGE('',*,*,#9409,.T.);
#20330 = ORIENTED_EDGE('',*,*,#9507,.T.);
#20331 = ORIENTED_EDGE('',*,*,#9480,.T.);
#20332 = ORIENTED_EDGE('',*,*,#8199,.T.);
#20333 = ORIENTED_EDGE('',*,*,#9534,.T.);
#20334 = ORIENTED_EDGE('',*,*,#9632,.T.);
#20335 = ORIENTED_EDGE('',*,*,#9605,.T.);
#20336 = ORIENTED_EDGE('',*,*,#8131,.T.);
#20337 = ORIENTED_EDGE('',*,*,#11477,.T.);
#20338 = ORIENTED_EDGE('',*,*,#11575,.T.);
#20339 = ORIENTED_EDGE('',*,*,#11548,.T.);
#20340 = ORIENTED_EDGE('',*,*,#8063,.T.);
#20341 = ORIENTED_EDGE('',*,*,#11602,.T.);
#20342 = ORIENTED_EDGE('',*,*,#11700,.T.);
#20343 = ORIENTED_EDGE('',*,*,#11673,.T.);
#20344 = ORIENTED_EDGE('',*,*,#7995,.T.);
#20345 = ORIENTED_EDGE('',*,*,#12119,.T.);
#20346 = ORIENTED_EDGE('',*,*,#12217,.T.);
#20347 = ORIENTED_EDGE('',*,*,#12190,.T.);
#20348 = ORIENTED_EDGE('',*,*,#7922,.T.);
#20349 = ORIENTED_EDGE('',*,*,#12271,.T.);
#20350 = ORIENTED_EDGE('',*,*,#12823,.T.);
#20351 = ORIENTED_EDGE('',*,*,#12774,.T.);
#20352 = ORIENTED_EDGE('',*,*,#13046,.T.);
#20353 = ORIENTED_EDGE('',*,*,#13144,.T.);
#20354 = ORIENTED_EDGE('',*,*,#13117,.T.);
#20355 = ORIENTED_EDGE('',*,*,#12706,.T.);
#20356 = ORIENTED_EDGE('',*,*,#14151,.T.);
#20357 = ORIENTED_EDGE('',*,*,#14249,.T.);
#20358 = ORIENTED_EDGE('',*,*,#14222,.T.);
#20359 = ORIENTED_EDGE('',*,*,#12638,.T.);
#20360 = ORIENTED_EDGE('',*,*,#14472,.T.);
#20361 = ORIENTED_EDGE('',*,*,#14570,.T.);
#20362 = ORIENTED_EDGE('',*,*,#14543,.T.);
#20363 = ORIENTED_EDGE('',*,*,#12570,.T.);
#20364 = ORIENTED_EDGE('',*,*,#18677,.T.);
#20365 = ORIENTED_EDGE('',*,*,#18775,.T.);
#20366 = ORIENTED_EDGE('',*,*,#18748,.T.);
#20367 = ORIENTED_EDGE('',*,*,#12502,.T.);
#20368 = ORIENTED_EDGE('',*,*,#18998,.T.);
#20369 = ORIENTED_EDGE('',*,*,#19096,.T.);
#20370 = ORIENTED_EDGE('',*,*,#19069,.T.);
#20371 = ORIENTED_EDGE('',*,*,#12434,.T.);
#20372 = ORIENTED_EDGE('',*,*,#19961,.T.);
#20373 = ORIENTED_EDGE('',*,*,#20059,.T.);
#20374 = ORIENTED_EDGE('',*,*,#20032,.T.);
#20375 = ORIENTED_EDGE('',*,*,#12366,.T.);
#20376 = ORIENTED_EDGE('',*,*,#20211,.T.);
#20377 = ORIENTED_EDGE('',*,*,#20260,.T.);
#20378 = ORIENTED_EDGE('',*,*,#16778,.T.);
#20379 = ORIENTED_EDGE('',*,*,#20086,.T.);
#20380 = ORIENTED_EDGE('',*,*,#20184,.T.);
#20381 = ORIENTED_EDGE('',*,*,#20157,.T.);
#20382 = ORIENTED_EDGE('',*,*,#16710,.T.);
#20383 = ORIENTED_EDGE('',*,*,#19640,.T.);
#20384 = ORIENTED_EDGE('',*,*,#19738,.T.);
#20385 = ORIENTED_EDGE('',*,*,#19711,.T.);
#20386 = ORIENTED_EDGE('',*,*,#16642,.T.);
#20387 = ORIENTED_EDGE('',*,*,#19515,.T.);
#20388 = ORIENTED_EDGE('',*,*,#19613,.T.);
#20389 = ORIENTED_EDGE('',*,*,#19586,.T.);
#20390 = ORIENTED_EDGE('',*,*,#16574,.T.);
#20391 = ORIENTED_EDGE('',*,*,#17572,.T.);
#20392 = ORIENTED_EDGE('',*,*,#17670,.T.);
#20393 = ORIENTED_EDGE('',*,*,#17643,.T.);
#20394 = ORIENTED_EDGE('',*,*,#16506,.T.);
#20395 = ORIENTED_EDGE('',*,*,#17447,.T.);
#20396 = ORIENTED_EDGE('',*,*,#17545,.T.);
#20397 = ORIENTED_EDGE('',*,*,#17518,.T.);
#20398 = ORIENTED_EDGE('',*,*,#16438,.T.);
#20399 = ORIENTED_EDGE('',*,*,#16930,.T.);
#20400 = ORIENTED_EDGE('',*,*,#17028,.T.);
#20401 = ORIENTED_EDGE('',*,*,#17001,.T.);
#20402 = ORIENTED_EDGE('',*,*,#16370,.T.);
#20403 = ORIENTED_EDGE('',*,*,#16876,.T.);
#20404 = ORIENTED_EDGE('',*,*,#16849,.T.);
#20405 = ORIENTED_EDGE('',*,*,#8838,.T.);
#20406 = ORIENTED_EDGE('',*,*,#16023,.T.);
#20407 = ORIENTED_EDGE('',*,*,#16121,.T.);
#20408 = ORIENTED_EDGE('',*,*,#16094,.T.);
#20409 = ORIENTED_EDGE('',*,*,#8770,.T.);
#20410 = ORIENTED_EDGE('',*,*,#14918,.T.);
#20411 = ORIENTED_EDGE('',*,*,#15016,.T.);
#20412 = ORIENTED_EDGE('',*,*,#14989,.T.);
#20413 = ORIENTED_EDGE('',*,*,#8702,.T.);
#20414 = ORIENTED_EDGE('',*,*,#14597,.T.);
#20415 = ORIENTED_EDGE('',*,*,#14695,.T.);
#20416 = ORIENTED_EDGE('',*,*,#14668,.T.);
#20417 = ORIENTED_EDGE('',*,*,#8634,.T.);
#20418 = ORIENTED_EDGE('',*,*,#10372,.T.);
#20419 = FACE_BOUND('',#20420,.T.);
#20420 = EDGE_LOOP('',(#20421,#20422,#20423,#20424));
#20421 = ORIENTED_EDGE('',*,*,#16170,.T.);
#20422 = ORIENTED_EDGE('',*,*,#16268,.T.);
#20423 = ORIENTED_EDGE('',*,*,#16317,.T.);
#20424 = ORIENTED_EDGE('',*,*,#16241,.T.);
#20425 = FACE_BOUND('',#20426,.T.);
#20426 = EDGE_LOOP('',(#20427,#20428,#20429,#20430));
#20427 = ORIENTED_EDGE('',*,*,#17077,.T.);
#20428 = ORIENTED_EDGE('',*,*,#17175,.T.);
#20429 = ORIENTED_EDGE('',*,*,#17224,.T.);
#20430 = ORIENTED_EDGE('',*,*,#17148,.T.);
#20431 = FACE_BOUND('',#20432,.T.);
#20432 = EDGE_LOOP('',(#20433,#20434,#20435,#20436));
#20433 = ORIENTED_EDGE('',*,*,#17273,.T.);
#20434 = ORIENTED_EDGE('',*,*,#17371,.T.);
#20435 = ORIENTED_EDGE('',*,*,#17420,.T.);
#20436 = ORIENTED_EDGE('',*,*,#17344,.T.);
#20437 = FACE_BOUND('',#20438,.T.);
#20438 = EDGE_LOOP('',(#20439,#20440,#20441,#20442));
#20439 = ORIENTED_EDGE('',*,*,#19145,.T.);
#20440 = ORIENTED_EDGE('',*,*,#19243,.T.);
#20441 = ORIENTED_EDGE('',*,*,#19292,.T.);
#20442 = ORIENTED_EDGE('',*,*,#19216,.T.);
#20443 = FACE_BOUND('',#20444,.T.);
#20444 = EDGE_LOOP('',(#20445,#20446,#20447,#20448));
#20445 = ORIENTED_EDGE('',*,*,#19341,.T.);
#20446 = ORIENTED_EDGE('',*,*,#19439,.T.);
#20447 = ORIENTED_EDGE('',*,*,#19488,.T.);
#20448 = ORIENTED_EDGE('',*,*,#19412,.T.);
#20449 = FACE_BOUND('',#20450,.T.);
#20450 = EDGE_LOOP('',(#20451,#20452,#20453,#20454));
#20451 = ORIENTED_EDGE('',*,*,#19787,.T.);
#20452 = ORIENTED_EDGE('',*,*,#19885,.T.);
#20453 = ORIENTED_EDGE('',*,*,#19934,.T.);
#20454 = ORIENTED_EDGE('',*,*,#19858,.T.);
#20455 = FACE_BOUND('',#20456,.T.);
#20456 = EDGE_LOOP('',(#20457,#20458,#20459,#20460));
#20457 = ORIENTED_EDGE('',*,*,#9235,.T.);
#20458 = ORIENTED_EDGE('',*,*,#9333,.T.);
#20459 = ORIENTED_EDGE('',*,*,#9382,.T.);
#20460 = ORIENTED_EDGE('',*,*,#9306,.T.);
#20461 = FACE_BOUND('',#20462,.T.);
#20462 = EDGE_LOOP('',(#20463,#20464,#20465,#20466));
#20463 = ORIENTED_EDGE('',*,*,#9681,.T.);
#20464 = ORIENTED_EDGE('',*,*,#9779,.T.);
#20465 = ORIENTED_EDGE('',*,*,#9828,.T.);
#20466 = ORIENTED_EDGE('',*,*,#9752,.T.);
#20467 = FACE_BOUND('',#20468,.T.);
#20468 = EDGE_LOOP('',(#20469,#20470,#20471,#20472));
#20469 = ORIENTED_EDGE('',*,*,#9877,.T.);
#20470 = ORIENTED_EDGE('',*,*,#9975,.T.);
#20471 = ORIENTED_EDGE('',*,*,#10024,.T.);
#20472 = ORIENTED_EDGE('',*,*,#9948,.T.);
#20473 = FACE_BOUND('',#20474,.T.);
#20474 = EDGE_LOOP('',(#20475,#20476,#20477,#20478));
#20475 = ORIENTED_EDGE('',*,*,#10198,.T.);
#20476 = ORIENTED_EDGE('',*,*,#10296,.T.);
#20477 = ORIENTED_EDGE('',*,*,#10345,.T.);
#20478 = ORIENTED_EDGE('',*,*,#10269,.T.);
#20479 = FACE_BOUND('',#20480,.T.);
#20480 = EDGE_LOOP('',(#20481,#20482,#20483,#20484));
#20481 = ORIENTED_EDGE('',*,*,#10715,.T.);
#20482 = ORIENTED_EDGE('',*,*,#10813,.T.);
#20483 = ORIENTED_EDGE('',*,*,#10862,.T.);
#20484 = ORIENTED_EDGE('',*,*,#10786,.T.);
#20485 = FACE_BOUND('',#20486,.T.);
#20486 = EDGE_LOOP('',(#20487,#20488,#20489,#20490));
#20487 = ORIENTED_EDGE('',*,*,#10911,.T.);
#20488 = ORIENTED_EDGE('',*,*,#11009,.T.);
#20489 = ORIENTED_EDGE('',*,*,#11058,.T.);
#20490 = ORIENTED_EDGE('',*,*,#10982,.T.);
#20491 = FACE_BOUND('',#20492,.T.);
#20492 = EDGE_LOOP('',(#20493,#20494,#20495,#20496));
#20493 = ORIENTED_EDGE('',*,*,#11749,.T.);
#20494 = ORIENTED_EDGE('',*,*,#11847,.T.);
#20495 = ORIENTED_EDGE('',*,*,#11896,.T.);
#20496 = ORIENTED_EDGE('',*,*,#11820,.T.);
#20497 = FACE_BOUND('',#20498,.T.);
#20498 = EDGE_LOOP('',(#20499,#20500,#20501,#20502));
#20499 = ORIENTED_EDGE('',*,*,#11945,.T.);
#20500 = ORIENTED_EDGE('',*,*,#12043,.T.);
#20501 = ORIENTED_EDGE('',*,*,#12092,.T.);
#20502 = ORIENTED_EDGE('',*,*,#12016,.T.);
#20503 = FACE_BOUND('',#20504,.T.);
#20504 = EDGE_LOOP('',(#20505,#20506,#20507,#20508));
#20505 = ORIENTED_EDGE('',*,*,#12872,.T.);
#20506 = ORIENTED_EDGE('',*,*,#12970,.T.);
#20507 = ORIENTED_EDGE('',*,*,#13019,.T.);
#20508 = ORIENTED_EDGE('',*,*,#12943,.T.);
#20509 = FACE_BOUND('',#20510,.T.);
#20510 = EDGE_LOOP('',(#20511,#20512,#20513,#20514));
#20511 = ORIENTED_EDGE('',*,*,#13193,.T.);
#20512 = ORIENTED_EDGE('',*,*,#13291,.T.);
#20513 = ORIENTED_EDGE('',*,*,#13340,.T.);
#20514 = ORIENTED_EDGE('',*,*,#13264,.T.);
#20515 = FACE_BOUND('',#20516,.T.);
#20516 = EDGE_LOOP('',(#20517,#20518,#20519,#20520));
#20517 = ORIENTED_EDGE('',*,*,#13389,.T.);
#20518 = ORIENTED_EDGE('',*,*,#13487,.T.);
#20519 = ORIENTED_EDGE('',*,*,#13536,.T.);
#20520 = ORIENTED_EDGE('',*,*,#13460,.T.);
#20521 = FACE_BOUND('',#20522,.T.);
#20522 = EDGE_LOOP('',(#20523,#20524,#20525,#20526));
#20523 = ORIENTED_EDGE('',*,*,#13977,.T.);
#20524 = ORIENTED_EDGE('',*,*,#14075,.T.);
#20525 = ORIENTED_EDGE('',*,*,#14124,.T.);
#20526 = ORIENTED_EDGE('',*,*,#14048,.T.);
#20527 = FACE_BOUND('',#20528,.T.);
#20528 = EDGE_LOOP('',(#20529,#20530,#20531,#20532));
#20529 = ORIENTED_EDGE('',*,*,#10519,.T.);
#20530 = ORIENTED_EDGE('',*,*,#10617,.T.);
#20531 = ORIENTED_EDGE('',*,*,#10666,.T.);
#20532 = ORIENTED_EDGE('',*,*,#10590,.T.);
#20533 = FACE_BOUND('',#20534,.T.);
#20534 = EDGE_LOOP('',(#20535,#20536,#20537,#20538));
#20535 = ORIENTED_EDGE('',*,*,#11107,.T.);
#20536 = ORIENTED_EDGE('',*,*,#11205,.T.);
#20537 = ORIENTED_EDGE('',*,*,#11254,.T.);
#20538 = ORIENTED_EDGE('',*,*,#11178,.T.);
#20539 = FACE_BOUND('',#20540,.T.);
#20540 = EDGE_LOOP('',(#20541,#20542,#20543,#20544));
#20541 = ORIENTED_EDGE('',*,*,#14744,.T.);
#20542 = ORIENTED_EDGE('',*,*,#14842,.T.);
#20543 = ORIENTED_EDGE('',*,*,#14891,.T.);
#20544 = ORIENTED_EDGE('',*,*,#14815,.T.);
#20545 = FACE_BOUND('',#20546,.T.);
#20546 = EDGE_LOOP('',(#20547,#20548,#20549,#20550));
#20547 = ORIENTED_EDGE('',*,*,#15261,.T.);
#20548 = ORIENTED_EDGE('',*,*,#15359,.T.);
#20549 = ORIENTED_EDGE('',*,*,#15408,.T.);
#20550 = ORIENTED_EDGE('',*,*,#15332,.T.);
#20551 = FACE_BOUND('',#20552,.T.);
#20552 = EDGE_LOOP('',(#20553,#20554,#20555,#20556));
#20553 = ORIENTED_EDGE('',*,*,#11303,.T.);
#20554 = ORIENTED_EDGE('',*,*,#11401,.T.);
#20555 = ORIENTED_EDGE('',*,*,#11450,.T.);
#20556 = ORIENTED_EDGE('',*,*,#11374,.T.);
#20557 = FACE_BOUND('',#20558,.T.);
#20558 = EDGE_LOOP('',(#20559,#20560,#20561,#20562));
#20559 = ORIENTED_EDGE('',*,*,#15457,.T.);
#20560 = ORIENTED_EDGE('',*,*,#15555,.T.);
#20561 = ORIENTED_EDGE('',*,*,#15604,.T.);
#20562 = ORIENTED_EDGE('',*,*,#15528,.T.);
#20563 = FACE_BOUND('',#20564,.T.);
#20564 = EDGE_LOOP('',(#20565,#20566,#20567,#20568));
#20565 = ORIENTED_EDGE('',*,*,#15065,.T.);
#20566 = ORIENTED_EDGE('',*,*,#15163,.T.);
#20567 = ORIENTED_EDGE('',*,*,#15212,.T.);
#20568 = ORIENTED_EDGE('',*,*,#15136,.T.);
#20569 = FACE_BOUND('',#20570,.T.);
#20570 = EDGE_LOOP('',(#20571,#20572,#20573,#20574));
#20571 = ORIENTED_EDGE('',*,*,#15653,.T.);
#20572 = ORIENTED_EDGE('',*,*,#15751,.T.);
#20573 = ORIENTED_EDGE('',*,*,#15800,.T.);
#20574 = ORIENTED_EDGE('',*,*,#15724,.T.);
#20575 = FACE_BOUND('',#20576,.T.);
#20576 = EDGE_LOOP('',(#20577,#20578,#20579,#20580));
#20577 = ORIENTED_EDGE('',*,*,#15849,.T.);
#20578 = ORIENTED_EDGE('',*,*,#15947,.T.);
#20579 = ORIENTED_EDGE('',*,*,#15996,.T.);
#20580 = ORIENTED_EDGE('',*,*,#15920,.T.);
#20581 = FACE_BOUND('',#20582,.T.);
#20582 = EDGE_LOOP('',(#20583,#20584,#20585,#20586));
#20583 = ORIENTED_EDGE('',*,*,#13585,.T.);
#20584 = ORIENTED_EDGE('',*,*,#13683,.T.);
#20585 = ORIENTED_EDGE('',*,*,#13732,.T.);
#20586 = ORIENTED_EDGE('',*,*,#13656,.T.);
#20587 = FACE_BOUND('',#20588,.T.);
#20588 = EDGE_LOOP('',(#20589,#20590,#20591,#20592));
#20589 = ORIENTED_EDGE('',*,*,#17719,.T.);
#20590 = ORIENTED_EDGE('',*,*,#17817,.T.);
#20591 = ORIENTED_EDGE('',*,*,#17866,.T.);
#20592 = ORIENTED_EDGE('',*,*,#17790,.T.);
#20593 = FACE_BOUND('',#20594,.T.);
#20594 = EDGE_LOOP('',(#20595,#20596,#20597,#20598));
#20595 = ORIENTED_EDGE('',*,*,#13879,.T.);
#20596 = ORIENTED_EDGE('',*,*,#13928,.T.);
#20597 = ORIENTED_EDGE('',*,*,#13852,.T.);
#20598 = ORIENTED_EDGE('',*,*,#13781,.T.);
#20599 = FACE_BOUND('',#20600,.T.);
#20600 = EDGE_LOOP('',(#20601,#20602,#20603,#20604));
#20601 = ORIENTED_EDGE('',*,*,#14396,.T.);
#20602 = ORIENTED_EDGE('',*,*,#14445,.T.);
#20603 = ORIENTED_EDGE('',*,*,#14369,.T.);
#20604 = ORIENTED_EDGE('',*,*,#14298,.T.);
#20605 = FACE_BOUND('',#20606,.T.);
#20606 = EDGE_LOOP('',(#20607,#20608,#20609,#20610));
#20607 = ORIENTED_EDGE('',*,*,#18013,.T.);
#20608 = ORIENTED_EDGE('',*,*,#18062,.T.);
#20609 = ORIENTED_EDGE('',*,*,#17986,.T.);
#20610 = ORIENTED_EDGE('',*,*,#17915,.T.);
#20611 = FACE_BOUND('',#20612,.T.);
#20612 = EDGE_LOOP('',(#20613,#20614,#20615,#20616));
#20613 = ORIENTED_EDGE('',*,*,#18601,.T.);
#20614 = ORIENTED_EDGE('',*,*,#18650,.T.);
#20615 = ORIENTED_EDGE('',*,*,#18574,.T.);
#20616 = ORIENTED_EDGE('',*,*,#18503,.T.);
#20617 = FACE_BOUND('',#20618,.T.);
#20618 = EDGE_LOOP('',(#20619,#20620,#20621,#20622));
#20619 = ORIENTED_EDGE('',*,*,#18209,.T.);
#20620 = ORIENTED_EDGE('',*,*,#18258,.T.);
#20621 = ORIENTED_EDGE('',*,*,#18182,.T.);
#20622 = ORIENTED_EDGE('',*,*,#18111,.T.);
#20623 = FACE_BOUND('',#20624,.T.);
#20624 = EDGE_LOOP('',(#20625,#20626,#20627,#20628));
#20625 = ORIENTED_EDGE('',*,*,#18454,.T.);
#20626 = ORIENTED_EDGE('',*,*,#18378,.T.);
#20627 = ORIENTED_EDGE('',*,*,#18307,.T.);
#20628 = ORIENTED_EDGE('',*,*,#18405,.T.);
#20629 = FACE_BOUND('',#20630,.T.);
#20630 = EDGE_LOOP('',(#20631,#20632,#20633,#20634));
#20631 = ORIENTED_EDGE('',*,*,#18824,.T.);
#20632 = ORIENTED_EDGE('',*,*,#18922,.T.);
#20633 = ORIENTED_EDGE('',*,*,#18971,.T.);
#20634 = ORIENTED_EDGE('',*,*,#18895,.T.);
#20635 = ( GEOMETRIC_REPRESENTATION_CONTEXT(3) 
GLOBAL_UNCERTAINTY_ASSIGNED_CONTEXT((#20639)) 
GLOBAL_UNIT_ASSIGNED_CONTEXT((#20636,#20637,#20638)) 
REPRESENTATION_CONTEXT('Context #1',
  '3D Context with UNIT and UNCERTAINTY') );
#20636 = ( LENGTH_UNIT() NAMED_UNIT(*) SI_UNIT(.MILLI.,.METRE.) );
#20637 = ( NAMED_UNIT(*) PLANE_ANGLE_UNIT() SI_UNIT($,.RADIAN.) );
#20638 = ( NAMED_UNIT(*) SI_UNIT($,.STERADIAN.) SOLID_ANGLE_UNIT() );
#20639 = UNCERTAINTY_MEASURE_WITH_UNIT(LENGTH_MEASURE(1.E-07),#20636,
  'distance_accuracy_value','confusion accuracy');
#20640 = PRODUCT_RELATED_PRODUCT_CATEGORY('part',$,(#7));
ENDSEC;
END-ISO-10303-21;
